318314 17:02:50.452913 execve("./anolix", ["./anolix", "run", "--policy", "examples/policy.json", "--rootfs", "./rootfs", "--", "/bin/busybox", "sh", "-c", "ls"], 0x7fff5ddc1650 /* 15 vars */) = 0
318314 17:02:50.453317 arch_prctl(ARCH_SET_FS, 0x717f68) = 0
318314 17:02:50.453515 sched_getaffinity(0, 8192, [0 1 2 3 4 5 6 7 8 9 10 11 12 13 14 15]) = 8
318314 17:02:50.453659 openat(AT_FDCWD, "/sys/kernel/mm/transparent_hugepage/hpage_pmd_size", O_RDONLY) = 3
318314 17:02:50.453807 read(3, "2097152\n", 20) = 8
318314 17:02:50.453941 close(3)         = 0
318314 17:02:50.454121 mmap(NULL, 262144, PROT_READ|PROT_WRITE, MAP_PRIVATE|MAP_ANONYMOUS, -1, 0) = 0x74d727970000
318314 17:02:50.454246 prctl(PR_SET_VMA, PR_SET_VMA_ANON_NAME, 0x74d727970000, 262144, " Go: immortal metadata") = 0
318314 17:02:50.454385 mmap(NULL, 131072, PROT_NONE, MAP_PRIVATE|MAP_ANONYMOUS, -1, 0) = 0x74d727950000
318314 17:02:50.454510 prctl(PR_SET_VMA, PR_SET_VMA_ANON_NAME, 0x74d727950000, 131072, " Go: page summary") = 0
318314 17:02:50.454643 mmap(NULL, 1048576, PROT_NONE, MAP_PRIVATE|MAP_ANONYMOUS, -1, 0) = 0x74d727850000
318314 17:02:50.454767 prctl(PR_SET_VMA, PR_SET_VMA_ANON_NAME, 0x74d727850000, 1048576, " Go: page summary") = 0
318314 17:02:50.454883 mmap(NULL, 8388608, PROT_NONE, MAP_PRIVATE|MAP_ANONYMOUS, -1, 0) = 0x74d727000000
318314 17:02:50.454998 prctl(PR_SET_VMA, PR_SET_VMA_ANON_NAME, 0x74d727000000, 8388608, " Go: page summary") = 0
318314 17:02:50.455114 mmap(NULL, 67108864, PROT_NONE, MAP_PRIVATE|MAP_ANONYMOUS, -1, 0) = 0x74d723000000
318314 17:02:50.455243 prctl(PR_SET_VMA, PR_SET_VMA_ANON_NAME, 0x74d723000000, 67108864, " Go: page summary") = 0
318314 17:02:50.455355 mmap(NULL, 536870912, PROT_NONE, MAP_PRIVATE|MAP_ANONYMOUS, -1, 0) = 0x74d703000000
318314 17:02:50.455475 prctl(PR_SET_VMA, PR_SET_VMA_ANON_NAME, 0x74d703000000, 536870912, " Go: page summary") = 0
318314 17:02:50.455607 mmap(NULL, 536870912, PROT_NONE, MAP_PRIVATE|MAP_ANONYMOUS, -1, 0) = 0x74d6e3000000
318314 17:02:50.455707 prctl(PR_SET_VMA, PR_SET_VMA_ANON_NAME, 0x74d6e3000000, 536870912, " Go: scavenge index") = 0
318314 17:02:50.455832 mmap(0x13fbc4000000, 67108864, PROT_NONE, MAP_PRIVATE|MAP_ANONYMOUS, -1, 0) = 0x13fbc4000000
318314 17:02:50.455946 prctl(PR_SET_VMA, PR_SET_VMA_ANON_NAME, 0x13fbc4000000, 67108864, " Go: heap reservation") = 0
318314 17:02:50.456064 mmap(NULL, 33554432, PROT_READ|PROT_WRITE, MAP_PRIVATE|MAP_ANONYMOUS, -1, 0) = 0x74d6e1000000
318314 17:02:50.456176 prctl(PR_SET_VMA, PR_SET_VMA_ANON_NAME, 0x74d6e1000000, 33554432, " Go: heap index") = 0
318314 17:02:50.456303 madvise(0x74d6e1000000, 33554432, MADV_NOHUGEPAGE) = 0
318314 17:02:50.456433 mmap(NULL, 69648, PROT_READ|PROT_WRITE, MAP_PRIVATE|MAP_ANONYMOUS, -1, 0) = 0x74d72783e000
318314 17:02:50.456552 prctl(PR_SET_VMA, PR_SET_VMA_ANON_NAME, 0x74d72783e000, 69648, " Go: immortal metadata") = 0
318314 17:02:50.456680 mmap(0x13fbc6000000, 4194304, PROT_READ|PROT_WRITE, MAP_PRIVATE|MAP_FIXED|MAP_ANONYMOUS, -1, 0) = 0x13fbc6000000
318314 17:02:50.456798 prctl(PR_SET_VMA, PR_SET_VMA_ANON_NAME, 0x13fbc6000000, 4194304, " Go: heap") = 0
318314 17:02:50.456912 mmap(0x74d727950000, 131072, PROT_READ|PROT_WRITE, MAP_PRIVATE|MAP_FIXED|MAP_ANONYMOUS, -1, 0) = 0x74d727950000
318314 17:02:50.457041 prctl(PR_SET_VMA, PR_SET_VMA_ANON_NAME, 0x74d727950000, 131072, " Go: page alloc") = 0
318314 17:02:50.457161 mmap(0x74d7278e3000, 4096, PROT_READ|PROT_WRITE, MAP_PRIVATE|MAP_FIXED|MAP_ANONYMOUS, -1, 0) = 0x74d7278e3000
318314 17:02:50.457274 prctl(PR_SET_VMA, PR_SET_VMA_ANON_NAME, 0x74d7278e3000, 4096, " Go: page alloc") = 0
318314 17:02:50.457401 mmap(0x74d72749f000, 4096, PROT_READ|PROT_WRITE, MAP_PRIVATE|MAP_FIXED|MAP_ANONYMOUS, -1, 0) = 0x74d72749f000
318314 17:02:50.457520 prctl(PR_SET_VMA, PR_SET_VMA_ANON_NAME, 0x74d72749f000, 4096, " Go: page alloc") = 0
318314 17:02:50.457648 mmap(0x74d7254fe000, 4096, PROT_READ|PROT_WRITE, MAP_PRIVATE|MAP_FIXED|MAP_ANONYMOUS, -1, 0) = 0x74d7254fe000
318314 17:02:50.457773 prctl(PR_SET_VMA, PR_SET_VMA_ANON_NAME, 0x74d7254fe000, 4096, " Go: page alloc") = 0
318314 17:02:50.457900 mmap(0x74d7157f7000, 4096, PROT_READ|PROT_WRITE, MAP_PRIVATE|MAP_FIXED|MAP_ANONYMOUS, -1, 0) = 0x74d7157f7000
318314 17:02:50.458027 prctl(PR_SET_VMA, PR_SET_VMA_ANON_NAME, 0x74d7157f7000, 4096, " Go: page alloc") = 0
318314 17:02:50.458157 mmap(0x74d6f57f7000, 4096, PROT_READ|PROT_WRITE, MAP_PRIVATE|MAP_FIXED|MAP_ANONYMOUS, -1, 0) = 0x74d6f57f7000
318314 17:02:50.458299 prctl(PR_SET_VMA, PR_SET_VMA_ANON_NAME, 0x74d6f57f7000, 4096, " Go: scavenge index") = 0
318314 17:02:50.458433 mmap(NULL, 1048576, PROT_READ|PROT_WRITE, MAP_PRIVATE|MAP_ANONYMOUS, -1, 0) = 0x74d6e0f00000
318314 17:02:50.458573 prctl(PR_SET_VMA, PR_SET_VMA_ANON_NAME, 0x74d6e0f00000, 1048576, " Go: page alloc index") = 0
318314 17:02:50.458704 madvise(0x74d6e0f00000, 1048576, MADV_NOHUGEPAGE) = 0
318314 17:02:50.458881 mmap(NULL, 65536, PROT_READ|PROT_WRITE, MAP_PRIVATE|MAP_ANONYMOUS, -1, 0) = 0x74d72782e000
318314 17:02:50.459014 prctl(PR_SET_VMA, PR_SET_VMA_ANON_NAME, 0x74d72782e000, 65536, " Go: allspans array") = 0
318314 17:02:50.459188 mmap(NULL, 65536, PROT_READ|PROT_WRITE, MAP_PRIVATE|MAP_ANONYMOUS, -1, 0) = 0x74d72781e000
318314 17:02:50.459319 prctl(PR_SET_VMA, PR_SET_VMA_ANON_NAME, 0x74d72781e000, 65536, " Go: gc bits") = 0
318314 17:02:50.459607 rt_sigprocmask(SIG_SETMASK, NULL, [], 8) = 0
318314 17:02:50.459839 fcntl(0, F_GETFD) = 0
318314 17:02:50.460033 fcntl(1, F_GETFD) = 0
318314 17:02:50.460228 fcntl(2, F_GETFD) = 0
318314 17:02:50.460397 mmap(NULL, 1439992, PROT_READ|PROT_WRITE, MAP_PRIVATE|MAP_ANONYMOUS, -1, 0) = 0x74d6e0da0000
318314 17:02:50.460511 prctl(PR_SET_VMA, PR_SET_VMA_ANON_NAME, 0x74d6e0da0000, 1439992, " Go: profiler hash buckets") = 0
318314 17:02:50.460643 openat(AT_FDCWD, "/proc/self/cgroup", O_RDONLY|O_CLOEXEC) = 3
318314 17:02:50.460769 read(3, "0::/init.scope\n", 65536) = 15
318314 17:02:50.460884 read(3, "", 65536) = 0
318314 17:02:50.460990 close(3)         = 0
318314 17:02:50.461111 openat(AT_FDCWD, "/proc/self/mountinfo", O_RDONLY|O_CLOEXEC) = 3
318314 17:02:50.461253 read(3, "77 82 0:31 / /usr/lib/modules/6."..., 65536) = 3735
318314 17:02:50.461481 close(3)         = 0
318314 17:02:50.461585 openat(AT_FDCWD, "/sys/fs/cgroup/init.scope/cpu.max", O_RDONLY|O_CLOEXEC) = 3
318314 17:02:50.461700 pread64(3, "max 100000\n", 64, 0) = 11
318314 17:02:50.461931 sigaltstack(NULL, {ss_sp=NULL, ss_flags=SS_DISABLE, ss_size=0}) = 0
318314 17:02:50.462044 sigaltstack({ss_sp=0x13fbc6168000, ss_flags=0, ss_size=32768}, NULL) = 0
318314 17:02:50.462157 rt_sigprocmask(SIG_SETMASK, [], NULL, 8) = 0
318314 17:02:50.462269 gettid()         = 318314
318314 17:02:50.462377 rt_sigaction(SIGHUP, NULL, {sa_handler=SIG_DFL, sa_mask=[], sa_flags=0}, 8) = 0
318314 17:02:50.462486 rt_sigaction(SIGHUP, {sa_handler=0x48b800, sa_mask=~[], sa_flags=SA_RESTORER|SA_ONSTACK|SA_RESTART|SA_SIGINFO, sa_restorer=0x48b940}, NULL, 8) = 0
318314 17:02:50.462590 rt_sigaction(SIGINT, NULL, {sa_handler=SIG_DFL, sa_mask=[], sa_flags=0}, 8) = 0
318314 17:02:50.462694 rt_sigaction(SIGINT, {sa_handler=0x48b800, sa_mask=~[], sa_flags=SA_RESTORER|SA_ONSTACK|SA_RESTART|SA_SIGINFO, sa_restorer=0x48b940}, NULL, 8) = 0
318314 17:02:50.462798 rt_sigaction(SIGQUIT, NULL, {sa_handler=SIG_DFL, sa_mask=[], sa_flags=0}, 8) = 0
318314 17:02:50.462907 rt_sigaction(SIGQUIT, {sa_handler=0x48b800, sa_mask=~[], sa_flags=SA_RESTORER|SA_ONSTACK|SA_RESTART|SA_SIGINFO, sa_restorer=0x48b940}, NULL, 8) = 0
318314 17:02:50.463021 rt_sigaction(SIGILL, NULL, {sa_handler=SIG_DFL, sa_mask=[], sa_flags=0}, 8) = 0
318314 17:02:50.463125 rt_sigaction(SIGILL, {sa_handler=0x48b800, sa_mask=~[], sa_flags=SA_RESTORER|SA_ONSTACK|SA_RESTART|SA_SIGINFO, sa_restorer=0x48b940}, NULL, 8) = 0
318314 17:02:50.463257 rt_sigaction(SIGTRAP, NULL, {sa_handler=SIG_DFL, sa_mask=[], sa_flags=0}, 8) = 0
318314 17:02:50.463361 rt_sigaction(SIGTRAP, {sa_handler=0x48b800, sa_mask=~[], sa_flags=SA_RESTORER|SA_ONSTACK|SA_RESTART|SA_SIGINFO, sa_restorer=0x48b940}, NULL, 8) = 0
318314 17:02:50.463526 rt_sigaction(SIGABRT, NULL, {sa_handler=SIG_DFL, sa_mask=[], sa_flags=0}, 8) = 0
318314 17:02:50.463639 rt_sigaction(SIGABRT, {sa_handler=0x48b800, sa_mask=~[], sa_flags=SA_RESTORER|SA_ONSTACK|SA_RESTART|SA_SIGINFO, sa_restorer=0x48b940}, NULL, 8) = 0
318314 17:02:50.463769 rt_sigaction(SIGBUS, NULL, {sa_handler=SIG_DFL, sa_mask=[], sa_flags=0}, 8) = 0
318314 17:02:50.463903 rt_sigaction(SIGBUS, {sa_handler=0x48b800, sa_mask=~[], sa_flags=SA_RESTORER|SA_ONSTACK|SA_RESTART|SA_SIGINFO, sa_restorer=0x48b940}, NULL, 8) = 0
318314 17:02:50.464034 rt_sigaction(SIGFPE, NULL, {sa_handler=SIG_DFL, sa_mask=[], sa_flags=0}, 8) = 0
318314 17:02:50.464177 rt_sigaction(SIGFPE, {sa_handler=0x48b800, sa_mask=~[], sa_flags=SA_RESTORER|SA_ONSTACK|SA_RESTART|SA_SIGINFO, sa_restorer=0x48b940}, NULL, 8) = 0
318314 17:02:50.464315 rt_sigaction(SIGUSR1, NULL, {sa_handler=SIG_DFL, sa_mask=[], sa_flags=0}, 8) = 0
318314 17:02:50.464449 rt_sigaction(SIGUSR1, {sa_handler=0x48b800, sa_mask=~[], sa_flags=SA_RESTORER|SA_ONSTACK|SA_RESTART|SA_SIGINFO, sa_restorer=0x48b940}, NULL, 8) = 0
318314 17:02:50.464582 rt_sigaction(SIGSEGV, NULL, {sa_handler=SIG_DFL, sa_mask=[], sa_flags=0}, 8) = 0
318314 17:02:50.464716 rt_sigaction(SIGSEGV, {sa_handler=0x48b800, sa_mask=~[], sa_flags=SA_RESTORER|SA_ONSTACK|SA_RESTART|SA_SIGINFO, sa_restorer=0x48b940}, NULL, 8) = 0
318314 17:02:50.464844 rt_sigaction(SIGUSR2, NULL, {sa_handler=SIG_DFL, sa_mask=[], sa_flags=0}, 8) = 0
318314 17:02:50.464976 rt_sigaction(SIGUSR2, {sa_handler=0x48b800, sa_mask=~[], sa_flags=SA_RESTORER|SA_ONSTACK|SA_RESTART|SA_SIGINFO, sa_restorer=0x48b940}, NULL, 8) = 0
318314 17:02:50.465097 rt_sigaction(SIGPIPE, NULL, {sa_handler=SIG_DFL, sa_mask=[], sa_flags=0}, 8) = 0
318314 17:02:50.465215 rt_sigaction(SIGPIPE, {sa_handler=0x48b800, sa_mask=~[], sa_flags=SA_RESTORER|SA_ONSTACK|SA_RESTART|SA_SIGINFO, sa_restorer=0x48b940}, NULL, 8) = 0
318314 17:02:50.465349 rt_sigaction(SIGALRM, NULL, {sa_handler=SIG_DFL, sa_mask=[], sa_flags=0}, 8) = 0
318314 17:02:50.465473 rt_sigaction(SIGALRM, {sa_handler=0x48b800, sa_mask=~[], sa_flags=SA_RESTORER|SA_ONSTACK|SA_RESTART|SA_SIGINFO, sa_restorer=0x48b940}, NULL, 8) = 0
318314 17:02:50.465592 rt_sigaction(SIGTERM, NULL, {sa_handler=SIG_DFL, sa_mask=[], sa_flags=0}, 8) = 0
318314 17:02:50.465702 rt_sigaction(SIGTERM, {sa_handler=0x48b800, sa_mask=~[], sa_flags=SA_RESTORER|SA_ONSTACK|SA_RESTART|SA_SIGINFO, sa_restorer=0x48b940}, NULL, 8) = 0
318314 17:02:50.465832 rt_sigaction(SIGSTKFLT, NULL, {sa_handler=SIG_DFL, sa_mask=[], sa_flags=0}, 8) = 0
318314 17:02:50.465975 rt_sigaction(SIGSTKFLT, {sa_handler=0x48b800, sa_mask=~[], sa_flags=SA_RESTORER|SA_ONSTACK|SA_RESTART|SA_SIGINFO, sa_restorer=0x48b940}, NULL, 8) = 0
318314 17:02:50.466106 rt_sigaction(SIGCHLD, NULL, {sa_handler=SIG_DFL, sa_mask=[], sa_flags=0}, 8) = 0
318314 17:02:50.466234 rt_sigaction(SIGCHLD, {sa_handler=0x48b800, sa_mask=~[], sa_flags=SA_RESTORER|SA_ONSTACK|SA_RESTART|SA_SIGINFO, sa_restorer=0x48b940}, NULL, 8) = 0
318314 17:02:50.466359 rt_sigaction(SIGURG, NULL, {sa_handler=SIG_DFL, sa_mask=[], sa_flags=0}, 8) = 0
318314 17:02:50.466473 rt_sigaction(SIGURG, {sa_handler=0x48b800, sa_mask=~[], sa_flags=SA_RESTORER|SA_ONSTACK|SA_RESTART|SA_SIGINFO, sa_restorer=0x48b940}, NULL, 8) = 0
318314 17:02:50.466594 rt_sigaction(SIGXCPU, NULL, {sa_handler=SIG_DFL, sa_mask=[], sa_flags=0}, 8) = 0
318314 17:02:50.466767 rt_sigaction(SIGXCPU, {sa_handler=0x48b800, sa_mask=~[], sa_flags=SA_RESTORER|SA_ONSTACK|SA_RESTART|SA_SIGINFO, sa_restorer=0x48b940}, NULL, 8) = 0
318314 17:02:50.466902 rt_sigaction(SIGXFSZ, NULL, {sa_handler=SIG_DFL, sa_mask=[], sa_flags=0}, 8) = 0
318314 17:02:50.467043 rt_sigaction(SIGXFSZ, {sa_handler=0x48b800, sa_mask=~[], sa_flags=SA_RESTORER|SA_ONSTACK|SA_RESTART|SA_SIGINFO, sa_restorer=0x48b940}, NULL, 8) = 0
318314 17:02:50.467171 rt_sigaction(SIGVTALRM, NULL, {sa_handler=SIG_DFL, sa_mask=[], sa_flags=0}, 8) = 0
318314 17:02:50.467284 rt_sigaction(SIGVTALRM, {sa_handler=0x48b800, sa_mask=~[], sa_flags=SA_RESTORER|SA_ONSTACK|SA_RESTART|SA_SIGINFO, sa_restorer=0x48b940}, NULL, 8) = 0
318314 17:02:50.467392 rt_sigaction(SIGPROF, NULL, {sa_handler=SIG_DFL, sa_mask=[], sa_flags=0}, 8) = 0
318314 17:02:50.467569 rt_sigaction(SIGPROF, {sa_handler=0x48b800, sa_mask=~[], sa_flags=SA_RESTORER|SA_ONSTACK|SA_RESTART|SA_SIGINFO, sa_restorer=0x48b940}, NULL, 8) = 0
318314 17:02:50.467687 rt_sigaction(SIGWINCH, NULL, {sa_handler=SIG_DFL, sa_mask=[], sa_flags=0}, 8) = 0
318314 17:02:50.467799 rt_sigaction(SIGWINCH, {sa_handler=0x48b800, sa_mask=~[], sa_flags=SA_RESTORER|SA_ONSTACK|SA_RESTART|SA_SIGINFO, sa_restorer=0x48b940}, NULL, 8) = 0
318314 17:02:50.467946 rt_sigaction(SIGIO, NULL, {sa_handler=SIG_DFL, sa_mask=[], sa_flags=0}, 8) = 0
318314 17:02:50.468076 rt_sigaction(SIGIO, {sa_handler=0x48b800, sa_mask=~[], sa_flags=SA_RESTORER|SA_ONSTACK|SA_RESTART|SA_SIGINFO, sa_restorer=0x48b940}, NULL, 8) = 0
318314 17:02:50.468198 rt_sigaction(SIGPWR, NULL, {sa_handler=SIG_DFL, sa_mask=[], sa_flags=0}, 8) = 0
318314 17:02:50.468334 rt_sigaction(SIGPWR, {sa_handler=0x48b800, sa_mask=~[], sa_flags=SA_RESTORER|SA_ONSTACK|SA_RESTART|SA_SIGINFO, sa_restorer=0x48b940}, NULL, 8) = 0
318314 17:02:50.468449 rt_sigaction(SIGSYS, NULL, {sa_handler=SIG_DFL, sa_mask=[], sa_flags=0}, 8) = 0
318314 17:02:50.468562 rt_sigaction(SIGSYS, {sa_handler=0x48b800, sa_mask=~[], sa_flags=SA_RESTORER|SA_ONSTACK|SA_RESTART|SA_SIGINFO, sa_restorer=0x48b940}, NULL, 8) = 0
318314 17:02:50.468698 rt_sigaction(SIGRTMIN, NULL, {sa_handler=SIG_DFL, sa_mask=[], sa_flags=0}, 8) = 0
318314 17:02:50.468812 rt_sigaction(SIGRT_1, NULL, {sa_handler=SIG_DFL, sa_mask=[], sa_flags=0}, 8) = 0
318314 17:02:50.468924 rt_sigaction(SIGRT_1, {sa_handler=0x48b800, sa_mask=~[], sa_flags=SA_RESTORER|SA_ONSTACK|SA_RESTART|SA_SIGINFO, sa_restorer=0x48b940}, NULL, 8) = 0
318314 17:02:50.469050 rt_sigaction(SIGRT_2, NULL, {sa_handler=SIG_DFL, sa_mask=[], sa_flags=0}, 8) = 0
318314 17:02:50.469193 rt_sigaction(SIGRT_3, NULL, {sa_handler=SIG_DFL, sa_mask=[], sa_flags=0}, 8) = 0
318314 17:02:50.469347 rt_sigaction(SIGRT_3, {sa_handler=0x48b800, sa_mask=~[], sa_flags=SA_RESTORER|SA_ONSTACK|SA_RESTART|SA_SIGINFO, sa_restorer=0x48b940}, NULL, 8) = 0
318314 17:02:50.469483 rt_sigaction(SIGRT_4, NULL, {sa_handler=SIG_DFL, sa_mask=[], sa_flags=0}, 8) = 0
318314 17:02:50.469623 rt_sigaction(SIGRT_4, {sa_handler=0x48b800, sa_mask=~[], sa_flags=SA_RESTORER|SA_ONSTACK|SA_RESTART|SA_SIGINFO, sa_restorer=0x48b940}, NULL, 8) = 0
318314 17:02:50.469769 rt_sigaction(SIGRT_5, NULL, {sa_handler=SIG_DFL, sa_mask=[], sa_flags=0}, 8) = 0
318314 17:02:50.469890 rt_sigaction(SIGRT_5, {sa_handler=0x48b800, sa_mask=~[], sa_flags=SA_RESTORER|SA_ONSTACK|SA_RESTART|SA_SIGINFO, sa_restorer=0x48b940}, NULL, 8) = 0
318314 17:02:50.469997 rt_sigaction(SIGRT_6, NULL, {sa_handler=SIG_DFL, sa_mask=[], sa_flags=0}, 8) = 0
318314 17:02:50.470101 rt_sigaction(SIGRT_6, {sa_handler=0x48b800, sa_mask=~[], sa_flags=SA_RESTORER|SA_ONSTACK|SA_RESTART|SA_SIGINFO, sa_restorer=0x48b940}, NULL, 8) = 0
318314 17:02:50.470206 rt_sigaction(SIGRT_7, NULL, {sa_handler=SIG_DFL, sa_mask=[], sa_flags=0}, 8) = 0
318314 17:02:50.470308 rt_sigaction(SIGRT_7, {sa_handler=0x48b800, sa_mask=~[], sa_flags=SA_RESTORER|SA_ONSTACK|SA_RESTART|SA_SIGINFO, sa_restorer=0x48b940}, NULL, 8) = 0
318314 17:02:50.470411 rt_sigaction(SIGRT_8, NULL, {sa_handler=SIG_DFL, sa_mask=[], sa_flags=0}, 8) = 0
318314 17:02:50.470508 rt_sigaction(SIGRT_8, {sa_handler=0x48b800, sa_mask=~[], sa_flags=SA_RESTORER|SA_ONSTACK|SA_RESTART|SA_SIGINFO, sa_restorer=0x48b940}, NULL, 8) = 0
318314 17:02:50.470631 rt_sigaction(SIGRT_9, NULL, {sa_handler=SIG_DFL, sa_mask=[], sa_flags=0}, 8) = 0
318314 17:02:50.470754 rt_sigaction(SIGRT_9, {sa_handler=0x48b800, sa_mask=~[], sa_flags=SA_RESTORER|SA_ONSTACK|SA_RESTART|SA_SIGINFO, sa_restorer=0x48b940}, NULL, 8) = 0
318314 17:02:50.470883 rt_sigaction(SIGRT_10, NULL, {sa_handler=SIG_DFL, sa_mask=[], sa_flags=0}, 8) = 0
318314 17:02:50.470990 rt_sigaction(SIGRT_10, {sa_handler=0x48b800, sa_mask=~[], sa_flags=SA_RESTORER|SA_ONSTACK|SA_RESTART|SA_SIGINFO, sa_restorer=0x48b940}, NULL, 8) = 0
318314 17:02:50.471096 rt_sigaction(SIGRT_11, NULL, {sa_handler=SIG_DFL, sa_mask=[], sa_flags=0}, 8) = 0
318314 17:02:50.471206 rt_sigaction(SIGRT_11, {sa_handler=0x48b800, sa_mask=~[], sa_flags=SA_RESTORER|SA_ONSTACK|SA_RESTART|SA_SIGINFO, sa_restorer=0x48b940}, NULL, 8) = 0
318314 17:02:50.471320 rt_sigaction(SIGRT_12, NULL, {sa_handler=SIG_DFL, sa_mask=[], sa_flags=0}, 8) = 0
318314 17:02:50.471424 rt_sigaction(SIGRT_12, {sa_handler=0x48b800, sa_mask=~[], sa_flags=SA_RESTORER|SA_ONSTACK|SA_RESTART|SA_SIGINFO, sa_restorer=0x48b940}, NULL, 8) = 0
318314 17:02:50.471564 rt_sigaction(SIGRT_13, NULL, {sa_handler=SIG_DFL, sa_mask=[], sa_flags=0}, 8) = 0
318314 17:02:50.471668 rt_sigaction(SIGRT_13, {sa_handler=0x48b800, sa_mask=~[], sa_flags=SA_RESTORER|SA_ONSTACK|SA_RESTART|SA_SIGINFO, sa_restorer=0x48b940}, NULL, 8) = 0
318314 17:02:50.471782 rt_sigaction(SIGRT_14, NULL, {sa_handler=SIG_DFL, sa_mask=[], sa_flags=0}, 8) = 0
318314 17:02:50.471885 rt_sigaction(SIGRT_14, {sa_handler=0x48b800, sa_mask=~[], sa_flags=SA_RESTORER|SA_ONSTACK|SA_RESTART|SA_SIGINFO, sa_restorer=0x48b940}, NULL, 8) = 0
318314 17:02:50.471988 rt_sigaction(SIGRT_15, NULL, {sa_handler=SIG_DFL, sa_mask=[], sa_flags=0}, 8) = 0
318314 17:02:50.472138 rt_sigaction(SIGRT_15, {sa_handler=0x48b800, sa_mask=~[], sa_flags=SA_RESTORER|SA_ONSTACK|SA_RESTART|SA_SIGINFO, sa_restorer=0x48b940}, NULL, 8) = 0
318314 17:02:50.472264 rt_sigaction(SIGRT_16, NULL, {sa_handler=SIG_DFL, sa_mask=[], sa_flags=0}, 8) = 0
318314 17:02:50.472401 rt_sigaction(SIGRT_16, {sa_handler=0x48b800, sa_mask=~[], sa_flags=SA_RESTORER|SA_ONSTACK|SA_RESTART|SA_SIGINFO, sa_restorer=0x48b940}, NULL, 8) = 0
318314 17:02:50.472525 rt_sigaction(SIGRT_17, NULL, {sa_handler=SIG_DFL, sa_mask=[], sa_flags=0}, 8) = 0
318314 17:02:50.472656 rt_sigaction(SIGRT_17, {sa_handler=0x48b800, sa_mask=~[], sa_flags=SA_RESTORER|SA_ONSTACK|SA_RESTART|SA_SIGINFO, sa_restorer=0x48b940}, NULL, 8) = 0
318314 17:02:50.472772 rt_sigaction(SIGRT_18, NULL, {sa_handler=SIG_DFL, sa_mask=[], sa_flags=0}, 8) = 0
318314 17:02:50.472883 rt_sigaction(SIGRT_18, {sa_handler=0x48b800, sa_mask=~[], sa_flags=SA_RESTORER|SA_ONSTACK|SA_RESTART|SA_SIGINFO, sa_restorer=0x48b940}, NULL, 8) = 0
318314 17:02:50.473032 rt_sigaction(SIGRT_19, NULL, {sa_handler=SIG_DFL, sa_mask=[], sa_flags=0}, 8) = 0
318314 17:02:50.473150 rt_sigaction(SIGRT_19, {sa_handler=0x48b800, sa_mask=~[], sa_flags=SA_RESTORER|SA_ONSTACK|SA_RESTART|SA_SIGINFO, sa_restorer=0x48b940}, NULL, 8) = 0
318314 17:02:50.473271 rt_sigaction(SIGRT_20, NULL, {sa_handler=SIG_DFL, sa_mask=[], sa_flags=0}, 8) = 0
318314 17:02:50.473395 rt_sigaction(SIGRT_20, {sa_handler=0x48b800, sa_mask=~[], sa_flags=SA_RESTORER|SA_ONSTACK|SA_RESTART|SA_SIGINFO, sa_restorer=0x48b940}, NULL, 8) = 0
318314 17:02:50.473512 rt_sigaction(SIGRT_21, NULL, {sa_handler=SIG_DFL, sa_mask=[], sa_flags=0}, 8) = 0
318314 17:02:50.473624 rt_sigaction(SIGRT_21, {sa_handler=0x48b800, sa_mask=~[], sa_flags=SA_RESTORER|SA_ONSTACK|SA_RESTART|SA_SIGINFO, sa_restorer=0x48b940}, NULL, 8) = 0
318314 17:02:50.473741 rt_sigaction(SIGRT_22, NULL, {sa_handler=SIG_DFL, sa_mask=[], sa_flags=0}, 8) = 0
318314 17:02:50.473872 rt_sigaction(SIGRT_22, {sa_handler=0x48b800, sa_mask=~[], sa_flags=SA_RESTORER|SA_ONSTACK|SA_RESTART|SA_SIGINFO, sa_restorer=0x48b940}, NULL, 8) = 0
318314 17:02:50.473982 rt_sigaction(SIGRT_23, NULL, {sa_handler=SIG_DFL, sa_mask=[], sa_flags=0}, 8) = 0
318314 17:02:50.474086 rt_sigaction(SIGRT_23, {sa_handler=0x48b800, sa_mask=~[], sa_flags=SA_RESTORER|SA_ONSTACK|SA_RESTART|SA_SIGINFO, sa_restorer=0x48b940}, NULL, 8) = 0
318314 17:02:50.474189 rt_sigaction(SIGRT_24, NULL, {sa_handler=SIG_DFL, sa_mask=[], sa_flags=0}, 8) = 0
318314 17:02:50.474292 rt_sigaction(SIGRT_24, {sa_handler=0x48b800, sa_mask=~[], sa_flags=SA_RESTORER|SA_ONSTACK|SA_RESTART|SA_SIGINFO, sa_restorer=0x48b940}, NULL, 8) = 0
318314 17:02:50.474395 rt_sigaction(SIGRT_25, NULL, {sa_handler=SIG_DFL, sa_mask=[], sa_flags=0}, 8) = 0
318314 17:02:50.474498 rt_sigaction(SIGRT_25, {sa_handler=0x48b800, sa_mask=~[], sa_flags=SA_RESTORER|SA_ONSTACK|SA_RESTART|SA_SIGINFO, sa_restorer=0x48b940}, NULL, 8) = 0
318314 17:02:50.474601 rt_sigaction(SIGRT_26, NULL, {sa_handler=SIG_DFL, sa_mask=[], sa_flags=0}, 8) = 0
318314 17:02:50.474708 rt_sigaction(SIGRT_26, {sa_handler=0x48b800, sa_mask=~[], sa_flags=SA_RESTORER|SA_ONSTACK|SA_RESTART|SA_SIGINFO, sa_restorer=0x48b940}, NULL, 8) = 0
318314 17:02:50.474809 rt_sigaction(SIGRT_27, NULL, {sa_handler=SIG_DFL, sa_mask=[], sa_flags=0}, 8) = 0
318314 17:02:50.474917 rt_sigaction(SIGRT_27, {sa_handler=0x48b800, sa_mask=~[], sa_flags=SA_RESTORER|SA_ONSTACK|SA_RESTART|SA_SIGINFO, sa_restorer=0x48b940}, NULL, 8) = 0
318314 17:02:50.475036 rt_sigaction(SIGRT_28, NULL, {sa_handler=SIG_DFL, sa_mask=[], sa_flags=0}, 8) = 0
318314 17:02:50.475152 rt_sigaction(SIGRT_28, {sa_handler=0x48b800, sa_mask=~[], sa_flags=SA_RESTORER|SA_ONSTACK|SA_RESTART|SA_SIGINFO, sa_restorer=0x48b940}, NULL, 8) = 0
318314 17:02:50.475276 rt_sigaction(SIGRT_29, NULL, {sa_handler=SIG_DFL, sa_mask=[], sa_flags=0}, 8) = 0
318314 17:02:50.475392 rt_sigaction(SIGRT_29, {sa_handler=0x48b800, sa_mask=~[], sa_flags=SA_RESTORER|SA_ONSTACK|SA_RESTART|SA_SIGINFO, sa_restorer=0x48b940}, NULL, 8) = 0
318314 17:02:50.475535 rt_sigaction(SIGRT_30, NULL, {sa_handler=SIG_DFL, sa_mask=[], sa_flags=0}, 8) = 0
318314 17:02:50.475646 rt_sigaction(SIGRT_30, {sa_handler=0x48b800, sa_mask=~[], sa_flags=SA_RESTORER|SA_ONSTACK|SA_RESTART|SA_SIGINFO, sa_restorer=0x48b940}, NULL, 8) = 0
318314 17:02:50.475780 rt_sigaction(SIGRT_31, NULL, {sa_handler=SIG_DFL, sa_mask=[], sa_flags=0}, 8) = 0
318314 17:02:50.475903 rt_sigaction(SIGRT_31, {sa_handler=0x48b800, sa_mask=~[], sa_flags=SA_RESTORER|SA_ONSTACK|SA_RESTART|SA_SIGINFO, sa_restorer=0x48b940}, NULL, 8) = 0
318314 17:02:50.476019 rt_sigaction(SIGRT_32, NULL, {sa_handler=SIG_DFL, sa_mask=[], sa_flags=0}, 8) = 0
318314 17:02:50.476137 rt_sigaction(SIGRT_32, {sa_handler=0x48b800, sa_mask=~[], sa_flags=SA_RESTORER|SA_ONSTACK|SA_RESTART|SA_SIGINFO, sa_restorer=0x48b940}, NULL, 8) = 0
318314 17:02:50.476266 rt_sigprocmask(SIG_SETMASK, ~[], [], 8) = 0
318314 17:02:50.476372 clone(child_stack=0x13fbc6188000, flags=CLONE_VM|CLONE_FS|CLONE_FILES|CLONE_SIGHAND|CLONE_THREAD|CLONE_SYSVSEM|CLONE_SETTLS, tls=0x13fbc61d8090) = 318315
318315 17:02:50.476537 gettid( <unfinished ...>
318314 17:02:50.476574 rt_sigprocmask(SIG_SETMASK, [],  <unfinished ...>
318315 17:02:50.476613 <... gettid resumed>) = 318315
318314 17:02:50.476630 <... rt_sigprocmask resumed>NULL, 8) = 0
318315 17:02:50.476655 sigaltstack(NULL,  <unfinished ...>
318314 17:02:50.476689 mmap(NULL, 262144, PROT_READ|PROT_WRITE, MAP_PRIVATE|MAP_ANONYMOUS, -1, 0 <unfinished ...>
318315 17:02:50.476706 <... sigaltstack resumed>{ss_sp=NULL, ss_flags=SS_DISABLE, ss_size=0}) = 0
318314 17:02:50.476734 <... mmap resumed>) = 0x74d6e0d60000
318315 17:02:50.476751 sigaltstack({ss_sp=0x13fbc61da000, ss_flags=0, ss_size=32768},  <unfinished ...>
318314 17:02:50.476777 prctl(PR_SET_VMA, PR_SET_VMA_ANON_NAME, 0x74d6e0d60000, 262144, " Go: immortal metadata" <unfinished ...>
318315 17:02:50.476815 <... sigaltstack resumed>NULL) = 0
318314 17:02:50.476832 <... prctl resumed>) = 0
318315 17:02:50.476909 rt_sigprocmask(SIG_SETMASK, [],  <unfinished ...>
318314 17:02:50.476944 rt_sigprocmask(SIG_SETMASK, ~[],  <unfinished ...>
318315 17:02:50.476962 <... rt_sigprocmask resumed>NULL, 8) = 0
318314 17:02:50.476987 <... rt_sigprocmask resumed>[], 8) = 0
318315 17:02:50.477025 gettid( <unfinished ...>
318314 17:02:50.477046 clone(child_stack=0x13fbc61f4000, flags=CLONE_VM|CLONE_FS|CLONE_FILES|CLONE_SIGHAND|CLONE_THREAD|CLONE_SYSVSEM|CLONE_SETTLS <unfinished ...>
318315 17:02:50.477073 <... gettid resumed>) = 318315
318314 17:02:50.477156 <... clone resumed>, tls=0x13fbc61d8890) = 318316
318315 17:02:50.477192 nanosleep({tv_sec=0, tv_nsec=20000},  <unfinished ...>
318314 17:02:50.477211 rt_sigprocmask(SIG_SETMASK, [],  <unfinished ...>
318316 17:02:50.477238 gettid( <unfinished ...>
318314 17:02:50.477263 <... rt_sigprocmask resumed>NULL, 8) = 0
318316 17:02:50.477289 <... gettid resumed>) = 318316
318315 17:02:50.477306 <... nanosleep resumed>NULL) = 0
318316 17:02:50.477334 sigaltstack(NULL,  <unfinished ...>
318314 17:02:50.477362 rt_sigprocmask(SIG_SETMASK, ~[],  <unfinished ...>
318315 17:02:50.477398 sched_getaffinity(0, 8192,  <unfinished ...>
318314 17:02:50.477425 <... rt_sigprocmask resumed>[], 8) = 0
318316 17:02:50.477476 <... sigaltstack resumed>{ss_sp=NULL, ss_flags=SS_DISABLE, ss_size=0}) = 0
318314 17:02:50.477514 clone(child_stack=0x13fbc61f0000, flags=CLONE_VM|CLONE_FS|CLONE_FILES|CLONE_SIGHAND|CLONE_THREAD|CLONE_SYSVSEM|CLONE_SETTLS <unfinished ...>
318315 17:02:50.477533 <... sched_getaffinity resumed>[0 1 2 3 4 5 6 7 8 9 10 11 12 13 14 15]) = 8
318316 17:02:50.477561 sigaltstack({ss_sp=0x13fbc61e2000, ss_flags=0, ss_size=32768},  <unfinished ...>
318315 17:02:50.477580 pread64(3,  <unfinished ...>
318316 17:02:50.477605 <... sigaltstack resumed>NULL) = 0
318315 17:02:50.477646 <... pread64 resumed>"max 100000\n", 64, 0) = 11
318314 17:02:50.477685 <... clone resumed>, tls=0x13fbc61d9090) = 318317
318317 17:02:50.477701 gettid( <unfinished ...>
318316 17:02:50.477725 rt_sigprocmask(SIG_SETMASK, [],  <unfinished ...>
318314 17:02:50.477743 rt_sigprocmask(SIG_SETMASK, [],  <unfinished ...>
318317 17:02:50.477768 <... gettid resumed>) = 318317
318315 17:02:50.477784 nanosleep({tv_sec=0, tv_nsec=20000},  <unfinished ...>
318314 17:02:50.477803 <... rt_sigprocmask resumed>NULL, 8) = 0
318317 17:02:50.477819 sigaltstack(NULL,  <unfinished ...>
318316 17:02:50.477843 <... rt_sigprocmask resumed>NULL, 8) = 0
318314 17:02:50.477860 futex(0x718038, FUTEX_WAIT_PRIVATE, 0, NULL <unfinished ...>
318317 17:02:50.477884 <... sigaltstack resumed>{ss_sp=NULL, ss_flags=SS_DISABLE, ss_size=0}) = 0
318316 17:02:50.477906 gettid( <unfinished ...>
318315 17:02:50.477931 <... nanosleep resumed>NULL) = 0
318317 17:02:50.477966 sigaltstack({ss_sp=0x13fbc6208000, ss_flags=0, ss_size=32768},  <unfinished ...>
318316 17:02:50.478005 <... gettid resumed>) = 318316
318317 17:02:50.478040 <... sigaltstack resumed>NULL) = 0
318315 17:02:50.478056 nanosleep({tv_sec=0, tv_nsec=20000},  <unfinished ...>
318317 17:02:50.478088 rt_sigprocmask(SIG_SETMASK, [],  <unfinished ...>
318316 17:02:50.478105 mmap(NULL, 262144, PROT_READ|PROT_WRITE, MAP_PRIVATE|MAP_ANONYMOUS, -1, 0 <unfinished ...>
318317 17:02:50.478131 <... rt_sigprocmask resumed>NULL, 8) = 0
318316 17:02:50.478148 <... mmap resumed>) = 0x74d6e0d20000
318317 17:02:50.478173 gettid( <unfinished ...>
318315 17:02:50.478188 <... nanosleep resumed>NULL) = 0
318317 17:02:50.478213 <... gettid resumed>) = 318317
318316 17:02:50.478247 prctl(PR_SET_VMA, PR_SET_VMA_ANON_NAME, 0x74d6e0d20000, 262144, " Go: immortal metadata" <unfinished ...>
318317 17:02:50.478274 futex(0x718038, FUTEX_WAKE_PRIVATE, 1 <unfinished ...>
318315 17:02:50.478299 nanosleep({tv_sec=0, tv_nsec=20000},  <unfinished ...>
318316 17:02:50.478310 <... prctl resumed>) = 0
318314 17:02:50.478327 <... futex resumed>) = 0
318317 17:02:50.478452 <... futex resumed>) = 1
318314 17:02:50.478487 rt_sigprocmask(SIG_SETMASK, ~[],  <unfinished ...>
318316 17:02:50.478517 rt_sigprocmask(SIG_SETMASK, ~[],  <unfinished ...>
318315 17:02:50.478552 <... nanosleep resumed>NULL) = 0
318314 17:02:50.478577 <... rt_sigprocmask resumed>[], 8) = 0
318317 17:02:50.478619 futex(0x13fbc61d9160, FUTEX_WAIT_PRIVATE, 0, NULL <unfinished ...>
318316 17:02:50.478633 <... rt_sigprocmask resumed>[], 8) = 0
318314 17:02:50.478651 clone(child_stack=0x13fbc6224000, flags=CLONE_VM|CLONE_FS|CLONE_FILES|CLONE_SIGHAND|CLONE_THREAD|CLONE_SYSVSEM|CLONE_SETTLS <unfinished ...>
318315 17:02:50.478667 nanosleep({tv_sec=0, tv_nsec=20000},  <unfinished ...>
318316 17:02:50.478688 clone(child_stack=0x13fbc6228000, flags=CLONE_VM|CLONE_FS|CLONE_FILES|CLONE_SIGHAND|CLONE_THREAD|CLONE_SYSVSEM|CLONE_SETTLS <unfinished ...>
318314 17:02:50.478741 <... clone resumed>, tls=0x13fbc61d9890) = 318318
318314 17:02:50.478819 rt_sigprocmask(SIG_SETMASK, [],  <unfinished ...>
318315 17:02:50.478863 <... nanosleep resumed>NULL) = 0
318319 17:02:50.478905 gettid( <unfinished ...>
318318 17:02:50.478952 gettid( <unfinished ...>
318316 17:02:50.478978 <... clone resumed>, tls=0x13fbc6210090) = 318319
318314 17:02:50.478997 <... rt_sigprocmask resumed>NULL, 8) = 0
318319 17:02:50.479030 <... gettid resumed>) = 318319
318318 17:02:50.479047 <... gettid resumed>) = 318318
318315 17:02:50.479091 nanosleep({tv_sec=0, tv_nsec=20000},  <unfinished ...>
318314 17:02:50.479129 futex(0x718038, FUTEX_WAIT_PRIVATE, 0, NULL <unfinished ...>
318319 17:02:50.479146 sigaltstack(NULL,  <unfinished ...>
318318 17:02:50.479170 sigaltstack(NULL,  <unfinished ...>
318316 17:02:50.479217 rt_sigprocmask(SIG_SETMASK, [],  <unfinished ...>
318319 17:02:50.479238 <... sigaltstack resumed>{ss_sp=NULL, ss_flags=SS_DISABLE, ss_size=0}) = 0
318318 17:02:50.479257 <... sigaltstack resumed>{ss_sp=NULL, ss_flags=SS_DISABLE, ss_size=0}) = 0
318315 17:02:50.479275 <... nanosleep resumed>NULL) = 0
318319 17:02:50.479305 sigaltstack({ss_sp=0x13fbc6216000, ss_flags=0, ss_size=32768},  <unfinished ...>
318318 17:02:50.479346 sigaltstack({ss_sp=0x13fbc6280000, ss_flags=0, ss_size=32768},  <unfinished ...>
318316 17:02:50.479370 <... rt_sigprocmask resumed>NULL, 8) = 0
318319 17:02:50.479388 <... sigaltstack resumed>NULL) = 0
318318 17:02:50.479413 <... sigaltstack resumed>NULL) = 0
318315 17:02:50.479429 nanosleep({tv_sec=0, tv_nsec=20000},  <unfinished ...>
318319 17:02:50.479459 rt_sigprocmask(SIG_SETMASK, [],  <unfinished ...>
318318 17:02:50.479512 rt_sigprocmask(SIG_SETMASK, [],  <unfinished ...>
318316 17:02:50.479564 futex(0x718038, FUTEX_WAKE_PRIVATE, 1 <unfinished ...>
318319 17:02:50.479583 <... rt_sigprocmask resumed>NULL, 8) = 0
318318 17:02:50.479609 <... rt_sigprocmask resumed>NULL, 8) = 0
318315 17:02:50.479636 <... nanosleep resumed>NULL) = 0
318314 17:02:50.479660 <... futex resumed>) = 0
318319 17:02:50.479693 gettid( <unfinished ...>
318318 17:02:50.479716 gettid( <unfinished ...>
318316 17:02:50.479733 <... futex resumed>) = 1
318319 17:02:50.479758 <... gettid resumed>) = 318319
318318 17:02:50.479782 <... gettid resumed>) = 318318
318315 17:02:50.479797 nanosleep({tv_sec=0, tv_nsec=20000},  <unfinished ...>
318314 17:02:50.479826 prlimit64(0, RLIMIT_NOFILE, NULL,  <unfinished ...>
318319 17:02:50.479863 nanosleep({tv_sec=0, tv_nsec=3000},  <unfinished ...>
318318 17:02:50.479880 nanosleep({tv_sec=0, tv_nsec=3000},  <unfinished ...>
318316 17:02:50.479896 futex(0x13fbc61d8960, FUTEX_WAIT_PRIVATE, 0, NULL <unfinished ...>
318314 17:02:50.479916 <... prlimit64 resumed>{rlim_cur=1024, rlim_max=1024*1024}) = 0
318315 17:02:50.479952 <... nanosleep resumed>NULL) = 0
318314 17:02:50.479969 prlimit64(0, RLIMIT_NOFILE, {rlim_cur=1048575, rlim_max=1024*1024},  <unfinished ...>
318319 17:02:50.479995 <... nanosleep resumed>NULL) = 0
318314 17:02:50.480014 <... prlimit64 resumed>NULL) = 0
318318 17:02:50.480029 <... nanosleep resumed>NULL) = 0
318315 17:02:50.480044 nanosleep({tv_sec=0, tv_nsec=20000},  <unfinished ...>
318314 17:02:50.480071 fcntl(0, F_GETFL <unfinished ...>
318319 17:02:50.480106 futex(0x13fbc6210160, FUTEX_WAIT_PRIVATE, 0, NULL <unfinished ...>
318318 17:02:50.480124 futex(0x13fbc61d9960, FUTEX_WAIT_PRIVATE, 0, NULL <unfinished ...>
318314 17:02:50.480140 <... fcntl resumed>) = 0x2 (flags O_RDWR)
318315 17:02:50.480171 <... nanosleep resumed>NULL) = 0
318314 17:02:50.480207 futex(0x13fbc61d9960, FUTEX_WAKE_PRIVATE, 1 <unfinished ...>
318315 17:02:50.480226 nanosleep({tv_sec=0, tv_nsec=20000},  <unfinished ...>
318314 17:02:50.480253 <... futex resumed>) = 1
318318 17:02:50.480279 <... futex resumed>) = 0
318314 17:02:50.480306 fcntl(1, F_GETFL <unfinished ...>
318318 17:02:50.480349 nanosleep({tv_sec=0, tv_nsec=3000},  <unfinished ...>
318315 17:02:50.480375 <... nanosleep resumed>NULL) = 0
318314 17:02:50.480391 <... fcntl resumed>) = 0x2 (flags O_RDWR)
318315 17:02:50.480417 nanosleep({tv_sec=0, tv_nsec=20000},  <unfinished ...>
318314 17:02:50.480438 fcntl(2, F_GETFL <unfinished ...>
318318 17:02:50.480455 <... nanosleep resumed>NULL) = 0
318314 17:02:50.480479 <... fcntl resumed>) = 0x2 (flags O_RDWR)
318318 17:02:50.480514 futex(0x13fbc6210160, FUTEX_WAKE_PRIVATE, 1 <unfinished ...>
318315 17:02:50.480549 <... nanosleep resumed>NULL) = 0
318318 17:02:50.480567 <... futex resumed>) = 1
318319 17:02:50.480597 <... futex resumed>) = 0
318315 17:02:50.480613 nanosleep({tv_sec=0, tv_nsec=20000},  <unfinished ...>
318314 17:02:50.480640 openat(AT_FDCWD, "examples/policy.json", O_RDONLY|O_CLOEXEC <unfinished ...>
318319 17:02:50.480670 futex(0x13fbc6210160, FUTEX_WAIT_PRIVATE, 0, NULL <unfinished ...>
318318 17:02:50.480686 futex(0x13fbc61d9960, FUTEX_WAIT_PRIVATE, 0, NULL <unfinished ...>
318314 17:02:50.480711 <... openat resumed>) = 4
318315 17:02:50.480733 <... nanosleep resumed>NULL) = 0
318314 17:02:50.480757 fcntl(4, F_GETFL <unfinished ...>
318315 17:02:50.480783 nanosleep({tv_sec=0, tv_nsec=20000},  <unfinished ...>
318314 17:02:50.480809 <... fcntl resumed>) = 0x8000 (flags O_RDONLY|O_LARGEFILE)
318314 17:02:50.480947 fcntl(4, F_SETFL, O_RDONLY|O_NONBLOCK|O_LARGEFILE <unfinished ...>
318315 17:02:50.481000 <... nanosleep resumed>NULL) = 0
318314 17:02:50.481038 <... fcntl resumed>) = 0
318315 17:02:50.481063 nanosleep({tv_sec=0, tv_nsec=20000},  <unfinished ...>
318314 17:02:50.481101 epoll_create1(EPOLL_CLOEXEC) = 5
318315 17:02:50.481294 <... nanosleep resumed>NULL) = 0
318314 17:02:50.481319 eventfd2(0, EFD_CLOEXEC|EFD_NONBLOCK <unfinished ...>
318315 17:02:50.481345 nanosleep({tv_sec=0, tv_nsec=20000},  <unfinished ...>
318314 17:02:50.481383 <... eventfd2 resumed>) = 6
318314 17:02:50.481440 epoll_ctl(5, EPOLL_CTL_ADD, 6, {events=EPOLLIN, data={u32=7564824, u64=7564824}} <unfinished ...>
318315 17:02:50.481489 <... nanosleep resumed>NULL) = 0
318314 17:02:50.481507 <... epoll_ctl resumed>) = 0
318315 17:02:50.481532 nanosleep({tv_sec=0, tv_nsec=20000},  <unfinished ...>
318314 17:02:50.481567 epoll_ctl(5, EPOLL_CTL_ADD, 4, {events=EPOLLIN|EPOLLOUT|EPOLLRDHUP|EPOLLET, data={u32=1191182337, u64=4209581874172919809}}) = -1 EPERM (Operation not permitted)
318315 17:02:50.481761 <... nanosleep resumed>NULL) = 0
318314 17:02:50.481793 fcntl(4, F_GETFL <unfinished ...>
318315 17:02:50.481829 epoll_pwait(5,  <unfinished ...>
318314 17:02:50.481854 <... fcntl resumed>) = 0x8800 (flags O_RDONLY|O_NONBLOCK|O_LARGEFILE)
318315 17:02:50.481882 <... epoll_pwait resumed>[], 128, 0, NULL, 0) = 0
318314 17:02:50.481917 fcntl(4, F_SETFL, O_RDONLY|O_LARGEFILE <unfinished ...>
318315 17:02:50.481942 nanosleep({tv_sec=0, tv_nsec=20000},  <unfinished ...>
318314 17:02:50.481972 <... fcntl resumed>) = 0
318314 17:02:50.482028 fstat(4,  <unfinished ...>
318315 17:02:50.482069 <... nanosleep resumed>NULL) = 0
318314 17:02:50.482086 <... fstat resumed>{st_mode=S_IFREG|0644, st_size=1709, ...}) = 0
318315 17:02:50.482131 nanosleep({tv_sec=0, tv_nsec=20000},  <unfinished ...>
318314 17:02:50.482172 read(4, "\n{\n  \"seccomp\": {\n    \"enabled\":"..., 1710) = 1709
318315 17:02:50.482272 <... nanosleep resumed>NULL) = 0
318314 17:02:50.482322 read(4,  <unfinished ...>
318315 17:02:50.482347 nanosleep({tv_sec=0, tv_nsec=20000},  <unfinished ...>
318314 17:02:50.482383 <... read resumed>"", 1) = 0
318314 17:02:50.482419 close(4)         = 0
318315 17:02:50.482535 <... nanosleep resumed>NULL) = 0
318315 17:02:50.482601 nanosleep({tv_sec=0, tv_nsec=20000},  <unfinished ...>
318314 17:02:50.482771 newfstatat(AT_FDCWD, "/usr/local/sbin/runc",  <unfinished ...>
318315 17:02:50.482806 <... nanosleep resumed>NULL) = 0
318314 17:02:50.482824 <... newfstatat resumed>0x13fbc623c858, 0) = -1 ENOENT (No such file or directory)
318315 17:02:50.482854 nanosleep({tv_sec=0, tv_nsec=20000},  <unfinished ...>
318314 17:02:50.482871 newfstatat(AT_FDCWD, "/usr/local/bin/runc", 0x13fbc623c928, 0) = -1 ENOENT (No such file or directory)
318314 17:02:50.482997 newfstatat(AT_FDCWD, "/usr/sbin/runc",  <unfinished ...>
318315 17:02:50.483052 <... nanosleep resumed>NULL) = 0
318314 17:02:50.483084 <... newfstatat resumed>{st_mode=S_IFREG|0755, st_size=11431736, ...}, 0) = 0
318315 17:02:50.483128 nanosleep({tv_sec=0, tv_nsec=20000},  <unfinished ...>
318314 17:02:50.483149 faccessat2(AT_FDCWD, "/usr/sbin/runc", X_OK, AT_EACCESS) = 0
318315 17:02:50.483252 <... nanosleep resumed>NULL) = 0
318314 17:02:50.483293 futex(0x13fbc6210160, FUTEX_WAKE_PRIVATE, 1 <unfinished ...>
318315 17:02:50.483332 nanosleep({tv_sec=0, tv_nsec=20000},  <unfinished ...>
318314 17:02:50.483370 <... futex resumed>) = 1
318319 17:02:50.483395 <... futex resumed>) = 0
318314 17:02:50.483422 mmap(NULL, 4096, PROT_READ|PROT_WRITE, 0x8 /* MAP_??? */|MAP_ANONYMOUS, -1, 0 <unfinished ...>
318319 17:02:50.483459 epoll_pwait(5,  <unfinished ...>
318315 17:02:50.483484 <... nanosleep resumed>NULL) = 0
318314 17:02:50.483533 <... mmap resumed>) = 0x74d72781d000
318315 17:02:50.483550 nanosleep({tv_sec=0, tv_nsec=20000},  <unfinished ...>
318314 17:02:50.483567 prctl(PR_SET_VMA, PR_SET_VMA_ANON_NAME, 0x74d72781d000, 4096, " Go: getrandom states") = 0
318315 17:02:50.483658 <... nanosleep resumed>NULL) = 0
318314 17:02:50.483698 getrandom( <unfinished ...>
318315 17:02:50.483732 nanosleep({tv_sec=0, tv_nsec=20000},  <unfinished ...>
318314 17:02:50.483752 <... getrandom resumed>"\xae\x12\xa5\xea\x68\x3f\x15\x5d\xce\x32\x57\xc9\x03\x3b\xc9\x46\x9a\x4f\x43\xe6\xf4\x62\x31\xe6\xc7\xeb\xe5\x31\xf4\x14\x6f\x02", 32, 0) = 32
318314 17:02:50.483800 geteuid( <unfinished ...>
318315 17:02:50.483835 <... nanosleep resumed>NULL) = 0
318314 17:02:50.483852 <... geteuid resumed>) = 0
318315 17:02:50.483877 nanosleep({tv_sec=0, tv_nsec=20000},  <unfinished ...>
318314 17:02:50.483912 futex(0x13fbc61d9960, FUTEX_WAKE_PRIVATE, 1) = 1
318318 17:02:50.483988 <... futex resumed>) = 0
318314 17:02:50.484049 rt_sigprocmask(SIG_SETMASK, ~[],  <unfinished ...>
318318 17:02:50.484086 futex(0x13fbc61d9960, FUTEX_WAIT_PRIVATE, 0, NULL <unfinished ...>
318315 17:02:50.484103 <... nanosleep resumed>NULL) = 0
318314 17:02:50.484128 <... rt_sigprocmask resumed>[], 8) = 0
318315 17:02:50.484147 nanosleep({tv_sec=0, tv_nsec=20000},  <unfinished ...>
318314 17:02:50.484174 clone(child_stack=0x13fbc6272000, flags=CLONE_VM|CLONE_FS|CLONE_FILES|CLONE_SIGHAND|CLONE_THREAD|CLONE_SYSVSEM|CLONE_SETTLS <unfinished ...>
318315 17:02:50.484294 <... nanosleep resumed>NULL) = 0
318314 17:02:50.484330 <... clone resumed>, tls=0x13fbc6210890) = 318320
318320 17:02:50.484346 gettid( <unfinished ...>
318314 17:02:50.484372 rt_sigprocmask(SIG_SETMASK, [],  <unfinished ...>
318315 17:02:50.484390 nanosleep({tv_sec=0, tv_nsec=20000},  <unfinished ...>
318314 17:02:50.484418 <... rt_sigprocmask resumed>NULL, 8) = 0
318320 17:02:50.484434 <... gettid resumed>) = 318320
318314 17:02:50.484490 rt_sigprocmask(SIG_SETMASK, ~[HUP INT QUIT ILL TRAP ABRT BUS FPE SEGV TERM STKFLT CHLD URG PROF SYS RTMIN RT_1 RT_2],  <unfinished ...>
318320 17:02:50.484527 sigaltstack(NULL,  <unfinished ...>
318315 17:02:50.484543 <... nanosleep resumed>NULL) = 0
318314 17:02:50.484568 <... rt_sigprocmask resumed>NULL, 8) = 0
318320 17:02:50.484583 <... sigaltstack resumed>{ss_sp=NULL, ss_flags=SS_DISABLE, ss_size=0}) = 0
318314 17:02:50.484611 futex(0x13fbc61d9960, FUTEX_WAKE_PRIVATE, 1 <unfinished ...>
318315 17:02:50.484627 nanosleep({tv_sec=0, tv_nsec=20000},  <unfinished ...>
318314 17:02:50.484654 <... futex resumed>) = 1
318320 17:02:50.484670 sigaltstack({ss_sp=0x13fbc62a8000, ss_flags=0, ss_size=32768},  <unfinished ...>
318318 17:02:50.484697 <... futex resumed>) = 0
318314 17:02:50.484713 rt_sigprocmask(SIG_SETMASK, ~[HUP INT QUIT ILL TRAP ABRT BUS FPE SEGV TERM STKFLT CHLD URG PROF SYS RTMIN RT_1 RT_2],  <unfinished ...>
318320 17:02:50.484739 <... sigaltstack resumed>NULL) = 0
318314 17:02:50.484757 <... rt_sigprocmask resumed>NULL, 8) = 0
318318 17:02:50.484781 nanosleep({tv_sec=0, tv_nsec=3000},  <unfinished ...>
318315 17:02:50.484816 <... nanosleep resumed>NULL) = 0
318314 17:02:50.484832 futex(0x13fbc61d8960, FUTEX_WAKE_PRIVATE, 1 <unfinished ...>
318320 17:02:50.484856 rt_sigprocmask(SIG_SETMASK, [],  <unfinished ...>
318314 17:02:50.484876 <... futex resumed>) = 1
318315 17:02:50.484902 nanosleep({tv_sec=0, tv_nsec=20000},  <unfinished ...>
318314 17:02:50.484938 futex(0x718038, FUTEX_WAIT_PRIVATE, 0, NULL <unfinished ...>
318320 17:02:50.484963 <... rt_sigprocmask resumed>NULL, 8) = 0
318318 17:02:50.484979 <... nanosleep resumed>NULL) = 0
318316 17:02:50.485007 <... futex resumed>) = 0
318320 17:02:50.485033 gettid( <unfinished ...>
318318 17:02:50.485059 futex(0x13fbc61d9160, FUTEX_WAKE_PRIVATE, 1 <unfinished ...>
318315 17:02:50.485093 <... nanosleep resumed>NULL) = 0
318320 17:02:50.485111 <... gettid resumed>) = 318320
318318 17:02:50.485135 <... futex resumed>) = 1
318316 17:02:50.485151 futex(0x13fbc61d8960, FUTEX_WAIT_PRIVATE, 0, NULL <unfinished ...>
318320 17:02:50.485177 futex(0x7371d8, FUTEX_WAIT_PRIVATE, 0, NULL <unfinished ...>
318318 17:02:50.485193 mmap(NULL, 262144, PROT_READ|PROT_WRITE, MAP_PRIVATE|MAP_ANONYMOUS, -1, 0 <unfinished ...>
318317 17:02:50.485218 <... futex resumed>) = 0
318315 17:02:50.485234 nanosleep({tv_sec=0, tv_nsec=20000},  <unfinished ...>
318318 17:02:50.485261 <... mmap resumed>) = 0x74d6e0ce0000
318317 17:02:50.485276 nanosleep({tv_sec=0, tv_nsec=3000},  <unfinished ...>
318318 17:02:50.485303 prctl(PR_SET_VMA, PR_SET_VMA_ANON_NAME, 0x74d6e0ce0000, 262144, " Go: immortal metadata") = 0
318315 17:02:50.485388 <... nanosleep resumed>NULL) = 0
318317 17:02:50.485405 <... nanosleep resumed>NULL) = 0
318318 17:02:50.485431 futex(0x13fbc61d8960, FUTEX_WAKE_PRIVATE, 1 <unfinished ...>
318315 17:02:50.485520 nanosleep({tv_sec=0, tv_nsec=20000},  <unfinished ...>
318318 17:02:50.485540 <... futex resumed>) = 1
318317 17:02:50.485565 rt_sigprocmask(SIG_SETMASK, ~[],  <unfinished ...>
318318 17:02:50.485583 futex(0x737380, FUTEX_WAIT_PRIVATE, 0, NULL <unfinished ...>
318316 17:02:50.485608 <... futex resumed>) = 0
318317 17:02:50.485625 <... rt_sigprocmask resumed>[], 8) = 0
318315 17:02:50.485642 <... nanosleep resumed>NULL) = 0
318317 17:02:50.485659 clone(child_stack=0x13fbc6390000, flags=CLONE_VM|CLONE_FS|CLONE_FILES|CLONE_SIGHAND|CLONE_THREAD|CLONE_SYSVSEM|CLONE_SETTLS <unfinished ...>
318316 17:02:50.485684 futex(0x13fbc61d8960, FUTEX_WAIT_PRIVATE, 0, NULL <unfinished ...>
318315 17:02:50.485721 nanosleep({tv_sec=0, tv_nsec=20000},  <unfinished ...>
318321 17:02:50.485789 gettid( <unfinished ...>
318317 17:02:50.485828 <... clone resumed>, tls=0x13fbc61fc090) = 318321
318321 17:02:50.485845 <... gettid resumed>) = 318321
318317 17:02:50.485870 rt_sigprocmask(SIG_SETMASK, [],  <unfinished ...>
318315 17:02:50.485888 <... nanosleep resumed>NULL) = 0
318321 17:02:50.485913 sigaltstack(NULL,  <unfinished ...>
318317 17:02:50.485929 <... rt_sigprocmask resumed>NULL, 8) = 0
318321 17:02:50.485954 <... sigaltstack resumed>{ss_sp=NULL, ss_flags=SS_DISABLE, ss_size=0}) = 0
318315 17:02:50.485990 nanosleep({tv_sec=0, tv_nsec=20000},  <unfinished ...>
318321 17:02:50.486008 sigaltstack({ss_sp=0x13fbc6380000, ss_flags=0, ss_size=32768},  <unfinished ...>
318317 17:02:50.486033 futex(0x718038, FUTEX_WAKE_PRIVATE, 1 <unfinished ...>
318321 17:02:50.486067 <... sigaltstack resumed>NULL) = 0
318314 17:02:50.486097 <... futex resumed>) = 0
318317 17:02:50.486171 <... futex resumed>) = 1
318315 17:02:50.486204 <... nanosleep resumed>NULL) = 0
318314 17:02:50.486232 rt_sigprocmask(SIG_SETMASK, ~[HUP INT QUIT ILL TRAP ABRT BUS FPE SEGV TERM STKFLT CHLD URG PROF SYS RTMIN RT_1 RT_2],  <unfinished ...>
318321 17:02:50.486270 rt_sigprocmask(SIG_SETMASK, [],  <unfinished ...>
318317 17:02:50.486288 futex(0x13fbc61d9160, FUTEX_WAIT_PRIVATE, 0, NULL <unfinished ...>
318314 17:02:50.486313 <... rt_sigprocmask resumed>NULL, 8) = 0
318321 17:02:50.486346 <... rt_sigprocmask resumed>NULL, 8) = 0
318315 17:02:50.486362 nanosleep({tv_sec=0, tv_nsec=20000},  <unfinished ...>
318314 17:02:50.486388 futex(0x13fbc61d9160, FUTEX_WAKE_PRIVATE, 1 <unfinished ...>
318321 17:02:50.486439 gettid( <unfinished ...>
318314 17:02:50.486472 <... futex resumed>) = 1
318317 17:02:50.486487 <... futex resumed>) = 0
318314 17:02:50.486513 futex(0x718038, FUTEX_WAIT_PRIVATE, 0, NULL <unfinished ...>
318321 17:02:50.486528 <... gettid resumed>) = 318321
318315 17:02:50.486552 <... nanosleep resumed>NULL) = 0
318321 17:02:50.486569 futex(0x13fbc61d8960, FUTEX_WAKE_PRIVATE, 1 <unfinished ...>
318317 17:02:50.486593 mkdirat(AT_FDCWD, "/tmp/anolix-bundle-2414045901", 0700 <unfinished ...>
318321 17:02:50.486633 <... futex resumed>) = 1
318316 17:02:50.486649 <... futex resumed>) = 0
318315 17:02:50.486673 rt_sigprocmask(SIG_SETMASK, ~[],  <unfinished ...>
318321 17:02:50.486708 futex(0x718038, FUTEX_WAKE_PRIVATE, 1 <unfinished ...>
318316 17:02:50.486733 rt_sigprocmask(SIG_SETMASK, ~[],  <unfinished ...>
318321 17:02:50.486754 <... futex resumed>) = 1
318315 17:02:50.486784 <... rt_sigprocmask resumed>[], 8) = 0
318314 17:02:50.486825 <... futex resumed>) = 0
318321 17:02:50.486844 futex(0x13fbc61fc160, FUTEX_WAIT_PRIVATE, 0, NULL <unfinished ...>
318316 17:02:50.486872 <... rt_sigprocmask resumed>[], 8) = 0
318314 17:02:50.486910 futex(0x718038, FUTEX_WAIT_PRIVATE, 0, NULL <unfinished ...>
318315 17:02:50.486939 clone(child_stack=0x13fbc638c000, flags=CLONE_VM|CLONE_FS|CLONE_FILES|CLONE_SIGHAND|CLONE_THREAD|CLONE_SYSVSEM|CLONE_SETTLS <unfinished ...>
318317 17:02:50.486970 <... mkdirat resumed>) = 0
318316 17:02:50.486990 clone(child_stack=0x13fbc6320000, flags=CLONE_VM|CLONE_FS|CLONE_FILES|CLONE_SIGHAND|CLONE_THREAD|CLONE_SYSVSEM|CLONE_SETTLS <unfinished ...>
318317 17:02:50.487016 newfstatat(AT_FDCWD, "/tmp/anolix-bundle-2414045901", {st_mode=S_IFDIR|0700, st_size=4096, ...}, 0) = 0
318322 17:02:50.487102 gettid( <unfinished ...>
318315 17:02:50.487145 <... clone resumed>, tls=0x13fbc61fc890) = 318322
318323 17:02:50.487184 gettid( <unfinished ...>
318322 17:02:50.487209 <... gettid resumed>) = 318322
318317 17:02:50.487235 newfstatat(AT_FDCWD, "/tmp",  <unfinished ...>
318316 17:02:50.487270 <... clone resumed>, tls=0x13fbc630a090) = 318323
318323 17:02:50.487296 <... gettid resumed>) = 318323
318322 17:02:50.487330 sigaltstack(NULL,  <unfinished ...>
318317 17:02:50.487346 <... newfstatat resumed>{st_mode=S_IFDIR|S_ISVTX|0777, st_size=28672, ...}, AT_SYMLINK_NOFOLLOW) = 0
318315 17:02:50.487373 rt_sigprocmask(SIG_SETMASK, [],  <unfinished ...>
318323 17:02:50.487554 sigaltstack(NULL,  <unfinished ...>
318322 17:02:50.487588 <... sigaltstack resumed>{ss_sp=NULL, ss_flags=SS_DISABLE, ss_size=0}) = 0
318317 17:02:50.487607 newfstatat(AT_FDCWD, "/tmp/anolix-bundle-2414045901",  <unfinished ...>
318316 17:02:50.487633 rt_sigprocmask(SIG_SETMASK, [],  <unfinished ...>
318315 17:02:50.487672 <... rt_sigprocmask resumed>NULL, 8) = 0
318323 17:02:50.487694 <... sigaltstack resumed>{ss_sp=NULL, ss_flags=SS_DISABLE, ss_size=0}) = 0
318322 17:02:50.487715 sigaltstack({ss_sp=0x13fbc6390000, ss_flags=0, ss_size=32768},  <unfinished ...>
318317 17:02:50.487741 <... newfstatat resumed>{st_mode=S_IFDIR|0700, st_size=4096, ...}, AT_SYMLINK_NOFOLLOW) = 0
318316 17:02:50.487759 <... rt_sigprocmask resumed>NULL, 8) = 0
318323 17:02:50.487785 sigaltstack({ss_sp=0x13fbc630e000, ss_flags=0, ss_size=32768},  <unfinished ...>
318322 17:02:50.487802 <... sigaltstack resumed>NULL) = 0
318317 17:02:50.487827 getcwd( <unfinished ...>
318315 17:02:50.487844 nanosleep({tv_sec=0, tv_nsec=20000},  <unfinished ...>
318323 17:02:50.487864 <... sigaltstack resumed>NULL) = 0
318322 17:02:50.487880 rt_sigprocmask(SIG_SETMASK, [],  <unfinished ...>
318317 17:02:50.487905 <... getcwd resumed>"/home/sh1rogane/Anolix", 4096) = 23
318316 17:02:50.487923 futex(0x13fbc61d8960, FUTEX_WAIT_PRIVATE, 0, NULL <unfinished ...>
318323 17:02:50.487949 rt_sigprocmask(SIG_SETMASK, [],  <unfinished ...>
318322 17:02:50.487967 <... rt_sigprocmask resumed>NULL, 8) = 0
318317 17:02:50.487992 newfstatat(AT_FDCWD, "/home/sh1rogane/Anolix/rootfs",  <unfinished ...>
318315 17:02:50.488017 <... nanosleep resumed>NULL) = 0
318323 17:02:50.488043 <... rt_sigprocmask resumed>NULL, 8) = 0
318322 17:02:50.488077 gettid( <unfinished ...>
318317 17:02:50.488092 <... newfstatat resumed>{st_mode=S_IFDIR|0755, st_size=4096, ...}, 0) = 0
318323 17:02:50.488119 gettid( <unfinished ...>
318322 17:02:50.488151 <... gettid resumed>) = 318322
318315 17:02:50.488223 nanosleep({tv_sec=0, tv_nsec=20000},  <unfinished ...>
318323 17:02:50.488261 <... gettid resumed>) = 318323
318322 17:02:50.488276 futex(0x13fbc61fc960, FUTEX_WAIT_PRIVATE, 0, NULL <unfinished ...>
318317 17:02:50.488301 newfstatat(AT_FDCWD, "/home",  <unfinished ...>
318323 17:02:50.488339 futex(0x13fbc630a160, FUTEX_WAIT_PRIVATE, 0, NULL <unfinished ...>
318317 17:02:50.488356 <... newfstatat resumed>{st_mode=S_IFDIR|0755, st_size=4096, ...}, AT_SYMLINK_NOFOLLOW) = 0
318315 17:02:50.488373 <... nanosleep resumed>NULL) = 0
318317 17:02:50.488398 newfstatat(AT_FDCWD, "/home/sh1rogane",  <unfinished ...>
318315 17:02:50.488433 nanosleep({tv_sec=0, tv_nsec=20000},  <unfinished ...>
318317 17:02:50.488460 <... newfstatat resumed>{st_mode=S_IFDIR|0750, st_size=4096, ...}, AT_SYMLINK_NOFOLLOW) = 0
318317 17:02:50.488502 newfstatat(AT_FDCWD, "/home/sh1rogane/Anolix", {st_mode=S_IFDIR|0755, st_size=4096, ...}, AT_SYMLINK_NOFOLLOW) = 0
318315 17:02:50.488620 <... nanosleep resumed>NULL) = 0
318317 17:02:50.488649 newfstatat(AT_FDCWD, "/home/sh1rogane/Anolix/rootfs",  <unfinished ...>
318315 17:02:50.488686 nanosleep({tv_sec=0, tv_nsec=20000},  <unfinished ...>
318317 17:02:50.488713 <... newfstatat resumed>{st_mode=S_IFDIR|0755, st_size=4096, ...}, AT_SYMLINK_NOFOLLOW) = 0
318315 17:02:50.488814 <... nanosleep resumed>NULL) = 0
318315 17:02:50.488873 nanosleep({tv_sec=0, tv_nsec=20000},  <unfinished ...>
318317 17:02:50.489050 openat(AT_FDCWD, "/tmp/anolix-bundle-2414045901/config.json", O_WRONLY|O_CREAT|O_TRUNC|O_CLOEXEC, 0600 <unfinished ...>
318315 17:02:50.489094 <... nanosleep resumed>NULL) = 0
318315 17:02:50.489142 nanosleep({tv_sec=0, tv_nsec=20000},  <unfinished ...>
318317 17:02:50.489209 <... openat resumed>) = 4
318317 17:02:50.489271 fcntl(4, F_GETFL <unfinished ...>
318315 17:02:50.489316 <... nanosleep resumed>NULL) = 0
318317 17:02:50.489333 <... fcntl resumed>) = 0x8001 (flags O_WRONLY|O_LARGEFILE)
318315 17:02:50.489358 nanosleep({tv_sec=0, tv_nsec=20000},  <unfinished ...>
318317 17:02:50.489388 fcntl(4, F_SETFL, O_WRONLY|O_NONBLOCK|O_LARGEFILE) = 0
318315 17:02:50.489504 <... nanosleep resumed>NULL) = 0
318317 17:02:50.489538 epoll_ctl(5, EPOLL_CTL_ADD, 4, {events=EPOLLIN|EPOLLOUT|EPOLLRDHUP|EPOLLET, data={u32=1191182338, u64=4209581874172919810}} <unfinished ...>
318315 17:02:50.489557 nanosleep({tv_sec=0, tv_nsec=20000},  <unfinished ...>
318317 17:02:50.489584 <... epoll_ctl resumed>) = -1 EPERM (Operation not permitted)
318317 17:02:50.489646 fcntl(4, F_GETFL <unfinished ...>
318315 17:02:50.489689 <... nanosleep resumed>NULL) = 0
318317 17:02:50.489706 <... fcntl resumed>) = 0x8801 (flags O_WRONLY|O_NONBLOCK|O_LARGEFILE)
318315 17:02:50.489732 nanosleep({tv_sec=0, tv_nsec=20000},  <unfinished ...>
318317 17:02:50.489772 fcntl(4, F_SETFL, O_WRONLY|O_LARGEFILE) = 0
318315 17:02:50.489861 <... nanosleep resumed>NULL) = 0
318317 17:02:50.489889 write(4, "{\n  \"ociVersion\": \"1.2.1\",\n  \"pr"..., 6125 <unfinished ...>
318315 17:02:50.489925 nanosleep({tv_sec=0, tv_nsec=20000},  <unfinished ...>
318317 17:02:50.489967 <... write resumed>) = 6125
318317 17:02:50.490035 close(4 <unfinished ...>
318315 17:02:50.490078 <... nanosleep resumed>NULL) = 0
318317 17:02:50.490105 <... close resumed>) = 0
318315 17:02:50.490138 nanosleep({tv_sec=0, tv_nsec=20000},  <unfinished ...>
318317 17:02:50.490177 getpid()         = 318314
318317 17:02:50.490273 pidfd_open(318314, 0 <unfinished ...>
318315 17:02:50.490308 <... nanosleep resumed>NULL) = 0
318317 17:02:50.490325 <... pidfd_open resumed>) = 4
318315 17:02:50.490350 nanosleep({tv_sec=0, tv_nsec=20000},  <unfinished ...>
318317 17:02:50.490385 waitid(P_PIDFD, 4, 0x13fbc6275588, WEXITED, NULL) = -1 ECHILD (No child processes)
318315 17:02:50.490471 <... nanosleep resumed>NULL) = 0
318317 17:02:50.490508 pidfd_send_signal(4, 0, NULL, 0 <unfinished ...>
318315 17:02:50.490534 nanosleep({tv_sec=0, tv_nsec=20000},  <unfinished ...>
318317 17:02:50.490572 <... pidfd_send_signal resumed>) = 0
318317 17:02:50.490608 clone(child_stack=NULL, flags=CLONE_VM|CLONE_PIDFD|CLONE_VFORK <unfinished ...>
318315 17:02:50.490673 <... nanosleep resumed>NULL) = 0
318324 17:02:50.490738 exit_group(0 <unfinished ...>
318315 17:02:50.490771 nanosleep({tv_sec=0, tv_nsec=20000},  <unfinished ...>
318324 17:02:50.490812 <... exit_group resumed>) = ?
318324 17:02:50.490868 +++ exited with 0 +++
318317 17:02:50.490896 <... clone resumed>, parent_tid=[7]) = 318324
318315 17:02:50.490916 <... nanosleep resumed>NULL) = 0
318317 17:02:50.490933 waitid(P_PIDFD, 7,  <unfinished ...>
318315 17:02:50.490959 nanosleep({tv_sec=0, tv_nsec=20000},  <unfinished ...>
318317 17:02:50.490995 <... waitid resumed>{si_signo=SIGCHLD, si_code=CLD_EXITED, si_pid=318324, si_uid=0, si_status=0, si_utime=0, si_stime=0}, WEXITED|__WCLONE, NULL) = 0
318317 17:02:50.491035 close(7)         = 0
318315 17:02:50.491121 <... nanosleep resumed>NULL) = 0
318317 17:02:50.491137 close(4 <unfinished ...>
318315 17:02:50.491162 nanosleep({tv_sec=0, tv_nsec=20000},  <unfinished ...>
318317 17:02:50.491195 <... close resumed>) = 0
318317 17:02:50.491267 pipe2( <unfinished ...>
318315 17:02:50.491306 <... nanosleep resumed>NULL) = 0
318317 17:02:50.491333 <... pipe2 resumed>[4, 7], O_CLOEXEC) = 0
318315 17:02:50.491362 nanosleep({tv_sec=0, tv_nsec=20000},  <unfinished ...>
318317 17:02:50.491398 rt_sigprocmask(SIG_SETMASK, NULL, [], 8) = 0
318317 17:02:50.491518 rt_sigprocmask(SIG_SETMASK, ~[],  <unfinished ...>
318315 17:02:50.491561 <... nanosleep resumed>NULL) = 0
318317 17:02:50.491578 <... rt_sigprocmask resumed>NULL, 8) = 0
318315 17:02:50.491603 nanosleep({tv_sec=0, tv_nsec=20000},  <unfinished ...>
318317 17:02:50.491639 clone(child_stack=NULL, flags=CLONE_VM|CLONE_PIDFD|CLONE_VFORK|SIGCHLD <unfinished ...>
318325 17:02:50.491742 rt_sigaction(SIGHUP, {sa_handler=SIG_DFL, sa_mask=~[], sa_flags=SA_RESTORER|SA_ONSTACK|SA_RESTART|SA_SIGINFO, sa_restorer=0x48b940},  <unfinished ...>
318315 17:02:50.491783 <... nanosleep resumed>NULL) = 0
318325 17:02:50.491800 <... rt_sigaction resumed>NULL, 8) = 0
318315 17:02:50.491825 nanosleep({tv_sec=0, tv_nsec=20000},  <unfinished ...>
318325 17:02:50.491861 rt_sigaction(SIGINT, {sa_handler=SIG_DFL, sa_mask=~[], sa_flags=SA_RESTORER|SA_ONSTACK|SA_RESTART|SA_SIGINFO, sa_restorer=0x48b940}, NULL, 8) = 0
318315 17:02:50.491970 <... nanosleep resumed>NULL) = 0
318325 17:02:50.491987 rt_sigaction(SIGQUIT, {sa_handler=SIG_DFL, sa_mask=~[], sa_flags=SA_RESTORER|SA_ONSTACK|SA_RESTART|SA_SIGINFO, sa_restorer=0x48b940},  <unfinished ...>
318315 17:02:50.492014 nanosleep({tv_sec=0, tv_nsec=20000},  <unfinished ...>
318325 17:02:50.492032 <... rt_sigaction resumed>NULL, 8) = 0
318325 17:02:50.492075 rt_sigaction(SIGILL, {sa_handler=SIG_DFL, sa_mask=~[], sa_flags=SA_RESTORER|SA_ONSTACK|SA_RESTART|SA_SIGINFO, sa_restorer=0x48b940}, NULL, 8) = 0
318315 17:02:50.492172 <... nanosleep resumed>NULL) = 0
318325 17:02:50.492210 rt_sigaction(SIGTRAP, {sa_handler=SIG_DFL, sa_mask=~[], sa_flags=SA_RESTORER|SA_ONSTACK|SA_RESTART|SA_SIGINFO, sa_restorer=0x48b940},  <unfinished ...>
318315 17:02:50.492258 nanosleep({tv_sec=0, tv_nsec=20000},  <unfinished ...>
318325 17:02:50.492294 <... rt_sigaction resumed>NULL, 8) = 0
318325 17:02:50.492337 rt_sigaction(SIGABRT, {sa_handler=SIG_DFL, sa_mask=~[], sa_flags=SA_RESTORER|SA_ONSTACK|SA_RESTART|SA_SIGINFO, sa_restorer=0x48b940},  <unfinished ...>
318315 17:02:50.492379 <... nanosleep resumed>NULL) = 0
318325 17:02:50.492415 <... rt_sigaction resumed>NULL, 8) = 0
318315 17:02:50.492441 nanosleep({tv_sec=0, tv_nsec=20000},  <unfinished ...>
318325 17:02:50.492476 rt_sigaction(SIGBUS, {sa_handler=SIG_DFL, sa_mask=~[], sa_flags=SA_RESTORER|SA_ONSTACK|SA_RESTART|SA_SIGINFO, sa_restorer=0x48b940}, NULL, 8) = 0
318325 17:02:50.492579 rt_sigaction(SIGFPE, {sa_handler=SIG_DFL, sa_mask=~[], sa_flags=SA_RESTORER|SA_ONSTACK|SA_RESTART|SA_SIGINFO, sa_restorer=0x48b940},  <unfinished ...>
318315 17:02:50.492626 <... nanosleep resumed>NULL) = 0
318325 17:02:50.492644 <... rt_sigaction resumed>NULL, 8) = 0
318315 17:02:50.492669 nanosleep({tv_sec=0, tv_nsec=20000},  <unfinished ...>
318325 17:02:50.492706 rt_sigaction(SIGUSR1, {sa_handler=SIG_DFL, sa_mask=~[], sa_flags=SA_RESTORER|SA_ONSTACK|SA_RESTART|SA_SIGINFO, sa_restorer=0x48b940}, NULL, 8) = 0
318315 17:02:50.492790 <... nanosleep resumed>NULL) = 0
318325 17:02:50.492820 rt_sigaction(SIGSEGV, {sa_handler=SIG_DFL, sa_mask=~[], sa_flags=SA_RESTORER|SA_ONSTACK|SA_RESTART|SA_SIGINFO, sa_restorer=0x48b940},  <unfinished ...>
318315 17:02:50.492857 nanosleep({tv_sec=0, tv_nsec=20000},  <unfinished ...>
318325 17:02:50.492884 <... rt_sigaction resumed>NULL, 8) = 0
318325 17:02:50.492937 rt_sigaction(SIGUSR2, {sa_handler=SIG_DFL, sa_mask=~[], sa_flags=SA_RESTORER|SA_ONSTACK|SA_RESTART|SA_SIGINFO, sa_restorer=0x48b940},  <unfinished ...>
318315 17:02:50.492974 <... nanosleep resumed>NULL) = 0
318325 17:02:50.492990 <... rt_sigaction resumed>NULL, 8) = 0
318315 17:02:50.493016 nanosleep({tv_sec=0, tv_nsec=20000},  <unfinished ...>
318325 17:02:50.493033 rt_sigaction(SIGPIPE, {sa_handler=SIG_DFL, sa_mask=~[], sa_flags=SA_RESTORER|SA_ONSTACK|SA_RESTART|SA_SIGINFO, sa_restorer=0x48b940}, NULL, 8) = 0
318315 17:02:50.493120 <... nanosleep resumed>NULL) = 0
318325 17:02:50.493147 rt_sigaction(SIGALRM, {sa_handler=SIG_DFL, sa_mask=~[], sa_flags=SA_RESTORER|SA_ONSTACK|SA_RESTART|SA_SIGINFO, sa_restorer=0x48b940},  <unfinished ...>
318315 17:02:50.493185 nanosleep({tv_sec=0, tv_nsec=20000},  <unfinished ...>
318325 17:02:50.493216 <... rt_sigaction resumed>NULL, 8) = 0
318325 17:02:50.493271 rt_sigaction(SIGTERM, {sa_handler=SIG_DFL, sa_mask=~[], sa_flags=SA_RESTORER|SA_ONSTACK|SA_RESTART|SA_SIGINFO, sa_restorer=0x48b940},  <unfinished ...>
318315 17:02:50.493308 <... nanosleep resumed>NULL) = 0
318325 17:02:50.493325 <... rt_sigaction resumed>NULL, 8) = 0
318315 17:02:50.493350 nanosleep({tv_sec=0, tv_nsec=20000},  <unfinished ...>
318325 17:02:50.493391 rt_sigaction(SIGSTKFLT, {sa_handler=SIG_DFL, sa_mask=~[], sa_flags=SA_RESTORER|SA_ONSTACK|SA_RESTART|SA_SIGINFO, sa_restorer=0x48b940}, NULL, 8) = 0
318315 17:02:50.493486 <... nanosleep resumed>NULL) = 0
318325 17:02:50.493504 rt_sigaction(SIGCHLD, {sa_handler=SIG_DFL, sa_mask=~[], sa_flags=SA_RESTORER|SA_ONSTACK|SA_RESTART|SA_SIGINFO, sa_restorer=0x48b940},  <unfinished ...>
318315 17:02:50.493533 nanosleep({tv_sec=0, tv_nsec=20000},  <unfinished ...>
318325 17:02:50.493560 <... rt_sigaction resumed>NULL, 8) = 0
318325 17:02:50.493616 rt_sigaction(SIGURG, {sa_handler=SIG_DFL, sa_mask=~[], sa_flags=SA_RESTORER|SA_ONSTACK|SA_RESTART|SA_SIGINFO, sa_restorer=0x48b940},  <unfinished ...>
318315 17:02:50.493653 <... nanosleep resumed>NULL) = 0
318325 17:02:50.493669 <... rt_sigaction resumed>NULL, 8) = 0
318315 17:02:50.493695 nanosleep({tv_sec=0, tv_nsec=20000},  <unfinished ...>
318325 17:02:50.493712 rt_sigaction(SIGXCPU, {sa_handler=SIG_DFL, sa_mask=~[], sa_flags=SA_RESTORER|SA_ONSTACK|SA_RESTART|SA_SIGINFO, sa_restorer=0x48b940}, NULL, 8) = 0
318325 17:02:50.493815 rt_sigaction(SIGXFSZ, {sa_handler=SIG_DFL, sa_mask=~[], sa_flags=SA_RESTORER|SA_ONSTACK|SA_RESTART|SA_SIGINFO, sa_restorer=0x48b940},  <unfinished ...>
318315 17:02:50.493858 <... nanosleep resumed>NULL) = 0
318325 17:02:50.493885 <... rt_sigaction resumed>NULL, 8) = 0
318315 17:02:50.493919 nanosleep({tv_sec=0, tv_nsec=20000},  <unfinished ...>
318325 17:02:50.493946 rt_sigaction(SIGVTALRM, {sa_handler=SIG_DFL, sa_mask=~[], sa_flags=SA_RESTORER|SA_ONSTACK|SA_RESTART|SA_SIGINFO, sa_restorer=0x48b940}, NULL, 8) = 0
318315 17:02:50.494033 <... nanosleep resumed>NULL) = 0
318325 17:02:50.494050 rt_sigaction(SIGPROF, {sa_handler=SIG_DFL, sa_mask=~[], sa_flags=SA_RESTORER|SA_ONSTACK|SA_RESTART|SA_SIGINFO, sa_restorer=0x48b940},  <unfinished ...>
318315 17:02:50.494080 nanosleep({tv_sec=0, tv_nsec=20000},  <unfinished ...>
318325 17:02:50.494115 <... rt_sigaction resumed>NULL, 8) = 0
318325 17:02:50.494164 rt_sigaction(SIGWINCH, {sa_handler=SIG_DFL, sa_mask=~[], sa_flags=SA_RESTORER|SA_ONSTACK|SA_RESTART|SA_SIGINFO, sa_restorer=0x48b940},  <unfinished ...>
318315 17:02:50.494206 <... nanosleep resumed>NULL) = 0
318325 17:02:50.494223 <... rt_sigaction resumed>NULL, 8) = 0
318315 17:02:50.494248 nanosleep({tv_sec=0, tv_nsec=20000},  <unfinished ...>
318325 17:02:50.494283 rt_sigaction(SIGIO, {sa_handler=SIG_DFL, sa_mask=~[], sa_flags=SA_RESTORER|SA_ONSTACK|SA_RESTART|SA_SIGINFO, sa_restorer=0x48b940}, NULL, 8) = 0
318325 17:02:50.494386 rt_sigaction(SIGPWR, {sa_handler=SIG_DFL, sa_mask=~[], sa_flags=SA_RESTORER|SA_ONSTACK|SA_RESTART|SA_SIGINFO, sa_restorer=0x48b940},  <unfinished ...>
318315 17:02:50.494417 <... nanosleep resumed>NULL) = 0
318325 17:02:50.494434 <... rt_sigaction resumed>NULL, 8) = 0
318315 17:02:50.494462 nanosleep({tv_sec=0, tv_nsec=20000},  <unfinished ...>
318325 17:02:50.494491 rt_sigaction(SIGSYS, {sa_handler=SIG_DFL, sa_mask=~[], sa_flags=SA_RESTORER|SA_ONSTACK|SA_RESTART|SA_SIGINFO, sa_restorer=0x48b940}, NULL, 8) = 0
318315 17:02:50.494586 <... nanosleep resumed>NULL) = 0
318325 17:02:50.494618 rt_sigaction(SIGRT_1, {sa_handler=SIG_DFL, sa_mask=~[], sa_flags=SA_RESTORER|SA_ONSTACK|SA_RESTART|SA_SIGINFO, sa_restorer=0x48b940},  <unfinished ...>
318315 17:02:50.494658 nanosleep({tv_sec=0, tv_nsec=20000},  <unfinished ...>
318325 17:02:50.494679 <... rt_sigaction resumed>NULL, 8) = 0
318325 17:02:50.494732 rt_sigaction(SIGRT_3, {sa_handler=SIG_DFL, sa_mask=~[], sa_flags=SA_RESTORER|SA_ONSTACK|SA_RESTART|SA_SIGINFO, sa_restorer=0x48b940},  <unfinished ...>
318315 17:02:50.494779 <... nanosleep resumed>NULL) = 0
318325 17:02:50.494797 <... rt_sigaction resumed>NULL, 8) = 0
318315 17:02:50.494822 nanosleep({tv_sec=0, tv_nsec=20000},  <unfinished ...>
318325 17:02:50.494858 rt_sigaction(SIGRT_4, {sa_handler=SIG_DFL, sa_mask=~[], sa_flags=SA_RESTORER|SA_ONSTACK|SA_RESTART|SA_SIGINFO, sa_restorer=0x48b940}, NULL, 8) = 0
318325 17:02:50.494961 rt_sigaction(SIGRT_5, {sa_handler=SIG_DFL, sa_mask=~[], sa_flags=SA_RESTORER|SA_ONSTACK|SA_RESTART|SA_SIGINFO, sa_restorer=0x48b940},  <unfinished ...>
318315 17:02:50.495000 <... nanosleep resumed>NULL) = 0
318325 17:02:50.495031 <... rt_sigaction resumed>NULL, 8) = 0
318315 17:02:50.495048 nanosleep({tv_sec=0, tv_nsec=20000},  <unfinished ...>
318325 17:02:50.495068 rt_sigaction(SIGRT_6, {sa_handler=SIG_DFL, sa_mask=~[], sa_flags=SA_RESTORER|SA_ONSTACK|SA_RESTART|SA_SIGINFO, sa_restorer=0x48b940}, NULL, 8) = 0
318315 17:02:50.495156 <... nanosleep resumed>NULL) = 0
318325 17:02:50.495172 rt_sigaction(SIGRT_7, {sa_handler=SIG_DFL, sa_mask=~[], sa_flags=SA_RESTORER|SA_ONSTACK|SA_RESTART|SA_SIGINFO, sa_restorer=0x48b940},  <unfinished ...>
318315 17:02:50.495205 nanosleep({tv_sec=0, tv_nsec=20000},  <unfinished ...>
318325 17:02:50.495222 <... rt_sigaction resumed>NULL, 8) = 0
318325 17:02:50.495275 rt_sigaction(SIGRT_8, {sa_handler=SIG_DFL, sa_mask=~[], sa_flags=SA_RESTORER|SA_ONSTACK|SA_RESTART|SA_SIGINFO, sa_restorer=0x48b940},  <unfinished ...>
318315 17:02:50.495324 <... nanosleep resumed>NULL) = 0
318325 17:02:50.495342 <... rt_sigaction resumed>NULL, 8) = 0
318315 17:02:50.495367 nanosleep({tv_sec=0, tv_nsec=20000},  <unfinished ...>
318325 17:02:50.495403 rt_sigaction(SIGRT_9, {sa_handler=SIG_DFL, sa_mask=~[], sa_flags=SA_RESTORER|SA_ONSTACK|SA_RESTART|SA_SIGINFO, sa_restorer=0x48b940}, NULL, 8) = 0
318315 17:02:50.495513 <... nanosleep resumed>NULL) = 0
318325 17:02:50.495532 rt_sigaction(SIGRT_10, {sa_handler=SIG_DFL, sa_mask=~[], sa_flags=SA_RESTORER|SA_ONSTACK|SA_RESTART|SA_SIGINFO, sa_restorer=0x48b940},  <unfinished ...>
318315 17:02:50.495554 nanosleep({tv_sec=0, tv_nsec=20000},  <unfinished ...>
318325 17:02:50.495572 <... rt_sigaction resumed>NULL, 8) = 0
318325 17:02:50.495621 rt_sigaction(SIGRT_11, {sa_handler=SIG_DFL, sa_mask=~[], sa_flags=SA_RESTORER|SA_ONSTACK|SA_RESTART|SA_SIGINFO, sa_restorer=0x48b940},  <unfinished ...>
318315 17:02:50.495666 <... nanosleep resumed>NULL) = 0
318325 17:02:50.495683 <... rt_sigaction resumed>NULL, 8) = 0
318315 17:02:50.495708 nanosleep({tv_sec=0, tv_nsec=20000},  <unfinished ...>
318325 17:02:50.495746 rt_sigaction(SIGRT_12, {sa_handler=SIG_DFL, sa_mask=~[], sa_flags=SA_RESTORER|SA_ONSTACK|SA_RESTART|SA_SIGINFO, sa_restorer=0x48b940}, NULL, 8) = 0
318315 17:02:50.495839 <... nanosleep resumed>NULL) = 0
318325 17:02:50.495856 rt_sigaction(SIGRT_13, {sa_handler=SIG_DFL, sa_mask=~[], sa_flags=SA_RESTORER|SA_ONSTACK|SA_RESTART|SA_SIGINFO, sa_restorer=0x48b940},  <unfinished ...>
318315 17:02:50.495884 nanosleep({tv_sec=0, tv_nsec=20000},  <unfinished ...>
318325 17:02:50.495928 <... rt_sigaction resumed>NULL, 8) = 0
318325 17:02:50.495986 rt_sigaction(SIGRT_14, {sa_handler=SIG_DFL, sa_mask=~[], sa_flags=SA_RESTORER|SA_ONSTACK|SA_RESTART|SA_SIGINFO, sa_restorer=0x48b940},  <unfinished ...>
318315 17:02:50.496041 <... nanosleep resumed>NULL) = 0
318325 17:02:50.496065 <... rt_sigaction resumed>NULL, 8) = 0
318315 17:02:50.496093 nanosleep({tv_sec=0, tv_nsec=20000},  <unfinished ...>
318325 17:02:50.496111 rt_sigaction(SIGRT_15, {sa_handler=SIG_DFL, sa_mask=~[], sa_flags=SA_RESTORER|SA_ONSTACK|SA_RESTART|SA_SIGINFO, sa_restorer=0x48b940}, NULL, 8) = 0
318315 17:02:50.496198 <... nanosleep resumed>NULL) = 0
318325 17:02:50.496216 rt_sigaction(SIGRT_16, {sa_handler=SIG_DFL, sa_mask=~[], sa_flags=SA_RESTORER|SA_ONSTACK|SA_RESTART|SA_SIGINFO, sa_restorer=0x48b940},  <unfinished ...>
318315 17:02:50.496244 nanosleep({tv_sec=0, tv_nsec=20000},  <unfinished ...>
318325 17:02:50.496271 <... rt_sigaction resumed>NULL, 8) = 0
318325 17:02:50.496324 rt_sigaction(SIGRT_17, {sa_handler=SIG_DFL, sa_mask=~[], sa_flags=SA_RESTORER|SA_ONSTACK|SA_RESTART|SA_SIGINFO, sa_restorer=0x48b940},  <unfinished ...>
318315 17:02:50.496361 <... nanosleep resumed>NULL) = 0
318325 17:02:50.496377 <... rt_sigaction resumed>NULL, 8) = 0
318315 17:02:50.496402 nanosleep({tv_sec=0, tv_nsec=20000},  <unfinished ...>
318325 17:02:50.496419 rt_sigaction(SIGRT_18, {sa_handler=SIG_DFL, sa_mask=~[], sa_flags=SA_RESTORER|SA_ONSTACK|SA_RESTART|SA_SIGINFO, sa_restorer=0x48b940}, NULL, 8) = 0
318315 17:02:50.496504 <... nanosleep resumed>NULL) = 0
318325 17:02:50.496524 rt_sigaction(SIGRT_19, {sa_handler=SIG_DFL, sa_mask=~[], sa_flags=SA_RESTORER|SA_ONSTACK|SA_RESTART|SA_SIGINFO, sa_restorer=0x48b940},  <unfinished ...>
318315 17:02:50.496555 nanosleep({tv_sec=0, tv_nsec=20000},  <unfinished ...>
318325 17:02:50.496590 <... rt_sigaction resumed>NULL, 8) = 0
318325 17:02:50.496633 rt_sigaction(SIGRT_20, {sa_handler=SIG_DFL, sa_mask=~[], sa_flags=SA_RESTORER|SA_ONSTACK|SA_RESTART|SA_SIGINFO, sa_restorer=0x48b940},  <unfinished ...>
318315 17:02:50.496674 <... nanosleep resumed>NULL) = 0
318325 17:02:50.496700 <... rt_sigaction resumed>NULL, 8) = 0
318315 17:02:50.496725 getpid( <unfinished ...>
318325 17:02:50.496741 rt_sigaction(SIGRT_21, {sa_handler=SIG_DFL, sa_mask=~[], sa_flags=SA_RESTORER|SA_ONSTACK|SA_RESTART|SA_SIGINFO, sa_restorer=0x48b940},  <unfinished ...>
318315 17:02:50.496771 <... getpid resumed>) = 318314
318325 17:02:50.496788 <... rt_sigaction resumed>NULL, 8) = 0
318315 17:02:50.496813 tgkill(318314, 318317, SIGURG <unfinished ...>
318325 17:02:50.496830 rt_sigaction(SIGRT_22, {sa_handler=SIG_DFL, sa_mask=~[], sa_flags=SA_RESTORER|SA_ONSTACK|SA_RESTART|SA_SIGINFO, sa_restorer=0x48b940},  <unfinished ...>
318315 17:02:50.496858 <... tgkill resumed>) = 0
318325 17:02:50.496875 <... rt_sigaction resumed>NULL, 8) = 0
318315 17:02:50.496901 nanosleep({tv_sec=0, tv_nsec=20000},  <unfinished ...>
318325 17:02:50.496938 rt_sigaction(SIGRT_23, {sa_handler=SIG_DFL, sa_mask=~[], sa_flags=SA_RESTORER|SA_ONSTACK|SA_RESTART|SA_SIGINFO, sa_restorer=0x48b940}, NULL, 8) = 0
318325 17:02:50.497034 rt_sigaction(SIGRT_24, {sa_handler=SIG_DFL, sa_mask=~[], sa_flags=SA_RESTORER|SA_ONSTACK|SA_RESTART|SA_SIGINFO, sa_restorer=0x48b940},  <unfinished ...>
318315 17:02:50.497080 <... nanosleep resumed>NULL) = 0
318325 17:02:50.497098 <... rt_sigaction resumed>NULL, 8) = 0
318315 17:02:50.497122 nanosleep({tv_sec=0, tv_nsec=20000},  <unfinished ...>
318325 17:02:50.497140 rt_sigaction(SIGRT_25, {sa_handler=SIG_DFL, sa_mask=~[], sa_flags=SA_RESTORER|SA_ONSTACK|SA_RESTART|SA_SIGINFO, sa_restorer=0x48b940}, NULL, 8) = 0
318315 17:02:50.497227 <... nanosleep resumed>NULL) = 0
318325 17:02:50.497247 rt_sigaction(SIGRT_26, {sa_handler=SIG_DFL, sa_mask=~[], sa_flags=SA_RESTORER|SA_ONSTACK|SA_RESTART|SA_SIGINFO, sa_restorer=0x48b940},  <unfinished ...>
318315 17:02:50.497275 nanosleep({tv_sec=0, tv_nsec=20000},  <unfinished ...>
318325 17:02:50.497292 <... rt_sigaction resumed>NULL, 8) = 0
318325 17:02:50.497346 rt_sigaction(SIGRT_27, {sa_handler=SIG_DFL, sa_mask=~[], sa_flags=SA_RESTORER|SA_ONSTACK|SA_RESTART|SA_SIGINFO, sa_restorer=0x48b940},  <unfinished ...>
318315 17:02:50.497386 <... nanosleep resumed>NULL) = 0
318325 17:02:50.497403 <... rt_sigaction resumed>NULL, 8) = 0
318315 17:02:50.497427 nanosleep({tv_sec=0, tv_nsec=20000},  <unfinished ...>
318325 17:02:50.497463 rt_sigaction(SIGRT_28, {sa_handler=SIG_DFL, sa_mask=~[], sa_flags=SA_RESTORER|SA_ONSTACK|SA_RESTART|SA_SIGINFO, sa_restorer=0x48b940}, NULL, 8) = 0
318315 17:02:50.497556 <... nanosleep resumed>NULL) = 0
318325 17:02:50.497574 rt_sigaction(SIGRT_29, {sa_handler=SIG_DFL, sa_mask=~[], sa_flags=SA_RESTORER|SA_ONSTACK|SA_RESTART|SA_SIGINFO, sa_restorer=0x48b940},  <unfinished ...>
318315 17:02:50.497602 nanosleep({tv_sec=0, tv_nsec=20000},  <unfinished ...>
318325 17:02:50.497620 <... rt_sigaction resumed>NULL, 8) = 0
318325 17:02:50.497656 rt_sigaction(SIGRT_30, {sa_handler=SIG_DFL, sa_mask=~[], sa_flags=SA_RESTORER|SA_ONSTACK|SA_RESTART|SA_SIGINFO, sa_restorer=0x48b940}, NULL, 8) = 0
318315 17:02:50.497742 <... nanosleep resumed>NULL) = 0
318325 17:02:50.497758 rt_sigaction(SIGRT_31, {sa_handler=SIG_DFL, sa_mask=~[], sa_flags=SA_RESTORER|SA_ONSTACK|SA_RESTART|SA_SIGINFO, sa_restorer=0x48b940},  <unfinished ...>
318315 17:02:50.497790 nanosleep({tv_sec=0, tv_nsec=20000},  <unfinished ...>
318325 17:02:50.497825 <... rt_sigaction resumed>NULL, 8) = 0
318325 17:02:50.497862 rt_sigaction(SIGRT_32, {sa_handler=SIG_DFL, sa_mask=~[], sa_flags=SA_RESTORER|SA_ONSTACK|SA_RESTART|SA_SIGINFO, sa_restorer=0x48b940},  <unfinished ...>
318315 17:02:50.497907 <... nanosleep resumed>NULL) = 0
318325 17:02:50.497924 <... rt_sigaction resumed>NULL, 8) = 0
318315 17:02:50.497949 nanosleep({tv_sec=0, tv_nsec=40000},  <unfinished ...>
318325 17:02:50.497984 rt_sigprocmask(SIG_SETMASK, [], NULL, 8) = 0
318325 17:02:50.498069 fcntl(0, F_SETFD, 0 <unfinished ...>
318315 17:02:50.498104 <... nanosleep resumed>NULL) = 0
318325 17:02:50.498120 <... fcntl resumed>) = 0
318315 17:02:50.498145 nanosleep({tv_sec=0, tv_nsec=80000},  <unfinished ...>
318325 17:02:50.498162 fcntl(1, F_SETFD, 0) = 0
318325 17:02:50.498253 fcntl(2, F_SETFD, 0) = 0
318315 17:02:50.498339 <... nanosleep resumed>NULL) = 0
318325 17:02:50.498356 prlimit64(0, RLIMIT_NOFILE, NULL,  <unfinished ...>
318315 17:02:50.498381 nanosleep({tv_sec=0, tv_nsec=160000},  <unfinished ...>
318325 17:02:50.498409 <... prlimit64 resumed>{rlim_cur=1048575, rlim_max=1024*1024}) = 0
318325 17:02:50.498463 prlimit64(0, RLIMIT_NOFILE, {rlim_cur=1024, rlim_max=1024*1024}, NULL) = 0
318325 17:02:50.498598 execve("/usr/sbin/runc", ["/usr/sbin/runc", "run", "--bundle", "/tmp/anolix-bundle-2414045901", "anolix-07e208e041f2"], 0x13fbc624a200 /* 15 vars */ <unfinished ...>
318315 17:02:50.498650 <... nanosleep resumed>NULL) = 0
318315 17:02:50.498690 nanosleep({tv_sec=0, tv_nsec=320000},  <unfinished ...>
318317 17:02:50.498741 <... clone resumed>, parent_tid=[8]) = 318325
318317 17:02:50.498793 rt_sigprocmask(SIG_SETMASK, [],  <unfinished ...>
318325 17:02:50.498830 <... execve resumed>) = 0
318317 17:02:50.498845 <... rt_sigprocmask resumed>NULL, 8) = 0
318325 17:02:50.498871 brk(NULL <unfinished ...>
318317 17:02:50.498905 --- SIGURG {si_signo=SIGURG, si_code=SI_TKILL, si_pid=318314, si_uid=0} ---
318325 17:02:50.498930 <... brk resumed>) = 0x21ae4000
318317 17:02:50.498965 rt_sigreturn({mask=[]} <unfinished ...>
318325 17:02:50.499030 mmap(NULL, 8192, PROT_READ|PROT_WRITE, MAP_PRIVATE|MAP_ANONYMOUS, -1, 0 <unfinished ...>
318317 17:02:50.499066 <... rt_sigreturn resumed>) = 0
318325 17:02:50.499082 <... mmap resumed>) = 0x73be05400000
318317 17:02:50.499106 close(7 <unfinished ...>
318315 17:02:50.499132 <... nanosleep resumed>NULL) = 0
318325 17:02:50.499157 access("/etc/ld.so.preload", R_OK <unfinished ...>
318317 17:02:50.499217 <... close resumed>) = 0
318325 17:02:50.499252 <... access resumed>) = -1 ENOENT (No such file or directory)
318315 17:02:50.499272 nanosleep({tv_sec=0, tv_nsec=640000},  <unfinished ...>
318325 17:02:50.499302 openat(AT_FDCWD, "/etc/ld.so.cache", O_RDONLY|O_CLOEXEC <unfinished ...>
318317 17:02:50.499338 futex(0x13fbc630a160, FUTEX_WAKE_PRIVATE, 1 <unfinished ...>
318325 17:02:50.499355 <... openat resumed>) = 3
318323 17:02:50.499380 <... futex resumed>) = 0
318317 17:02:50.499395 <... futex resumed>) = 1
318325 17:02:50.499420 fstat(3,  <unfinished ...>
318323 17:02:50.499436 futex(0x13fbc61fc960, FUTEX_WAKE_PRIVATE, 1 <unfinished ...>
318325 17:02:50.499480 <... fstat resumed>{st_mode=S_IFREG|0644, st_size=43079, ...}) = 0
318317 17:02:50.499512 futex(0x13fbc61d9160, FUTEX_WAIT_PRIVATE, 0, NULL <unfinished ...>
318325 17:02:50.499538 mmap(NULL, 43079, PROT_READ, MAP_PRIVATE, 3, 0 <unfinished ...>
318323 17:02:50.499565 <... futex resumed>) = 1
318322 17:02:50.499598 <... futex resumed>) = 0
318325 17:02:50.499638 <... mmap resumed>) = 0x73be053f5000
318323 17:02:50.499653 read(4,  <unfinished ...>
318325 17:02:50.499679 close(3 <unfinished ...>
318322 17:02:50.499694 futex(0x13fbc61fc960, FUTEX_WAIT_PRIVATE, 0, NULL <unfinished ...>
318325 17:02:50.499720 <... close resumed>) = 0
318323 17:02:50.499735 <... read resumed>"", 8) = 0
318325 17:02:50.499761 openat(AT_FDCWD, "/lib/x86_64-linux-gnu/libseccomp.so.2", O_RDONLY|O_CLOEXEC <unfinished ...>
318323 17:02:50.499797 close(4 <unfinished ...>
318325 17:02:50.499813 <... openat resumed>) = 3
318323 17:02:50.499838 <... close resumed>) = 0
318325 17:02:50.499854 read(3,  <unfinished ...>
318323 17:02:50.499879 mmap(0x13fbc6400000, 4194304, PROT_READ|PROT_WRITE, MAP_PRIVATE|MAP_FIXED|MAP_ANONYMOUS, -1, 0 <unfinished ...>
318325 17:02:50.499895 <... read resumed>"\177ELF\2\1\1\0\0\0\0\0\0\0\0\0\3\0>\0\1\0\0\0\0\0\0\0\0\0\0\0"..., 832) = 832
318323 17:02:50.499922 <... mmap resumed>) = 0x13fbc6400000
318325 17:02:50.499939 fstat(3,  <unfinished ...>
318323 17:02:50.499963 prctl(PR_SET_VMA, PR_SET_VMA_ANON_NAME, 0x13fbc6400000, 4194304, " Go: heap" <unfinished ...>
318325 17:02:50.500000 <... fstat resumed>{st_mode=S_IFREG|0644, st_size=125360, ...}) = 0
318315 17:02:50.500027 <... nanosleep resumed>NULL) = 0
318325 17:02:50.500061 mmap(NULL, 127296, PROT_READ, MAP_PRIVATE|MAP_DENYWRITE, 3, 0 <unfinished ...>
318323 17:02:50.500077 <... prctl resumed>) = 0
318325 17:02:50.500102 <... mmap resumed>) = 0x73be053d5000
318315 17:02:50.500117 nanosleep({tv_sec=0, tv_nsec=1280000},  <unfinished ...>
318325 17:02:50.500144 mmap(0x73be053d7000, 57344, PROT_READ|PROT_EXEC, MAP_PRIVATE|MAP_FIXED|MAP_DENYWRITE, 3, 0x2000 <unfinished ...>
318323 17:02:50.500160 mmap(NULL, 262144, PROT_READ|PROT_WRITE, MAP_PRIVATE|MAP_ANONYMOUS, -1, 0 <unfinished ...>
318325 17:02:50.500186 <... mmap resumed>) = 0x73be053d7000
318323 17:02:50.500202 <... mmap resumed>) = 0x74d6e0ca0000
318325 17:02:50.500227 mmap(0x73be053e5000, 57344, PROT_READ, MAP_PRIVATE|MAP_FIXED|MAP_DENYWRITE, 3, 0x10000 <unfinished ...>
318323 17:02:50.500262 prctl(PR_SET_VMA, PR_SET_VMA_ANON_NAME, 0x74d6e0ca0000, 262144, " Go: immortal metadata" <unfinished ...>
318325 17:02:50.500279 <... mmap resumed>) = 0x73be053e5000
318323 17:02:50.500304 <... prctl resumed>) = 0
318325 17:02:50.500320 mmap(0x73be053f3000, 8192, PROT_READ|PROT_WRITE, MAP_PRIVATE|MAP_FIXED|MAP_DENYWRITE, 3, 0x1d000) = 0x73be053f3000
318323 17:02:50.500397 futex(0x13fbc61fc960, FUTEX_WAKE_PRIVATE, 1 <unfinished ...>
318325 17:02:50.500414 close(3 <unfinished ...>
318323 17:02:50.500439 <... futex resumed>) = 1
318322 17:02:50.500455 <... futex resumed>) = 0
318325 17:02:50.500486 <... close resumed>) = 0
318322 17:02:50.500502 nanosleep({tv_sec=0, tv_nsec=3000},  <unfinished ...>
318325 17:02:50.500530 openat(AT_FDCWD, "/lib/x86_64-linux-gnu/libc.so.6", O_RDONLY|O_CLOEXEC <unfinished ...>
318323 17:02:50.500565 waitid(P_PIDFD, 8,  <unfinished ...>
318325 17:02:50.500581 <... openat resumed>) = 3
318322 17:02:50.500606 <... nanosleep resumed>NULL) = 0
318325 17:02:50.500622 read(3,  <unfinished ...>
318322 17:02:50.500638 futex(0x13fbc61d9160, FUTEX_WAKE_PRIVATE, 1 <unfinished ...>
318325 17:02:50.500663 <... read resumed>"\177ELF\2\1\1\3\0\0\0\0\0\0\0\0\3\0>\0\1\0\0\0\220\243\2\0\0\0\0\0"..., 832) = 832
318322 17:02:50.500707 <... futex resumed>) = 1
318317 17:02:50.500723 <... futex resumed>) = 0
318325 17:02:50.500748 pread64(3,  <unfinished ...>
318322 17:02:50.500763 futex(0x13fbc61fc960, FUTEX_WAIT_PRIVATE, 0, NULL <unfinished ...>
318325 17:02:50.500788 <... pread64 resumed>"\6\0\0\0\4\0\0\0@\0\0\0\0\0\0\0@\0\0\0\0\0\0\0@\0\0\0\0\0\0\0"..., 784, 64) = 784
318317 17:02:50.500823 futex(0x13fbc61d9160, FUTEX_WAIT_PRIVATE, 0, NULL <unfinished ...>
318325 17:02:50.500839 fstat(3, {st_mode=S_IFREG|0755, st_size=2129424, ...}) = 0
318325 17:02:50.500946 pread64(3, "\6\0\0\0\4\0\0\0@\0\0\0\0\0\0\0@\0\0\0\0\0\0\0@\0\0\0\0\0\0\0"..., 784, 64) = 784
318325 17:02:50.501059 mmap(NULL, 2174352, PROT_READ, MAP_PRIVATE|MAP_DENYWRITE, 3, 0) = 0x73be05000000
318325 17:02:50.501175 mmap(0x73be05028000, 1609728, PROT_READ|PROT_EXEC, MAP_PRIVATE|MAP_FIXED|MAP_DENYWRITE, 3, 0x28000) = 0x73be05028000
318325 17:02:50.501300 mmap(0x73be051b1000, 323584, PROT_READ, MAP_PRIVATE|MAP_FIXED|MAP_DENYWRITE, 3, 0x1b1000) = 0x73be051b1000
318325 17:02:50.501414 mmap(0x73be05200000, 24576, PROT_READ|PROT_WRITE, MAP_PRIVATE|MAP_FIXED|MAP_DENYWRITE, 3, 0x1ff000) = 0x73be05200000
318315 17:02:50.501529 <... nanosleep resumed>NULL) = 0
318325 17:02:50.501566 mmap(0x73be05206000, 52624, PROT_READ|PROT_WRITE, MAP_PRIVATE|MAP_FIXED|MAP_ANONYMOUS, -1, 0 <unfinished ...>
318315 17:02:50.501599 nanosleep({tv_sec=0, tv_nsec=2560000},  <unfinished ...>
318325 17:02:50.501633 <... mmap resumed>) = 0x73be05206000
318325 17:02:50.501723 close(3)         = 0
318325 17:02:50.501871 mmap(NULL, 12288, PROT_READ|PROT_WRITE, MAP_PRIVATE|MAP_ANONYMOUS, -1, 0) = 0x73be053d2000
318325 17:02:50.502006 arch_prctl(ARCH_SET_FS, 0x73be053d2740) = 0
318325 17:02:50.502123 set_tid_address(0x73be053d2a10) = 318325
318325 17:02:50.502236 set_robust_list(0x73be053d2a20, 24) = 0
318325 17:02:50.502348 rseq(0x73be053d3060, 0x20, 0, 0x53053053) = 0
318325 17:02:50.502524 mprotect(0x73be05200000, 16384, PROT_READ) = 0
318325 17:02:50.502664 mprotect(0x73be053f3000, 4096, PROT_READ) = 0
318325 17:02:50.502799 mprotect(0xe9c000, 4096, PROT_READ) = 0
318325 17:02:50.502932 mprotect(0x73be05440000, 8192, PROT_READ) = 0
318325 17:02:50.503064 prlimit64(0, RLIMIT_STACK, NULL, {rlim_cur=8192*1024, rlim_max=RLIM64_INFINITY}) = 0
318325 17:02:50.503197 munmap(0x73be053f5000, 43079) = 0
318325 17:02:50.503366 getrandom("\xd0\x4a\x66\xb9\x7c\xec\x63\xb7", 8, GRND_NONBLOCK) = 8
318325 17:02:50.503508 brk(NULL)        = 0x21ae4000
318325 17:02:50.503624 brk(0x21b05000)  = 0x21b05000
318325 17:02:50.503760 openat(AT_FDCWD, "/proc/self/maps", O_RDONLY|O_CLOEXEC) = 3
318325 17:02:50.503896 prlimit64(0, RLIMIT_STACK, NULL, {rlim_cur=8192*1024, rlim_max=RLIM64_INFINITY}) = 0
318325 17:02:50.504013 fstat(3, {st_mode=S_IFREG|0444, st_size=0, ...}) = 0
318325 17:02:50.504150 read(3, "00400000-00403000 r--p 00000000 "..., 1024) = 1024
318315 17:02:50.504299 <... nanosleep resumed>NULL) = 0
318325 17:02:50.504348 read(3,  <unfinished ...>
318315 17:02:50.504376 nanosleep({tv_sec=0, tv_nsec=5120000},  <unfinished ...>
318325 17:02:50.504398 <... read resumed>"w-p 00203000 08:30 57587        "..., 1024) = 1024
318325 17:02:50.504454 read(3, "000000 00:00 0                  "..., 1024) = 728
318325 17:02:50.504582 close(3)         = 0
318325 17:02:50.504696 sched_getaffinity(318325, 32, [0 1 2 3 4 5 6 7 8 9 10 11 12 13 14 15]) = 8
318325 17:02:50.504850 sched_getaffinity(0, 8192, [0 1 2 3 4 5 6 7 8 9 10 11 12 13 14 15]) = 8
318325 17:02:50.504984 openat(AT_FDCWD, "/sys/kernel/mm/transparent_hugepage/hpage_pmd_size", O_RDONLY) = 3
318325 17:02:50.505131 read(3, "2097152\n", 20) = 8
318325 17:02:50.505267 close(3)         = 0
318325 17:02:50.505514 mmap(NULL, 262144, PROT_READ|PROT_WRITE, MAP_PRIVATE|MAP_ANONYMOUS, -1, 0) = 0x73be05392000
318325 17:02:50.505682 mmap(NULL, 131072, PROT_NONE, MAP_PRIVATE|MAP_ANONYMOUS, -1, 0) = 0x73be05372000
318325 17:02:50.505838 mmap(NULL, 1048576, PROT_NONE, MAP_PRIVATE|MAP_ANONYMOUS, -1, 0) = 0x73be05272000
318325 17:02:50.506007 mmap(NULL, 8388608, PROT_NONE, MAP_PRIVATE|MAP_ANONYMOUS, -1, 0) = 0x73be04800000
318325 17:02:50.506140 mmap(NULL, 67108864, PROT_NONE, MAP_PRIVATE|MAP_ANONYMOUS, -1, 0) = 0x73be00800000
318325 17:02:50.506294 mmap(NULL, 536870912, PROT_NONE, MAP_PRIVATE|MAP_ANONYMOUS, -1, 0) = 0x73bde0800000
318325 17:02:50.506420 mmap(NULL, 536870912, PROT_NONE, MAP_PRIVATE|MAP_ANONYMOUS, -1, 0) = 0x73bdc0800000
318325 17:02:50.506560 mmap(0xc000000000, 67108864, PROT_NONE, MAP_PRIVATE|MAP_ANONYMOUS, -1, 0) = 0xc000000000
318325 17:02:50.506672 mmap(NULL, 33554432, PROT_READ|PROT_WRITE, MAP_PRIVATE|MAP_ANONYMOUS, -1, 0) = 0x73bdbe800000
318325 17:02:50.506782 madvise(0x73bdbe800000, 33554432, MADV_NOHUGEPAGE) = 0
318325 17:02:50.506897 mmap(NULL, 68624, PROT_READ|PROT_WRITE, MAP_PRIVATE|MAP_ANONYMOUS, -1, 0) = 0x73be05261000
318325 17:02:50.507025 mmap(0xc000000000, 4194304, PROT_READ|PROT_WRITE, MAP_PRIVATE|MAP_FIXED|MAP_ANONYMOUS, -1, 0) = 0xc000000000
318325 17:02:50.507146 mmap(0x73be05372000, 131072, PROT_READ|PROT_WRITE, MAP_PRIVATE|MAP_FIXED|MAP_ANONYMOUS, -1, 0) = 0x73be05372000
318325 17:02:50.507280 mmap(0x73be052f2000, 4096, PROT_READ|PROT_WRITE, MAP_PRIVATE|MAP_FIXED|MAP_ANONYMOUS, -1, 0) = 0x73be052f2000
318325 17:02:50.507408 mmap(0x73be04c06000, 4096, PROT_READ|PROT_WRITE, MAP_PRIVATE|MAP_FIXED|MAP_ANONYMOUS, -1, 0) = 0x73be04c06000
318325 17:02:50.507537 mmap(0x73be02830000, 4096, PROT_READ|PROT_WRITE, MAP_PRIVATE|MAP_FIXED|MAP_ANONYMOUS, -1, 0) = 0x73be02830000
318325 17:02:50.507662 mmap(0x73bdf0980000, 4096, PROT_READ|PROT_WRITE, MAP_PRIVATE|MAP_FIXED|MAP_ANONYMOUS, -1, 0) = 0x73bdf0980000
318325 17:02:50.507786 mmap(0x73bdd0980000, 4096, PROT_READ|PROT_WRITE, MAP_PRIVATE|MAP_FIXED|MAP_ANONYMOUS, -1, 0) = 0x73bdd0980000
318325 17:02:50.507901 mmap(NULL, 1048576, PROT_READ|PROT_WRITE, MAP_PRIVATE|MAP_ANONYMOUS, -1, 0) = 0x73bdbe700000
318325 17:02:50.508013 madvise(0x73bdbe700000, 1048576, MADV_NOHUGEPAGE) = 0
318325 17:02:50.508165 mmap(NULL, 65536, PROT_READ|PROT_WRITE, MAP_PRIVATE|MAP_ANONYMOUS, -1, 0) = 0x73be05251000
318325 17:02:50.508290 mmap(NULL, 65536, PROT_READ|PROT_WRITE, MAP_PRIVATE|MAP_ANONYMOUS, -1, 0) = 0x73be05241000
318325 17:02:50.508538 rt_sigprocmask(SIG_SETMASK, NULL, [], 8) = 0
318325 17:02:50.508680 fcntl(0, F_GETFD) = 0
318325 17:02:50.508787 fcntl(1, F_GETFD) = 0
318325 17:02:50.508913 fcntl(2, F_GETFD) = 0
318325 17:02:50.509156 sigaltstack(NULL, {ss_sp=NULL, ss_flags=SS_DISABLE, ss_size=0}) = 0
318325 17:02:50.509273 sigaltstack({ss_sp=0xc000006000, ss_flags=0, ss_size=32768}, NULL) = 0
318325 17:02:50.509377 rt_sigprocmask(SIG_SETMASK, [], NULL, 8) = 0
318325 17:02:50.509489 gettid()         = 318325
318315 17:02:50.509599 <... nanosleep resumed>NULL) = 0
318325 17:02:50.509638 rt_sigaction(SIGHUP, NULL,  <unfinished ...>
318315 17:02:50.509657 nanosleep({tv_sec=0, tv_nsec=10000000},  <unfinished ...>
318325 17:02:50.509686 <... rt_sigaction resumed>{sa_handler=SIG_DFL, sa_mask=[], sa_flags=0}, 8) = 0
318325 17:02:50.509748 rt_sigaction(SIGHUP, {sa_handler=0x4816e0, sa_mask=~[RTMIN RT_1], sa_flags=SA_RESTORER|SA_ONSTACK|SA_RESTART|SA_SIGINFO, sa_restorer=0x73be05045330}, NULL, 8) = 0
318325 17:02:50.509866 rt_sigaction(SIGINT, NULL, {sa_handler=SIG_DFL, sa_mask=[], sa_flags=0}, 8) = 0
318325 17:02:50.509988 rt_sigaction(SIGINT, {sa_handler=0x4816e0, sa_mask=~[RTMIN RT_1], sa_flags=SA_RESTORER|SA_ONSTACK|SA_RESTART|SA_SIGINFO, sa_restorer=0x73be05045330}, NULL, 8) = 0
318325 17:02:50.510106 rt_sigaction(SIGQUIT, NULL, {sa_handler=SIG_DFL, sa_mask=[], sa_flags=0}, 8) = 0
318325 17:02:50.510215 rt_sigaction(SIGQUIT, {sa_handler=0x4816e0, sa_mask=~[RTMIN RT_1], sa_flags=SA_RESTORER|SA_ONSTACK|SA_RESTART|SA_SIGINFO, sa_restorer=0x73be05045330}, NULL, 8) = 0
318325 17:02:50.510321 rt_sigaction(SIGILL, NULL, {sa_handler=SIG_DFL, sa_mask=[], sa_flags=0}, 8) = 0
318325 17:02:50.510424 rt_sigaction(SIGILL, {sa_handler=0x4816e0, sa_mask=~[RTMIN RT_1], sa_flags=SA_RESTORER|SA_ONSTACK|SA_RESTART|SA_SIGINFO, sa_restorer=0x73be05045330}, NULL, 8) = 0
318325 17:02:50.510533 rt_sigaction(SIGTRAP, NULL, {sa_handler=SIG_DFL, sa_mask=[], sa_flags=0}, 8) = 0
318325 17:02:50.510642 rt_sigaction(SIGTRAP, {sa_handler=0x4816e0, sa_mask=~[RTMIN RT_1], sa_flags=SA_RESTORER|SA_ONSTACK|SA_RESTART|SA_SIGINFO, sa_restorer=0x73be05045330}, NULL, 8) = 0
318325 17:02:50.510762 rt_sigaction(SIGABRT, NULL, {sa_handler=SIG_DFL, sa_mask=[], sa_flags=0}, 8) = 0
318325 17:02:50.510894 rt_sigaction(SIGABRT, {sa_handler=0x4816e0, sa_mask=~[RTMIN RT_1], sa_flags=SA_RESTORER|SA_ONSTACK|SA_RESTART|SA_SIGINFO, sa_restorer=0x73be05045330}, NULL, 8) = 0
318325 17:02:50.511024 rt_sigaction(SIGBUS, NULL, {sa_handler=SIG_DFL, sa_mask=[], sa_flags=0}, 8) = 0
318325 17:02:50.511169 rt_sigaction(SIGBUS, {sa_handler=0x4816e0, sa_mask=~[RTMIN RT_1], sa_flags=SA_RESTORER|SA_ONSTACK|SA_RESTART|SA_SIGINFO, sa_restorer=0x73be05045330}, NULL, 8) = 0
318325 17:02:50.511304 rt_sigaction(SIGFPE, NULL, {sa_handler=SIG_DFL, sa_mask=[], sa_flags=0}, 8) = 0
318325 17:02:50.511446 rt_sigaction(SIGFPE, {sa_handler=0x4816e0, sa_mask=~[RTMIN RT_1], sa_flags=SA_RESTORER|SA_ONSTACK|SA_RESTART|SA_SIGINFO, sa_restorer=0x73be05045330}, NULL, 8) = 0
318325 17:02:50.511591 rt_sigaction(SIGUSR1, NULL, {sa_handler=SIG_DFL, sa_mask=[], sa_flags=0}, 8) = 0
318325 17:02:50.511707 rt_sigaction(SIGUSR1, {sa_handler=0x4816e0, sa_mask=~[RTMIN RT_1], sa_flags=SA_RESTORER|SA_ONSTACK|SA_RESTART|SA_SIGINFO, sa_restorer=0x73be05045330}, NULL, 8) = 0
318325 17:02:50.511827 rt_sigaction(SIGSEGV, NULL, {sa_handler=SIG_DFL, sa_mask=[], sa_flags=0}, 8) = 0
318325 17:02:50.511943 rt_sigaction(SIGSEGV, {sa_handler=0x4816e0, sa_mask=~[RTMIN RT_1], sa_flags=SA_RESTORER|SA_ONSTACK|SA_RESTART|SA_SIGINFO, sa_restorer=0x73be05045330}, NULL, 8) = 0
318325 17:02:50.512084 rt_sigaction(SIGUSR2, NULL, {sa_handler=SIG_DFL, sa_mask=[], sa_flags=0}, 8) = 0
318325 17:02:50.512200 rt_sigaction(SIGUSR2, {sa_handler=0x4816e0, sa_mask=~[RTMIN RT_1], sa_flags=SA_RESTORER|SA_ONSTACK|SA_RESTART|SA_SIGINFO, sa_restorer=0x73be05045330}, NULL, 8) = 0
318325 17:02:50.512318 rt_sigaction(SIGPIPE, NULL, {sa_handler=SIG_DFL, sa_mask=[], sa_flags=0}, 8) = 0
318325 17:02:50.512426 rt_sigaction(SIGPIPE, {sa_handler=0x4816e0, sa_mask=~[RTMIN RT_1], sa_flags=SA_RESTORER|SA_ONSTACK|SA_RESTART|SA_SIGINFO, sa_restorer=0x73be05045330}, NULL, 8) = 0
318325 17:02:50.512530 rt_sigaction(SIGALRM, NULL, {sa_handler=SIG_DFL, sa_mask=[], sa_flags=0}, 8) = 0
318325 17:02:50.512634 rt_sigaction(SIGALRM, {sa_handler=0x4816e0, sa_mask=~[RTMIN RT_1], sa_flags=SA_RESTORER|SA_ONSTACK|SA_RESTART|SA_SIGINFO, sa_restorer=0x73be05045330}, NULL, 8) = 0
318325 17:02:50.512737 rt_sigaction(SIGTERM, NULL, {sa_handler=SIG_DFL, sa_mask=[], sa_flags=0}, 8) = 0
318325 17:02:50.512841 rt_sigaction(SIGTERM, {sa_handler=0x4816e0, sa_mask=~[RTMIN RT_1], sa_flags=SA_RESTORER|SA_ONSTACK|SA_RESTART|SA_SIGINFO, sa_restorer=0x73be05045330}, NULL, 8) = 0
318325 17:02:50.512950 rt_sigaction(SIGSTKFLT, NULL, {sa_handler=SIG_DFL, sa_mask=[], sa_flags=0}, 8) = 0
318325 17:02:50.513054 rt_sigaction(SIGSTKFLT, {sa_handler=0x4816e0, sa_mask=~[RTMIN RT_1], sa_flags=SA_RESTORER|SA_ONSTACK|SA_RESTART|SA_SIGINFO, sa_restorer=0x73be05045330}, NULL, 8) = 0
318325 17:02:50.513164 rt_sigaction(SIGCHLD, NULL, {sa_handler=SIG_DFL, sa_mask=[], sa_flags=0}, 8) = 0
318325 17:02:50.513267 rt_sigaction(SIGCHLD, {sa_handler=0x4816e0, sa_mask=~[RTMIN RT_1], sa_flags=SA_RESTORER|SA_ONSTACK|SA_RESTART|SA_SIGINFO, sa_restorer=0x73be05045330}, NULL, 8) = 0
318325 17:02:50.513371 rt_sigaction(SIGURG, NULL, {sa_handler=SIG_DFL, sa_mask=[], sa_flags=0}, 8) = 0
318325 17:02:50.513474 rt_sigaction(SIGURG, {sa_handler=0x4816e0, sa_mask=~[RTMIN RT_1], sa_flags=SA_RESTORER|SA_ONSTACK|SA_RESTART|SA_SIGINFO, sa_restorer=0x73be05045330}, NULL, 8) = 0
318325 17:02:50.513577 rt_sigaction(SIGXCPU, NULL, {sa_handler=SIG_DFL, sa_mask=[], sa_flags=0}, 8) = 0
318325 17:02:50.513681 rt_sigaction(SIGXCPU, {sa_handler=0x4816e0, sa_mask=~[RTMIN RT_1], sa_flags=SA_RESTORER|SA_ONSTACK|SA_RESTART|SA_SIGINFO, sa_restorer=0x73be05045330}, NULL, 8) = 0
318325 17:02:50.513784 rt_sigaction(SIGXFSZ, NULL, {sa_handler=SIG_DFL, sa_mask=[], sa_flags=0}, 8) = 0
318325 17:02:50.513898 rt_sigaction(SIGXFSZ, {sa_handler=0x4816e0, sa_mask=~[RTMIN RT_1], sa_flags=SA_RESTORER|SA_ONSTACK|SA_RESTART|SA_SIGINFO, sa_restorer=0x73be05045330}, NULL, 8) = 0
318325 17:02:50.514003 rt_sigaction(SIGVTALRM, NULL, {sa_handler=SIG_DFL, sa_mask=[], sa_flags=0}, 8) = 0
318325 17:02:50.514108 rt_sigaction(SIGVTALRM, {sa_handler=0x4816e0, sa_mask=~[RTMIN RT_1], sa_flags=SA_RESTORER|SA_ONSTACK|SA_RESTART|SA_SIGINFO, sa_restorer=0x73be05045330}, NULL, 8) = 0
318325 17:02:50.514212 rt_sigaction(SIGPROF, NULL, {sa_handler=SIG_DFL, sa_mask=[], sa_flags=0}, 8) = 0
318325 17:02:50.514315 rt_sigaction(SIGPROF, {sa_handler=0x4816e0, sa_mask=~[RTMIN RT_1], sa_flags=SA_RESTORER|SA_ONSTACK|SA_RESTART|SA_SIGINFO, sa_restorer=0x73be05045330}, NULL, 8) = 0
318325 17:02:50.514419 rt_sigaction(SIGWINCH, NULL, {sa_handler=SIG_DFL, sa_mask=[], sa_flags=0}, 8) = 0
318325 17:02:50.514523 rt_sigaction(SIGWINCH, {sa_handler=0x4816e0, sa_mask=~[RTMIN RT_1], sa_flags=SA_RESTORER|SA_ONSTACK|SA_RESTART|SA_SIGINFO, sa_restorer=0x73be05045330}, NULL, 8) = 0
318325 17:02:50.514627 rt_sigaction(SIGIO, NULL, {sa_handler=SIG_DFL, sa_mask=[], sa_flags=0}, 8) = 0
318325 17:02:50.514758 rt_sigaction(SIGIO, {sa_handler=0x4816e0, sa_mask=~[RTMIN RT_1], sa_flags=SA_RESTORER|SA_ONSTACK|SA_RESTART|SA_SIGINFO, sa_restorer=0x73be05045330}, NULL, 8) = 0
318325 17:02:50.514863 rt_sigaction(SIGPWR, NULL, {sa_handler=SIG_DFL, sa_mask=[], sa_flags=0}, 8) = 0
318325 17:02:50.514966 rt_sigaction(SIGPWR, {sa_handler=0x4816e0, sa_mask=~[RTMIN RT_1], sa_flags=SA_RESTORER|SA_ONSTACK|SA_RESTART|SA_SIGINFO, sa_restorer=0x73be05045330}, NULL, 8) = 0
318325 17:02:50.515070 rt_sigaction(SIGSYS, NULL, {sa_handler=SIG_DFL, sa_mask=[], sa_flags=0}, 8) = 0
318325 17:02:50.515177 rt_sigaction(SIGSYS, {sa_handler=0x4816e0, sa_mask=~[RTMIN RT_1], sa_flags=SA_RESTORER|SA_ONSTACK|SA_RESTART|SA_SIGINFO, sa_restorer=0x73be05045330}, NULL, 8) = 0
318325 17:02:50.515296 rt_sigaction(SIGRTMIN, NULL, {sa_handler=SIG_DFL, sa_mask=[], sa_flags=0}, 8) = 0
318325 17:02:50.515420 rt_sigaction(SIGRT_1, NULL, {sa_handler=SIG_DFL, sa_mask=[], sa_flags=0}, 8) = 0
318325 17:02:50.515529 rt_sigaction(SIGRT_2, NULL, {sa_handler=SIG_DFL, sa_mask=[], sa_flags=0}, 8) = 0
318325 17:02:50.515624 rt_sigaction(SIGRT_3, NULL, {sa_handler=SIG_DFL, sa_mask=[], sa_flags=0}, 8) = 0
318325 17:02:50.515752 rt_sigaction(SIGRT_3, {sa_handler=0x4816e0, sa_mask=~[RTMIN RT_1], sa_flags=SA_RESTORER|SA_ONSTACK|SA_RESTART|SA_SIGINFO, sa_restorer=0x73be05045330}, NULL, 8) = 0
318325 17:02:50.515895 rt_sigaction(SIGRT_4, NULL, {sa_handler=SIG_DFL, sa_mask=[], sa_flags=0}, 8) = 0
318325 17:02:50.516027 rt_sigaction(SIGRT_4, {sa_handler=0x4816e0, sa_mask=~[RTMIN RT_1], sa_flags=SA_RESTORER|SA_ONSTACK|SA_RESTART|SA_SIGINFO, sa_restorer=0x73be05045330}, NULL, 8) = 0
318325 17:02:50.516162 rt_sigaction(SIGRT_5, NULL, {sa_handler=SIG_DFL, sa_mask=[], sa_flags=0}, 8) = 0
318325 17:02:50.516294 rt_sigaction(SIGRT_5, {sa_handler=0x4816e0, sa_mask=~[RTMIN RT_1], sa_flags=SA_RESTORER|SA_ONSTACK|SA_RESTART|SA_SIGINFO, sa_restorer=0x73be05045330}, NULL, 8) = 0
318325 17:02:50.516434 rt_sigaction(SIGRT_6, NULL, {sa_handler=SIG_DFL, sa_mask=[], sa_flags=0}, 8) = 0
318325 17:02:50.516552 rt_sigaction(SIGRT_6, {sa_handler=0x4816e0, sa_mask=~[RTMIN RT_1], sa_flags=SA_RESTORER|SA_ONSTACK|SA_RESTART|SA_SIGINFO, sa_restorer=0x73be05045330}, NULL, 8) = 0
318325 17:02:50.516704 rt_sigaction(SIGRT_7, NULL, {sa_handler=SIG_DFL, sa_mask=[], sa_flags=0}, 8) = 0
318325 17:02:50.516816 rt_sigaction(SIGRT_7, {sa_handler=0x4816e0, sa_mask=~[RTMIN RT_1], sa_flags=SA_RESTORER|SA_ONSTACK|SA_RESTART|SA_SIGINFO, sa_restorer=0x73be05045330}, NULL, 8) = 0
318325 17:02:50.516937 rt_sigaction(SIGRT_8, NULL, {sa_handler=SIG_DFL, sa_mask=[], sa_flags=0}, 8) = 0
318325 17:02:50.517053 rt_sigaction(SIGRT_8, {sa_handler=0x4816e0, sa_mask=~[RTMIN RT_1], sa_flags=SA_RESTORER|SA_ONSTACK|SA_RESTART|SA_SIGINFO, sa_restorer=0x73be05045330}, NULL, 8) = 0
318325 17:02:50.517175 rt_sigaction(SIGRT_9, NULL, {sa_handler=SIG_DFL, sa_mask=[], sa_flags=0}, 8) = 0
318325 17:02:50.517307 rt_sigaction(SIGRT_9, {sa_handler=0x4816e0, sa_mask=~[RTMIN RT_1], sa_flags=SA_RESTORER|SA_ONSTACK|SA_RESTART|SA_SIGINFO, sa_restorer=0x73be05045330}, NULL, 8) = 0
318325 17:02:50.517468 rt_sigaction(SIGRT_10, NULL, {sa_handler=SIG_DFL, sa_mask=[], sa_flags=0}, 8) = 0
318325 17:02:50.517598 rt_sigaction(SIGRT_10, {sa_handler=0x4816e0, sa_mask=~[RTMIN RT_1], sa_flags=SA_RESTORER|SA_ONSTACK|SA_RESTART|SA_SIGINFO, sa_restorer=0x73be05045330}, NULL, 8) = 0
318325 17:02:50.517718 rt_sigaction(SIGRT_11, NULL, {sa_handler=SIG_DFL, sa_mask=[], sa_flags=0}, 8) = 0
318325 17:02:50.517827 rt_sigaction(SIGRT_11, {sa_handler=0x4816e0, sa_mask=~[RTMIN RT_1], sa_flags=SA_RESTORER|SA_ONSTACK|SA_RESTART|SA_SIGINFO, sa_restorer=0x73be05045330}, NULL, 8) = 0
318325 17:02:50.517932 rt_sigaction(SIGRT_12, NULL, {sa_handler=SIG_DFL, sa_mask=[], sa_flags=0}, 8) = 0
318325 17:02:50.518037 rt_sigaction(SIGRT_12, {sa_handler=0x4816e0, sa_mask=~[RTMIN RT_1], sa_flags=SA_RESTORER|SA_ONSTACK|SA_RESTART|SA_SIGINFO, sa_restorer=0x73be05045330}, NULL, 8) = 0
318325 17:02:50.518141 rt_sigaction(SIGRT_13, NULL, {sa_handler=SIG_DFL, sa_mask=[], sa_flags=0}, 8) = 0
318325 17:02:50.518245 rt_sigaction(SIGRT_13, {sa_handler=0x4816e0, sa_mask=~[RTMIN RT_1], sa_flags=SA_RESTORER|SA_ONSTACK|SA_RESTART|SA_SIGINFO, sa_restorer=0x73be05045330}, NULL, 8) = 0
318325 17:02:50.518350 rt_sigaction(SIGRT_14, NULL, {sa_handler=SIG_DFL, sa_mask=[], sa_flags=0}, 8) = 0
318325 17:02:50.518468 rt_sigaction(SIGRT_14, {sa_handler=0x4816e0, sa_mask=~[RTMIN RT_1], sa_flags=SA_RESTORER|SA_ONSTACK|SA_RESTART|SA_SIGINFO, sa_restorer=0x73be05045330}, NULL, 8) = 0
318325 17:02:50.518574 rt_sigaction(SIGRT_15, NULL, {sa_handler=SIG_DFL, sa_mask=[], sa_flags=0}, 8) = 0
318325 17:02:50.518679 rt_sigaction(SIGRT_15, {sa_handler=0x4816e0, sa_mask=~[RTMIN RT_1], sa_flags=SA_RESTORER|SA_ONSTACK|SA_RESTART|SA_SIGINFO, sa_restorer=0x73be05045330}, NULL, 8) = 0
318325 17:02:50.518783 rt_sigaction(SIGRT_16, NULL, {sa_handler=SIG_DFL, sa_mask=[], sa_flags=0}, 8) = 0
318325 17:02:50.518887 rt_sigaction(SIGRT_16, {sa_handler=0x4816e0, sa_mask=~[RTMIN RT_1], sa_flags=SA_RESTORER|SA_ONSTACK|SA_RESTART|SA_SIGINFO, sa_restorer=0x73be05045330}, NULL, 8) = 0
318325 17:02:50.518992 rt_sigaction(SIGRT_17, NULL, {sa_handler=SIG_DFL, sa_mask=[], sa_flags=0}, 8) = 0
318325 17:02:50.519097 rt_sigaction(SIGRT_17, {sa_handler=0x4816e0, sa_mask=~[RTMIN RT_1], sa_flags=SA_RESTORER|SA_ONSTACK|SA_RESTART|SA_SIGINFO, sa_restorer=0x73be05045330}, NULL, 8) = 0
318325 17:02:50.519233 rt_sigaction(SIGRT_18, NULL, {sa_handler=SIG_DFL, sa_mask=[], sa_flags=0}, 8) = 0
318325 17:02:50.519347 rt_sigaction(SIGRT_18, {sa_handler=0x4816e0, sa_mask=~[RTMIN RT_1], sa_flags=SA_RESTORER|SA_ONSTACK|SA_RESTART|SA_SIGINFO, sa_restorer=0x73be05045330}, NULL, 8) = 0
318325 17:02:50.519461 rt_sigaction(SIGRT_19, NULL, {sa_handler=SIG_DFL, sa_mask=[], sa_flags=0}, 8) = 0
318325 17:02:50.519595 rt_sigaction(SIGRT_19, {sa_handler=0x4816e0, sa_mask=~[RTMIN RT_1], sa_flags=SA_RESTORER|SA_ONSTACK|SA_RESTART|SA_SIGINFO, sa_restorer=0x73be05045330}, NULL, 8) = 0
318325 17:02:50.519728 rt_sigaction(SIGRT_20, NULL,  <unfinished ...>
318315 17:02:50.519789 <... nanosleep resumed>NULL) = 0
318325 17:02:50.519834 <... rt_sigaction resumed>{sa_handler=SIG_DFL, sa_mask=[], sa_flags=0}, 8) = 0
318315 17:02:50.519882 nanosleep({tv_sec=0, tv_nsec=20000},  <unfinished ...>
318325 17:02:50.519929 rt_sigaction(SIGRT_20, {sa_handler=0x4816e0, sa_mask=~[RTMIN RT_1], sa_flags=SA_RESTORER|SA_ONSTACK|SA_RESTART|SA_SIGINFO, sa_restorer=0x73be05045330}, NULL, 8) = 0
318315 17:02:50.520021 <... nanosleep resumed>NULL) = 0
318325 17:02:50.520061 rt_sigaction(SIGRT_21, NULL,  <unfinished ...>
318315 17:02:50.520096 futex(0x718740, FUTEX_WAIT_PRIVATE, 0, {tv_sec=60, tv_nsec=0} <unfinished ...>
318325 17:02:50.520134 <... rt_sigaction resumed>{sa_handler=SIG_DFL, sa_mask=[], sa_flags=0}, 8) = 0
318325 17:02:50.520181 rt_sigaction(SIGRT_21, {sa_handler=0x4816e0, sa_mask=~[RTMIN RT_1], sa_flags=SA_RESTORER|SA_ONSTACK|SA_RESTART|SA_SIGINFO, sa_restorer=0x73be05045330}, NULL, 8) = 0
318325 17:02:50.520320 rt_sigaction(SIGRT_22, NULL, {sa_handler=SIG_DFL, sa_mask=[], sa_flags=0}, 8) = 0
318325 17:02:50.520441 rt_sigaction(SIGRT_22, {sa_handler=0x4816e0, sa_mask=~[RTMIN RT_1], sa_flags=SA_RESTORER|SA_ONSTACK|SA_RESTART|SA_SIGINFO, sa_restorer=0x73be05045330}, NULL, 8) = 0
318325 17:02:50.520551 rt_sigaction(SIGRT_23, NULL, {sa_handler=SIG_DFL, sa_mask=[], sa_flags=0}, 8) = 0
318325 17:02:50.520656 rt_sigaction(SIGRT_23, {sa_handler=0x4816e0, sa_mask=~[RTMIN RT_1], sa_flags=SA_RESTORER|SA_ONSTACK|SA_RESTART|SA_SIGINFO, sa_restorer=0x73be05045330}, NULL, 8) = 0
318325 17:02:50.520759 rt_sigaction(SIGRT_24, NULL, {sa_handler=SIG_DFL, sa_mask=[], sa_flags=0}, 8) = 0
318325 17:02:50.520862 rt_sigaction(SIGRT_24, {sa_handler=0x4816e0, sa_mask=~[RTMIN RT_1], sa_flags=SA_RESTORER|SA_ONSTACK|SA_RESTART|SA_SIGINFO, sa_restorer=0x73be05045330}, NULL, 8) = 0
318325 17:02:50.520966 rt_sigaction(SIGRT_25, NULL, {sa_handler=SIG_DFL, sa_mask=[], sa_flags=0}, 8) = 0
318325 17:02:50.521069 rt_sigaction(SIGRT_25, {sa_handler=0x4816e0, sa_mask=~[RTMIN RT_1], sa_flags=SA_RESTORER|SA_ONSTACK|SA_RESTART|SA_SIGINFO, sa_restorer=0x73be05045330}, NULL, 8) = 0
318325 17:02:50.521187 rt_sigaction(SIGRT_26, NULL, {sa_handler=SIG_DFL, sa_mask=[], sa_flags=0}, 8) = 0
318325 17:02:50.521308 rt_sigaction(SIGRT_26, {sa_handler=0x4816e0, sa_mask=~[RTMIN RT_1], sa_flags=SA_RESTORER|SA_ONSTACK|SA_RESTART|SA_SIGINFO, sa_restorer=0x73be05045330}, NULL, 8) = 0
318325 17:02:50.521448 rt_sigaction(SIGRT_27, NULL, {sa_handler=SIG_DFL, sa_mask=[], sa_flags=0}, 8) = 0
318325 17:02:50.521578 rt_sigaction(SIGRT_27, {sa_handler=0x4816e0, sa_mask=~[RTMIN RT_1], sa_flags=SA_RESTORER|SA_ONSTACK|SA_RESTART|SA_SIGINFO, sa_restorer=0x73be05045330}, NULL, 8) = 0
318325 17:02:50.521700 rt_sigaction(SIGRT_28, NULL, {sa_handler=SIG_DFL, sa_mask=[], sa_flags=0}, 8) = 0
318325 17:02:50.521809 rt_sigaction(SIGRT_28, {sa_handler=0x4816e0, sa_mask=~[RTMIN RT_1], sa_flags=SA_RESTORER|SA_ONSTACK|SA_RESTART|SA_SIGINFO, sa_restorer=0x73be05045330}, NULL, 8) = 0
318325 17:02:50.521919 rt_sigaction(SIGRT_29, NULL, {sa_handler=SIG_DFL, sa_mask=[], sa_flags=0}, 8) = 0
318325 17:02:50.522026 rt_sigaction(SIGRT_29, {sa_handler=0x4816e0, sa_mask=~[RTMIN RT_1], sa_flags=SA_RESTORER|SA_ONSTACK|SA_RESTART|SA_SIGINFO, sa_restorer=0x73be05045330}, NULL, 8) = 0
318325 17:02:50.522158 rt_sigaction(SIGRT_30, NULL, {sa_handler=SIG_DFL, sa_mask=[], sa_flags=0}, 8) = 0
318325 17:02:50.522277 rt_sigaction(SIGRT_30, {sa_handler=0x4816e0, sa_mask=~[RTMIN RT_1], sa_flags=SA_RESTORER|SA_ONSTACK|SA_RESTART|SA_SIGINFO, sa_restorer=0x73be05045330}, NULL, 8) = 0
318325 17:02:50.522378 rt_sigaction(SIGRT_31, NULL, {sa_handler=SIG_DFL, sa_mask=[], sa_flags=0}, 8) = 0
318325 17:02:50.522487 rt_sigaction(SIGRT_31, {sa_handler=0x4816e0, sa_mask=~[RTMIN RT_1], sa_flags=SA_RESTORER|SA_ONSTACK|SA_RESTART|SA_SIGINFO, sa_restorer=0x73be05045330}, NULL, 8) = 0
318325 17:02:50.522607 rt_sigaction(SIGRT_32, NULL, {sa_handler=SIG_DFL, sa_mask=[], sa_flags=0}, 8) = 0
318325 17:02:50.522743 rt_sigaction(SIGRT_32, {sa_handler=0x4816e0, sa_mask=~[RTMIN RT_1], sa_flags=SA_RESTORER|SA_ONSTACK|SA_RESTART|SA_SIGINFO, sa_restorer=0x73be05045330}, NULL, 8) = 0
318325 17:02:50.522880 rt_sigprocmask(SIG_SETMASK, ~[RTMIN RT_1], [], 8) = 0
318325 17:02:50.522996 rt_sigaction(SIGRT_1, {sa_handler=0x73be05099610, sa_mask=[], sa_flags=SA_RESTORER|SA_ONSTACK|SA_RESTART|SA_SIGINFO, sa_restorer=0x73be05045330}, NULL, 8) = 0
318325 17:02:50.523117 rt_sigprocmask(SIG_UNBLOCK, [RTMIN RT_1], NULL, 8) = 0
318325 17:02:50.523253 mmap(NULL, 8392704, PROT_NONE, MAP_PRIVATE|MAP_ANONYMOUS|MAP_STACK, -1, 0) = 0x73bdbdeff000
318325 17:02:50.523377 mprotect(0x73bdbdf00000, 8388608, PROT_READ|PROT_WRITE) = 0
318325 17:02:50.523515 rt_sigprocmask(SIG_BLOCK, ~[], ~[KILL STOP RTMIN RT_1], 8) = 0
318325 17:02:50.523632 clone3({flags=CLONE_VM|CLONE_FS|CLONE_FILES|CLONE_SIGHAND|CLONE_THREAD|CLONE_SYSVSEM|CLONE_SETTLS|CLONE_PARENT_SETTID|CLONE_CHILD_CLEARTID, child_tid=0x73bdbe6ff990, parent_tid=0x73bdbe6ff990, exit_signal=0, stack=0x73bdbdeff000, stack_size=0x7fff80, tls=0x73bdbe6ff6c0} <unfinished ...>
318326 17:02:50.523785 rseq(0x73bdbe6fffe0, 0x20, 0, 0x53053053 <unfinished ...>
318325 17:02:50.523823 <... clone3 resumed> => {parent_tid=[318326]}, 88) = 318326
318326 17:02:50.523844 <... rseq resumed>) = 0
318325 17:02:50.523870 rt_sigprocmask(SIG_SETMASK, ~[KILL STOP RTMIN RT_1],  <unfinished ...>
318326 17:02:50.523906 set_robust_list(0x73bdbe6ff9a0, 24 <unfinished ...>
318325 17:02:50.523929 <... rt_sigprocmask resumed>NULL, 8) = 0
318326 17:02:50.523951 <... set_robust_list resumed>) = 0
318325 17:02:50.523976 rt_sigprocmask(SIG_SETMASK, [],  <unfinished ...>
318326 17:02:50.523995 rt_sigprocmask(SIG_SETMASK, ~[KILL STOP RTMIN RT_1],  <unfinished ...>
318325 17:02:50.524022 <... rt_sigprocmask resumed>NULL, 8) = 0
318326 17:02:50.524039 <... rt_sigprocmask resumed>NULL, 8) = 0
318326 17:02:50.524085 mmap(NULL, 134217728, PROT_NONE, MAP_PRIVATE|MAP_ANONYMOUS, -1, 0 <unfinished ...>
318325 17:02:50.524120 mmap(NULL, 262144, PROT_READ|PROT_WRITE, MAP_PRIVATE|MAP_ANONYMOUS, -1, 0 <unfinished ...>
318326 17:02:50.524138 <... mmap resumed>) = 0x73bdb5e00000
318325 17:02:50.524163 <... mmap resumed>) = 0x73bdbdebf000
318326 17:02:50.524197 munmap(0x73bdb5e00000, 35651584) = 0
318325 17:02:50.524265 rt_sigprocmask(SIG_SETMASK, ~[RTMIN RT_1],  <unfinished ...>
318326 17:02:50.524301 munmap(0x73bdbc000000, 31457280 <unfinished ...>
318325 17:02:50.524325 <... rt_sigprocmask resumed>[], 8) = 0
318326 17:02:50.524351 <... munmap resumed>) = 0
318325 17:02:50.524367 mmap(NULL, 8392704, PROT_NONE, MAP_PRIVATE|MAP_ANONYMOUS|MAP_STACK, -1, 0 <unfinished ...>
318326 17:02:50.524393 mprotect(0x73bdb8000000, 135168, PROT_READ|PROT_WRITE <unfinished ...>
318325 17:02:50.524409 <... mmap resumed>) = 0x73bdbd6be000
318326 17:02:50.524434 <... mprotect resumed>) = 0
318325 17:02:50.524450 mprotect(0x73bdbd6bf000, 8388608, PROT_READ|PROT_WRITE <unfinished ...>
318326 17:02:50.524486 sigaltstack(NULL,  <unfinished ...>
318325 17:02:50.524502 <... mprotect resumed>) = 0
318326 17:02:50.524527 <... sigaltstack resumed>{ss_sp=NULL, ss_flags=SS_DISABLE, ss_size=0}) = 0
318325 17:02:50.524563 rt_sigprocmask(SIG_BLOCK, ~[],  <unfinished ...>
318326 17:02:50.524601 sigaltstack({ss_sp=0xc000088000, ss_flags=0, ss_size=32768},  <unfinished ...>
318325 17:02:50.524619 <... rt_sigprocmask resumed>~[KILL STOP RTMIN RT_1], 8) = 0
318326 17:02:50.524645 <... sigaltstack resumed>NULL) = 0
318325 17:02:50.524662 clone3({flags=CLONE_VM|CLONE_FS|CLONE_FILES|CLONE_SIGHAND|CLONE_THREAD|CLONE_SYSVSEM|CLONE_SETTLS|CLONE_PARENT_SETTID|CLONE_CHILD_CLEARTID, child_tid=0x73bdbdebe990, parent_tid=0x73bdbdebe990, exit_signal=0, stack=0x73bdbd6be000, stack_size=0x7fff80, tls=0x73bdbdebe6c0} <unfinished ...>
318326 17:02:50.524690 rt_sigprocmask(SIG_SETMASK, [], NULL, 8) = 0
318327 17:02:50.524778 rseq(0x73bdbdebefe0, 0x20, 0, 0x53053053 <unfinished ...>
318326 17:02:50.524803 gettid( <unfinished ...>
318327 17:02:50.524820 <... rseq resumed>) = 0
318325 17:02:50.524843 <... clone3 resumed> => {parent_tid=[318327]}, 88) = 318327
318327 17:02:50.524863 set_robust_list(0x73bdbdebe9a0, 24 <unfinished ...>
318326 17:02:50.524887 <... gettid resumed>) = 318326
318327 17:02:50.524903 <... set_robust_list resumed>) = 0
318325 17:02:50.524927 rt_sigprocmask(SIG_SETMASK, ~[KILL STOP RTMIN RT_1],  <unfinished ...>
318327 17:02:50.524945 rt_sigprocmask(SIG_SETMASK, ~[KILL STOP RTMIN RT_1],  <unfinished ...>
318326 17:02:50.524970 nanosleep({tv_sec=0, tv_nsec=20000},  <unfinished ...>
318327 17:02:50.524988 <... rt_sigprocmask resumed>NULL, 8) = 0
318325 17:02:50.525013 <... rt_sigprocmask resumed>NULL, 8) = 0
318327 17:02:50.525029 mmap(NULL, 134217728, PROT_NONE, MAP_PRIVATE|MAP_ANONYMOUS, -1, 0 <unfinished ...>
318325 17:02:50.525055 rt_sigprocmask(SIG_SETMASK, [],  <unfinished ...>
318327 17:02:50.525076 <... mmap resumed>) = 0x73bdb0000000
318326 17:02:50.525106 <... nanosleep resumed>NULL) = 0
318325 17:02:50.525125 <... rt_sigprocmask resumed>NULL, 8) = 0
318327 17:02:50.525160 munmap(0x73bdb4000000, 67108864 <unfinished ...>
318326 17:02:50.525188 getpid( <unfinished ...>
318327 17:02:50.525217 <... munmap resumed>) = 0
318325 17:02:50.525237 rt_sigprocmask(SIG_SETMASK, ~[RTMIN RT_1],  <unfinished ...>
318327 17:02:50.525269 mprotect(0x73bdb0000000, 135168, PROT_READ|PROT_WRITE <unfinished ...>
318326 17:02:50.525307 <... getpid resumed>) = 318325
318327 17:02:50.525339 <... mprotect resumed>) = 0
318325 17:02:50.525357 <... rt_sigprocmask resumed>[], 8) = 0
318327 17:02:50.525391 sigaltstack(NULL,  <unfinished ...>
318326 17:02:50.525411 tgkill(318325, 318325, SIGURG <unfinished ...>
318327 17:02:50.525440 <... sigaltstack resumed>{ss_sp=NULL, ss_flags=SS_DISABLE, ss_size=0}) = 0
318325 17:02:50.525472 mmap(NULL, 8392704, PROT_NONE, MAP_PRIVATE|MAP_ANONYMOUS|MAP_STACK, -1, 0 <unfinished ...>
318327 17:02:50.525506 sigaltstack({ss_sp=0xc000090000, ss_flags=0, ss_size=32768},  <unfinished ...>
318326 17:02:50.525540 <... tgkill resumed>) = 0
318327 17:02:50.525560 <... sigaltstack resumed>NULL) = 0
318325 17:02:50.525588 <... mmap resumed>) = 0x73bdbcebd000
318327 17:02:50.525609 rt_sigprocmask(SIG_SETMASK, [],  <unfinished ...>
318326 17:02:50.525640 nanosleep({tv_sec=0, tv_nsec=20000},  <unfinished ...>
318327 17:02:50.525664 <... rt_sigprocmask resumed>NULL, 8) = 0
318325 17:02:50.525695 mprotect(0x73bdbcebe000, 8388608, PROT_READ|PROT_WRITE <unfinished ...>
318327 17:02:50.525715 gettid( <unfinished ...>
318325 17:02:50.525744 <... mprotect resumed>) = 0
318327 17:02:50.525786 <... gettid resumed>) = 318327
318326 17:02:50.525806 <... nanosleep resumed>NULL) = 0
318327 17:02:50.525836 mmap(NULL, 262144, PROT_READ|PROT_WRITE, MAP_PRIVATE|MAP_ANONYMOUS, -1, 0 <unfinished ...>
318325 17:02:50.525867 rt_sigprocmask(SIG_BLOCK, ~[],  <unfinished ...>
318327 17:02:50.525921 <... mmap resumed>) = 0x73bdbce7d000
318326 17:02:50.525960 nanosleep({tv_sec=0, tv_nsec=20000},  <unfinished ...>
318327 17:02:50.526006 rt_sigprocmask(SIG_SETMASK, ~[RTMIN RT_1],  <unfinished ...>
318325 17:02:50.526030 <... rt_sigprocmask resumed>~[KILL STOP RTMIN RT_1], 8) = 0
318327 17:02:50.526063 <... rt_sigprocmask resumed>[], 8) = 0
318325 17:02:50.526097 clone3({flags=CLONE_VM|CLONE_FS|CLONE_FILES|CLONE_SIGHAND|CLONE_THREAD|CLONE_SYSVSEM|CLONE_SETTLS|CLONE_PARENT_SETTID|CLONE_CHILD_CLEARTID, child_tid=0x73bdbd6bd990, parent_tid=0x73bdbd6bd990, exit_signal=0, stack=0x73bdbcebd000, stack_size=0x7fff80, tls=0x73bdbd6bd6c0} <unfinished ...>
318327 17:02:50.526143 mmap(NULL, 8392704, PROT_NONE, MAP_PRIVATE|MAP_ANONYMOUS|MAP_STACK, -1, 0 <unfinished ...>
318326 17:02:50.526192 <... nanosleep resumed>NULL) = 0
318327 17:02:50.526227 <... mmap resumed>) = 0x73bdbc67c000
318328 17:02:50.526281 rseq(0x73bdbd6bdfe0, 0x20, 0, 0x53053053 <unfinished ...>
318327 17:02:50.526328 mprotect(0x73bdbc67d000, 8388608, PROT_READ|PROT_WRITE <unfinished ...>
318326 17:02:50.526350 nanosleep({tv_sec=0, tv_nsec=20000},  <unfinished ...>
318328 17:02:50.526418 <... rseq resumed>) = 0
318327 17:02:50.526436 <... mprotect resumed>) = 0
318325 17:02:50.526462 <... clone3 resumed> => {parent_tid=[318328]}, 88) = 318328
318328 17:02:50.526493 set_robust_list(0x73bdbd6bd9a0, 24 <unfinished ...>
318327 17:02:50.526527 rt_sigprocmask(SIG_BLOCK, ~[],  <unfinished ...>
318328 17:02:50.526549 <... set_robust_list resumed>) = 0
318326 17:02:50.526573 <... nanosleep resumed>NULL) = 0
318325 17:02:50.526589 rt_sigprocmask(SIG_SETMASK, ~[KILL STOP RTMIN RT_1],  <unfinished ...>
318328 17:02:50.526617 rt_sigprocmask(SIG_SETMASK, ~[KILL STOP RTMIN RT_1],  <unfinished ...>
318327 17:02:50.526655 <... rt_sigprocmask resumed>~[KILL STOP RTMIN RT_1], 8) = 0
318326 17:02:50.526692 nanosleep({tv_sec=0, tv_nsec=20000},  <unfinished ...>
318328 17:02:50.526722 <... rt_sigprocmask resumed>NULL, 8) = 0
318327 17:02:50.526755 clone3({flags=CLONE_VM|CLONE_FS|CLONE_FILES|CLONE_SIGHAND|CLONE_THREAD|CLONE_SYSVSEM|CLONE_SETTLS|CLONE_PARENT_SETTID|CLONE_CHILD_CLEARTID, child_tid=0x73bdbce7c990, parent_tid=0x73bdbce7c990, exit_signal=0, stack=0x73bdbc67c000, stack_size=0x7fff80, tls=0x73bdbce7c6c0} <unfinished ...>
318325 17:02:50.526797 <... rt_sigprocmask resumed>NULL, 8) = 0
318328 17:02:50.526814 mmap(0x73bdb4000000, 67108864, PROT_NONE, MAP_PRIVATE|MAP_ANONYMOUS, -1, 0 <unfinished ...>
318326 17:02:50.526824 <... nanosleep resumed>NULL) = 0
318325 17:02:50.526841 rt_sigprocmask(SIG_SETMASK, [],  <unfinished ...>
318328 17:02:50.526877 <... mmap resumed>) = 0x73bdb4000000
318326 17:02:50.526924 nanosleep({tv_sec=0, tv_nsec=20000},  <unfinished ...>
318329 17:02:50.526965 rseq(0x73bdbce7cfe0, 0x20, 0, 0x53053053 <unfinished ...>
318328 17:02:50.526982 mprotect(0x73bdb4000000, 135168, PROT_READ|PROT_WRITE <unfinished ...>
318327 17:02:50.527007 <... clone3 resumed> => {parent_tid=[318329]}, 88) = 318329
318325 17:02:50.527063 <... rt_sigprocmask resumed>NULL, 8) = 0
318329 17:02:50.527082 <... rseq resumed>) = 0
318328 17:02:50.527107 <... mprotect resumed>) = 0
318327 17:02:50.527141 rt_sigprocmask(SIG_SETMASK, ~[KILL STOP RTMIN RT_1],  <unfinished ...>
318326 17:02:50.527167 <... nanosleep resumed>NULL) = 0
318329 17:02:50.527191 set_robust_list(0x73bdbce7c9a0, 24 <unfinished ...>
318328 17:02:50.527218 sigaltstack(NULL,  <unfinished ...>
318327 17:02:50.527258 <... rt_sigprocmask resumed>NULL, 8) = 0
318325 17:02:50.527275 --- SIGURG {si_signo=SIGURG, si_code=SI_TKILL, si_pid=318325, si_uid=0} ---
318329 17:02:50.527305 <... set_robust_list resumed>) = 0
318328 17:02:50.527321 <... sigaltstack resumed>{ss_sp=NULL, ss_flags=SS_DISABLE, ss_size=0}) = 0
318327 17:02:50.527350 rt_sigprocmask(SIG_SETMASK, [],  <unfinished ...>
318326 17:02:50.527386 nanosleep({tv_sec=0, tv_nsec=20000},  <unfinished ...>
318329 17:02:50.527416 rt_sigprocmask(SIG_SETMASK, ~[KILL STOP RTMIN RT_1],  <unfinished ...>
318328 17:02:50.527452 sigaltstack({ss_sp=0xc000098000, ss_flags=0, ss_size=32768},  <unfinished ...>
318327 17:02:50.527475 <... rt_sigprocmask resumed>NULL, 8) = 0
318325 17:02:50.527501 rt_sigreturn({mask=[]} <unfinished ...>
318329 17:02:50.527533 <... rt_sigprocmask resumed>NULL, 8) = 0
318328 17:02:50.527566 <... sigaltstack resumed>NULL) = 0
318327 17:02:50.527583 futex(0xeeaf80, FUTEX_WAKE_PRIVATE, 1 <unfinished ...>
318326 17:02:50.527609 <... nanosleep resumed>NULL) = 0
318329 17:02:50.527644 mmap(NULL, 134217728, PROT_NONE, MAP_PRIVATE|MAP_ANONYMOUS, -1, 0 <unfinished ...>
318328 17:02:50.527679 rt_sigprocmask(SIG_SETMASK, [],  <unfinished ...>
318327 17:02:50.527697 <... futex resumed>) = 0
318325 17:02:50.527721 <... rt_sigreturn resumed>) = 0
318329 17:02:50.527738 <... mmap resumed>) = 0x73bda8000000
318328 17:02:50.527763 <... rt_sigprocmask resumed>NULL, 8) = 0
318327 17:02:50.527780 futex(0xc000073148, FUTEX_WAIT_PRIVATE, 0, NULL <unfinished ...>
318326 17:02:50.527796 nanosleep({tv_sec=0, tv_nsec=20000},  <unfinished ...>
318329 17:02:50.527824 munmap(0x73bdac000000, 67108864 <unfinished ...>
318328 17:02:50.527857 gettid( <unfinished ...>
318327 17:02:50.527881 <... futex resumed>) = -1 EAGAIN (Resource temporarily unavailable)
318325 17:02:50.527899 futex(0xc000073148, FUTEX_WAKE_PRIVATE, 1 <unfinished ...>
318329 17:02:50.527925 <... munmap resumed>) = 0
318328 17:02:50.527942 <... gettid resumed>) = 318328
318327 17:02:50.527958 futex(0xeeaf80, FUTEX_WAKE_PRIVATE, 1 <unfinished ...>
318326 17:02:50.527983 <... nanosleep resumed>NULL) = 0
318329 17:02:50.528000 mprotect(0x73bda8000000, 135168, PROT_READ|PROT_WRITE <unfinished ...>
318328 17:02:50.528024 futex(0xc000073948, FUTEX_WAIT_PRIVATE, 0, NULL <unfinished ...>
318327 17:02:50.528041 <... futex resumed>) = 0
318325 17:02:50.528065 <... futex resumed>) = 0
318329 17:02:50.528082 <... mprotect resumed>) = 0
318327 17:02:50.528106 futex(0xc000073148, FUTEX_WAIT_PRIVATE, 0, NULL <unfinished ...>
318326 17:02:50.528124 nanosleep({tv_sec=0, tv_nsec=20000},  <unfinished ...>
318329 17:02:50.528153 sigaltstack(NULL,  <unfinished ...>
318325 17:02:50.528178 rt_sigprocmask(SIG_SETMASK, ~[RTMIN RT_1],  <unfinished ...>
318329 17:02:50.528214 <... sigaltstack resumed>{ss_sp=NULL, ss_flags=SS_DISABLE, ss_size=0}) = 0
318325 17:02:50.528254 <... rt_sigprocmask resumed>[], 8) = 0
318329 17:02:50.528273 sigaltstack({ss_sp=0xc000104000, ss_flags=0, ss_size=32768},  <unfinished ...>
318326 17:02:50.528291 <... nanosleep resumed>NULL) = 0
318329 17:02:50.528317 <... sigaltstack resumed>NULL) = 0
318325 17:02:50.528350 mmap(NULL, 8392704, PROT_NONE, MAP_PRIVATE|MAP_ANONYMOUS|MAP_STACK, -1, 0 <unfinished ...>
318329 17:02:50.528369 rt_sigprocmask(SIG_SETMASK, [],  <unfinished ...>
318326 17:02:50.528395 nanosleep({tv_sec=0, tv_nsec=20000},  <unfinished ...>
318329 17:02:50.528414 <... rt_sigprocmask resumed>NULL, 8) = 0
318325 17:02:50.528429 <... mmap resumed>) = 0x73bdaf7ff000
318329 17:02:50.528459 gettid( <unfinished ...>
318325 17:02:50.528484 mprotect(0x73bdaf800000, 8388608, PROT_READ|PROT_WRITE <unfinished ...>
318329 17:02:50.528504 <... gettid resumed>) = 318329
318326 17:02:50.528520 <... nanosleep resumed>NULL) = 0
318329 17:02:50.528546 futex(0xc000100148, FUTEX_WAIT_PRIVATE, 0, NULL <unfinished ...>
318325 17:02:50.528570 <... mprotect resumed>) = 0
318326 17:02:50.528587 nanosleep({tv_sec=0, tv_nsec=20000},  <unfinished ...>
318325 17:02:50.528607 rt_sigprocmask(SIG_BLOCK, ~[], ~[KILL STOP RTMIN RT_1], 8) = 0
318326 17:02:50.528720 <... nanosleep resumed>NULL) = 0
318325 17:02:50.528766 clone3({flags=CLONE_VM|CLONE_FS|CLONE_FILES|CLONE_SIGHAND|CLONE_THREAD|CLONE_SYSVSEM|CLONE_SETTLS|CLONE_PARENT_SETTID|CLONE_CHILD_CLEARTID, child_tid=0x73bdaffff990, parent_tid=0x73bdaffff990, exit_signal=0, stack=0x73bdaf7ff000, stack_size=0x7fff80, tls=0x73bdaffff6c0} <unfinished ...>
318326 17:02:50.528801 nanosleep({tv_sec=0, tv_nsec=20000},  <unfinished ...>
318330 17:02:50.528907 rseq(0x73bdafffffe0, 0x20, 0, 0x53053053 <unfinished ...>
318325 17:02:50.528947 <... clone3 resumed> => {parent_tid=[318330]}, 88) = 318330
318330 17:02:50.528968 <... rseq resumed>) = 0
318326 17:02:50.529001 <... nanosleep resumed>NULL) = 0
318330 17:02:50.529018 set_robust_list(0x73bdaffff9a0, 24 <unfinished ...>
318325 17:02:50.529044 rt_sigprocmask(SIG_SETMASK, ~[KILL STOP RTMIN RT_1],  <unfinished ...>
318330 17:02:50.529085 <... set_robust_list resumed>) = 0
318326 17:02:50.529101 nanosleep({tv_sec=0, tv_nsec=20000},  <unfinished ...>
318330 17:02:50.529131 rt_sigprocmask(SIG_SETMASK, ~[KILL STOP RTMIN RT_1],  <unfinished ...>
318325 17:02:50.529156 <... rt_sigprocmask resumed>NULL, 8) = 0
318330 17:02:50.529191 <... rt_sigprocmask resumed>NULL, 8) = 0
318325 17:02:50.529225 rt_sigprocmask(SIG_SETMASK, [],  <unfinished ...>
318330 17:02:50.529243 mmap(0x73bdac000000, 67108864, PROT_NONE, MAP_PRIVATE|MAP_ANONYMOUS, -1, 0 <unfinished ...>
318326 17:02:50.529267 <... nanosleep resumed>NULL) = 0
318330 17:02:50.529284 <... mmap resumed>) = 0x73bda4000000
318325 17:02:50.529301 <... rt_sigprocmask resumed>NULL, 8) = 0
318330 17:02:50.529329 mprotect(0x73bda4000000, 135168, PROT_READ|PROT_WRITE <unfinished ...>
318326 17:02:50.529363 nanosleep({tv_sec=0, tv_nsec=20000},  <unfinished ...>
318330 17:02:50.529420 <... mprotect resumed>) = 0
318330 17:02:50.529463 sigaltstack(NULL,  <unfinished ...>
318325 17:02:50.529503 prlimit64(0, RLIMIT_NOFILE, NULL,  <unfinished ...>
318330 17:02:50.529525 <... sigaltstack resumed>{ss_sp=NULL, ss_flags=SS_DISABLE, ss_size=0}) = 0
318326 17:02:50.529571 <... nanosleep resumed>NULL) = 0
318330 17:02:50.529592 sigaltstack({ss_sp=0xc00011a000, ss_flags=0, ss_size=32768},  <unfinished ...>
318325 17:02:50.529623 <... prlimit64 resumed>{rlim_cur=1024, rlim_max=1024*1024}) = 0
318330 17:02:50.529646 <... sigaltstack resumed>NULL) = 0
318326 17:02:50.529675 nanosleep({tv_sec=0, tv_nsec=20000},  <unfinished ...>
318330 17:02:50.529719 rt_sigprocmask(SIG_SETMASK, [],  <unfinished ...>
318325 17:02:50.529739 prlimit64(0, RLIMIT_NOFILE, {rlim_cur=1048575, rlim_max=1024*1024},  <unfinished ...>
318330 17:02:50.529772 <... rt_sigprocmask resumed>NULL, 8) = 0
318326 17:02:50.529810 <... nanosleep resumed>NULL) = 0
318325 17:02:50.529838 <... prlimit64 resumed>NULL) = 0
318330 17:02:50.529855 gettid( <unfinished ...>
318326 17:02:50.529884 nanosleep({tv_sec=0, tv_nsec=20000},  <unfinished ...>
318330 17:02:50.529904 <... gettid resumed>) = 318330
318325 17:02:50.529920 fcntl(0, F_GETFL <unfinished ...>
318330 17:02:50.529937 futex(0xf0b5d8, FUTEX_WAIT_PRIVATE, 0, NULL <unfinished ...>
318325 17:02:50.529963 <... fcntl resumed>) = 0x2 (flags O_RDWR)
318326 17:02:50.530018 <... nanosleep resumed>NULL) = 0
318325 17:02:50.530059 futex(0xc000100148, FUTEX_WAKE_PRIVATE, 1 <unfinished ...>
318329 17:02:50.530115 <... futex resumed>) = 0
318326 17:02:50.530168 nanosleep({tv_sec=0, tv_nsec=20000},  <unfinished ...>
318325 17:02:50.530194 <... futex resumed>) = 1
318329 17:02:50.530227 nanosleep({tv_sec=0, tv_nsec=3000},  <unfinished ...>
318325 17:02:50.530268 fcntl(1, F_GETFL) = 0x2 (flags O_RDWR)
318329 17:02:50.530364 <... nanosleep resumed>NULL) = 0
318325 17:02:50.530403 fcntl(2, F_GETFL <unfinished ...>
318329 17:02:50.530430 futex(0xc000073148, FUTEX_WAKE_PRIVATE, 1 <unfinished ...>
318325 17:02:50.530441 <... fcntl resumed>) = 0x2 (flags O_RDWR)
318329 17:02:50.530482 <... futex resumed>) = 1
318327 17:02:50.530515 <... futex resumed>) = 0
318329 17:02:50.530551 futex(0xc000100148, FUTEX_WAIT_PRIVATE, 0, NULL <unfinished ...>
318327 17:02:50.530585 futex(0xc000073148, FUTEX_WAIT_PRIVATE, 0, NULL <unfinished ...>
318326 17:02:50.530663 <... nanosleep resumed>NULL) = 0
318325 17:02:50.530708 readlinkat(AT_FDCWD, "/proc/self/exe",  <unfinished ...>
318326 17:02:50.530740 nanosleep({tv_sec=0, tv_nsec=20000},  <unfinished ...>
318325 17:02:50.530777 <... readlinkat resumed>"/usr/sbin/runc", 128) = 14
318325 17:02:50.530840 openat(AT_FDCWD, "/usr/sbin/runc", O_RDONLY|O_CLOEXEC <unfinished ...>
318326 17:02:50.530884 <... nanosleep resumed>NULL) = 0
318325 17:02:50.530901 <... openat resumed>) = 3
318326 17:02:50.530932 nanosleep({tv_sec=0, tv_nsec=20000},  <unfinished ...>
318325 17:02:50.530968 fcntl(3, F_GETFL) = 0x8000 (flags O_RDONLY|O_LARGEFILE)
318326 17:02:50.531069 <... nanosleep resumed>NULL) = 0
318325 17:02:50.531103 fcntl(3, F_SETFL, O_RDONLY|O_NONBLOCK|O_LARGEFILE <unfinished ...>
318326 17:02:50.531120 nanosleep({tv_sec=0, tv_nsec=20000},  <unfinished ...>
318325 17:02:50.531146 <... fcntl resumed>) = 0
318325 17:02:50.531189 epoll_create1(EPOLL_CLOEXEC <unfinished ...>
318326 17:02:50.531226 <... nanosleep resumed>NULL) = 0
318325 17:02:50.531242 <... epoll_create1 resumed>) = 4
318326 17:02:50.531267 nanosleep({tv_sec=0, tv_nsec=20000},  <unfinished ...>
318325 17:02:50.531305 eventfd2(0, EFD_CLOEXEC|EFD_NONBLOCK) = 5
318326 17:02:50.531406 <... nanosleep resumed>NULL) = 0
318325 17:02:50.531441 epoll_ctl(4, EPOLL_CTL_ADD, 5, {events=EPOLLIN, data={u32=15773400, u64=15773400}} <unfinished ...>
318326 17:02:50.531472 nanosleep({tv_sec=0, tv_nsec=20000},  <unfinished ...>
318325 17:02:50.531503 <... epoll_ctl resumed>) = 0
318325 17:02:50.531551 epoll_ctl(4, EPOLL_CTL_ADD, 3, {events=EPOLLIN|EPOLLOUT|EPOLLRDHUP|EPOLLET, data={u32=1574961153, u64=8340029791153422337}} <unfinished ...>
318326 17:02:50.531598 <... nanosleep resumed>NULL) = 0
318325 17:02:50.531627 <... epoll_ctl resumed>) = -1 EPERM (Operation not permitted)
318326 17:02:50.531654 epoll_pwait(4,  <unfinished ...>
318325 17:02:50.531681 fcntl(3, F_GETFL <unfinished ...>
318326 17:02:50.531700 <... epoll_pwait resumed>[], 128, 0, NULL, 0) = 0
318325 17:02:50.531730 <... fcntl resumed>) = 0x8800 (flags O_RDONLY|O_NONBLOCK|O_LARGEFILE)
318326 17:02:50.531770 nanosleep({tv_sec=0, tv_nsec=20000},  <unfinished ...>
318325 17:02:50.531810 fcntl(3, F_SETFL, O_RDONLY|O_LARGEFILE) = 0
318326 17:02:50.531932 <... nanosleep resumed>NULL) = 0
318325 17:02:50.531974 fstat(3,  <unfinished ...>
318326 17:02:50.531991 nanosleep({tv_sec=0, tv_nsec=20000},  <unfinished ...>
318325 17:02:50.532020 <... fstat resumed>{st_mode=S_IFREG|0755, st_size=11431736, ...}) = 0
318325 17:02:50.532091 pread64(3,  <unfinished ...>
318326 17:02:50.532126 <... nanosleep resumed>NULL) = 0
318325 17:02:50.532144 <... pread64 resumed>"\177ELF\2\1\1\0\0\0\0\0\0\0\0\0\2\0>\0\1\0\0\0\3407@\0\0\0\0\0"..., 64, 0) = 64
318326 17:02:50.532176 nanosleep({tv_sec=0, tv_nsec=20000},  <unfinished ...>
318325 17:02:50.532211 pread64(3, "\213D$\10\353\263\314\314\314\314\314\314\314\314\314\314\314\314\314\314\314\314\314\314\314I;f\20\17\206>"..., 64, 1428967) = 64
318326 17:02:50.532307 <... nanosleep resumed>NULL) = 0
318325 17:02:50.532344 pread64(3,  <unfinished ...>
318326 17:02:50.532372 nanosleep({tv_sec=0, tv_nsec=20000},  <unfinished ...>
318325 17:02:50.532411 <... pread64 resumed>"\314\314\314\314\314\314\314\314\314\314\314\314\314\314\314\314\314\314I;f\20v_UH\211\345H\203\354\30"..., 64, 2857934) = 64
318325 17:02:50.532464 pread64(3,  <unfinished ...>
318326 17:02:50.532506 <... nanosleep resumed>NULL) = 0
318325 17:02:50.532524 <... pread64 resumed>"\5\206\231\32\0\350Af\300\377H\213\214$\310\0\0\0H\213I H\211\10H\213L$`H\211"..., 64, 4286901) = 64
318326 17:02:50.532553 nanosleep({tv_sec=0, tv_nsec=20000},  <unfinished ...>
318325 17:02:50.532581 pread64(3, " X2 *bool; X3 *net.netFD; X4 int"..., 64, 5715868) = 64
318326 17:02:50.532690 <... nanosleep resumed>NULL) = 0
318325 17:02:50.532731 pread64(3,  <unfinished ...>
318326 17:02:50.532749 nanosleep({tv_sec=0, tv_nsec=20000},  <unfinished ...>
318325 17:02:50.532778 <... pread64 resumed>"\0\0\0\0\0\16'\0\0\337\1\0\0001\0\0\0\0\0\0\0e`\0\0007\0\0\0\206\4\0"..., 64, 7144835) = 64
318325 17:02:50.532836 pread64(3,  <unfinished ...>
318326 17:02:50.532870 <... nanosleep resumed>NULL) = 0
318325 17:02:50.532888 <... pread64 resumed>"\3\5\5\4\n\30\2\5\n\17\23\20\2\2\16\31\2\2\r\33\2\2\6\25\2\2\313\1\7\344\1\t"..., 64, 8573802) = 64
318326 17:02:50.532918 nanosleep({tv_sec=0, tv_nsec=20000},  <unfinished ...>
318325 17:02:50.532952 pread64(3, "\213\1\0\33\213\1\0\260\v\0\0\260\v\0\0\377\377\377\377,\330\0\0\300\245\3\0\260\211\0\0\10"..., 64, 10002769) = 64
318326 17:02:50.533047 <... nanosleep resumed>NULL) = 0
318325 17:02:50.533070 close(3 <unfinished ...>
318326 17:02:50.533100 nanosleep({tv_sec=0, tv_nsec=20000},  <unfinished ...>
318325 17:02:50.533144 <... close resumed>) = 0
318326 17:02:50.533242 <... nanosleep resumed>NULL) = 0
318326 17:02:50.533304 nanosleep({tv_sec=0, tv_nsec=20000},  <unfinished ...>
318325 17:02:50.533385 seccomp(SECCOMP_SET_MODE_STRICT, 0x1, NULL <unfinished ...>
318326 17:02:50.533460 <... nanosleep resumed>NULL) = 0
318325 17:02:50.533495 <... seccomp resumed>) = -1 EINVAL (Invalid argument)
318326 17:02:50.533516 nanosleep({tv_sec=0, tv_nsec=20000},  <unfinished ...>
318325 17:02:50.533552 seccomp(SECCOMP_SET_MODE_FILTER, SECCOMP_FILTER_FLAG_TSYNC, NULL) = -1 EFAULT (Bad address)
318326 17:02:50.533659 <... nanosleep resumed>NULL) = 0
318325 17:02:50.533699 seccomp(SECCOMP_SET_MODE_FILTER, SECCOMP_FILTER_FLAG_LOG, NULL <unfinished ...>
318326 17:02:50.533736 nanosleep({tv_sec=0, tv_nsec=20000},  <unfinished ...>
318325 17:02:50.533763 <... seccomp resumed>) = -1 EFAULT (Bad address)
318325 17:02:50.533806 seccomp(SECCOMP_GET_ACTION_AVAIL, 0, [SECCOMP_RET_LOG] <unfinished ...>
318326 17:02:50.533854 <... nanosleep resumed>NULL) = 0
318325 17:02:50.533894 <... seccomp resumed>) = 0
318326 17:02:50.533931 nanosleep({tv_sec=0, tv_nsec=20000},  <unfinished ...>
318325 17:02:50.533950 seccomp(SECCOMP_GET_ACTION_AVAIL, 0, [SECCOMP_RET_KILL_PROCESS]) = 0
318326 17:02:50.534055 <... nanosleep resumed>NULL) = 0
318325 17:02:50.534090 seccomp(SECCOMP_SET_MODE_FILTER, SECCOMP_FILTER_FLAG_SPEC_ALLOW, NULL <unfinished ...>
318326 17:02:50.534109 nanosleep({tv_sec=0, tv_nsec=20000},  <unfinished ...>
318325 17:02:50.534136 <... seccomp resumed>) = -1 EFAULT (Bad address)
318325 17:02:50.534182 seccomp(SECCOMP_SET_MODE_FILTER, SECCOMP_FILTER_FLAG_NEW_LISTENER, NULL <unfinished ...>
318326 17:02:50.534233 <... nanosleep resumed>NULL) = 0
318325 17:02:50.534274 <... seccomp resumed>) = -1 EFAULT (Bad address)
318326 17:02:50.534318 nanosleep({tv_sec=0, tv_nsec=20000},  <unfinished ...>
318325 17:02:50.534358 seccomp(SECCOMP_GET_NOTIF_SIZES, 0,  <unfinished ...>
318326 17:02:50.534491 <... nanosleep resumed>NULL) = 0
318325 17:02:50.534543 <... seccomp resumed>{seccomp_notif=80, seccomp_notif_resp=24, seccomp_data=64}) = 0
318326 17:02:50.534591 nanosleep({tv_sec=0, tv_nsec=20000},  <unfinished ...>
318325 17:02:50.534616 seccomp(SECCOMP_SET_MODE_FILTER, SECCOMP_FILTER_FLAG_TSYNC_ESRCH, NULL) = -1 EFAULT (Bad address)
318326 17:02:50.534715 <... nanosleep resumed>NULL) = 0
318326 17:02:50.534781 nanosleep({tv_sec=0, tv_nsec=20000}, NULL) = 0
318326 17:02:50.534988 nanosleep({tv_sec=0, tv_nsec=20000}, NULL) = 0
318326 17:02:50.535189 nanosleep({tv_sec=0, tv_nsec=20000}, NULL) = 0
318325 17:02:50.535349 futex(0xc000073148, FUTEX_WAKE_PRIVATE, 1 <unfinished ...>
318326 17:02:50.535378 nanosleep({tv_sec=0, tv_nsec=20000},  <unfinished ...>
318327 17:02:50.535413 <... futex resumed>) = 0
318325 17:02:50.535447 <... futex resumed>) = 1
318327 17:02:50.535481 nanosleep({tv_sec=0, tv_nsec=3000},  <unfinished ...>
318326 17:02:50.535514 <... nanosleep resumed>NULL) = 0
318326 17:02:50.535557 nanosleep({tv_sec=0, tv_nsec=20000},  <unfinished ...>
318325 17:02:50.535593 statfs("/sys/fs/cgroup/unified",  <unfinished ...>
318327 17:02:50.535623 <... nanosleep resumed>NULL) = 0
318325 17:02:50.535658 <... statfs resumed>0xc0001a3cb0) = -1 ENOENT (No such file or directory)
318327 17:02:50.535678 futex(0xc000100148, FUTEX_WAKE_PRIVATE, 1 <unfinished ...>
318326 17:02:50.535702 <... nanosleep resumed>NULL) = 0
318329 17:02:50.535731 <... futex resumed>) = 0
318327 17:02:50.535747 <... futex resumed>) = 1
318325 17:02:50.535764 newfstatat(AT_FDCWD, "/usr/sbin/runc",  <unfinished ...>
318329 17:02:50.535794 futex(0xc000100148, FUTEX_WAIT_PRIVATE, 0, NULL <unfinished ...>
318327 17:02:50.535819 futex(0xc000073148, FUTEX_WAIT_PRIVATE, 0, NULL <unfinished ...>
318326 17:02:50.535844 nanosleep({tv_sec=0, tv_nsec=20000},  <unfinished ...>
318325 17:02:50.535862 <... newfstatat resumed>{st_mode=S_IFREG|0755, st_size=11431736, ...}, 0) = 0
318326 17:02:50.535975 <... nanosleep resumed>NULL) = 0
318325 17:02:50.536026 newfstatat(AT_FDCWD, "",  <unfinished ...>
318326 17:02:50.536049 nanosleep({tv_sec=0, tv_nsec=20000},  <unfinished ...>
318325 17:02:50.536078 <... newfstatat resumed>0xc0001e6b98, 0) = -1 ENOENT (No such file or directory)
318325 17:02:50.536133 newfstatat(AT_FDCWD, "",  <unfinished ...>
318326 17:02:50.536169 <... nanosleep resumed>NULL) = 0
318325 17:02:50.536187 <... newfstatat resumed>0xc0001e6c68, 0) = -1 ENOENT (No such file or directory)
318326 17:02:50.536218 nanosleep({tv_sec=0, tv_nsec=20000},  <unfinished ...>
318325 17:02:50.536260 newfstatat(AT_FDCWD, "", 0xc0001e6d38, 0) = -1 ENOENT (No such file or directory)
318326 17:02:50.536357 <... nanosleep resumed>NULL) = 0
318325 17:02:50.536378 newfstatat(AT_FDCWD, "",  <unfinished ...>
318326 17:02:50.536410 nanosleep({tv_sec=0, tv_nsec=20000},  <unfinished ...>
318325 17:02:50.536456 <... newfstatat resumed>0xc0001e6e08, 0) = -1 ENOENT (No such file or directory)
318325 17:02:50.536510 newfstatat(AT_FDCWD, "",  <unfinished ...>
318326 17:02:50.536555 <... nanosleep resumed>NULL) = 0
318325 17:02:50.536572 <... newfstatat resumed>0xc0001e6ed8, 0) = -1 ENOENT (No such file or directory)
318326 17:02:50.536592 nanosleep({tv_sec=0, tv_nsec=20000},  <unfinished ...>
318325 17:02:50.536630 newfstatat(AT_FDCWD, "", 0xc0001e6fa8, 0) = -1 ENOENT (No such file or directory)
318326 17:02:50.536731 <... nanosleep resumed>NULL) = 0
318325 17:02:50.536761 newfstatat(AT_FDCWD, "",  <unfinished ...>
318326 17:02:50.536800 nanosleep({tv_sec=0, tv_nsec=20000},  <unfinished ...>
318325 17:02:50.536827 <... newfstatat resumed>0xc0001e7078, 0) = -1 ENOENT (No such file or directory)
318325 17:02:50.536899 newfstatat(AT_FDCWD, "",  <unfinished ...>
318326 17:02:50.536946 <... nanosleep resumed>NULL) = 0
318325 17:02:50.536964 <... newfstatat resumed>0xc0001e7148, 0) = -1 ENOENT (No such file or directory)
318326 17:02:50.537003 nanosleep({tv_sec=0, tv_nsec=20000},  <unfinished ...>
318325 17:02:50.537040 newfstatat(AT_FDCWD, "", 0xc0001e7218, 0) = -1 ENOENT (No such file or directory)
318326 17:02:50.537139 <... nanosleep resumed>NULL) = 0
318325 17:02:50.537171 newfstatat(AT_FDCWD, "",  <unfinished ...>
318326 17:02:50.537207 nanosleep({tv_sec=0, tv_nsec=20000},  <unfinished ...>
318325 17:02:50.537225 <... newfstatat resumed>0xc0001e72e8, 0) = -1 ENOENT (No such file or directory)
318325 17:02:50.537280 newfstatat(AT_FDCWD, "",  <unfinished ...>
318326 17:02:50.537322 <... nanosleep resumed>NULL) = 0
318325 17:02:50.537340 <... newfstatat resumed>0xc0001e73b8, 0) = -1 ENOENT (No such file or directory)
318326 17:02:50.537373 nanosleep({tv_sec=0, tv_nsec=20000},  <unfinished ...>
318325 17:02:50.537438 chdir("/tmp/anolix-bundle-2414045901" <unfinished ...>
318326 17:02:50.537510 <... nanosleep resumed>NULL) = 0
318325 17:02:50.537549 <... chdir resumed>) = 0
318326 17:02:50.537566 nanosleep({tv_sec=0, tv_nsec=40000},  <unfinished ...>
318325 17:02:50.537594 openat(AT_FDCWD, "config.json", O_RDONLY|O_CLOEXEC) = 3
318326 17:02:50.537713 <... nanosleep resumed>NULL) = 0
318325 17:02:50.537753 fcntl(3, F_GETFL <unfinished ...>
318326 17:02:50.537771 nanosleep({tv_sec=0, tv_nsec=80000},  <unfinished ...>
318325 17:02:50.537806 <... fcntl resumed>) = 0x8000 (flags O_RDONLY|O_LARGEFILE)
318325 17:02:50.537869 fcntl(3, F_SETFL, O_RDONLY|O_NONBLOCK|O_LARGEFILE) = 0
318326 17:02:50.537958 <... nanosleep resumed>NULL) = 0
318325 17:02:50.537975 epoll_ctl(4, EPOLL_CTL_ADD, 3, {events=EPOLLIN|EPOLLOUT|EPOLLRDHUP|EPOLLET, data={u32=1574961154, u64=8340029791153422338}} <unfinished ...>
318326 17:02:50.538005 nanosleep({tv_sec=0, tv_nsec=160000},  <unfinished ...>
318325 17:02:50.538144 <... epoll_ctl resumed>) = -1 EPERM (Operation not permitted)
318325 17:02:50.538194 fcntl(3, F_GETFL) = 0x8800 (flags O_RDONLY|O_NONBLOCK|O_LARGEFILE)
318325 17:02:50.538302 fcntl(3, F_SETFL, O_RDONLY|O_LARGEFILE) = 0
318326 17:02:50.538389 <... nanosleep resumed>NULL) = 0
318325 17:02:50.538406 read(3,  <unfinished ...>
318326 17:02:50.538431 nanosleep({tv_sec=0, tv_nsec=320000},  <unfinished ...>
318325 17:02:50.538465 <... read resumed>"{\n  \"ociVersion\": \"1.2.1\",\n  \"pr"..., 512) = 512
318325 17:02:50.538518 read(3, "    \"path\": \"/home/sh1rogane/Ano"..., 1024) = 1024
318325 17:02:50.538667 read(3, "\n        \"nosuid\",\n        \"noex"..., 2048) = 2048
318325 17:02:50.538791 read(3,  <unfinished ...>
318326 17:02:50.538846 <... nanosleep resumed>NULL) = 0
318325 17:02:50.538884 <... read resumed>"    \"defaultErrnoRet\": 1145,\n   "..., 4096) = 2541
318326 17:02:50.538921 nanosleep({tv_sec=0, tv_nsec=640000},  <unfinished ...>
318325 17:02:50.539410 close(3)         = 0
318325 17:02:50.539568 geteuid()        = 0
318326 17:02:50.539675 <... nanosleep resumed>NULL) = 0
318325 17:02:50.539719 openat(AT_FDCWD, "/proc/self/uid_map", O_RDONLY|O_CLOEXEC <unfinished ...>
318326 17:02:50.539760 nanosleep({tv_sec=0, tv_nsec=1280000},  <unfinished ...>
318325 17:02:50.539804 <... openat resumed>) = 3
318325 17:02:50.539867 fcntl(3, F_GETFL) = 0x8000 (flags O_RDONLY|O_LARGEFILE)
318325 17:02:50.539996 fcntl(3, F_SETFL, O_RDONLY|O_NONBLOCK|O_LARGEFILE) = 0
318325 17:02:50.540121 epoll_ctl(4, EPOLL_CTL_ADD, 3, {events=EPOLLIN|EPOLLOUT|EPOLLRDHUP|EPOLLET, data={u32=1574961155, u64=8340029791153422339}}) = -1 EPERM (Operation not permitted)
318325 17:02:50.540259 fcntl(3, F_GETFL) = 0x8800 (flags O_RDONLY|O_NONBLOCK|O_LARGEFILE)
318325 17:02:50.540375 fcntl(3, F_SETFL, O_RDONLY|O_LARGEFILE) = 0
318325 17:02:50.540523 read(3, "         0          0 4294967295"..., 4096) = 33
318325 17:02:50.540700 close(3)         = 0
318325 17:02:50.540836 geteuid()        = 0
318325 17:02:50.540970 getcwd("/tmp/anolix-bundle-2414045901", 4096) = 30
318326 17:02:50.541151 <... nanosleep resumed>NULL) = 0
318325 17:02:50.541194 statfs("/sys/fs/cgroup",  <unfinished ...>
318326 17:02:50.541227 nanosleep({tv_sec=0, tv_nsec=2560000},  <unfinished ...>
318325 17:02:50.541268 <... statfs resumed>{f_type=CGROUP2_SUPER_MAGIC, f_bsize=4096, f_blocks=0, f_bfree=0, f_bavail=0, f_files=0, f_ffree=0, f_fsid={val=[0x166b350b, 0xd974a817]}, f_namelen=255, f_frsize=4096, f_flags=ST_VALID|ST_NOSUID|ST_NODEV|ST_NOEXEC|ST_RELATIME}) = 0
318325 17:02:50.541348 newfstatat(AT_FDCWD, "/home/sh1rogane/Anolix/rootfs", {st_mode=S_IFDIR|0755, st_size=4096, ...}, 0) = 0
318325 17:02:50.541500 newfstatat(AT_FDCWD, "/home", {st_mode=S_IFDIR|0755, st_size=4096, ...}, AT_SYMLINK_NOFOLLOW) = 0
318325 17:02:50.541631 newfstatat(AT_FDCWD, "/home/sh1rogane", {st_mode=S_IFDIR|0750, st_size=4096, ...}, AT_SYMLINK_NOFOLLOW) = 0
318325 17:02:50.541753 newfstatat(AT_FDCWD, "/home/sh1rogane/Anolix", {st_mode=S_IFDIR|0755, st_size=4096, ...}, AT_SYMLINK_NOFOLLOW) = 0
318325 17:02:50.541871 newfstatat(AT_FDCWD, "/home/sh1rogane/Anolix/rootfs", {st_mode=S_IFDIR|0755, st_size=4096, ...}, AT_SYMLINK_NOFOLLOW) = 0
318325 17:02:50.541986 newfstatat(AT_FDCWD, "/proc/self/ns/cgroup", {st_mode=S_IFREG|0444, st_size=0, ...}, 0) = 0
318325 17:02:50.542131 newfstatat(AT_FDCWD, "/proc/self/timens_offsets", {st_mode=S_IFREG|0644, st_size=0, ...}, 0) = 0
318325 17:02:50.542280 newfstatat(AT_FDCWD, "/run/runc", {st_mode=S_IFDIR|0700, st_size=40, ...}, 0) = 0
318325 17:02:50.542419 newfstatat(AT_FDCWD, "/run/runc//anolix-07e208e041f2", 0xc000225148, AT_SYMLINK_NOFOLLOW) = -1 ENOENT (No such file or directory)
318325 17:02:50.542561 newfstatat(AT_FDCWD, "/run/runc/anolix-07e208e041f2", 0xc000225218, 0) = -1 ENOENT (No such file or directory)
318325 17:02:50.542685 openat(AT_FDCWD, "/proc/self/cgroup", O_RDONLY|O_CLOEXEC) = 3
318325 17:02:50.542851 fcntl(3, F_GETFL) = 0x8000 (flags O_RDONLY|O_LARGEFILE)
318325 17:02:50.542971 fcntl(3, F_SETFL, O_RDONLY|O_NONBLOCK|O_LARGEFILE) = 0
318325 17:02:50.543097 epoll_ctl(4, EPOLL_CTL_ADD, 3, {events=EPOLLIN|EPOLLOUT|EPOLLRDHUP|EPOLLET, data={u32=1574961156, u64=8340029791153422340}}) = -1 EPERM (Operation not permitted)
318325 17:02:50.543238 fcntl(3, F_GETFL) = 0x8800 (flags O_RDONLY|O_NONBLOCK|O_LARGEFILE)
318325 17:02:50.543352 fcntl(3, F_SETFL, O_RDONLY|O_LARGEFILE) = 0
318325 17:02:50.543466 read(3, "0::/init.scope\n", 4096) = 15
318325 17:02:50.543598 close(3)         = 0
318325 17:02:50.543722 newfstatat(AT_FDCWD, "/sys/fs/cgroup/anolix-07e208e041f2", 0xc0002252e8, 0) = -1 ENOENT (No such file or directory)
318325 17:02:50.543844 openat2(-1, "/sys/fs/cgroup", {flags=O_RDONLY|O_CLOEXEC|O_PATH|O_DIRECTORY, resolve=0}, 24 <unfinished ...>
318326 17:02:50.543886 <... nanosleep resumed>NULL) = 0
318325 17:02:50.543902 <... openat2 resumed>) = 3
318326 17:02:50.543927 epoll_pwait(4,  <unfinished ...>
318325 17:02:50.543943 fcntl(3, F_GETFL <unfinished ...>
318326 17:02:50.543968 <... epoll_pwait resumed>[], 128, 0, NULL, 0) = 0
318325 17:02:50.543984 <... fcntl resumed>) = 0x210000 (flags O_RDONLY|O_PATH|O_DIRECTORY)
318326 17:02:50.544009 getpid( <unfinished ...>
318325 17:02:50.544042 futex(0xc000073148, FUTEX_WAKE_PRIVATE, 1 <unfinished ...>
318326 17:02:50.544066 <... getpid resumed>) = 318325
318327 17:02:50.544114 <... futex resumed>) = 0
318326 17:02:50.544153 tgkill(318325, 318325, SIGURG <unfinished ...>
318325 17:02:50.544171 <... futex resumed>) = 1
318327 17:02:50.544196 futex(0xc000100148, FUTEX_WAKE_PRIVATE, 1 <unfinished ...>
318326 17:02:50.544229 <... tgkill resumed>) = 0
318329 17:02:50.544257 <... futex resumed>) = 0
318327 17:02:50.544290 <... futex resumed>) = 1
318325 17:02:50.544306 --- SIGURG {si_signo=SIGURG, si_code=SI_TKILL, si_pid=318325, si_uid=0} ---
318329 17:02:50.544332 futex(0xc000100148, FUTEX_WAIT_PRIVATE, 0, NULL <unfinished ...>
318327 17:02:50.544348 fstatfs(3,  <unfinished ...>
318326 17:02:50.544372 nanosleep({tv_sec=0, tv_nsec=5120000},  <unfinished ...>
318327 17:02:50.544392 <... fstatfs resumed>{f_type=CGROUP2_SUPER_MAGIC, f_bsize=4096, f_blocks=0, f_bfree=0, f_bavail=0, f_files=0, f_ffree=0, f_fsid={val=[0x166b350b, 0xd974a817]}, f_namelen=255, f_frsize=4096, f_flags=ST_VALID|ST_NOSUID|ST_NODEV|ST_NOEXEC|ST_RELATIME}) = 0
318325 17:02:50.544421 rt_sigreturn({mask=[]} <unfinished ...>
318327 17:02:50.544457 openat2(3, "anolix-07e208e041f2/cgroup.freeze", {flags=O_RDONLY|O_CLOEXEC, resolve=RESOLVE_NO_XDEV|RESOLVE_NO_MAGICLINKS|RESOLVE_NO_SYMLINKS|RESOLVE_BENEATH}, 24 <unfinished ...>
318325 17:02:50.544499 <... rt_sigreturn resumed>) = 1
318327 17:02:50.544516 <... openat2 resumed>) = -1 ENOENT (No such file or directory)
318325 17:02:50.544542 futex(0xeeaf80, FUTEX_WAIT_PRIVATE, 0, NULL <unfinished ...>
318327 17:02:50.544558 readlinkat(AT_FDCWD, "/proc/thread-self/fd/3", "/sys/fs/cgroup", 128) = 14
318327 17:02:50.544675 mkdirat(AT_FDCWD, "/run/runc/anolix-07e208e041f2", 0711) = 0
318327 17:02:50.544847 open_tree(-9, "/", OPEN_TREE_CLOEXEC) = 6
318327 17:02:50.544973 close(6)         = 0
318327 17:02:50.545085 uname({sysname="Linux", nodename="LAPTOP-BF0J00M9", ...}) = 0
318327 17:02:50.545199 fsopen("proc", FSOPEN_CLOEXEC) = 6
318327 17:02:50.545327 fcntl(6, F_GETFL) = 0x2 (flags O_RDWR)
318327 17:02:50.545490 fsopen("proc", FSOPEN_CLOEXEC) = 7
318327 17:02:50.545637 fcntl(7, F_GETFL) = 0x2 (flags O_RDWR)
318327 17:02:50.545785 fsconfig(7, FSCONFIG_SET_STRING, "subset", "pid", 0) = 0
318327 17:02:50.545934 close(7)         = 0
318327 17:02:50.546063 fsconfig(6, FSCONFIG_SET_STRING, "hidepid", "ptraceable", 0) = 0
318327 17:02:50.546187 fsconfig(6, FSCONFIG_SET_STRING, "subset", "pid", 0) = 0
318327 17:02:50.546344 fsconfig(6, FSCONFIG_CMD_CREATE, NULL, NULL, 0) = 0
318327 17:02:50.546486 fsmount(6, FSMOUNT_CLOEXEC, MOUNT_ATTR_NOSUID|MOUNT_ATTR_NODEV|MOUNT_ATTR_NOEXEC) = 7
318327 17:02:50.546613 fcntl(7, F_GETFL) = 0x200000 (flags O_RDONLY|O_PATH)
318327 17:02:50.546732 fstatfs(7, {f_type=PROC_SUPER_MAGIC, f_bsize=4096, f_blocks=0, f_bfree=0, f_bavail=0, f_files=0, f_ffree=0, f_fsid={val=[0x56, 0]}, f_namelen=255, f_frsize=4096, f_flags=ST_VALID|ST_NOSUID|ST_NODEV|ST_NOEXEC|ST_RELATIME}) = 0
318327 17:02:50.546853 fstat(7, {st_mode=S_IFDIR|0555, st_size=0, ...}) = 0
318327 17:02:50.546972 faccessat2(7, "uptime", F_OK, AT_SYMLINK_NOFOLLOW) = -1 ENOENT (No such file or directory)
318327 17:02:50.547097 close(6)         = 0
318327 17:02:50.547236 faccessat(AT_FDCWD, "/proc/thread-self/", F_OK) = 0
318327 17:02:50.547367 fstatfs(7, {f_type=PROC_SUPER_MAGIC, f_bsize=4096, f_blocks=0, f_bfree=0, f_bavail=0, f_files=0, f_ffree=0, f_fsid={val=[0x56, 0]}, f_namelen=255, f_frsize=4096, f_flags=ST_VALID|ST_NOSUID|ST_NODEV|ST_NOEXEC|ST_RELATIME}) = 0
318327 17:02:50.547512 fstat(7, {st_mode=S_IFDIR|0555, st_size=0, ...}) = 0
318327 17:02:50.547644 openat2(AT_FDCWD, ".", {flags=O_RDONLY|O_CLOEXEC|O_PATH, resolve=RESOLVE_NO_SYMLINKS|RESOLVE_IN_ROOT}, 24) = 6
318327 17:02:50.547799 close(6)         = 0
318327 17:02:50.547923 openat2(7, "thread-self/fd/", {flags=O_RDONLY|O_NOFOLLOW|O_CLOEXEC|O_PATH, resolve=RESOLVE_NO_XDEV|RESOLVE_NO_MAGICLINKS|RESOLVE_BENEATH}, 24) = 6
318327 17:02:50.548134 fcntl(6, F_GETFL) = 0x220000 (flags O_RDONLY|O_NOFOLLOW|O_PATH)
318327 17:02:50.548275 fstatfs(7, {f_type=PROC_SUPER_MAGIC, f_bsize=4096, f_blocks=0, f_bfree=0, f_bavail=0, f_files=0, f_ffree=0, f_fsid={val=[0x56, 0]}, f_namelen=255, f_frsize=4096, f_flags=ST_VALID|ST_NOSUID|ST_NODEV|ST_NOEXEC|ST_RELATIME}) = 0
318327 17:02:50.548395 fstat(7, {st_mode=S_IFDIR|0555, st_size=0, ...}) = 0
318327 17:02:50.548519 openat2(AT_FDCWD, ".", {flags=O_RDONLY|O_CLOEXEC|O_PATH, resolve=RESOLVE_NO_SYMLINKS|RESOLVE_IN_ROOT}, 24) = 8
318327 17:02:50.548634 close(8)         = 0
318327 17:02:50.548756 openat2(7, "thread-self/fd/", {flags=O_RDONLY|O_NOFOLLOW|O_CLOEXEC|O_PATH, resolve=RESOLVE_NO_XDEV|RESOLVE_NO_MAGICLINKS|RESOLVE_BENEATH}, 24) = 8
318327 17:02:50.548886 fcntl(8, F_GETFL) = 0x220000 (flags O_RDONLY|O_NOFOLLOW|O_PATH)
318327 17:02:50.549004 statx(-9, "/", AT_STATX_SYNC_AS_STAT, STATX_MNT_ID|STATX_MNT_ID_UNIQUE, {stx_mask=STATX_TYPE|STATX_MODE|STATX_NLINK|STATX_UID|STATX_GID|STATX_ATIME|STATX_INO|STATX_SIZE|STATX_BLOCKS|STATX_MNT_ID_UNIQUE, stx_attributes=STATX_ATTR_MOUNT_ROOT, stx_mode=S_IFDIR|0755, stx_size=4096, ...}) = 0
318327 17:02:50.549132 statx(7, "", AT_STATX_SYNC_AS_STAT|AT_SYMLINK_NOFOLLOW|AT_EMPTY_PATH, STATX_MNT_ID|STATX_MNT_ID_UNIQUE, {stx_mask=STATX_BASIC_STATS|STATX_MNT_ID_UNIQUE, stx_attributes=STATX_ATTR_MOUNT_ROOT, stx_mode=S_IFDIR|0555, stx_size=0, ...}) = 0
318327 17:02:50.549241 statx(8, "6", AT_STATX_SYNC_AS_STAT|AT_SYMLINK_NOFOLLOW|AT_EMPTY_PATH, STATX_MNT_ID|STATX_MNT_ID_UNIQUE, {stx_mask=STATX_BASIC_STATS|STATX_MNT_ID_UNIQUE, stx_attributes=0, stx_mode=S_IFLNK|000, stx_size=64, ...}) = 0
318327 17:02:50.549397 openat(8, "6", O_RDONLY|O_CLOEXEC|O_DIRECTORY) = 9
318327 17:02:50.549514 fcntl(9, F_GETFL) = 0x18000 (flags O_RDONLY|O_LARGEFILE|O_DIRECTORY)
318326 17:02:50.549607 <... nanosleep resumed>NULL) = 0
318327 17:02:50.549624 close(8 <unfinished ...>
318326 17:02:50.549649 nanosleep({tv_sec=0, tv_nsec=10000000},  <unfinished ...>
318327 17:02:50.549686 <... close resumed>) = 0
318327 17:02:50.549729 close(6)         = 0
318327 17:02:50.549849 prctl(PR_SET_CHILD_SUBREAPER, 1) = 0
318327 17:02:50.549976 futex(0xeeaf80, FUTEX_WAKE_PRIVATE, 1) = 1
318325 17:02:50.550080 <... futex resumed>) = 0
318327 17:02:50.550098 pipe2( <unfinished ...>
318325 17:02:50.550123 nanosleep({tv_sec=0, tv_nsec=3000},  <unfinished ...>
318327 17:02:50.550160 <... pipe2 resumed>[6, 8], O_CLOEXEC) = 0
318327 17:02:50.550213 fcntl(6, F_GETFL <unfinished ...>
318325 17:02:50.550252 <... nanosleep resumed>NULL) = 0
318327 17:02:50.550268 <... fcntl resumed>) = 0 (flags O_RDONLY)
318325 17:02:50.550294 futex(0xc000100148, FUTEX_WAKE_PRIVATE, 1 <unfinished ...>
318327 17:02:50.550327 fcntl(6, F_SETFL, O_RDONLY|O_NONBLOCK <unfinished ...>
318325 17:02:50.550352 <... futex resumed>) = 1
318329 17:02:50.550387 <... futex resumed>) = 0
318327 17:02:50.550412 <... fcntl resumed>) = 0
318329 17:02:50.550432 futex(0xc000100148, FUTEX_WAIT_PRIVATE, 0, NULL <unfinished ...>
318325 17:02:50.550456 futex(0xc000100148, FUTEX_WAKE_PRIVATE, 1 <unfinished ...>
318329 17:02:50.550490 <... futex resumed>) = -1 EAGAIN (Resource temporarily unavailable)
318327 17:02:50.550507 epoll_ctl(4, EPOLL_CTL_ADD, 6, {events=EPOLLIN|EPOLLOUT|EPOLLRDHUP|EPOLLET, data={u32=1574961157, u64=8340029791153422341}} <unfinished ...>
318329 17:02:50.550537 nanosleep({tv_sec=0, tv_nsec=3000},  <unfinished ...>
318325 17:02:50.550572 <... futex resumed>) = 0
318327 17:02:50.550588 <... epoll_ctl resumed>) = 0
318325 17:02:50.550612 rt_sigprocmask(SIG_SETMASK, ~[HUP INT QUIT ILL TRAP ABRT BUS FPE SEGV TERM STKFLT CHLD URG PROF SYS RTMIN RT_1 RT_2],  <unfinished ...>
318327 17:02:50.550642 fcntl(8, F_GETFL <unfinished ...>
318329 17:02:50.550659 <... nanosleep resumed>NULL) = 0
318325 17:02:50.550683 <... rt_sigprocmask resumed>NULL, 8) = 0
318329 17:02:50.550700 futex(0xc000073948, FUTEX_WAKE_PRIVATE, 1 <unfinished ...>
318327 17:02:50.550724 <... fcntl resumed>) = 0x1 (flags O_WRONLY)
318325 17:02:50.550741 rt_sigprocmask(SIG_SETMASK, ~[HUP INT QUIT ILL TRAP ABRT BUS FPE SEGV TERM STKFLT CHLD URG PROF SYS RTMIN RT_1 RT_2],  <unfinished ...>
318329 17:02:50.550767 <... futex resumed>) = 1
318328 17:02:50.550784 <... futex resumed>) = 0
318327 17:02:50.550808 fcntl(8, F_SETFL, O_WRONLY|O_NONBLOCK <unfinished ...>
318325 17:02:50.550824 <... rt_sigprocmask resumed>NULL, 8) = 0
318329 17:02:50.550842 futex(0xf0b780, FUTEX_WAIT_PRIVATE, 0, NULL <unfinished ...>
318328 17:02:50.550868 nanosleep({tv_sec=0, tv_nsec=3000},  <unfinished ...>
318327 17:02:50.550905 <... fcntl resumed>) = 0
318325 17:02:50.550922 futex(0xf0b5d8, FUTEX_WAKE_PRIVATE, 1 <unfinished ...>
318327 17:02:50.550948 epoll_ctl(4, EPOLL_CTL_ADD, 8, {events=EPOLLIN|EPOLLOUT|EPOLLRDHUP|EPOLLET, data={u32=1556611073, u64=8340029791135072257}} <unfinished ...>
318325 17:02:50.550966 <... futex resumed>) = 1
318330 17:02:50.550983 <... futex resumed>) = 0
318327 17:02:50.551007 <... epoll_ctl resumed>) = 0
318330 17:02:50.551024 rt_sigprocmask(SIG_SETMASK, ~[RTMIN RT_1],  <unfinished ...>
318328 17:02:50.551050 <... nanosleep resumed>NULL) = 0
318325 17:02:50.551066 futex(0xeeaf80, FUTEX_WAIT_PRIVATE, 0, NULL <unfinished ...>
318330 17:02:50.551094 <... rt_sigprocmask resumed>[], 8) = 0
318328 17:02:50.551123 rt_sigprocmask(SIG_SETMASK, ~[RTMIN RT_1],  <unfinished ...>
318327 17:02:50.551158 fcntl(6, F_GETFL <unfinished ...>
318330 17:02:50.551178 mmap(NULL, 8392704, PROT_NONE, MAP_PRIVATE|MAP_ANONYMOUS|MAP_STACK, -1, 0 <unfinished ...>
318328 17:02:50.551210 <... rt_sigprocmask resumed>[], 8) = 0
318330 17:02:50.551245 <... mmap resumed>) = 0x73bdaeffe000
318327 17:02:50.551269 <... fcntl resumed>) = 0x800 (flags O_RDONLY|O_NONBLOCK)
318330 17:02:50.551288 mprotect(0x73bdaefff000, 8388608, PROT_READ|PROT_WRITE <unfinished ...>
318328 17:02:50.551312 mmap(NULL, 8392704, PROT_NONE, MAP_PRIVATE|MAP_ANONYMOUS|MAP_STACK, -1, 0 <unfinished ...>
318327 17:02:50.551329 fcntl(6, F_SETFL, O_RDONLY <unfinished ...>
318330 17:02:50.551375 <... mprotect resumed>) = 0
318328 17:02:50.551410 <... mmap resumed>) = 0x73bdae7fd000
318327 17:02:50.551426 <... fcntl resumed>) = 0
318330 17:02:50.551451 rt_sigprocmask(SIG_BLOCK, ~[],  <unfinished ...>
318328 17:02:50.551484 mprotect(0x73bdae7fe000, 8388608, PROT_READ|PROT_WRITE <unfinished ...>
318330 17:02:50.551514 <... rt_sigprocmask resumed>~[KILL STOP RTMIN RT_1], 8) = 0
318327 17:02:50.551572 fcntl(8, F_GETFL <unfinished ...>
318330 17:02:50.551612 clone3({flags=CLONE_VM|CLONE_FS|CLONE_FILES|CLONE_SIGHAND|CLONE_THREAD|CLONE_SYSVSEM|CLONE_SETTLS|CLONE_PARENT_SETTID|CLONE_CHILD_CLEARTID, child_tid=0x73bdaf7fe990, parent_tid=0x73bdaf7fe990, exit_signal=0, stack=0x73bdaeffe000, stack_size=0x7fff80, tls=0x73bdaf7fe6c0} <unfinished ...>
318328 17:02:50.551650 <... mprotect resumed>) = 0
318327 17:02:50.551667 <... fcntl resumed>) = 0x801 (flags O_WRONLY|O_NONBLOCK)
318328 17:02:50.551693 rt_sigprocmask(SIG_BLOCK, ~[],  <unfinished ...>
318327 17:02:50.551743 fcntl(8, F_SETFL, O_WRONLY <unfinished ...>
318331 17:02:50.551778 rseq(0x73bdaf7fefe0, 0x20, 0, 0x53053053 <unfinished ...>
318330 17:02:50.551794 <... clone3 resumed> => {parent_tid=[318331]}, 88) = 318331
318328 17:02:50.551821 <... rt_sigprocmask resumed>~[KILL STOP RTMIN RT_1], 8) = 0
318331 17:02:50.551858 <... rseq resumed>) = 0
318330 17:02:50.551873 rt_sigprocmask(SIG_SETMASK, ~[KILL STOP RTMIN RT_1],  <unfinished ...>
318327 17:02:50.551898 <... fcntl resumed>) = 0
318331 17:02:50.551915 set_robust_list(0x73bdaf7fe9a0, 24 <unfinished ...>
318330 17:02:50.551940 <... rt_sigprocmask resumed>NULL, 8) = 0
318328 17:02:50.551955 clone3({flags=CLONE_VM|CLONE_FS|CLONE_FILES|CLONE_SIGHAND|CLONE_THREAD|CLONE_SYSVSEM|CLONE_SETTLS|CLONE_PARENT_SETTID|CLONE_CHILD_CLEARTID, child_tid=0x73bdaeffd990, parent_tid=0x73bdaeffd990, exit_signal=0, stack=0x73bdae7fd000, stack_size=0x7fff80, tls=0x73bdaeffd6c0} <unfinished ...>
318331 17:02:50.551983 <... set_robust_list resumed>) = 0
318330 17:02:50.551998 rt_sigprocmask(SIG_SETMASK, [],  <unfinished ...>
318327 17:02:50.552023 pipe2( <unfinished ...>
318330 17:02:50.552051 <... rt_sigprocmask resumed>NULL, 8) = 0
318331 17:02:50.552103 rt_sigprocmask(SIG_SETMASK, ~[KILL STOP RTMIN RT_1],  <unfinished ...>
318328 17:02:50.552139 <... clone3 resumed> => {parent_tid=[318332]}, 88) = 318332
318327 17:02:50.552159 <... pipe2 resumed>[10, 11], O_CLOEXEC) = 0
318332 17:02:50.552187 rseq(0x73bdaeffdfe0, 0x20, 0, 0x53053053 <unfinished ...>
318331 17:02:50.552219 <... rt_sigprocmask resumed>NULL, 8) = 0
318330 17:02:50.552243 futex(0xf0b5d8, FUTEX_WAIT_PRIVATE, 0, NULL <unfinished ...>
318328 17:02:50.552261 rt_sigprocmask(SIG_SETMASK, ~[KILL STOP RTMIN RT_1],  <unfinished ...>
318332 17:02:50.552286 <... rseq resumed>) = 0
318331 17:02:50.552301 mmap(NULL, 134217728, PROT_NONE, MAP_PRIVATE|MAP_ANONYMOUS, -1, 0 <unfinished ...>
318327 17:02:50.552326 fcntl(10, F_GETFL <unfinished ...>
318332 17:02:50.552344 set_robust_list(0x73bdaeffd9a0, 24 <unfinished ...>
318331 17:02:50.552371 <... mmap resumed>) = 0x73bd9c000000
318328 17:02:50.552387 <... rt_sigprocmask resumed>NULL, 8) = 0
318332 17:02:50.552413 <... set_robust_list resumed>) = 0
318331 17:02:50.552428 munmap(0x73bda0000000, 67108864 <unfinished ...>
318327 17:02:50.552452 <... fcntl resumed>) = 0 (flags O_RDONLY)
318332 17:02:50.552484 rt_sigprocmask(SIG_SETMASK, ~[KILL STOP RTMIN RT_1],  <unfinished ...>
318331 17:02:50.552505 <... munmap resumed>) = 0
318328 17:02:50.552522 rt_sigprocmask(SIG_SETMASK, [],  <unfinished ...>
318332 17:02:50.552555 <... rt_sigprocmask resumed>NULL, 8) = 0
318331 17:02:50.552594 mprotect(0x73bd9c000000, 135168, PROT_READ|PROT_WRITE <unfinished ...>
318327 17:02:50.552622 fcntl(10, F_SETFL, O_RDONLY|O_NONBLOCK <unfinished ...>
318332 17:02:50.552662 mmap(0x73bda0000000, 67108864, PROT_NONE, MAP_PRIVATE|MAP_ANONYMOUS, -1, 0 <unfinished ...>
318331 17:02:50.552681 <... mprotect resumed>) = 0
318328 17:02:50.552706 <... rt_sigprocmask resumed>NULL, 8) = 0
318332 17:02:50.552723 <... mmap resumed>) = 0x73bda0000000
318331 17:02:50.552747 sigaltstack(NULL,  <unfinished ...>
318327 17:02:50.552763 <... fcntl resumed>) = 0
318332 17:02:50.552788 mprotect(0x73bda0000000, 135168, PROT_READ|PROT_WRITE <unfinished ...>
318331 17:02:50.552812 <... sigaltstack resumed>{ss_sp=NULL, ss_flags=SS_DISABLE, ss_size=0}) = 0
318328 17:02:50.552839 futex(0xeeaf80, FUTEX_WAKE_PRIVATE, 1 <unfinished ...>
318332 17:02:50.552873 <... mprotect resumed>) = 0
318331 17:02:50.552898 sigaltstack({ss_sp=0xc000236000, ss_flags=0, ss_size=32768},  <unfinished ...>
318327 17:02:50.552924 epoll_ctl(4, EPOLL_CTL_ADD, 10, {events=EPOLLIN|EPOLLOUT|EPOLLRDHUP|EPOLLET, data={u32=1538260993, u64=8340029791116722177}} <unfinished ...>
318332 17:02:50.552945 sigaltstack(NULL,  <unfinished ...>
318331 17:02:50.552960 <... sigaltstack resumed>NULL) = 0
318328 17:02:50.552989 <... futex resumed>) = 1
318325 17:02:50.553028 <... futex resumed>) = 0
318332 17:02:50.553067 <... sigaltstack resumed>{ss_sp=NULL, ss_flags=SS_DISABLE, ss_size=0}) = 0
318331 17:02:50.553103 rt_sigprocmask(SIG_SETMASK, [],  <unfinished ...>
318328 17:02:50.553120 futex(0xc000073948, FUTEX_WAIT_PRIVATE, 0, NULL <unfinished ...>
318327 17:02:50.553144 <... epoll_ctl resumed>) = 0
318332 17:02:50.553161 sigaltstack({ss_sp=0xc000284000, ss_flags=0, ss_size=32768},  <unfinished ...>
318331 17:02:50.553186 <... rt_sigprocmask resumed>NULL, 8) = 0
318325 17:02:50.553202 rt_sigprocmask(SIG_SETMASK, ~[HUP INT QUIT ILL TRAP ABRT BUS FPE SEGV TERM STKFLT CHLD URG PROF SYS RTMIN RT_1 RT_2],  <unfinished ...>
318332 17:02:50.553230 <... sigaltstack resumed>NULL) = 0
318331 17:02:50.553245 gettid( <unfinished ...>
318327 17:02:50.553269 fcntl(11, F_GETFL <unfinished ...>
318332 17:02:50.553285 rt_sigprocmask(SIG_SETMASK, [],  <unfinished ...>
318331 17:02:50.553311 <... gettid resumed>) = 318331
318325 17:02:50.553344 <... rt_sigprocmask resumed>NULL, 8) = 0
318332 17:02:50.553368 <... rt_sigprocmask resumed>NULL, 8) = 0
318331 17:02:50.553385 nanosleep({tv_sec=0, tv_nsec=3000},  <unfinished ...>
318327 17:02:50.553410 <... fcntl resumed>) = 0x1 (flags O_WRONLY)
318332 17:02:50.553427 gettid( <unfinished ...>
318325 17:02:50.553451 futex(0xc000073948, FUTEX_WAKE_PRIVATE, 1 <unfinished ...>
318332 17:02:50.553468 <... gettid resumed>) = 318332
318327 17:02:50.553492 fcntl(11, F_SETFL, O_WRONLY|O_NONBLOCK <unfinished ...>
318332 17:02:50.553520 futex(0xeeaf80, FUTEX_WAKE_PRIVATE, 1 <unfinished ...>
318331 17:02:50.553546 <... nanosleep resumed>NULL) = 0
318328 17:02:50.553579 <... futex resumed>) = 0
318325 17:02:50.553603 <... futex resumed>) = 1
318332 17:02:50.553621 <... futex resumed>) = 0
318331 17:02:50.553636 futex(0xc000101148, FUTEX_WAIT_PRIVATE, 0, NULL <unfinished ...>
318328 17:02:50.553652 futex(0xc000073948, FUTEX_WAIT_PRIVATE, 0, NULL <unfinished ...>
318327 17:02:50.553667 <... fcntl resumed>) = 0
318332 17:02:50.553693 futex(0xc000280148, FUTEX_WAIT_PRIVATE, 0, NULL <unfinished ...>
318328 17:02:50.553725 <... futex resumed>) = -1 EAGAIN (Resource temporarily unavailable)
318325 17:02:50.553742 futex(0xc000073948, FUTEX_WAKE_PRIVATE, 1 <unfinished ...>
318328 17:02:50.553767 nanosleep({tv_sec=0, tv_nsec=3000},  <unfinished ...>
318327 17:02:50.553801 epoll_ctl(4, EPOLL_CTL_ADD, 11, {events=EPOLLIN|EPOLLOUT|EPOLLRDHUP|EPOLLET, data={u32=1519910913, u64=8340029791098372097}} <unfinished ...>
318325 17:02:50.553819 <... futex resumed>) = 0
318327 17:02:50.553844 <... epoll_ctl resumed>) = 0
318328 17:02:50.553869 <... nanosleep resumed>NULL) = 0
318325 17:02:50.553885 rt_sigprocmask(SIG_SETMASK, ~[HUP INT QUIT ILL TRAP ABRT BUS FPE SEGV TERM STKFLT CHLD URG PROF SYS RTMIN RT_1 RT_2],  <unfinished ...>
318328 17:02:50.553920 futex(0xc000280148, FUTEX_WAKE_PRIVATE, 1 <unfinished ...>
318327 17:02:50.553935 fcntl(10, F_GETFL <unfinished ...>
318328 17:02:50.553954 <... futex resumed>) = 1
318325 17:02:50.553980 <... rt_sigprocmask resumed>NULL, 8) = 0
318332 17:02:50.554005 <... futex resumed>) = 0
318328 17:02:50.554021 futex(0xc000073948, FUTEX_WAIT_PRIVATE, 0, NULL <unfinished ...>
318327 17:02:50.554036 <... fcntl resumed>) = 0x800 (flags O_RDONLY|O_NONBLOCK)
318332 17:02:50.554060 nanosleep({tv_sec=0, tv_nsec=3000},  <unfinished ...>
318325 17:02:50.554094 mmap(NULL, 262144, PROT_READ|PROT_WRITE, MAP_PRIVATE|MAP_ANONYMOUS, -1, 0 <unfinished ...>
318327 17:02:50.554111 fcntl(10, F_SETFL, O_RDONLY <unfinished ...>
318325 17:02:50.554136 <... mmap resumed>) = 0x73bdbc63c000
318327 17:02:50.554152 <... fcntl resumed>) = 0
318332 17:02:50.554179 <... nanosleep resumed>NULL) = 0
318325 17:02:50.554197 futex(0xc000073948, FUTEX_WAKE_PRIVATE, 1 <unfinished ...>
318332 17:02:50.554223 futex(0xc000101148, FUTEX_WAKE_PRIVATE, 1 <unfinished ...>
318327 17:02:50.554256 fcntl(11, F_GETFL <unfinished ...>
318332 17:02:50.554282 <... futex resumed>) = 1
318331 17:02:50.554306 <... futex resumed>) = 0
318328 17:02:50.554322 <... futex resumed>) = 0
318325 17:02:50.554337 <... futex resumed>) = 1
318332 17:02:50.554354 futex(0xeeaf80, FUTEX_WAKE_PRIVATE, 1 <unfinished ...>
318331 17:02:50.554378 futex(0xc000101148, FUTEX_WAIT_PRIVATE, 0, NULL <unfinished ...>
318328 17:02:50.554404 futex(0xc000073948, FUTEX_WAIT_PRIVATE, 0, NULL <unfinished ...>
318327 17:02:50.554429 <... fcntl resumed>) = 0x801 (flags O_WRONLY|O_NONBLOCK)
318332 17:02:50.554463 <... futex resumed>) = 0
318325 17:02:50.554487 rt_sigprocmask(SIG_SETMASK, ~[HUP INT QUIT ILL TRAP ABRT BUS FPE SEGV TERM STKFLT CHLD URG PROF SYS RTMIN RT_1 RT_2],  <unfinished ...>
318332 17:02:50.554523 futex(0xc000280148, FUTEX_WAIT_PRIVATE, 0, NULL <unfinished ...>
318327 17:02:50.554539 fcntl(11, F_SETFL, O_WRONLY <unfinished ...>
318325 17:02:50.554563 <... rt_sigprocmask resumed>NULL, 8) = 0
318327 17:02:50.554579 <... fcntl resumed>) = 0
318325 17:02:50.554604 futex(0xc000280148, FUTEX_WAKE_PRIVATE, 1 <unfinished ...>
318327 17:02:50.554629 pipe2( <unfinished ...>
318332 17:02:50.554653 <... futex resumed>) = 0
318325 17:02:50.554687 <... futex resumed>) = 1
318332 17:02:50.554703 nanosleep({tv_sec=0, tv_nsec=3000},  <unfinished ...>
318327 17:02:50.554728 <... pipe2 resumed>[12, 13], O_CLOEXEC) = 0
318325 17:02:50.554746 futex(0xc000073948, FUTEX_WAKE_PRIVATE, 1 <unfinished ...>
318327 17:02:50.554770 fcntl(12, F_GETFL <unfinished ...>
318325 17:02:50.554788 <... futex resumed>) = 1
318332 17:02:50.554815 <... nanosleep resumed>NULL) = 0
318328 17:02:50.554859 <... futex resumed>) = 0
318327 17:02:50.554875 <... fcntl resumed>) = 0 (flags O_RDONLY)
318332 17:02:50.554906 futex(0xc000101148, FUTEX_WAKE_PRIVATE, 1 <unfinished ...>
318328 17:02:50.554931 futex(0xc000073948, FUTEX_WAIT_PRIVATE, 0, NULL <unfinished ...>
318325 17:02:50.554952 futex(0xeeaf80, FUTEX_WAIT_PRIVATE, 0, NULL <unfinished ...>
318332 17:02:50.554971 <... futex resumed>) = 1
318331 17:02:50.554995 <... futex resumed>) = 0
318327 17:02:50.555019 fcntl(12, F_SETFL, O_RDONLY|O_NONBLOCK <unfinished ...>
318332 17:02:50.555045 futex(0xeeaf80, FUTEX_WAKE_PRIVATE, 1 <unfinished ...>
318331 17:02:50.555068 futex(0xc000101148, FUTEX_WAIT_PRIVATE, 0, NULL <unfinished ...>
318332 17:02:50.555094 <... futex resumed>) = 1
318327 17:02:50.555109 <... fcntl resumed>) = 0
318325 17:02:50.555133 <... futex resumed>) = 0
318332 17:02:50.555150 futex(0xc000280148, FUTEX_WAIT_PRIVATE, 0, NULL <unfinished ...>
318327 17:02:50.555178 epoll_ctl(4, EPOLL_CTL_ADD, 12, {events=EPOLLIN|EPOLLOUT|EPOLLRDHUP|EPOLLET, data={u32=1501560833, u64=8340029791080022017}} <unfinished ...>
318325 17:02:50.555216 rt_sigprocmask(SIG_SETMASK, ~[HUP INT QUIT ILL TRAP ABRT BUS FPE USR1 SEGV TERM STKFLT CHLD URG PROF SYS RTMIN RT_1 RT_2],  <unfinished ...>
318327 17:02:50.555244 <... epoll_ctl resumed>) = 0
318325 17:02:50.555280 <... rt_sigprocmask resumed>NULL, 8) = 0
318327 17:02:50.555296 fcntl(13, F_GETFL <unfinished ...>
318325 17:02:50.555321 futex(0xc000280148, FUTEX_WAKE_PRIVATE, 1 <unfinished ...>
318327 17:02:50.555337 <... fcntl resumed>) = 0x1 (flags O_WRONLY)
318332 17:02:50.555362 <... futex resumed>) = 0
318325 17:02:50.555378 <... futex resumed>) = 1
318332 17:02:50.555402 nanosleep({tv_sec=0, tv_nsec=3000},  <unfinished ...>
318327 17:02:50.555437 fcntl(13, F_SETFL, O_WRONLY|O_NONBLOCK <unfinished ...>
318325 17:02:50.555461 futex(0xc000101148, FUTEX_WAKE_PRIVATE, 1 <unfinished ...>
318327 17:02:50.555483 <... fcntl resumed>) = 0
318332 17:02:50.555537 <... nanosleep resumed>NULL) = 0
318331 17:02:50.555578 <... futex resumed>) = 0
318327 17:02:50.555594 epoll_ctl(4, EPOLL_CTL_ADD, 13, {events=EPOLLIN|EPOLLOUT|EPOLLRDHUP|EPOLLET, data={u32=1483210753, u64=8340029791061671937}} <unfinished ...>
318325 17:02:50.555624 <... futex resumed>) = 1
318332 17:02:50.555641 futex(0xc000073948, FUTEX_WAKE_PRIVATE, 1 <unfinished ...>
318331 17:02:50.555670 futex(0xc000101148, FUTEX_WAIT_PRIVATE, 0, NULL <unfinished ...>
318327 17:02:50.555687 <... epoll_ctl resumed>) = 0
318332 17:02:50.555716 <... futex resumed>) = 1
318328 17:02:50.555753 <... futex resumed>) = 0
318325 17:02:50.555792 futex(0xeeaf80, FUTEX_WAIT_PRIVATE, 0, NULL <unfinished ...>
318332 17:02:50.555812 futex(0xeeaf80, FUTEX_WAKE_PRIVATE, 1 <unfinished ...>
318328 17:02:50.555850 futex(0xc000073948, FUTEX_WAIT_PRIVATE, 0, NULL <unfinished ...>
318327 17:02:50.555869 fcntl(12, F_GETFL <unfinished ...>
318332 17:02:50.555888 <... futex resumed>) = 0
318325 17:02:50.555927 <... futex resumed>) = -1 EAGAIN (Resource temporarily unavailable)
318332 17:02:50.555949 futex(0xc000280148, FUTEX_WAIT_PRIVATE, 0, NULL <unfinished ...>
318327 17:02:50.555978 <... fcntl resumed>) = 0x800 (flags O_RDONLY|O_NONBLOCK)
318325 17:02:50.556016 rt_sigprocmask(SIG_SETMASK, ~[HUP INT QUIT ILL TRAP ABRT BUS FPE USR1 SEGV USR2 TERM STKFLT CHLD URG PROF SYS RTMIN RT_1 RT_2],  <unfinished ...>
318327 17:02:50.556036 fcntl(12, F_SETFL, O_RDONLY <unfinished ...>
318325 17:02:50.556057 <... rt_sigprocmask resumed>NULL, 8) = 0
318327 17:02:50.556083 <... fcntl resumed>) = 0
318325 17:02:50.556099 futex(0xc000280148, FUTEX_WAKE_PRIVATE, 1 <unfinished ...>
318327 17:02:50.556145 fcntl(13, F_GETFL <unfinished ...>
318325 17:02:50.556162 <... futex resumed>) = 1
318332 17:02:50.556179 <... futex resumed>) = 0
318327 17:02:50.556204 <... fcntl resumed>) = 0x801 (flags O_WRONLY|O_NONBLOCK)
318332 17:02:50.556221 futex(0xc000101148, FUTEX_WAKE_PRIVATE, 1 <unfinished ...>
318325 17:02:50.556237 futex(0xc000073948, FUTEX_WAKE_PRIVATE, 1 <unfinished ...>
318332 17:02:50.556263 <... futex resumed>) = 1
318331 17:02:50.556297 <... futex resumed>) = 0
318327 17:02:50.556321 fcntl(13, F_SETFL, O_WRONLY <unfinished ...>
318332 17:02:50.556339 futex(0xeeaf80, FUTEX_WAKE_PRIVATE, 1 <unfinished ...>
318331 17:02:50.556363 futex(0xc000101148, FUTEX_WAIT_PRIVATE, 0, NULL <unfinished ...>
318328 17:02:50.556379 <... futex resumed>) = 0
318325 17:02:50.556406 <... futex resumed>) = 1
318332 17:02:50.556423 <... futex resumed>) = 0
318328 17:02:50.556448 futex(0xc000073948, FUTEX_WAIT_PRIVATE, 0, NULL <unfinished ...>
318327 17:02:50.556464 <... fcntl resumed>) = 0
318332 17:02:50.556489 futex(0xc000280148, FUTEX_WAIT_PRIVATE, 0, NULL <unfinished ...>
318325 17:02:50.556505 rt_sigprocmask(SIG_SETMASK, ~[HUP INT QUIT ILL TRAP ABRT BUS FPE USR1 SEGV USR2 PIPE TERM STKFLT CHLD URG PROF SYS RTMIN RT_1 RT_2],  <unfinished ...>
318327 17:02:50.556534 fchown(6, 0, 0 <unfinished ...>
318325 17:02:50.556550 <... rt_sigprocmask resumed>NULL, 8) = 0
318327 17:02:50.556576 <... fchown resumed>) = 0
318325 17:02:50.556610 futex(0xc000280148, FUTEX_WAKE_PRIVATE, 1 <unfinished ...>
318327 17:02:50.556627 fchown(8, 0, 0 <unfinished ...>
318332 17:02:50.556653 <... futex resumed>) = 0
318325 17:02:50.556686 <... futex resumed>) = 1
318332 17:02:50.556721 nanosleep({tv_sec=0, tv_nsec=3000},  <unfinished ...>
318327 17:02:50.556762 <... fchown resumed>) = 0
318325 17:02:50.556778 futex(0xc000073948, FUTEX_WAKE_PRIVATE, 1 <unfinished ...>
318327 17:02:50.556803 fchown(10, 0, 0 <unfinished ...>
318325 17:02:50.556819 <... futex resumed>) = 1
318332 17:02:50.556844 <... nanosleep resumed>NULL) = 0
318328 17:02:50.556877 <... futex resumed>) = 0
318327 17:02:50.556892 <... fchown resumed>) = 0
318332 17:02:50.556918 futex(0xc000101148, FUTEX_WAKE_PRIVATE, 1 <unfinished ...>
318328 17:02:50.556951 futex(0xc000073948, FUTEX_WAIT_PRIVATE, 0, NULL <unfinished ...>
318325 17:02:50.556967 futex(0xeeaf80, FUTEX_WAIT_PRIVATE, 0, NULL <unfinished ...>
318332 17:02:50.556993 <... futex resumed>) = 1
318331 17:02:50.557008 <... futex resumed>) = 0
318327 17:02:50.557032 fchown(11, 0, 0 <unfinished ...>
318332 17:02:50.557066 futex(0xeeaf80, FUTEX_WAKE_PRIVATE, 1 <unfinished ...>
318331 17:02:50.557082 futex(0xc000101148, FUTEX_WAIT_PRIVATE, 0, NULL <unfinished ...>
318332 17:02:50.557108 <... futex resumed>) = 1
318327 17:02:50.557123 <... fchown resumed>) = 0
318325 17:02:50.557147 <... futex resumed>) = 0
318332 17:02:50.557172 futex(0xc000280148, FUTEX_WAIT_PRIVATE, 0, NULL <unfinished ...>
318327 17:02:50.557196 fchown(12, 0, 0 <unfinished ...>
318325 17:02:50.557212 rt_sigprocmask(SIG_SETMASK, ~[HUP INT QUIT ILL TRAP ABRT BUS FPE USR1 SEGV USR2 PIPE ALRM TERM STKFLT CHLD URG PROF SYS RTMIN RT_1 RT_2],  <unfinished ...>
318327 17:02:50.557238 <... fchown resumed>) = 0
318325 17:02:50.557254 <... rt_sigprocmask resumed>NULL, 8) = 0
318327 17:02:50.557279 fchown(13, 0, 0 <unfinished ...>
318325 17:02:50.557312 futex(0xc000280148, FUTEX_WAKE_PRIVATE, 1 <unfinished ...>
318327 17:02:50.557329 <... fchown resumed>) = 0
318332 17:02:50.557354 <... futex resumed>) = 0
318325 17:02:50.557370 <... futex resumed>) = 1
318332 17:02:50.557387 nanosleep({tv_sec=0, tv_nsec=3000},  <unfinished ...>
318327 17:02:50.557405 mknodat(AT_FDCWD, "/run/runc/anolix-07e208e041f2/exec.fifo", S_IFIFO|0622 <unfinished ...>
318325 17:02:50.557448 futex(0xc000101148, FUTEX_WAKE_PRIVATE, 1 <unfinished ...>
318332 17:02:50.557492 <... nanosleep resumed>NULL) = 0
318331 17:02:50.557535 <... futex resumed>) = 0
318327 17:02:50.557552 <... mknodat resumed>) = 0
318325 17:02:50.557576 <... futex resumed>) = 1
318332 17:02:50.557599 futex(0xc000073948, FUTEX_WAKE_PRIVATE, 1 <unfinished ...>
318331 17:02:50.557625 mmap(NULL, 262144, PROT_READ|PROT_WRITE, MAP_PRIVATE|MAP_ANONYMOUS, -1, 0 <unfinished ...>
318327 17:02:50.557641 fchmodat(AT_FDCWD, "/run/runc/anolix-07e208e041f2/exec.fifo", 0622 <unfinished ...>
318332 17:02:50.557673 <... futex resumed>) = 1
318331 17:02:50.557699 <... mmap resumed>) = 0x73bdbc5fc000
318328 17:02:50.557734 <... futex resumed>) = 0
318325 17:02:50.557750 futex(0xeeaf80, FUTEX_WAIT_PRIVATE, 0, NULL <unfinished ...>
318332 17:02:50.557781 futex(0xeeaf80, FUTEX_WAKE_PRIVATE, 1 <unfinished ...>
318328 17:02:50.557817 rt_sigprocmask(SIG_SETMASK, ~[RTMIN RT_1],  <unfinished ...>
318327 17:02:50.557836 <... fchmodat resumed>) = 0
318332 17:02:50.557861 <... futex resumed>) = 0
318331 17:02:50.557877 uname( <unfinished ...>
318328 17:02:50.557906 <... rt_sigprocmask resumed>[], 8) = 0
318325 17:02:50.557932 <... futex resumed>) = -1 EAGAIN (Resource temporarily unavailable)
318332 17:02:50.557960 futex(0xc000280148, FUTEX_WAIT_PRIVATE, 0, NULL <unfinished ...>
318331 17:02:50.557978 <... uname resumed>{sysname="Linux", nodename="LAPTOP-BF0J00M9", ...}) = 0
318328 17:02:50.558009 mmap(NULL, 8392704, PROT_NONE, MAP_PRIVATE|MAP_ANONYMOUS|MAP_STACK, -1, 0 <unfinished ...>
318327 17:02:50.558056 fchownat(AT_FDCWD, "/run/runc/anolix-07e208e041f2/exec.fifo", 0, 0, 0 <unfinished ...>
318331 17:02:50.558087 copy_file_range(0, NULL, 8, NULL, 2147479552, 0 <unfinished ...>
318328 17:02:50.558118 <... mmap resumed>) = 0x73bdadffc000
318325 17:02:50.558150 rt_sigprocmask(SIG_SETMASK, ~[HUP INT QUIT ILL TRAP ABRT BUS FPE USR1 SEGV USR2 PIPE ALRM TERM STKFLT CHLD URG PROF SYS RTMIN RT_1 RT_2],  <unfinished ...>
318331 17:02:50.558177 <... copy_file_range resumed>) = -1 EINVAL (Invalid argument)
318328 17:02:50.558222 mprotect(0x73bdadffd000, 8388608, PROT_READ|PROT_WRITE <unfinished ...>
318327 17:02:50.558284 <... fchownat resumed>) = 0
318331 17:02:50.558334 read(0,  <unfinished ...>
318328 17:02:50.558368 <... mprotect resumed>) = 0
318325 17:02:50.558399 <... rt_sigprocmask resumed>NULL, 8) = 0
318328 17:02:50.558443 rt_sigprocmask(SIG_BLOCK, ~[],  <unfinished ...>
318327 17:02:50.558491 socketpair(AF_UNIX, SOCK_STREAM|SOCK_CLOEXEC, 0,  <unfinished ...>
318328 17:02:50.558576 <... rt_sigprocmask resumed>~[KILL STOP RTMIN RT_1], 8) = 0
318325 17:02:50.558655 futex(0xc000280148, FUTEX_WAKE_PRIVATE, 1 <unfinished ...>
318328 17:02:50.558683 clone3({flags=CLONE_VM|CLONE_FS|CLONE_FILES|CLONE_SIGHAND|CLONE_THREAD|CLONE_SYSVSEM|CLONE_SETTLS|CLONE_PARENT_SETTID|CLONE_CHILD_CLEARTID, child_tid=0x73bdae7fc990, parent_tid=0x73bdae7fc990, exit_signal=0, stack=0x73bdadffc000, stack_size=0x7fff80, tls=0x73bdae7fc6c0} <unfinished ...>
318327 17:02:50.558729 <... socketpair resumed>[14, 15]) = 0
318332 17:02:50.558774 <... futex resumed>) = 0
318325 17:02:50.558820 <... futex resumed>) = 1
318332 17:02:50.558890 futex(0xeeaf80, FUTEX_WAKE_PRIVATE, 1 <unfinished ...>
318327 17:02:50.558948 fcntl(15, F_GETFL <unfinished ...>
318333 17:02:50.558996 rseq(0x73bdae7fcfe0, 0x20, 0, 0x53053053 <unfinished ...>
318332 17:02:50.559014 <... futex resumed>) = 0
318328 17:02:50.559032 <... clone3 resumed> => {parent_tid=[318333]}, 88) = 318333
318325 17:02:50.559056 rt_sigprocmask(SIG_SETMASK, ~[HUP INT QUIT ILL TRAP ABRT BUS FPE USR1 SEGV USR2 PIPE ALRM TERM STKFLT CHLD URG PROF SYS RTMIN RT_1 RT_2],  <unfinished ...>
318333 17:02:50.559079 <... rseq resumed>) = 0
318332 17:02:50.559104 futex(0xc000280148, FUTEX_WAIT_PRIVATE, 0, NULL <unfinished ...>
318328 17:02:50.559132 rt_sigprocmask(SIG_SETMASK, ~[KILL STOP RTMIN RT_1],  <unfinished ...>
318327 17:02:50.559190 <... fcntl resumed>) = 0x2 (flags O_RDWR)
318333 17:02:50.559221 set_robust_list(0x73bdae7fc9a0, 24 <unfinished ...>
318328 17:02:50.559240 <... rt_sigprocmask resumed>NULL, 8) = 0
318325 17:02:50.559260 <... rt_sigprocmask resumed>NULL, 8) = 0
318333 17:02:50.559290 <... set_robust_list resumed>) = 0
318328 17:02:50.559337 rt_sigprocmask(SIG_SETMASK, [],  <unfinished ...>
318327 17:02:50.559393 fcntl(14, F_GETFL <unfinished ...>
318333 17:02:50.559415 rt_sigprocmask(SIG_SETMASK, ~[KILL STOP RTMIN RT_1],  <unfinished ...>
318328 17:02:50.559457 <... rt_sigprocmask resumed>NULL, 8) = 0
318325 17:02:50.559482 futex(0xc000280148, FUTEX_WAKE_PRIVATE, 1 <unfinished ...>
318333 17:02:50.559535 <... rt_sigprocmask resumed>NULL, 8) = 0
318328 17:02:50.559584 copy_file_range(10, NULL, 1, NULL, 2147479552, 0 <unfinished ...>
318327 17:02:50.559633 <... fcntl resumed>) = 0x2 (flags O_RDWR)
318333 17:02:50.559679 mmap(NULL, 134217728, PROT_NONE, MAP_PRIVATE|MAP_ANONYMOUS, -1, 0 <unfinished ...>
318332 17:02:50.559729 <... futex resumed>) = 0
318328 17:02:50.559784 <... copy_file_range resumed>) = -1 EINVAL (Invalid argument)
318325 17:02:50.559828 <... futex resumed>) = 1
318333 17:02:50.559874 <... mmap resumed>) = 0x73bd94000000
318332 17:02:50.559936 futex(0xeeaf80, FUTEX_WAKE_PRIVATE, 1 <unfinished ...>
318328 17:02:50.559979 read(10,  <unfinished ...>
318327 17:02:50.560026 socketpair(AF_UNIX, SOCK_SEQPACKET|SOCK_CLOEXEC, 0,  <unfinished ...>
318326 17:02:50.560067 <... nanosleep resumed>NULL) = 0
318333 17:02:50.560107 munmap(0x73bd98000000, 67108864 <unfinished ...>
318332 17:02:50.560148 <... futex resumed>) = 0
318327 17:02:50.560188 <... socketpair resumed>[16, 17]) = 0
318325 17:02:50.560234 rt_sigprocmask(SIG_SETMASK, [KILL STOP TSTP TTIN TTOU XCPU XFSZ VTALRM WINCH IO PWR RT_3 RT_4 RT_5 RT_6 RT_7 RT_8 RT_9 RT_10 RT_11 RT_12 RT_13 RT_14 RT_15 RT_16 RT_17 RT_18 RT_19 RT_20 RT_21 RT_22 RT_23 RT_24 RT_25 RT_26 RT_27 RT_28 RT_29 RT_30 RT_31 RT_32],  <unfinished ...>
318333 17:02:50.560289 <... munmap resumed>) = 0
318332 17:02:50.560328 futex(0xc000280148, FUTEX_WAIT_PRIVATE, 0, NULL <unfinished ...>
318327 17:02:50.560374 fcntl(17, F_GETFL <unfinished ...>
318326 17:02:50.560422 epoll_pwait(4,  <unfinished ...>
318333 17:02:50.560466 mprotect(0x73bd94000000, 135168, PROT_READ|PROT_WRITE <unfinished ...>
318327 17:02:50.560508 <... fcntl resumed>) = 0x2 (flags O_RDWR)
318325 17:02:50.560547 <... rt_sigprocmask resumed>NULL, 8) = 0
318333 17:02:50.560589 <... mprotect resumed>) = 0
318327 17:02:50.560630 fcntl(16, F_GETFL <unfinished ...>
318326 17:02:50.560671 <... epoll_pwait resumed>[{events=EPOLLOUT, data={u32=1556611073, u64=8340029791135072257}}, {events=EPOLLOUT, data={u32=1519910913, u64=8340029791098372097}}, {events=EPOLLOUT, data={u32=1483210753, u64=8340029791061671937}}], 128, 0, NULL, 0) = 3
318333 17:02:50.560721 sigaltstack(NULL,  <unfinished ...>
318327 17:02:50.560762 <... fcntl resumed>) = 0x2 (flags O_RDWR)
318325 17:02:50.560803 futex(0xc000280148, FUTEX_WAKE_PRIVATE, 1 <unfinished ...>
318333 17:02:50.560849 <... sigaltstack resumed>{ss_sp=NULL, ss_flags=SS_DISABLE, ss_size=0}) = 0
318327 17:02:50.560894 futex(0xf0b5d8, FUTEX_WAKE_PRIVATE, 1 <unfinished ...>
318326 17:02:50.560933 getpid( <unfinished ...>
318333 17:02:50.560975 sigaltstack({ss_sp=0xc00023e000, ss_flags=0, ss_size=32768},  <unfinished ...>
318332 17:02:50.561032 <... futex resumed>) = 0
318327 17:02:50.561074 <... futex resumed>) = 1
318325 17:02:50.561122 <... futex resumed>) = 1
318333 17:02:50.561165 <... sigaltstack resumed>NULL) = 0
318332 17:02:50.561222 rt_sigaction(SIGCONT, NULL,  <unfinished ...>
318330 17:02:50.561264 <... futex resumed>) = 0
318327 17:02:50.561338 futex(0xc000073148, FUTEX_WAIT_PRIVATE, 0, NULL <unfinished ...>
318326 17:02:50.561381 <... getpid resumed>) = 318325
318333 17:02:50.561447 rt_sigprocmask(SIG_SETMASK, [],  <unfinished ...>
318332 17:02:50.561480 <... rt_sigaction resumed>{sa_handler=SIG_DFL, sa_mask=[], sa_flags=0}, 8) = 0
318330 17:02:50.561523 rt_sigprocmask(SIG_SETMASK, ~[RTMIN RT_1],  <unfinished ...>
318325 17:02:50.561555 futex(0xeeaf80, FUTEX_WAIT_PRIVATE, 0, NULL <unfinished ...>
318333 17:02:50.561605 <... rt_sigprocmask resumed>NULL, 8) = 0
318332 17:02:50.561647 rt_sigaction(SIGCONT, {sa_handler=0x4816e0, sa_mask=~[RTMIN RT_1], sa_flags=SA_RESTORER|SA_ONSTACK|SA_RESTART|SA_SIGINFO, sa_restorer=0x73be05045330},  <unfinished ...>
318330 17:02:50.561691 <... rt_sigprocmask resumed>[], 8) = 0
318326 17:02:50.561733 tgkill(318325, 318327, SIGURG <unfinished ...>
318333 17:02:50.561778 gettid( <unfinished ...>
318332 17:02:50.561819 <... rt_sigaction resumed>NULL, 8) = 0
318330 17:02:50.561859 mmap(NULL, 8392704, PROT_NONE, MAP_PRIVATE|MAP_ANONYMOUS|MAP_STACK, -1, 0 <unfinished ...>
318333 17:02:50.561902 <... gettid resumed>) = 318333
318332 17:02:50.561946 futex(0xeeaf80, FUTEX_WAKE_PRIVATE, 1 <unfinished ...>
318327 17:02:50.561982 <... futex resumed>) = ? ERESTARTSYS (To be restarted if SA_RESTART is set)
318326 17:02:50.562025 <... tgkill resumed>) = 0
318333 17:02:50.562069 rt_sigprocmask(SIG_SETMASK, ~[RTMIN RT_1],  <unfinished ...>
318332 17:02:50.562113 <... futex resumed>) = 1
318330 17:02:50.562153 <... mmap resumed>) = 0x73bdad7fb000
318327 17:02:50.562202 --- SIGURG {si_signo=SIGURG, si_code=SI_TKILL, si_pid=318325, si_uid=0} ---
318325 17:02:50.562245 <... futex resumed>) = 0
318333 17:02:50.562290 <... rt_sigprocmask resumed>[], 8) = 0
318332 17:02:50.562332 futex(0xc000280148, FUTEX_WAIT_PRIVATE, 0, NULL <unfinished ...>
318330 17:02:50.562371 mprotect(0x73bdad7fc000, 8388608, PROT_READ|PROT_WRITE <unfinished ...>
318327 17:02:50.562411 rt_sigreturn({mask=[]} <unfinished ...>
318326 17:02:50.562482 nanosleep({tv_sec=0, tv_nsec=10000000},  <unfinished ...>
318333 17:02:50.562529 mmap(NULL, 8392704, PROT_NONE, MAP_PRIVATE|MAP_ANONYMOUS|MAP_STACK, -1, 0 <unfinished ...>
318330 17:02:50.562565 <... mprotect resumed>) = 0
318327 17:02:50.562581 <... rt_sigreturn resumed>) = 202
318325 17:02:50.562605 rt_sigprocmask(SIG_SETMASK, [KILL STOP TTIN TTOU XCPU XFSZ VTALRM WINCH IO PWR RT_3 RT_4 RT_5 RT_6 RT_7 RT_8 RT_9 RT_10 RT_11 RT_12 RT_13 RT_14 RT_15 RT_16 RT_17 RT_18 RT_19 RT_20 RT_21 RT_22 RT_23 RT_24 RT_25 RT_26 RT_27 RT_28 RT_29 RT_30 RT_31 RT_32],  <unfinished ...>
318333 17:02:50.562647 <... mmap resumed>) = 0x73bdacffa000
318330 17:02:50.562672 rt_sigprocmask(SIG_BLOCK, ~[],  <unfinished ...>
318327 17:02:50.562707 futex(0xc000073148, FUTEX_WAIT_PRIVATE, 0, NULL <unfinished ...>
318333 17:02:50.562735 mprotect(0x73bdacffb000, 8388608, PROT_READ|PROT_WRITE <unfinished ...>
318330 17:02:50.562751 <... rt_sigprocmask resumed>~[KILL STOP RTMIN RT_1], 8) = 0
318325 17:02:50.562777 <... rt_sigprocmask resumed>NULL, 8) = 0
318333 17:02:50.562794 <... mprotect resumed>) = 0
318330 17:02:50.562818 clone3({flags=CLONE_VM|CLONE_FS|CLONE_FILES|CLONE_SIGHAND|CLONE_THREAD|CLONE_SYSVSEM|CLONE_SETTLS|CLONE_PARENT_SETTID|CLONE_CHILD_CLEARTID, child_tid=0x73bdadffb990, parent_tid=0x73bdadffb990, exit_signal=0, stack=0x73bdad7fb000, stack_size=0x7fff80, tls=0x73bdadffb6c0} <unfinished ...>
318333 17:02:50.562847 rt_sigprocmask(SIG_BLOCK, ~[],  <unfinished ...>
318325 17:02:50.562882 futex(0xc000280148, FUTEX_WAKE_PRIVATE, 1 <unfinished ...>
318333 17:02:50.562901 <... rt_sigprocmask resumed>~[KILL STOP RTMIN RT_1], 8) = 0
318333 17:02:50.562964 clone3({flags=CLONE_VM|CLONE_FS|CLONE_FILES|CLONE_SIGHAND|CLONE_THREAD|CLONE_SYSVSEM|CLONE_SETTLS|CLONE_PARENT_SETTID|CLONE_CHILD_CLEARTID, child_tid=0x73bdad7fa990, parent_tid=0x73bdad7fa990, exit_signal=0, stack=0x73bdacffa000, stack_size=0x7fff80, tls=0x73bdad7fa6c0} <unfinished ...>
318332 17:02:50.563016 <... futex resumed>) = 0
318325 17:02:50.563049 <... futex resumed>) = 1
318334 17:02:50.563086 rseq(0x73bdadffbfe0, 0x20, 0, 0x53053053 <unfinished ...>
318332 17:02:50.563134 rt_sigaction(SIGTSTP, NULL,  <unfinished ...>
318330 17:02:50.563186 <... clone3 resumed> => {parent_tid=[318334]}, 88) = 318334
318335 17:02:50.563234 rseq(0x73bdad7fafe0, 0x20, 0, 0x53053053 <unfinished ...>
318334 17:02:50.563269 <... rseq resumed>) = 0
318333 17:02:50.563285 <... clone3 resumed> => {parent_tid=[318335]}, 88) = 318335
318332 17:02:50.563321 <... rt_sigaction resumed>{sa_handler=SIG_DFL, sa_mask=[], sa_flags=0}, 8) = 0
318325 17:02:50.563339 futex(0xeeaf80, FUTEX_WAIT_PRIVATE, 0, NULL <unfinished ...>
318335 17:02:50.563357 <... rseq resumed>) = 0
318334 17:02:50.563381 set_robust_list(0x73bdadffb9a0, 24 <unfinished ...>
318333 17:02:50.563406 rt_sigprocmask(SIG_SETMASK, ~[KILL STOP RTMIN RT_1],  <unfinished ...>
318332 17:02:50.563417 rt_sigaction(SIGTSTP, {sa_handler=0x4816e0, sa_mask=~[RTMIN RT_1], sa_flags=SA_RESTORER|SA_ONSTACK|SA_RESTART|SA_SIGINFO, sa_restorer=0x73be05045330},  <unfinished ...>
318330 17:02:50.563432 rt_sigprocmask(SIG_SETMASK, ~[KILL STOP RTMIN RT_1],  <unfinished ...>
318335 17:02:50.563459 set_robust_list(0x73bdad7fa9a0, 24 <unfinished ...>
318334 17:02:50.563481 <... set_robust_list resumed>) = 0
318333 17:02:50.563499 <... rt_sigprocmask resumed>NULL, 8) = 0
318332 17:02:50.563507 <... rt_sigaction resumed>NULL, 8) = 0
318335 17:02:50.563524 <... set_robust_list resumed>) = 0
318334 17:02:50.563548 rt_sigprocmask(SIG_SETMASK, ~[KILL STOP RTMIN RT_1],  <unfinished ...>
318333 17:02:50.563565 rt_sigprocmask(SIG_SETMASK, [],  <unfinished ...>
318330 17:02:50.563591 <... rt_sigprocmask resumed>NULL, 8) = 0
318335 17:02:50.563608 rt_sigprocmask(SIG_SETMASK, ~[KILL STOP RTMIN RT_1],  <unfinished ...>
318334 17:02:50.563633 <... rt_sigprocmask resumed>NULL, 8) = 0
318333 17:02:50.563649 <... rt_sigprocmask resumed>NULL, 8) = 0
318332 17:02:50.563673 futex(0xeeaf80, FUTEX_WAKE_PRIVATE, 1 <unfinished ...>
318335 17:02:50.563707 <... rt_sigprocmask resumed>NULL, 8) = 0
318334 17:02:50.563732 openat(AT_FDCWD, "/sys/devices/system/cpu/online", O_RDONLY|O_CLOEXEC <unfinished ...>
318333 17:02:50.563761 futex(0xc000073148, FUTEX_WAKE_PRIVATE, 1 <unfinished ...>
318330 17:02:50.563777 rt_sigprocmask(SIG_SETMASK, [],  <unfinished ...>
318335 17:02:50.563795 openat(AT_FDCWD, "/sys/devices/system/cpu/online", O_RDONLY|O_CLOEXEC <unfinished ...>
318334 17:02:50.563821 <... openat resumed>) = 18
318333 17:02:50.563837 <... futex resumed>) = 1
318332 17:02:50.563861 <... futex resumed>) = 1
318325 17:02:50.563888 <... futex resumed>) = 0
318335 17:02:50.563915 <... openat resumed>) = 19
318334 17:02:50.563947 read(18,  <unfinished ...>
318333 17:02:50.563962 futex(0xc000101948, FUTEX_WAIT_PRIVATE, 0, NULL <unfinished ...>
318332 17:02:50.563986 futex(0xc000280148, FUTEX_WAIT_PRIVATE, 0, NULL <unfinished ...>
318330 17:02:50.564002 <... rt_sigprocmask resumed>NULL, 8) = 0
318327 17:02:50.564032 <... futex resumed>) = 0
318335 17:02:50.564066 read(19,  <unfinished ...>
318334 17:02:50.564090 <... read resumed>"0-15\n", 1024) = 5
318330 17:02:50.564108 futex(0xf0b5d8, FUTEX_WAIT_PRIVATE, 0, NULL <unfinished ...>
318325 17:02:50.564133 rt_sigprocmask(SIG_SETMASK, [KILL STOP TTOU XCPU XFSZ VTALRM WINCH IO PWR RT_3 RT_4 RT_5 RT_6 RT_7 RT_8 RT_9 RT_10 RT_11 RT_12 RT_13 RT_14 RT_15 RT_16 RT_17 RT_18 RT_19 RT_20 RT_21 RT_22 RT_23 RT_24 RT_25 RT_26 RT_27 RT_28 RT_29 RT_30 RT_31 RT_32],  <unfinished ...>
318335 17:02:50.564156 <... read resumed>"0-15\n", 1024) = 5
318334 17:02:50.564182 close(18 <unfinished ...>
318327 17:02:50.564214 pipe2( <unfinished ...>
318335 17:02:50.564240 close(19 <unfinished ...>
318334 17:02:50.564257 <... close resumed>) = 0
318325 17:02:50.564281 <... rt_sigprocmask resumed>NULL, 8) = 0
318335 17:02:50.564297 <... close resumed>) = 0
318334 17:02:50.564321 mmap(0x73bd98000000, 67108864, PROT_NONE, MAP_PRIVATE|MAP_ANONYMOUS, -1, 0 <unfinished ...>
318327 17:02:50.564364 <... pipe2 resumed>[18, 20], O_CLOEXEC) = 0
318335 17:02:50.564383 mmap(0x73bd98000000, 67108864, PROT_NONE, MAP_PRIVATE|MAP_ANONYMOUS, -1, 0 <unfinished ...>
318334 17:02:50.564407 <... mmap resumed>) = 0x73bd98000000
318325 17:02:50.564423 futex(0xc000280148, FUTEX_WAKE_PRIVATE, 1 <unfinished ...>
318335 17:02:50.564448 <... mmap resumed>) = 0x73bd90000000
318334 17:02:50.564464 mprotect(0x73bd98000000, 135168, PROT_READ|PROT_WRITE <unfinished ...>
318327 17:02:50.564488 fcntl(18, F_GETFL <unfinished ...>
318335 17:02:50.564522 mprotect(0x73bd90000000, 135168, PROT_READ|PROT_WRITE <unfinished ...>
318334 17:02:50.564546 <... mprotect resumed>) = 0
318332 17:02:50.564572 <... futex resumed>) = 0
318325 17:02:50.564588 <... futex resumed>) = 1
318335 17:02:50.564613 <... mprotect resumed>) = 0
318334 17:02:50.564629 sigaltstack(NULL,  <unfinished ...>
318332 17:02:50.564653 rt_sigaction(SIGTTIN, NULL,  <unfinished ...>
318327 17:02:50.564685 <... fcntl resumed>) = 0 (flags O_RDONLY)
318335 17:02:50.564711 sigaltstack(NULL,  <unfinished ...>
318334 17:02:50.564735 <... sigaltstack resumed>{ss_sp=NULL, ss_flags=SS_DISABLE, ss_size=0}) = 0
318332 17:02:50.564762 <... rt_sigaction resumed>{sa_handler=SIG_DFL, sa_mask=[], sa_flags=0}, 8) = 0
318325 17:02:50.564797 futex(0xeeaf80, FUTEX_WAIT_PRIVATE, 0, NULL <unfinished ...>
318335 17:02:50.564822 <... sigaltstack resumed>{ss_sp=NULL, ss_flags=SS_DISABLE, ss_size=0}) = 0
318334 17:02:50.564857 sigaltstack({ss_sp=0xc0000b6000, ss_flags=0, ss_size=32768},  <unfinished ...>
318332 17:02:50.564874 rt_sigaction(SIGTTIN, {sa_handler=0x4816e0, sa_mask=~[RTMIN RT_1], sa_flags=SA_RESTORER|SA_ONSTACK|SA_RESTART|SA_SIGINFO, sa_restorer=0x73be05045330},  <unfinished ...>
318327 17:02:50.564900 fcntl(18, F_SETFL, O_RDONLY|O_NONBLOCK <unfinished ...>
318335 17:02:50.564917 sigaltstack({ss_sp=0xc000384000, ss_flags=0, ss_size=32768},  <unfinished ...>
318334 17:02:50.564943 <... sigaltstack resumed>NULL) = 0
318332 17:02:50.564981 <... rt_sigaction resumed>NULL, 8) = 0
318335 17:02:50.564998 <... sigaltstack resumed>NULL) = 0
318334 17:02:50.565028 rt_sigprocmask(SIG_SETMASK, [],  <unfinished ...>
318327 17:02:50.565050 <... fcntl resumed>) = 0
318335 17:02:50.565081 rt_sigprocmask(SIG_SETMASK, [],  <unfinished ...>
318334 17:02:50.565120 <... rt_sigprocmask resumed>NULL, 8) = 0
318332 17:02:50.565155 futex(0xeeaf80, FUTEX_WAKE_PRIVATE, 1 <unfinished ...>
318335 17:02:50.565172 <... rt_sigprocmask resumed>NULL, 8) = 0
318334 17:02:50.565197 gettid( <unfinished ...>
318327 17:02:50.565212 epoll_ctl(4, EPOLL_CTL_ADD, 18, {events=EPOLLIN|EPOLLOUT|EPOLLRDHUP|EPOLLET, data={u32=1464860673, u64=8340029791043321857}} <unfinished ...>
318335 17:02:50.565244 gettid( <unfinished ...>
318334 17:02:50.565273 <... gettid resumed>) = 318334
318332 17:02:50.565309 <... futex resumed>) = 1
318325 17:02:50.565334 <... futex resumed>) = 0
318335 17:02:50.565360 <... gettid resumed>) = 318335
318334 17:02:50.565393 copy_file_range(12, NULL, 2, NULL, 2147479552, 0 <unfinished ...>
318332 17:02:50.565412 futex(0xc000280148, FUTEX_WAIT_PRIVATE, 0, NULL <unfinished ...>
318327 17:02:50.565440 <... epoll_ctl resumed>) = 0
318335 17:02:50.565458 futex(0xc000380148, FUTEX_WAIT_PRIVATE, 0, NULL <unfinished ...>
318334 17:02:50.565483 <... copy_file_range resumed>) = -1 EINVAL (Invalid argument)
318325 17:02:50.565500 rt_sigprocmask(SIG_SETMASK, [KILL STOP XCPU XFSZ VTALRM WINCH IO PWR RT_3 RT_4 RT_5 RT_6 RT_7 RT_8 RT_9 RT_10 RT_11 RT_12 RT_13 RT_14 RT_15 RT_16 RT_17 RT_18 RT_19 RT_20 RT_21 RT_22 RT_23 RT_24 RT_25 RT_26 RT_27 RT_28 RT_29 RT_30 RT_31 RT_32],  <unfinished ...>
318327 17:02:50.565529 fcntl(20, F_GETFL <unfinished ...>
318334 17:02:50.565546 read(12,  <unfinished ...>
318325 17:02:50.565570 <... rt_sigprocmask resumed>NULL, 8) = 0
318327 17:02:50.565586 <... fcntl resumed>) = 0x1 (flags O_WRONLY)
318325 17:02:50.565612 futex(0xc000380148, FUTEX_WAKE_PRIVATE, 1 <unfinished ...>
318327 17:02:50.565628 fcntl(20, F_SETFL, O_WRONLY|O_NONBLOCK <unfinished ...>
318335 17:02:50.565660 <... futex resumed>) = 0
318325 17:02:50.565677 <... futex resumed>) = 1
318335 17:02:50.565695 nanosleep({tv_sec=0, tv_nsec=3000},  <unfinished ...>
318327 17:02:50.565722 <... fcntl resumed>) = 0
318325 17:02:50.565738 futex(0xc000280148, FUTEX_WAKE_PRIVATE, 1 <unfinished ...>
318327 17:02:50.565763 epoll_ctl(4, EPOLL_CTL_ADD, 20, {events=EPOLLIN|EPOLLOUT|EPOLLRDHUP|EPOLLET, data={u32=1446510593, u64=8340029791024971777}} <unfinished ...>
318335 17:02:50.565800 <... nanosleep resumed>NULL) = 0
318332 17:02:50.565817 <... futex resumed>) = 0
318325 17:02:50.565840 <... futex resumed>) = 1
318335 17:02:50.565881 futex(0xc000101948, FUTEX_WAKE_PRIVATE, 1 <unfinished ...>
318332 17:02:50.565897 futex(0xc000280148, FUTEX_WAIT_PRIVATE, 0, NULL <unfinished ...>
318327 17:02:50.565922 <... epoll_ctl resumed>) = 0
318335 17:02:50.565939 <... futex resumed>) = 1
318333 17:02:50.565964 <... futex resumed>) = 0
318325 17:02:50.565979 futex(0xeeaf80, FUTEX_WAIT_PRIVATE, 0, NULL <unfinished ...>
318335 17:02:50.566006 rt_sigaction(SIGTTOU, NULL,  <unfinished ...>
318333 17:02:50.566039 futex(0xc000101948, FUTEX_WAIT_PRIVATE, 0, NULL <unfinished ...>
318335 17:02:50.566064 <... rt_sigaction resumed>{sa_handler=SIG_DFL, sa_mask=[], sa_flags=0}, 8) = 0
318335 17:02:50.566137 rt_sigaction(SIGTTOU, {sa_handler=0x4816e0, sa_mask=~[RTMIN RT_1], sa_flags=SA_RESTORER|SA_ONSTACK|SA_RESTART|SA_SIGINFO, sa_restorer=0x73be05045330},  <unfinished ...>
318327 17:02:50.566186 openat(AT_FDCWD, "/proc/self/exe", O_RDONLY|O_CLOEXEC <unfinished ...>
318335 17:02:50.566225 <... rt_sigaction resumed>NULL, 8) = 0
318327 17:02:50.566251 <... openat resumed>) = 19
318335 17:02:50.566285 futex(0xc000101948, FUTEX_WAKE_PRIVATE, 1 <unfinished ...>
318327 17:02:50.566314 fcntl(19, F_GETFL <unfinished ...>
318335 17:02:50.566351 <... futex resumed>) = 1
318333 17:02:50.566375 <... futex resumed>) = 0
318335 17:02:50.566400 futex(0xeeaf80, FUTEX_WAKE_PRIVATE, 1 <unfinished ...>
318327 17:02:50.566434 <... fcntl resumed>) = 0x8000 (flags O_RDONLY|O_LARGEFILE)
318335 17:02:50.566455 <... futex resumed>) = 1
318333 17:02:50.566484 futex(0xc000101948, FUTEX_WAIT_PRIVATE, 0, NULL <unfinished ...>
318335 17:02:50.566516 futex(0xc000380148, FUTEX_WAIT_PRIVATE, 0, NULL <unfinished ...>
318327 17:02:50.566532 fcntl(19, F_SETFL, O_RDONLY|O_NONBLOCK|O_LARGEFILE <unfinished ...>
318325 17:02:50.566557 <... futex resumed>) = 0
318327 17:02:50.566573 <... fcntl resumed>) = 0
318325 17:02:50.566598 rt_sigprocmask(SIG_SETMASK, [KILL STOP XCPU XFSZ VTALRM WINCH IO PWR RT_3 RT_4 RT_5 RT_6 RT_7 RT_8 RT_9 RT_10 RT_11 RT_12 RT_13 RT_14 RT_15 RT_16 RT_17 RT_18 RT_19 RT_20 RT_21 RT_22 RT_23 RT_24 RT_25 RT_26 RT_27 RT_28 RT_29 RT_30 RT_31 RT_32],  <unfinished ...>
318327 17:02:50.566639 epoll_ctl(4, EPOLL_CTL_ADD, 19, {events=EPOLLIN|EPOLLOUT|EPOLLRDHUP|EPOLLET, data={u32=1428160513, u64=8340029791006621697}} <unfinished ...>
318325 17:02:50.566659 <... rt_sigprocmask resumed>NULL, 8) = 0
318327 17:02:50.566691 <... epoll_ctl resumed>) = -1 EPERM (Operation not permitted)
318325 17:02:50.566725 futex(0xc000380148, FUTEX_WAKE_PRIVATE, 1 <unfinished ...>
318327 17:02:50.566751 fcntl(19, F_GETFL <unfinished ...>
318335 17:02:50.566790 <... futex resumed>) = 0
318325 17:02:50.566806 <... futex resumed>) = 1
318335 17:02:50.566823 nanosleep({tv_sec=0, tv_nsec=3000},  <unfinished ...>
318327 17:02:50.566849 <... fcntl resumed>) = 0x8800 (flags O_RDONLY|O_NONBLOCK|O_LARGEFILE)
318325 17:02:50.566882 futex(0xc000101948, FUTEX_WAKE_PRIVATE, 1 <unfinished ...>
318327 17:02:50.566899 fcntl(19, F_SETFL, O_RDONLY|O_LARGEFILE <unfinished ...>
318325 17:02:50.566924 <... futex resumed>) = 1
318335 17:02:50.566944 <... nanosleep resumed>NULL) = 0
318333 17:02:50.566971 <... futex resumed>) = 0
318327 17:02:50.567005 <... fcntl resumed>) = 0
318335 17:02:50.567030 futex(0xc000280148, FUTEX_WAKE_PRIVATE, 1 <unfinished ...>
318333 17:02:50.567064 futex(0xc000101948, FUTEX_WAIT_PRIVATE, 0, NULL <unfinished ...>
318325 17:02:50.567090 futex(0xeeaf80, FUTEX_WAIT_PRIVATE, 0, NULL <unfinished ...>
318335 17:02:50.567110 <... futex resumed>) = 1
318332 17:02:50.567136 <... futex resumed>) = 0
318327 17:02:50.567152 fcntl(19, F_GET_SEALS <unfinished ...>
318335 17:02:50.567186 futex(0xeeaf80, FUTEX_WAKE_PRIVATE, 1 <unfinished ...>
318332 17:02:50.567211 futex(0xc000280148, FUTEX_WAIT_PRIVATE, 0, NULL <unfinished ...>
318335 17:02:50.567228 <... futex resumed>) = 1
318327 17:02:50.567243 <... fcntl resumed>) = -1 EINVAL (Invalid argument)
318335 17:02:50.567269 futex(0xc000380148, FUTEX_WAIT_PRIVATE, 0, NULL <unfinished ...>
318325 17:02:50.567287 <... futex resumed>) = 0
318327 17:02:50.567307 close(19 <unfinished ...>
318325 17:02:50.567344 rt_sigprocmask(SIG_SETMASK, [KILL STOP XFSZ VTALRM WINCH IO PWR RT_3 RT_4 RT_5 RT_6 RT_7 RT_8 RT_9 RT_10 RT_11 RT_12 RT_13 RT_14 RT_15 RT_16 RT_17 RT_18 RT_19 RT_20 RT_21 RT_22 RT_23 RT_24 RT_25 RT_26 RT_27 RT_28 RT_29 RT_30 RT_31 RT_32],  <unfinished ...>
318327 17:02:50.567383 <... close resumed>) = 0
318325 17:02:50.567409 <... rt_sigprocmask resumed>NULL, 8) = 0
318327 17:02:50.567443 fsopen("overlay", FSOPEN_CLOEXEC <unfinished ...>
318325 17:02:50.567484 futex(0xc000380148, FUTEX_WAKE_PRIVATE, 1 <unfinished ...>
318335 17:02:50.567534 <... futex resumed>) = 0
318327 17:02:50.567583 <... fsopen resumed>) = 19
318325 17:02:50.567604 <... futex resumed>) = 1
318335 17:02:50.567634 nanosleep({tv_sec=0, tv_nsec=3000},  <unfinished ...>
318327 17:02:50.567680 fcntl(19, F_GETFL <unfinished ...>
318325 17:02:50.567697 futex(0xc000280148, FUTEX_WAKE_PRIVATE, 1 <unfinished ...>
318327 17:02:50.567729 <... fcntl resumed>) = 0x2 (flags O_RDWR)
318332 17:02:50.567756 <... futex resumed>) = 0
318325 17:02:50.567781 <... futex resumed>) = 1
318335 17:02:50.567807 <... nanosleep resumed>NULL) = 0
318332 17:02:50.567840 futex(0xeeaf80, FUTEX_WAKE_PRIVATE, 1 <unfinished ...>
318327 17:02:50.567856 readlinkat(AT_FDCWD, "/proc/self/exe",  <unfinished ...>
318335 17:02:50.567885 futex(0xc000380148, FUTEX_WAIT_PRIVATE, 0, NULL <unfinished ...>
318332 17:02:50.567901 <... futex resumed>) = 0
318325 17:02:50.567925 rt_sigprocmask(SIG_SETMASK, [KILL STOP VTALRM WINCH IO PWR RT_3 RT_4 RT_5 RT_6 RT_7 RT_8 RT_9 RT_10 RT_11 RT_12 RT_13 RT_14 RT_15 RT_16 RT_17 RT_18 RT_19 RT_20 RT_21 RT_22 RT_23 RT_24 RT_25 RT_26 RT_27 RT_28 RT_29 RT_30 RT_31 RT_32],  <unfinished ...>
318332 17:02:50.567954 futex(0xc000280148, FUTEX_WAIT_PRIVATE, 0, NULL <unfinished ...>
318327 17:02:50.567988 <... readlinkat resumed>"/usr/sbin/runc", 128) = 14
318325 17:02:50.568006 <... rt_sigprocmask resumed>NULL, 8) = 0
318327 17:02:50.568031 fsconfig(19, FSCONFIG_SET_STRING, "lowerdir", "/usr/sbin/:/run/runc/anolix-07e2"..., 0 <unfinished ...>
318325 17:02:50.568069 futex(0xc000280148, FUTEX_WAKE_PRIVATE, 1 <unfinished ...>
318327 17:02:50.568106 <... fsconfig resumed>) = 0
318325 17:02:50.568123 <... futex resumed>) = 1
318332 17:02:50.568149 <... futex resumed>) = 0
318327 17:02:50.568164 fsconfig(19, FSCONFIG_SET_STRING, "xino", "off", 0 <unfinished ...>
318332 17:02:50.568192 futex(0xc000101948, FUTEX_WAKE_PRIVATE, 1 <unfinished ...>
318325 17:02:50.568208 futex(0xc000380148, FUTEX_WAKE_PRIVATE, 1 <unfinished ...>
318333 17:02:50.568234 <... futex resumed>) = 0
318332 17:02:50.568260 <... futex resumed>) = 1
318327 17:02:50.568285 <... fsconfig resumed>) = 0
318335 17:02:50.568319 <... futex resumed>) = 0
318333 17:02:50.568335 futex(0xc000101948, FUTEX_WAIT_PRIVATE, 0, NULL <unfinished ...>
318332 17:02:50.568359 futex(0xc000101948, FUTEX_WAKE_PRIVATE, 1 <unfinished ...>
318325 17:02:50.568375 <... futex resumed>) = 1
318335 17:02:50.568401 nanosleep({tv_sec=0, tv_nsec=3000},  <unfinished ...>
318333 17:02:50.568436 <... futex resumed>) = -1 EAGAIN (Resource temporarily unavailable)
318332 17:02:50.568453 <... futex resumed>) = 0
318327 17:02:50.568477 fsconfig(19, FSCONFIG_CMD_CREATE, NULL, NULL, 0 <unfinished ...>
318333 17:02:50.568500 nanosleep({tv_sec=0, tv_nsec=3000},  <unfinished ...>
318332 17:02:50.568526 futex(0xeeaf80, FUTEX_WAKE_PRIVATE, 1 <unfinished ...>
318325 17:02:50.568551 futex(0xeeaf80, FUTEX_WAIT_PRIVATE, 0, NULL <unfinished ...>
318335 17:02:50.568577 <... nanosleep resumed>NULL) = 0
318332 17:02:50.568610 <... futex resumed>) = 0
318327 17:02:50.568640 <... fsconfig resumed>) = 0
318335 17:02:50.568657 futex(0xc000380148, FUTEX_WAIT_PRIVATE, 0, NULL <unfinished ...>
318333 17:02:50.568687 <... nanosleep resumed>NULL) = 0
318332 17:02:50.568703 futex(0xc000280148, FUTEX_WAIT_PRIVATE, 0, NULL <unfinished ...>
318325 17:02:50.568716 <... futex resumed>) = -1 EAGAIN (Resource temporarily unavailable)
318333 17:02:50.568733 futex(0xc000101948, FUTEX_WAIT_PRIVATE, 0, NULL <unfinished ...>
318327 17:02:50.568758 fsmount(19, FSMOUNT_CLOEXEC, MOUNT_ATTR_RDONLY|MOUNT_ATTR_NOSUID|MOUNT_ATTR_NODEV <unfinished ...>
318325 17:02:50.568793 rt_sigprocmask(SIG_SETMASK, [KILL STOP WINCH IO PWR RT_3 RT_4 RT_5 RT_6 RT_7 RT_8 RT_9 RT_10 RT_11 RT_12 RT_13 RT_14 RT_15 RT_16 RT_17 RT_18 RT_19 RT_20 RT_21 RT_22 RT_23 RT_24 RT_25 RT_26 RT_27 RT_28 RT_29 RT_30 RT_31 RT_32],  <unfinished ...>
318327 17:02:50.568829 <... fsmount resumed>) = 21
318325 17:02:50.568847 <... rt_sigprocmask resumed>NULL, 8) = 0
318327 17:02:50.568882 fcntl(21, F_GETFL <unfinished ...>
318325 17:02:50.568916 futex(0xc000101948, FUTEX_WAKE_PRIVATE, 1 <unfinished ...>
318327 17:02:50.568941 <... fcntl resumed>) = 0x200000 (flags O_RDONLY|O_PATH)
318325 17:02:50.568959 <... futex resumed>) = 1
318333 17:02:50.568984 <... futex resumed>) = 0
318327 17:02:50.569000 openat(21, "runc", O_RDONLY|O_NOFOLLOW|O_CLOEXEC|O_PATH <unfinished ...>
318333 17:02:50.569028 futex(0xc000380148, FUTEX_WAKE_PRIVATE, 1 <unfinished ...>
318325 17:02:50.569053 futex(0xc000280148, FUTEX_WAKE_PRIVATE, 1 <unfinished ...>
318335 17:02:50.569093 <... futex resumed>) = 0
318333 17:02:50.569128 <... futex resumed>) = 1
318327 17:02:50.569153 <... openat resumed>) = 22
318335 17:02:50.569174 futex(0xc000380148, FUTEX_WAIT_PRIVATE, 0, NULL <unfinished ...>
318333 17:02:50.569201 futex(0xc000380148, FUTEX_WAKE_PRIVATE, 1 <unfinished ...>
318332 17:02:50.569217 <... futex resumed>) = 0
318325 17:02:50.569241 <... futex resumed>) = 1
318335 17:02:50.569259 <... futex resumed>) = -1 EAGAIN (Resource temporarily unavailable)
318333 17:02:50.569284 <... futex resumed>) = 0
318332 17:02:50.569317 nanosleep({tv_sec=0, tv_nsec=3000},  <unfinished ...>
318327 17:02:50.569335 fcntl(22, F_GETFL <unfinished ...>
318335 17:02:50.569367 nanosleep({tv_sec=0, tv_nsec=3000},  <unfinished ...>
318333 17:02:50.569406 futex(0xeeaf80, FUTEX_WAKE_PRIVATE, 1 <unfinished ...>
318325 17:02:50.569423 futex(0xeeaf80, FUTEX_WAIT_PRIVATE, 0, NULL <unfinished ...>
318333 17:02:50.569450 <... futex resumed>) = 0
318332 17:02:50.569468 <... nanosleep resumed>NULL) = 0
318327 17:02:50.569494 <... fcntl resumed>) = 0x220000 (flags O_RDONLY|O_NOFOLLOW|O_PATH)
318335 17:02:50.569534 <... nanosleep resumed>NULL) = 0
318333 17:02:50.569559 futex(0xc000101948, FUTEX_WAIT_PRIVATE, 0, NULL <unfinished ...>
318332 17:02:50.569576 futex(0xc000280148, FUTEX_WAIT_PRIVATE, 0, NULL <unfinished ...>
318325 17:02:50.569601 <... futex resumed>) = -1 EAGAIN (Resource temporarily unavailable)
318335 17:02:50.569637 futex(0xc000380148, FUTEX_WAIT_PRIVATE, 0, NULL <unfinished ...>
318327 17:02:50.569663 close(21 <unfinished ...>
318325 17:02:50.569680 rt_sigprocmask(SIG_SETMASK, [KILL STOP IO PWR RT_3 RT_4 RT_5 RT_6 RT_7 RT_8 RT_9 RT_10 RT_11 RT_12 RT_13 RT_14 RT_15 RT_16 RT_17 RT_18 RT_19 RT_20 RT_21 RT_22 RT_23 RT_24 RT_25 RT_26 RT_27 RT_28 RT_29 RT_30 RT_31 RT_32], NULL, 8) = 0
318327 17:02:50.569778 <... close resumed>) = 0
318325 17:02:50.569808 futex(0xc000380148, FUTEX_WAKE_PRIVATE, 1 <unfinished ...>
318327 17:02:50.569836 close(19 <unfinished ...>
318335 17:02:50.569863 <... futex resumed>) = 0
318325 17:02:50.569880 <... futex resumed>) = 1
318335 17:02:50.569905 nanosleep({tv_sec=0, tv_nsec=3000},  <unfinished ...>
318327 17:02:50.569924 <... close resumed>) = 0
318325 17:02:50.569949 futex(0xc000280148, FUTEX_WAKE_PRIVATE, 1 <unfinished ...>
318332 17:02:50.570009 <... futex resumed>) = 0
318335 17:02:50.570050 <... nanosleep resumed>NULL) = 0
318327 17:02:50.570066 openat(AT_FDCWD, "/run/runc/anolix-07e208e041f2/exec.fifo", O_RDONLY|O_CLOEXEC|O_PATH <unfinished ...>
318325 17:02:50.570096 <... futex resumed>) = 1
318335 17:02:50.570114 futex(0xc000380148, FUTEX_WAIT_PRIVATE, 0, NULL <unfinished ...>
318332 17:02:50.570139 futex(0xeeaf80, FUTEX_WAKE_PRIVATE, 1 <unfinished ...>
318327 17:02:50.570155 <... openat resumed>) = 19
318332 17:02:50.570180 <... futex resumed>) = 0
318325 17:02:50.570196 rt_sigprocmask(SIG_SETMASK, [KILL STOP PWR RT_3 RT_4 RT_5 RT_6 RT_7 RT_8 RT_9 RT_10 RT_11 RT_12 RT_13 RT_14 RT_15 RT_16 RT_17 RT_18 RT_19 RT_20 RT_21 RT_22 RT_23 RT_24 RT_25 RT_26 RT_27 RT_28 RT_29 RT_30 RT_31 RT_32],  <unfinished ...>
318332 17:02:50.570228 futex(0xc000280148, FUTEX_WAIT_PRIVATE, 0, NULL <unfinished ...>
318327 17:02:50.570244 fcntl(19, F_GETFL <unfinished ...>
318325 17:02:50.570270 <... rt_sigprocmask resumed>NULL, 8) = 0
318327 17:02:50.570304 <... fcntl resumed>) = 0x200000 (flags O_RDONLY|O_PATH)
318325 17:02:50.570329 futex(0xc000280148, FUTEX_WAKE_PRIVATE, 1 <unfinished ...>
318327 17:02:50.570346 fcntl(19, F_SETFL, O_RDONLY|O_NONBLOCK|O_PATH <unfinished ...>
318332 17:02:50.570372 <... futex resumed>) = 0
318325 17:02:50.570388 <... futex resumed>) = 1
318332 17:02:50.570414 nanosleep({tv_sec=0, tv_nsec=3000},  <unfinished ...>
318327 17:02:50.570449 <... fcntl resumed>) = -1 EBADF (Bad file descriptor)
318325 17:02:50.570473 futex(0xc000380148, FUTEX_WAKE_PRIVATE, 1 <unfinished ...>
318335 17:02:50.570534 <... futex resumed>) = 0
318332 17:02:50.570576 <... nanosleep resumed>NULL) = 0
318325 17:02:50.570593 <... futex resumed>) = 1
318335 17:02:50.570620 futex(0xeeaf80, FUTEX_WAKE_PRIVATE, 1 <unfinished ...>
318332 17:02:50.570654 futex(0xc000101948, FUTEX_WAKE_PRIVATE, 1 <unfinished ...>
318327 17:02:50.570679 fcntl(0, F_DUPFD_CLOEXEC, 0 <unfinished ...>
318335 17:02:50.570714 <... futex resumed>) = 0
318333 17:02:50.570740 <... futex resumed>) = 0
318332 17:02:50.570756 <... futex resumed>) = 1
318325 17:02:50.570780 rt_sigprocmask(SIG_SETMASK, [KILL STOP RT_3 RT_4 RT_5 RT_6 RT_7 RT_8 RT_9 RT_10 RT_11 RT_12 RT_13 RT_14 RT_15 RT_16 RT_17 RT_18 RT_19 RT_20 RT_21 RT_22 RT_23 RT_24 RT_25 RT_26 RT_27 RT_28 RT_29 RT_30 RT_31 RT_32],  <unfinished ...>
318335 17:02:50.570820 futex(0xc000380148, FUTEX_WAIT_PRIVATE, 0, NULL <unfinished ...>
318333 17:02:50.570836 futex(0xc000101948, FUTEX_WAIT_PRIVATE, 0, NULL <unfinished ...>
318332 17:02:50.570861 mmap(0xc000400000, 4194304, PROT_READ|PROT_WRITE, MAP_PRIVATE|MAP_FIXED|MAP_ANONYMOUS, -1, 0 <unfinished ...>
318327 17:02:50.570895 <... fcntl resumed>) = 21
318332 17:02:50.570921 <... mmap resumed>) = 0xc000400000
318325 17:02:50.570940 <... rt_sigprocmask resumed>NULL, 8) = 0
318332 17:02:50.570980 mmap(NULL, 262144, PROT_READ|PROT_WRITE, MAP_PRIVATE|MAP_ANONYMOUS, -1, 0 <unfinished ...>
318327 17:02:50.570997 close_range(21, 21, CLOSE_RANGE_CLOEXEC <unfinished ...>
318332 17:02:50.571032 <... mmap resumed>) = 0x73bdbc5bc000
318325 17:02:50.571048 futex(0xc000101948, FUTEX_WAKE_PRIVATE, 1 <unfinished ...>
318332 17:02:50.571079 read(18,  <unfinished ...>
318327 17:02:50.571117 <... close_range resumed>) = 0
318333 17:02:50.571146 <... futex resumed>) = 0
318332 17:02:50.571163 <... read resumed>0xc000400000, 4096) = -1 EAGAIN (Resource temporarily unavailable)
318325 17:02:50.571195 <... futex resumed>) = 1
318333 17:02:50.571236 nanosleep({tv_sec=0, tv_nsec=3000},  <unfinished ...>
318332 17:02:50.571254 epoll_pwait(4,  <unfinished ...>
318327 17:02:50.571279 close(21 <unfinished ...>
318332 17:02:50.571313 <... epoll_pwait resumed>[{events=EPOLLOUT, data={u32=1446510593, u64=8340029791024971777}}], 128, 0, NULL, 0) = 1
318325 17:02:50.571350 futex(0xc000380148, FUTEX_WAKE_PRIVATE, 1 <unfinished ...>
318333 17:02:50.571368 <... nanosleep resumed>NULL) = 0
318332 17:02:50.571389 futex(0xeeaf80, FUTEX_WAKE_PRIVATE, 1 <unfinished ...>
318327 17:02:50.571413 <... close resumed>) = 0
318335 17:02:50.571432 <... futex resumed>) = 0
318333 17:02:50.571456 epoll_pwait(4,  <unfinished ...>
318332 17:02:50.571479 <... futex resumed>) = 0
318325 17:02:50.571533 <... futex resumed>) = 1
318335 17:02:50.571568 futex(0xc000380148, FUTEX_WAIT_PRIVATE, 0, NULL <unfinished ...>
318332 17:02:50.571595 futex(0xc000280148, FUTEX_WAIT_PRIVATE, 0, NULL <unfinished ...>
318327 17:02:50.571624 close_range(3, 2147483647, CLOSE_RANGE_CLOEXEC <unfinished ...>
318325 17:02:50.571660 rt_sigprocmask(SIG_SETMASK, [KILL STOP RT_4 RT_5 RT_6 RT_7 RT_8 RT_9 RT_10 RT_11 RT_12 RT_13 RT_14 RT_15 RT_16 RT_17 RT_18 RT_19 RT_20 RT_21 RT_22 RT_23 RT_24 RT_25 RT_26 RT_27 RT_28 RT_29 RT_30 RT_31 RT_32],  <unfinished ...>
318327 17:02:50.571691 <... close_range resumed>) = 0
318325 17:02:50.571725 <... rt_sigprocmask resumed>NULL, 8) = 0
318327 17:02:50.571743 getpid( <unfinished ...>
318325 17:02:50.571767 futex(0xc000280148, FUTEX_WAKE_PRIVATE, 1 <unfinished ...>
318327 17:02:50.571784 <... getpid resumed>) = 318325
318332 17:02:50.571810 <... futex resumed>) = 0
318325 17:02:50.571826 <... futex resumed>) = 1
318332 17:02:50.571851 nanosleep({tv_sec=0, tv_nsec=3000},  <unfinished ...>
318327 17:02:50.571869 pidfd_open(318325, 0 <unfinished ...>
318325 17:02:50.571895 futex(0xc000380148, FUTEX_WAKE_PRIVATE, 1 <unfinished ...>
318327 17:02:50.571912 <... pidfd_open resumed>) = 21
318325 17:02:50.571938 <... futex resumed>) = 1
318335 17:02:50.571956 <... futex resumed>) = 0
318332 17:02:50.571993 <... nanosleep resumed>NULL) = 0
318327 17:02:50.572008 waitid(P_PIDFD, 21,  <unfinished ...>
318325 17:02:50.572033 futex(0xeeaf80, FUTEX_WAIT_PRIVATE, 0, NULL <unfinished ...>
318335 17:02:50.572059 futex(0xeeaf80, FUTEX_WAKE_PRIVATE, 1 <unfinished ...>
318332 17:02:50.572083 futex(0xc000280148, FUTEX_WAIT_PRIVATE, 0, NULL <unfinished ...>
318327 17:02:50.572118 <... waitid resumed>NULL, WEXITED, NULL) = -1 ECHILD (No child processes)
318335 17:02:50.572168 <... futex resumed>) = 0
318325 17:02:50.572207 <... futex resumed>) = -1 EAGAIN (Resource temporarily unavailable)
318335 17:02:50.572248 futex(0xc000380148, FUTEX_WAIT_PRIVATE, 0, NULL <unfinished ...>
318327 17:02:50.572278 pidfd_send_signal(21, 0, NULL, 0 <unfinished ...>
318325 17:02:50.572296 rt_sigprocmask(SIG_SETMASK, [KILL STOP RT_5 RT_6 RT_7 RT_8 RT_9 RT_10 RT_11 RT_12 RT_13 RT_14 RT_15 RT_16 RT_17 RT_18 RT_19 RT_20 RT_21 RT_22 RT_23 RT_24 RT_25 RT_26 RT_27 RT_28 RT_29 RT_30 RT_31 RT_32],  <unfinished ...>
318327 17:02:50.572341 <... pidfd_send_signal resumed>) = 0
318325 17:02:50.572358 <... rt_sigprocmask resumed>NULL, 8) = 0
318327 17:02:50.572388 clone(child_stack=NULL, flags=CLONE_VM|CLONE_PIDFD|CLONE_VFORK <unfinished ...>
318325 17:02:50.572411 futex(0xc000380148, FUTEX_WAKE_PRIVATE, 1 <unfinished ...>
318335 17:02:50.572483 <... futex resumed>) = 0
318325 17:02:50.572552 <... futex resumed>) = 1
318335 17:02:50.572597 nanosleep({tv_sec=0, tv_nsec=3000},  <unfinished ...>
318326 17:02:50.572645 <... nanosleep resumed>NULL) = 0
318336 17:02:50.572674 exit_group(0 <unfinished ...>
318325 17:02:50.572705 futex(0xc000280148, FUTEX_WAKE_PRIVATE, 1 <unfinished ...>
318336 17:02:50.572738 <... exit_group resumed>) = ?
318335 17:02:50.572753 <... nanosleep resumed>NULL) = 0
318326 17:02:50.572779 nanosleep({tv_sec=0, tv_nsec=20000},  <unfinished ...>
318336 17:02:50.572821 +++ exited with 0 +++
318335 17:02:50.572828 mmap(NULL, 262144, PROT_READ|PROT_WRITE, MAP_PRIVATE|MAP_ANONYMOUS, -1, 0 <unfinished ...>
318332 17:02:50.572844 <... futex resumed>) = 0
318327 17:02:50.572871 <... clone resumed>, parent_tid=[23]) = 318336
318325 17:02:50.572889 <... futex resumed>) = 1
318335 17:02:50.572916 <... mmap resumed>) = 0x73bdbc57c000
318332 17:02:50.572931 futex(0xc000280148, FUTEX_WAIT_PRIVATE, 0, NULL <unfinished ...>
318327 17:02:50.572958 waitid(P_PIDFD, 23,  <unfinished ...>
318326 17:02:50.572978 <... nanosleep resumed>NULL) = 0
318335 17:02:50.573008 rt_sigprocmask(SIG_SETMASK, ~[RTMIN RT_1],  <unfinished ...>
318327 17:02:50.573045 <... waitid resumed>NULL, WEXITED|__WCLONE, NULL) = 0
318325 17:02:50.573061 futex(0xeeaf80, FUTEX_WAIT_PRIVATE, 0, NULL <unfinished ...>
318335 17:02:50.573081 <... rt_sigprocmask resumed>[], 8) = 0
318327 17:02:50.573111 close(23 <unfinished ...>
318326 17:02:50.573145 nanosleep({tv_sec=0, tv_nsec=20000},  <unfinished ...>
318335 17:02:50.573175 mmap(NULL, 8392704, PROT_NONE, MAP_PRIVATE|MAP_ANONYMOUS|MAP_STACK, -1, 0 <unfinished ...>
318327 17:02:50.573193 <... close resumed>) = 0
318335 17:02:50.573317 <... mmap resumed>) = 0x73bdac7f9000
318327 17:02:50.573356 close(21 <unfinished ...>
318326 17:02:50.573375 <... nanosleep resumed>NULL) = 0
318335 17:02:50.573395 mprotect(0x73bdac7fa000, 8388608, PROT_READ|PROT_WRITE <unfinished ...>
318327 17:02:50.573421 <... close resumed>) = 0
318335 17:02:50.573457 <... mprotect resumed>) = 0
318326 17:02:50.573489 nanosleep({tv_sec=0, tv_nsec=20000},  <unfinished ...>
318335 17:02:50.573532 rt_sigprocmask(SIG_BLOCK, ~[],  <unfinished ...>
318327 17:02:50.573550 fcntl(6, F_GETFL <unfinished ...>
318335 17:02:50.573575 <... rt_sigprocmask resumed>~[KILL STOP RTMIN RT_1], 8) = 0
318327 17:02:50.573605 <... fcntl resumed>) = 0 (flags O_RDONLY)
318335 17:02:50.573640 clone3({flags=CLONE_VM|CLONE_FS|CLONE_FILES|CLONE_SIGHAND|CLONE_THREAD|CLONE_SYSVSEM|CLONE_SETTLS|CLONE_PARENT_SETTID|CLONE_CHILD_CLEARTID, child_tid=0x73bdacff9990, parent_tid=0x73bdacff9990, exit_signal=0, stack=0x73bdac7f9000, stack_size=0x7fff80, tls=0x73bdacff96c0} <unfinished ...>
318326 17:02:50.573679 <... nanosleep resumed>NULL) = 0
318327 17:02:50.573695 fcntl(11, F_GETFL <unfinished ...>
318326 17:02:50.573721 nanosleep({tv_sec=0, tv_nsec=20000},  <unfinished ...>
318327 17:02:50.573762 <... fcntl resumed>) = 0x1 (flags O_WRONLY)
318337 17:02:50.573795 rseq(0x73bdacff9fe0, 0x20, 0, 0x53053053 <unfinished ...>
318335 17:02:50.573812 <... clone3 resumed> => {parent_tid=[318337]}, 88) = 318337
318337 17:02:50.573841 <... rseq resumed>) = 0
318327 17:02:50.573857 fcntl(13, F_GETFL <unfinished ...>
318326 17:02:50.573881 <... nanosleep resumed>NULL) = 0
318337 17:02:50.573919 set_robust_list(0x73bdacff99a0, 24 <unfinished ...>
318335 17:02:50.573938 rt_sigprocmask(SIG_SETMASK, ~[KILL STOP RTMIN RT_1],  <unfinished ...>
318327 17:02:50.573966 <... fcntl resumed>) = 0x1 (flags O_WRONLY)
318337 17:02:50.573988 <... set_robust_list resumed>) = 0
318335 17:02:50.574016 <... rt_sigprocmask resumed>NULL, 8) = 0
318326 17:02:50.574050 nanosleep({tv_sec=0, tv_nsec=20000},  <unfinished ...>
318337 17:02:50.574078 rt_sigprocmask(SIG_SETMASK, ~[KILL STOP RTMIN RT_1],  <unfinished ...>
318335 17:02:50.574095 rt_sigprocmask(SIG_SETMASK, [],  <unfinished ...>
318327 17:02:50.574114 fcntl(20, F_GETFL <unfinished ...>
318337 17:02:50.574156 <... rt_sigprocmask resumed>NULL, 8) = 0
318335 17:02:50.574193 <... rt_sigprocmask resumed>NULL, 8) = 0
318327 17:02:50.574218 <... fcntl resumed>) = 0x801 (flags O_WRONLY|O_NONBLOCK)
318337 17:02:50.574247 mmap(NULL, 134217728, PROT_NONE, MAP_PRIVATE|MAP_ANONYMOUS, -1, 0 <unfinished ...>
318335 17:02:50.574266 futex(0xeeaf80, FUTEX_WAKE_PRIVATE, 1 <unfinished ...>
318326 17:02:50.574293 <... nanosleep resumed>NULL) = 0
318337 17:02:50.574315 <... mmap resumed>) = 0x73bd88000000
318335 17:02:50.574343 <... futex resumed>) = 1
318327 17:02:50.574367 fcntl(20, F_SETFL, O_WRONLY <unfinished ...>
318337 17:02:50.574396 munmap(0x73bd8c000000, 67108864 <unfinished ...>
318335 17:02:50.574433 futex(0xc000380148, FUTEX_WAIT_PRIVATE, 0, NULL <unfinished ...>
318326 17:02:50.574450 nanosleep({tv_sec=0, tv_nsec=20000},  <unfinished ...>
318325 17:02:50.574473 <... futex resumed>) = 0
318337 17:02:50.574501 <... munmap resumed>) = 0
318327 17:02:50.574528 <... fcntl resumed>) = 0
318337 17:02:50.574560 mprotect(0x73bd88000000, 135168, PROT_READ|PROT_WRITE <unfinished ...>
318326 17:02:50.574597 <... nanosleep resumed>NULL) = 0
318325 17:02:50.574615 rt_sigprocmask(SIG_SETMASK, [KILL STOP RT_6 RT_7 RT_8 RT_9 RT_10 RT_11 RT_12 RT_13 RT_14 RT_15 RT_16 RT_17 RT_18 RT_19 RT_20 RT_21 RT_22 RT_23 RT_24 RT_25 RT_26 RT_27 RT_28 RT_29 RT_30 RT_31 RT_32],  <unfinished ...>
318337 17:02:50.574653 <... mprotect resumed>) = 0
318327 17:02:50.574698 pipe2( <unfinished ...>
318326 17:02:50.574732 nanosleep({tv_sec=0, tv_nsec=20000},  <unfinished ...>
318337 17:02:50.574767 sigaltstack(NULL,  <unfinished ...>
318327 17:02:50.574796 <... pipe2 resumed>[21, 23], O_CLOEXEC) = 0
318325 17:02:50.574817 <... rt_sigprocmask resumed>NULL, 8) = 0
318337 17:02:50.574838 <... sigaltstack resumed>{ss_sp=NULL, ss_flags=SS_DISABLE, ss_size=0}) = 0
318327 17:02:50.574873 getpid( <unfinished ...>
318337 17:02:50.574900 sigaltstack({ss_sp=0xc000406000, ss_flags=0, ss_size=32768},  <unfinished ...>
318326 17:02:50.574934 <... nanosleep resumed>NULL) = 0
318325 17:02:50.574962 futex(0xc000380148, FUTEX_WAKE_PRIVATE, 1 <unfinished ...>
318337 17:02:50.574993 <... sigaltstack resumed>NULL) = 0
318327 17:02:50.575030 <... getpid resumed>) = 318325
318326 17:02:50.575075 nanosleep({tv_sec=0, tv_nsec=20000},  <unfinished ...>
318337 17:02:50.575136 rt_sigprocmask(SIG_SETMASK, [],  <unfinished ...>
318335 17:02:50.575187 <... futex resumed>) = 0
318327 17:02:50.575231 rt_sigprocmask(SIG_SETMASK, NULL,  <unfinished ...>
318325 17:02:50.575262 <... futex resumed>) = 1
318337 17:02:50.575287 <... rt_sigprocmask resumed>NULL, 8) = 0
318335 17:02:50.575334 futex(0xeeaf80, FUTEX_WAKE_PRIVATE, 1 <unfinished ...>
318327 17:02:50.575384 <... rt_sigprocmask resumed>[], 8) = 0
318326 17:02:50.575424 <... nanosleep resumed>NULL) = 0
318337 17:02:50.575441 gettid( <unfinished ...>
318335 17:02:50.575462 <... futex resumed>) = 0
318327 17:02:50.575528 rt_sigprocmask(SIG_SETMASK, ~[],  <unfinished ...>
318325 17:02:50.575594 rt_sigprocmask(SIG_SETMASK, [KILL STOP RT_7 RT_8 RT_9 RT_10 RT_11 RT_12 RT_13 RT_14 RT_15 RT_16 RT_17 RT_18 RT_19 RT_20 RT_21 RT_22 RT_23 RT_24 RT_25 RT_26 RT_27 RT_28 RT_29 RT_30 RT_31 RT_32],  <unfinished ...>
318337 17:02:50.575634 <... gettid resumed>) = 318337
318335 17:02:50.575669 futex(0xc000380148, FUTEX_WAIT_PRIVATE, 0, NULL <unfinished ...>
318327 17:02:50.575714 <... rt_sigprocmask resumed>NULL, 8) = 0
318326 17:02:50.575758 nanosleep({tv_sec=0, tv_nsec=20000},  <unfinished ...>
318337 17:02:50.575793 futex(0xc000402148, FUTEX_WAIT_PRIVATE, 0, NULL <unfinished ...>
318327 17:02:50.575824 clone(child_stack=NULL, flags=CLONE_VM|CLONE_PIDFD|CLONE_VFORK|SIGCHLD <unfinished ...>
318325 17:02:50.575852 <... rt_sigprocmask resumed>NULL, 8) = 0
318326 17:02:50.575896 <... nanosleep resumed>NULL) = 0
318325 17:02:50.575941 futex(0xc000402148, FUTEX_WAKE_PRIVATE, 1 <unfinished ...>
318326 17:02:50.576016 nanosleep({tv_sec=0, tv_nsec=20000},  <unfinished ...>
318338 17:02:50.576057 rt_sigaction(SIGHUP, {sa_handler=SIG_DFL, sa_mask=~[], sa_flags=SA_RESTORER|SA_ONSTACK|SA_RESTART|SA_SIGINFO, sa_restorer=0x4817a0},  <unfinished ...>
318337 17:02:50.576078 <... futex resumed>) = 0
318325 17:02:50.576108 <... futex resumed>) = 1
318338 17:02:50.576136 <... rt_sigaction resumed>NULL, 8) = 0
318337 17:02:50.576175 nanosleep({tv_sec=0, tv_nsec=3000},  <unfinished ...>
318338 17:02:50.576221 rt_sigaction(SIGINT, {sa_handler=SIG_DFL, sa_mask=~[], sa_flags=SA_RESTORER|SA_ONSTACK|SA_RESTART|SA_SIGINFO, sa_restorer=0x4817a0},  <unfinished ...>
318326 17:02:50.576260 <... nanosleep resumed>NULL) = 0
318325 17:02:50.576284 futex(0xc000380148, FUTEX_WAKE_PRIVATE, 1 <unfinished ...>
318338 17:02:50.576307 <... rt_sigaction resumed>NULL, 8) = 0
318337 17:02:50.576337 <... nanosleep resumed>NULL) = 0
318335 17:02:50.576379 <... futex resumed>) = 0
318326 17:02:50.576420 nanosleep({tv_sec=0, tv_nsec=20000},  <unfinished ...>
318325 17:02:50.576463 <... futex resumed>) = 1
318338 17:02:50.576482 rt_sigaction(SIGQUIT, {sa_handler=SIG_DFL, sa_mask=~[], sa_flags=SA_RESTORER|SA_ONSTACK|SA_RESTART|SA_SIGINFO, sa_restorer=0x4817a0},  <unfinished ...>
318337 17:02:50.576511 futex(0xc000280148, FUTEX_WAKE_PRIVATE, 1 <unfinished ...>
318335 17:02:50.576520 futex(0xc000380148, FUTEX_WAIT_PRIVATE, 0, NULL <unfinished ...>
318338 17:02:50.576536 <... rt_sigaction resumed>NULL, 8) = 0
318325 17:02:50.576568 futex(0xeeaf80, FUTEX_WAIT_PRIVATE, 0, NULL <unfinished ...>
318338 17:02:50.576588 rt_sigaction(SIGILL, {sa_handler=SIG_DFL, sa_mask=~[], sa_flags=SA_RESTORER|SA_ONSTACK|SA_RESTART|SA_SIGINFO, sa_restorer=0x4817a0},  <unfinished ...>
318337 17:02:50.576608 <... futex resumed>) = 1
318332 17:02:50.576634 <... futex resumed>) = 0
318326 17:02:50.576672 <... nanosleep resumed>NULL) = 0
318338 17:02:50.576707 <... rt_sigaction resumed>NULL, 8) = 0
318337 17:02:50.576737 futex(0xeeaf80, FUTEX_WAKE_PRIVATE, 1 <unfinished ...>
318332 17:02:50.576774 futex(0xc000280148, FUTEX_WAIT_PRIVATE, 0, NULL <unfinished ...>
318338 17:02:50.576795 rt_sigaction(SIGTRAP, {sa_handler=SIG_DFL, sa_mask=~[], sa_flags=SA_RESTORER|SA_ONSTACK|SA_RESTART|SA_SIGINFO, sa_restorer=0x4817a0},  <unfinished ...>
318337 17:02:50.576829 <... futex resumed>) = 1
318326 17:02:50.576884 nanosleep({tv_sec=0, tv_nsec=20000},  <unfinished ...>
318338 17:02:50.576919 <... rt_sigaction resumed>NULL, 8) = 0
318337 17:02:50.576949 futex(0xc000402148, FUTEX_WAIT_PRIVATE, 0, NULL <unfinished ...>
318325 17:02:50.576968 <... futex resumed>) = 0
318338 17:02:50.577001 rt_sigaction(SIGABRT, {sa_handler=SIG_DFL, sa_mask=~[], sa_flags=SA_RESTORER|SA_ONSTACK|SA_RESTART|SA_SIGINFO, sa_restorer=0x4817a0},  <unfinished ...>
318326 17:02:50.577044 <... nanosleep resumed>NULL) = 0
318325 17:02:50.577079 rt_sigprocmask(SIG_SETMASK, [KILL STOP RT_8 RT_9 RT_10 RT_11 RT_12 RT_13 RT_14 RT_15 RT_16 RT_17 RT_18 RT_19 RT_20 RT_21 RT_22 RT_23 RT_24 RT_25 RT_26 RT_27 RT_28 RT_29 RT_30 RT_31 RT_32],  <unfinished ...>
318338 17:02:50.577122 <... rt_sigaction resumed>NULL, 8) = 0
318326 17:02:50.577143 nanosleep({tv_sec=0, tv_nsec=20000},  <unfinished ...>
318338 17:02:50.577181 rt_sigaction(SIGBUS, {sa_handler=SIG_DFL, sa_mask=~[], sa_flags=SA_RESTORER|SA_ONSTACK|SA_RESTART|SA_SIGINFO, sa_restorer=0x4817a0},  <unfinished ...>
318325 17:02:50.577222 <... rt_sigprocmask resumed>NULL, 8) = 0
318338 17:02:50.577241 <... rt_sigaction resumed>NULL, 8) = 0
318326 17:02:50.577269 <... nanosleep resumed>NULL) = 0
318325 17:02:50.577305 futex(0xc000402148, FUTEX_WAKE_PRIVATE, 1 <unfinished ...>
318338 17:02:50.577326 rt_sigaction(SIGFPE, {sa_handler=SIG_DFL, sa_mask=~[], sa_flags=SA_RESTORER|SA_ONSTACK|SA_RESTART|SA_SIGINFO, sa_restorer=0x4817a0},  <unfinished ...>
318326 17:02:50.577359 nanosleep({tv_sec=0, tv_nsec=20000},  <unfinished ...>
318338 17:02:50.577403 <... rt_sigaction resumed>NULL, 8) = 0
318337 17:02:50.577421 <... futex resumed>) = 0
318325 17:02:50.577430 <... futex resumed>) = 1
318338 17:02:50.577445 rt_sigaction(SIGUSR1, {sa_handler=SIG_DFL, sa_mask=~[], sa_flags=SA_RESTORER|SA_ONSTACK|SA_RESTART|SA_SIGINFO, sa_restorer=0x4817a0},  <unfinished ...>
318337 17:02:50.577475 nanosleep({tv_sec=0, tv_nsec=3000},  <unfinished ...>
318325 17:02:50.577519 futex(0xc000280148, FUTEX_WAKE_PRIVATE, 1 <unfinished ...>
318338 17:02:50.577573 <... rt_sigaction resumed>NULL, 8) = 0
318326 17:02:50.577616 <... nanosleep resumed>NULL) = 0
318338 17:02:50.577649 rt_sigaction(SIGSEGV, {sa_handler=SIG_DFL, sa_mask=~[], sa_flags=SA_RESTORER|SA_ONSTACK|SA_RESTART|SA_SIGINFO, sa_restorer=0x4817a0},  <unfinished ...>
318337 17:02:50.577698 <... nanosleep resumed>NULL) = 0
318332 17:02:50.577719 <... futex resumed>) = 0
318325 17:02:50.577746 <... futex resumed>) = 1
318338 17:02:50.577779 <... rt_sigaction resumed>NULL, 8) = 0
318337 17:02:50.577818 futex(0xc000380148, FUTEX_WAKE_PRIVATE, 1 <unfinished ...>
318332 17:02:50.577876 futex(0xc000280148, FUTEX_WAIT_PRIVATE, 0, NULL <unfinished ...>
318326 17:02:50.577906 nanosleep({tv_sec=0, tv_nsec=20000},  <unfinished ...>
318338 17:02:50.577946 rt_sigaction(SIGUSR2, {sa_handler=SIG_DFL, sa_mask=~[], sa_flags=SA_RESTORER|SA_ONSTACK|SA_RESTART|SA_SIGINFO, sa_restorer=0x4817a0},  <unfinished ...>
318337 17:02:50.577985 <... futex resumed>) = 1
318335 17:02:50.578010 <... futex resumed>) = 0
318325 17:02:50.578028 futex(0xeeaf80, FUTEX_WAIT_PRIVATE, 0, NULL <unfinished ...>
318338 17:02:50.578050 <... rt_sigaction resumed>NULL, 8) = 0
318337 17:02:50.578080 futex(0xeeaf80, FUTEX_WAKE_PRIVATE, 1 <unfinished ...>
318335 17:02:50.578118 futex(0xc000380148, FUTEX_WAIT_PRIVATE, 0, NULL <unfinished ...>
318326 17:02:50.578138 <... nanosleep resumed>NULL) = 0
318338 17:02:50.578167 rt_sigaction(SIGPIPE, {sa_handler=SIG_DFL, sa_mask=~[], sa_flags=SA_RESTORER|SA_ONSTACK|SA_RESTART|SA_SIGINFO, sa_restorer=0x4817a0},  <unfinished ...>
318337 17:02:50.578205 <... futex resumed>) = 0
318325 17:02:50.578224 <... futex resumed>) = -1 EAGAIN (Resource temporarily unavailable)
318338 17:02:50.578256 <... rt_sigaction resumed>NULL, 8) = 0
318337 17:02:50.578293 futex(0xc000402148, FUTEX_WAIT_PRIVATE, 0, NULL <unfinished ...>
318326 17:02:50.578321 nanosleep({tv_sec=0, tv_nsec=20000},  <unfinished ...>
318338 17:02:50.578363 rt_sigaction(SIGALRM, {sa_handler=SIG_DFL, sa_mask=~[], sa_flags=SA_RESTORER|SA_ONSTACK|SA_RESTART|SA_SIGINFO, sa_restorer=0x4817a0},  <unfinished ...>
318325 17:02:50.578404 rt_sigprocmask(SIG_SETMASK, [KILL STOP RT_9 RT_10 RT_11 RT_12 RT_13 RT_14 RT_15 RT_16 RT_17 RT_18 RT_19 RT_20 RT_21 RT_22 RT_23 RT_24 RT_25 RT_26 RT_27 RT_28 RT_29 RT_30 RT_31 RT_32],  <unfinished ...>
318338 17:02:50.578444 <... rt_sigaction resumed>NULL, 8) = 0
318326 17:02:50.578463 <... nanosleep resumed>NULL) = 0
318325 17:02:50.578488 <... rt_sigprocmask resumed>NULL, 8) = 0
318338 17:02:50.578505 rt_sigaction(SIGTERM, {sa_handler=SIG_DFL, sa_mask=~[], sa_flags=SA_RESTORER|SA_ONSTACK|SA_RESTART|SA_SIGINFO, sa_restorer=0x4817a0},  <unfinished ...>
318326 17:02:50.578533 nanosleep({tv_sec=0, tv_nsec=20000},  <unfinished ...>
318338 17:02:50.578552 <... rt_sigaction resumed>NULL, 8) = 0
318325 17:02:50.578580 futex(0xc000402148, FUTEX_WAKE_PRIVATE, 1 <unfinished ...>
318338 17:02:50.578597 rt_sigaction(SIGSTKFLT, {sa_handler=SIG_DFL, sa_mask=~[], sa_flags=SA_RESTORER|SA_ONSTACK|SA_RESTART|SA_SIGINFO, sa_restorer=0x4817a0},  <unfinished ...>
318337 17:02:50.578628 <... futex resumed>) = 0
318325 17:02:50.578660 <... futex resumed>) = 1
318338 17:02:50.578686 <... rt_sigaction resumed>NULL, 8) = 0
318337 17:02:50.578723 nanosleep({tv_sec=0, tv_nsec=3000},  <unfinished ...>
318326 17:02:50.578765 <... nanosleep resumed>NULL) = 0
318338 17:02:50.578803 rt_sigaction(SIGCHLD, {sa_handler=SIG_DFL, sa_mask=~[], sa_flags=SA_RESTORER|SA_ONSTACK|SA_RESTART|SA_SIGINFO, sa_restorer=0x4817a0},  <unfinished ...>
318325 17:02:50.578824 futex(0xc000380148, FUTEX_WAKE_PRIVATE, 1 <unfinished ...>
318338 17:02:50.578853 <... rt_sigaction resumed>NULL, 8) = 0
318337 17:02:50.578869 <... nanosleep resumed>NULL) = 0
318326 17:02:50.578896 nanosleep({tv_sec=0, tv_nsec=20000},  <unfinished ...>
318338 17:02:50.578916 rt_sigaction(SIGCONT, {sa_handler=SIG_DFL, sa_mask=~[], sa_flags=SA_RESTORER|SA_ONSTACK|SA_RESTART|SA_SIGINFO, sa_restorer=0x4817a0},  <unfinished ...>
318337 17:02:50.578943 futex(0xc000280148, FUTEX_WAKE_PRIVATE, 1 <unfinished ...>
318335 17:02:50.578981 <... futex resumed>) = 0
318325 17:02:50.578994 <... futex resumed>) = 1
318338 17:02:50.579024 <... rt_sigaction resumed>NULL, 8) = 0
318337 17:02:50.579059 <... futex resumed>) = 1
318332 17:02:50.579084 <... futex resumed>) = 0
318326 17:02:50.579113 <... nanosleep resumed>NULL) = 0
318338 17:02:50.579131 rt_sigaction(SIGTSTP, {sa_handler=SIG_DFL, sa_mask=~[], sa_flags=SA_RESTORER|SA_ONSTACK|SA_RESTART|SA_SIGINFO, sa_restorer=0x4817a0},  <unfinished ...>
318337 17:02:50.579159 futex(0xeeaf80, FUTEX_WAKE_PRIVATE, 1 <unfinished ...>
318335 17:02:50.579184 futex(0xc000380148, FUTEX_WAIT_PRIVATE, 0, NULL <unfinished ...>
318332 17:02:50.579219 futex(0xc000280148, FUTEX_WAIT_PRIVATE, 0, NULL <unfinished ...>
318325 17:02:50.579236 futex(0xeeaf80, FUTEX_WAIT_PRIVATE, 0, NULL <unfinished ...>
318338 17:02:50.579263 <... rt_sigaction resumed>NULL, 8) = 0
318337 17:02:50.579302 <... futex resumed>) = 0
318326 17:02:50.579334 nanosleep({tv_sec=0, tv_nsec=20000},  <unfinished ...>
318338 17:02:50.579363 rt_sigaction(SIGTTIN, {sa_handler=SIG_DFL, sa_mask=~[], sa_flags=SA_RESTORER|SA_ONSTACK|SA_RESTART|SA_SIGINFO, sa_restorer=0x4817a0},  <unfinished ...>
318337 17:02:50.579390 futex(0xc000402148, FUTEX_WAIT_PRIVATE, 0, NULL <unfinished ...>
318325 17:02:50.579415 <... futex resumed>) = -1 EAGAIN (Resource temporarily unavailable)
318338 17:02:50.579448 <... rt_sigaction resumed>NULL, 8) = 0
318326 17:02:50.579479 <... nanosleep resumed>NULL) = 0
318325 17:02:50.579506 rt_sigprocmask(SIG_SETMASK, [KILL STOP RT_10 RT_11 RT_12 RT_13 RT_14 RT_15 RT_16 RT_17 RT_18 RT_19 RT_20 RT_21 RT_22 RT_23 RT_24 RT_25 RT_26 RT_27 RT_28 RT_29 RT_30 RT_31 RT_32],  <unfinished ...>
318338 17:02:50.579549 rt_sigaction(SIGTTOU, {sa_handler=SIG_DFL, sa_mask=~[], sa_flags=SA_RESTORER|SA_ONSTACK|SA_RESTART|SA_SIGINFO, sa_restorer=0x4817a0},  <unfinished ...>
318326 17:02:50.579577 nanosleep({tv_sec=0, tv_nsec=20000},  <unfinished ...>
318338 17:02:50.579606 <... rt_sigaction resumed>NULL, 8) = 0
318325 17:02:50.579647 <... rt_sigprocmask resumed>NULL, 8) = 0
318338 17:02:50.579680 rt_sigaction(SIGURG, {sa_handler=SIG_DFL, sa_mask=~[], sa_flags=SA_RESTORER|SA_ONSTACK|SA_RESTART|SA_SIGINFO, sa_restorer=0x4817a0},  <unfinished ...>
318325 17:02:50.579692 futex(0xc000402148, FUTEX_WAKE_PRIVATE, 1 <unfinished ...>
318338 17:02:50.579708 <... rt_sigaction resumed>NULL, 8) = 0
318326 17:02:50.579736 <... nanosleep resumed>NULL) = 0
318338 17:02:50.579780 rt_sigaction(SIGXCPU, {sa_handler=SIG_DFL, sa_mask=~[], sa_flags=SA_RESTORER|SA_ONSTACK|SA_RESTART|SA_SIGINFO, sa_restorer=0x4817a0},  <unfinished ...>
318337 17:02:50.579821 <... futex resumed>) = 0
318325 17:02:50.579846 <... futex resumed>) = 1
318338 17:02:50.579864 <... rt_sigaction resumed>NULL, 8) = 0
318326 17:02:50.579890 nanosleep({tv_sec=0, tv_nsec=20000},  <unfinished ...>
318338 17:02:50.579931 rt_sigaction(SIGXFSZ, {sa_handler=SIG_DFL, sa_mask=~[], sa_flags=SA_RESTORER|SA_ONSTACK|SA_RESTART|SA_SIGINFO, sa_restorer=0x4817a0},  <unfinished ...>
318337 17:02:50.579961 nanosleep({tv_sec=0, tv_nsec=3000},  <unfinished ...>
318325 17:02:50.579987 futex(0xc000280148, FUTEX_WAKE_PRIVATE, 1 <unfinished ...>
318338 17:02:50.580005 <... rt_sigaction resumed>NULL, 8) = 0
318332 17:02:50.580035 <... futex resumed>) = 0
318326 17:02:50.580061 <... nanosleep resumed>NULL) = 0
318325 17:02:50.580077 <... futex resumed>) = 1
318338 17:02:50.580104 rt_sigaction(SIGVTALRM, {sa_handler=SIG_DFL, sa_mask=~[], sa_flags=SA_RESTORER|SA_ONSTACK|SA_RESTART|SA_SIGINFO, sa_restorer=0x4817a0},  <unfinished ...>
318337 17:02:50.580139 <... nanosleep resumed>NULL) = 0
318332 17:02:50.580157 futex(0xeeaf80, FUTEX_WAKE_PRIVATE, 1 <unfinished ...>
318326 17:02:50.580185 nanosleep({tv_sec=0, tv_nsec=20000},  <unfinished ...>
318338 17:02:50.580216 <... rt_sigaction resumed>NULL, 8) = 0
318337 17:02:50.580252 futex(0xc000402148, FUTEX_WAIT_PRIVATE, 0, NULL <unfinished ...>
318332 17:02:50.580268 <... futex resumed>) = 0
318325 17:02:50.580295 rt_sigprocmask(SIG_SETMASK, [KILL STOP RT_11 RT_12 RT_13 RT_14 RT_15 RT_16 RT_17 RT_18 RT_19 RT_20 RT_21 RT_22 RT_23 RT_24 RT_25 RT_26 RT_27 RT_28 RT_29 RT_30 RT_31 RT_32],  <unfinished ...>
318338 17:02:50.580342 rt_sigaction(SIGPROF, {sa_handler=SIG_DFL, sa_mask=~[], sa_flags=SA_RESTORER|SA_ONSTACK|SA_RESTART|SA_SIGINFO, sa_restorer=0x4817a0},  <unfinished ...>
318332 17:02:50.580384 futex(0xc000280148, FUTEX_WAIT_PRIVATE, 0, NULL <unfinished ...>
318326 17:02:50.580419 <... nanosleep resumed>NULL) = 0
318338 17:02:50.580438 <... rt_sigaction resumed>NULL, 8) = 0
318325 17:02:50.580454 <... rt_sigprocmask resumed>NULL, 8) = 0
318338 17:02:50.580481 rt_sigaction(SIGWINCH, {sa_handler=SIG_DFL, sa_mask=~[], sa_flags=SA_RESTORER|SA_ONSTACK|SA_RESTART|SA_SIGINFO, sa_restorer=0x4817a0},  <unfinished ...>
318326 17:02:50.580516 nanosleep({tv_sec=0, tv_nsec=20000},  <unfinished ...>
318338 17:02:50.580544 <... rt_sigaction resumed>NULL, 8) = 0
318325 17:02:50.580589 futex(0xc000280148, FUTEX_WAKE_PRIVATE, 1 <unfinished ...>
318338 17:02:50.580626 rt_sigaction(SIGIO, {sa_handler=SIG_DFL, sa_mask=~[], sa_flags=SA_RESTORER|SA_ONSTACK|SA_RESTART|SA_SIGINFO, sa_restorer=0x4817a0},  <unfinished ...>
318326 17:02:50.580649 <... nanosleep resumed>NULL) = 0
318325 17:02:50.580676 <... futex resumed>) = 1
318338 17:02:50.580696 <... rt_sigaction resumed>NULL, 8) = 0
318332 17:02:50.580723 <... futex resumed>) = 0
318326 17:02:50.580758 nanosleep({tv_sec=0, tv_nsec=20000},  <unfinished ...>
318338 17:02:50.580790 rt_sigaction(SIGPWR, {sa_handler=SIG_DFL, sa_mask=~[], sa_flags=SA_RESTORER|SA_ONSTACK|SA_RESTART|SA_SIGINFO, sa_restorer=0x4817a0},  <unfinished ...>
318332 17:02:50.580829 futex(0xc000380148, FUTEX_WAKE_PRIVATE, 1 <unfinished ...>
318325 17:02:50.580846 futex(0xc000402148, FUTEX_WAKE_PRIVATE, 1 <unfinished ...>
318338 17:02:50.580874 <... rt_sigaction resumed>NULL, 8) = 0
318335 17:02:50.580900 <... futex resumed>) = 0
318332 17:02:50.580928 <... futex resumed>) = 1
318338 17:02:50.580946 rt_sigaction(SIGSYS, {sa_handler=SIG_DFL, sa_mask=~[], sa_flags=SA_RESTORER|SA_ONSTACK|SA_RESTART|SA_SIGINFO, sa_restorer=0x4817a0},  <unfinished ...>
318337 17:02:50.580973 <... futex resumed>) = 0
318335 17:02:50.580989 futex(0xc000380148, FUTEX_WAIT_PRIVATE, 0, NULL <unfinished ...>
318326 17:02:50.581014 <... nanosleep resumed>NULL) = 0
318325 17:02:50.581049 <... futex resumed>) = 1
318338 17:02:50.581079 <... rt_sigaction resumed>NULL, 8) = 0
318337 17:02:50.581094 nanosleep({tv_sec=0, tv_nsec=3000},  <unfinished ...>
318335 17:02:50.581112 <... futex resumed>) = -1 EAGAIN (Resource temporarily unavailable)
318332 17:02:50.581141 futex(0xc000380148, FUTEX_WAKE_PRIVATE, 1 <unfinished ...>
318326 17:02:50.581180 nanosleep({tv_sec=0, tv_nsec=20000},  <unfinished ...>
318338 17:02:50.581210 rt_sigaction(SIGRT_3, {sa_handler=SIG_DFL, sa_mask=~[], sa_flags=SA_RESTORER|SA_ONSTACK|SA_RESTART|SA_SIGINFO, sa_restorer=0x4817a0},  <unfinished ...>
318337 17:02:50.581230 <... nanosleep resumed>NULL) = 0
318335 17:02:50.581248 nanosleep({tv_sec=0, tv_nsec=3000},  <unfinished ...>
318332 17:02:50.581276 <... futex resumed>) = 0
318325 17:02:50.581302 futex(0xeeaf80, FUTEX_WAIT_PRIVATE, 0, NULL <unfinished ...>
318338 17:02:50.581335 <... rt_sigaction resumed>NULL, 8) = 0
318337 17:02:50.581371 futex(0xeeaf80, FUTEX_WAKE_PRIVATE, 1 <unfinished ...>
318332 17:02:50.581398 futex(0xc000280148, FUTEX_WAIT_PRIVATE, 0, NULL <unfinished ...>
318326 17:02:50.581415 <... nanosleep resumed>NULL) = 0
318338 17:02:50.581432 rt_sigaction(SIGRT_4, {sa_handler=SIG_DFL, sa_mask=~[], sa_flags=SA_RESTORER|SA_ONSTACK|SA_RESTART|SA_SIGINFO, sa_restorer=0x4817a0},  <unfinished ...>
318337 17:02:50.581459 <... futex resumed>) = 0
318335 17:02:50.581485 <... nanosleep resumed>NULL) = 0
318325 17:02:50.581513 <... futex resumed>) = -1 EAGAIN (Resource temporarily unavailable)
318338 17:02:50.581543 <... rt_sigaction resumed>NULL, 8) = 0
318337 17:02:50.581578 futex(0xc000402148, FUTEX_WAIT_PRIVATE, 0, NULL <unfinished ...>
318335 17:02:50.581603 futex(0xc000380148, FUTEX_WAIT_PRIVATE, 0, NULL <unfinished ...>
318326 17:02:50.581631 nanosleep({tv_sec=0, tv_nsec=20000},  <unfinished ...>
318338 17:02:50.581663 rt_sigaction(SIGRT_5, {sa_handler=SIG_DFL, sa_mask=~[], sa_flags=SA_RESTORER|SA_ONSTACK|SA_RESTART|SA_SIGINFO, sa_restorer=0x4817a0},  <unfinished ...>
318325 17:02:50.581700 rt_sigprocmask(SIG_SETMASK, [KILL STOP RT_12 RT_13 RT_14 RT_15 RT_16 RT_17 RT_18 RT_19 RT_20 RT_21 RT_22 RT_23 RT_24 RT_25 RT_26 RT_27 RT_28 RT_29 RT_30 RT_31 RT_32],  <unfinished ...>
318338 17:02:50.581732 <... rt_sigaction resumed>NULL, 8) = 0
318325 17:02:50.581748 <... rt_sigprocmask resumed>NULL, 8) = 0
318338 17:02:50.581778 rt_sigaction(SIGRT_6, {sa_handler=SIG_DFL, sa_mask=~[], sa_flags=SA_RESTORER|SA_ONSTACK|SA_RESTART|SA_SIGINFO, sa_restorer=0x4817a0},  <unfinished ...>
318326 17:02:50.581816 <... nanosleep resumed>NULL) = 0
318338 17:02:50.581834 <... rt_sigaction resumed>NULL, 8) = 0
318325 17:02:50.581862 futex(0xc000380148, FUTEX_WAKE_PRIVATE, 1 <unfinished ...>
318338 17:02:50.581880 rt_sigaction(SIGRT_7, {sa_handler=SIG_DFL, sa_mask=~[], sa_flags=SA_RESTORER|SA_ONSTACK|SA_RESTART|SA_SIGINFO, sa_restorer=0x4817a0},  <unfinished ...>
318326 17:02:50.581910 nanosleep({tv_sec=0, tv_nsec=20000},  <unfinished ...>
318338 17:02:50.581938 <... rt_sigaction resumed>NULL, 8) = 0
318335 17:02:50.581955 <... futex resumed>) = 0
318325 17:02:50.581979 <... futex resumed>) = 1
318338 17:02:50.582006 rt_sigaction(SIGRT_8, {sa_handler=SIG_DFL, sa_mask=~[], sa_flags=SA_RESTORER|SA_ONSTACK|SA_RESTART|SA_SIGINFO, sa_restorer=0x4817a0},  <unfinished ...>
318335 17:02:50.582046 nanosleep({tv_sec=0, tv_nsec=3000},  <unfinished ...>
318338 17:02:50.582065 <... rt_sigaction resumed>NULL, 8) = 0
318326 17:02:50.582090 <... nanosleep resumed>NULL) = 0
318325 17:02:50.582130 futex(0xc000402148, FUTEX_WAKE_PRIVATE, 1 <unfinished ...>
318338 17:02:50.582162 rt_sigaction(SIGRT_9, {sa_handler=SIG_DFL, sa_mask=~[], sa_flags=SA_RESTORER|SA_ONSTACK|SA_RESTART|SA_SIGINFO, sa_restorer=0x4817a0},  <unfinished ...>
318335 17:02:50.582192 <... nanosleep resumed>NULL) = 0
318326 17:02:50.582228 nanosleep({tv_sec=0, tv_nsec=20000},  <unfinished ...>
318338 17:02:50.582248 <... rt_sigaction resumed>NULL, 8) = 0
318337 17:02:50.582272 <... futex resumed>) = 0
318335 17:02:50.582289 futex(0xc000280148, FUTEX_WAKE_PRIVATE, 1 <unfinished ...>
318325 17:02:50.582314 <... futex resumed>) = 1
318338 17:02:50.582352 rt_sigaction(SIGRT_10, {sa_handler=SIG_DFL, sa_mask=~[], sa_flags=SA_RESTORER|SA_ONSTACK|SA_RESTART|SA_SIGINFO, sa_restorer=0x4817a0},  <unfinished ...>
318337 17:02:50.582391 futex(0xc000402148, FUTEX_WAIT_PRIVATE, 0, NULL <unfinished ...>
318335 17:02:50.582408 <... futex resumed>) = 1
318332 17:02:50.582438 <... futex resumed>) = 0
318326 17:02:50.582458 <... nanosleep resumed>NULL) = 0
318338 17:02:50.582494 <... rt_sigaction resumed>NULL, 8) = 0
318335 17:02:50.582534 futex(0xeeaf80, FUTEX_WAKE_PRIVATE, 1 <unfinished ...>
318332 17:02:50.582551 futex(0xc000280148, FUTEX_WAIT_PRIVATE, 0, NULL <unfinished ...>
318325 17:02:50.582577 futex(0xeeaf80, FUTEX_WAIT_PRIVATE, 0, NULL <unfinished ...>
318338 17:02:50.582613 rt_sigaction(SIGRT_11, {sa_handler=SIG_DFL, sa_mask=~[], sa_flags=SA_RESTORER|SA_ONSTACK|SA_RESTART|SA_SIGINFO, sa_restorer=0x4817a0},  <unfinished ...>
318335 17:02:50.582641 <... futex resumed>) = 0
318326 17:02:50.582658 nanosleep({tv_sec=0, tv_nsec=20000},  <unfinished ...>
318338 17:02:50.582687 <... rt_sigaction resumed>NULL, 8) = 0
318335 17:02:50.582706 futex(0xc000380148, FUTEX_WAIT_PRIVATE, 0, NULL <unfinished ...>
318325 17:02:50.582734 <... futex resumed>) = -1 EAGAIN (Resource temporarily unavailable)
318338 17:02:50.582772 rt_sigaction(SIGRT_12, {sa_handler=SIG_DFL, sa_mask=~[], sa_flags=SA_RESTORER|SA_ONSTACK|SA_RESTART|SA_SIGINFO, sa_restorer=0x4817a0},  <unfinished ...>
318326 17:02:50.582801 <... nanosleep resumed>NULL) = 0
318325 17:02:50.582818 rt_sigprocmask(SIG_SETMASK, [KILL STOP RT_13 RT_14 RT_15 RT_16 RT_17 RT_18 RT_19 RT_20 RT_21 RT_22 RT_23 RT_24 RT_25 RT_26 RT_27 RT_28 RT_29 RT_30 RT_31 RT_32],  <unfinished ...>
318338 17:02:50.582848 <... rt_sigaction resumed>NULL, 8) = 0
318326 17:02:50.582878 getpid( <unfinished ...>
318338 17:02:50.582907 rt_sigaction(SIGRT_13, {sa_handler=SIG_DFL, sa_mask=~[], sa_flags=SA_RESTORER|SA_ONSTACK|SA_RESTART|SA_SIGINFO, sa_restorer=0x4817a0},  <unfinished ...>
318325 17:02:50.582926 <... rt_sigprocmask resumed>NULL, 8) = 0
318338 17:02:50.582952 <... rt_sigaction resumed>NULL, 8) = 0
318326 17:02:50.582991 <... getpid resumed>) = 318325
318338 17:02:50.583009 rt_sigaction(SIGRT_14, {sa_handler=SIG_DFL, sa_mask=~[], sa_flags=SA_RESTORER|SA_ONSTACK|SA_RESTART|SA_SIGINFO, sa_restorer=0x4817a0},  <unfinished ...>
318325 17:02:50.583037 futex(0xc000380148, FUTEX_WAKE_PRIVATE, 1 <unfinished ...>
318338 17:02:50.583054 <... rt_sigaction resumed>NULL, 8) = 0
318326 17:02:50.583080 tgkill(318325, 318327, SIGURG <unfinished ...>
318338 17:02:50.583098 rt_sigaction(SIGRT_15, {sa_handler=SIG_DFL, sa_mask=~[], sa_flags=SA_RESTORER|SA_ONSTACK|SA_RESTART|SA_SIGINFO, sa_restorer=0x4817a0},  <unfinished ...>
318335 17:02:50.583116 <... futex resumed>) = 0
318325 17:02:50.583142 <... futex resumed>) = 1
318338 17:02:50.583182 <... rt_sigaction resumed>NULL, 8) = 0
318335 17:02:50.583207 nanosleep({tv_sec=0, tv_nsec=3000},  <unfinished ...>
318326 17:02:50.583224 <... tgkill resumed>) = 0
318338 17:02:50.583250 rt_sigaction(SIGRT_16, {sa_handler=SIG_DFL, sa_mask=~[], sa_flags=SA_RESTORER|SA_ONSTACK|SA_RESTART|SA_SIGINFO, sa_restorer=0x4817a0},  <unfinished ...>
318325 17:02:50.583269 futex(0xc000280148, FUTEX_WAKE_PRIVATE, 1 <unfinished ...>
318338 17:02:50.583296 <... rt_sigaction resumed>NULL, 8) = 0
318335 17:02:50.583313 <... nanosleep resumed>NULL) = 0
318326 17:02:50.583352 nanosleep({tv_sec=0, tv_nsec=20000},  <unfinished ...>
318338 17:02:50.583382 rt_sigaction(SIGRT_17, {sa_handler=SIG_DFL, sa_mask=~[], sa_flags=SA_RESTORER|SA_ONSTACK|SA_RESTART|SA_SIGINFO, sa_restorer=0x4817a0},  <unfinished ...>
318335 17:02:50.583402 futex(0xc000402148, FUTEX_WAKE_PRIVATE, 1 <unfinished ...>
318332 17:02:50.583420 <... futex resumed>) = 0
318325 17:02:50.583449 <... futex resumed>) = 1
318338 17:02:50.583490 <... rt_sigaction resumed>NULL, 8) = 0
318337 17:02:50.583571 <... futex resumed>) = 0
318335 17:02:50.583590 <... futex resumed>) = 1
318332 17:02:50.583615 futex(0xc000280148, FUTEX_WAIT_PRIVATE, 0, NULL <unfinished ...>
318326 17:02:50.583651 <... nanosleep resumed>NULL) = 0
318325 17:02:50.583677 futex(0xeeaf80, FUTEX_WAIT_PRIVATE, 0, NULL <unfinished ...>
318338 17:02:50.583716 rt_sigaction(SIGRT_18, {sa_handler=SIG_DFL, sa_mask=~[], sa_flags=SA_RESTORER|SA_ONSTACK|SA_RESTART|SA_SIGINFO, sa_restorer=0x4817a0},  <unfinished ...>
318337 17:02:50.583757 futex(0xc000402148, FUTEX_WAIT_PRIVATE, 0, NULL <unfinished ...>
318335 17:02:50.583773 futex(0xc000402148, FUTEX_WAKE_PRIVATE, 1 <unfinished ...>
318326 17:02:50.583791 nanosleep({tv_sec=0, tv_nsec=20000},  <unfinished ...>
318338 17:02:50.583820 <... rt_sigaction resumed>NULL, 8) = 0
318337 17:02:50.583855 <... futex resumed>) = -1 EAGAIN (Resource temporarily unavailable)
318335 17:02:50.583872 <... futex resumed>) = 0
318338 17:02:50.583899 rt_sigaction(SIGRT_19, {sa_handler=SIG_DFL, sa_mask=~[], sa_flags=SA_RESTORER|SA_ONSTACK|SA_RESTART|SA_SIGINFO, sa_restorer=0x4817a0},  <unfinished ...>
318337 17:02:50.583935 nanosleep({tv_sec=0, tv_nsec=3000},  <unfinished ...>
318338 17:02:50.583963 <... rt_sigaction resumed>NULL, 8) = 0
318326 17:02:50.583998 <... nanosleep resumed>NULL) = 0
318338 17:02:50.584024 rt_sigaction(SIGRT_20, {sa_handler=SIG_DFL, sa_mask=~[], sa_flags=SA_RESTORER|SA_ONSTACK|SA_RESTART|SA_SIGINFO, sa_restorer=0x4817a0},  <unfinished ...>
318337 17:02:50.584062 <... nanosleep resumed>NULL) = 0
318326 17:02:50.584087 nanosleep({tv_sec=0, tv_nsec=20000},  <unfinished ...>
318338 17:02:50.584124 <... rt_sigaction resumed>NULL, 8) = 0
318337 17:02:50.584150 futex(0xc000280148, FUTEX_WAKE_PRIVATE, 1 <unfinished ...>
318338 17:02:50.584168 rt_sigaction(SIGRT_21, {sa_handler=SIG_DFL, sa_mask=~[], sa_flags=SA_RESTORER|SA_ONSTACK|SA_RESTART|SA_SIGINFO, sa_restorer=0x4817a0},  <unfinished ...>
318335 17:02:50.584199 futex(0xc000380148, FUTEX_WAIT_PRIVATE, 0, NULL <unfinished ...>
318337 17:02:50.584218 <... futex resumed>) = 1
318332 17:02:50.584238 <... futex resumed>) = 0
318338 17:02:50.584258 <... rt_sigaction resumed>NULL, 8) = 0
318337 17:02:50.584289 futex(0xeeaf80, FUTEX_WAKE_PRIVATE, 1 <unfinished ...>
318326 17:02:50.584309 <... nanosleep resumed>NULL) = 0
318338 17:02:50.584332 rt_sigaction(SIGRT_22, {sa_handler=SIG_DFL, sa_mask=~[], sa_flags=SA_RESTORER|SA_ONSTACK|SA_RESTART|SA_SIGINFO, sa_restorer=0x4817a0},  <unfinished ...>
318337 17:02:50.584371 <... futex resumed>) = 1
318332 17:02:50.584424 futex(0xc000280148, FUTEX_WAIT_PRIVATE, 0, NULL <unfinished ...>
318338 17:02:50.584462 <... rt_sigaction resumed>NULL, 8) = 0
318337 17:02:50.584481 futex(0xc000402148, FUTEX_WAIT_PRIVATE, 0, NULL <unfinished ...>
318326 17:02:50.584510 nanosleep({tv_sec=0, tv_nsec=20000},  <unfinished ...>
318325 17:02:50.584554 <... futex resumed>) = 0
318338 17:02:50.584573 rt_sigaction(SIGRT_23, {sa_handler=SIG_DFL, sa_mask=~[], sa_flags=SA_RESTORER|SA_ONSTACK|SA_RESTART|SA_SIGINFO, sa_restorer=0x4817a0},  <unfinished ...>
318325 17:02:50.584603 rt_sigprocmask(SIG_SETMASK, [KILL STOP RT_14 RT_15 RT_16 RT_17 RT_18 RT_19 RT_20 RT_21 RT_22 RT_23 RT_24 RT_25 RT_26 RT_27 RT_28 RT_29 RT_30 RT_31 RT_32],  <unfinished ...>
318338 17:02:50.584632 <... rt_sigaction resumed>NULL, 8) = 0
318326 17:02:50.584653 <... nanosleep resumed>NULL) = 0
318325 17:02:50.584695 <... rt_sigprocmask resumed>NULL, 8) = 0
318338 17:02:50.584743 rt_sigaction(SIGRT_24, {sa_handler=SIG_DFL, sa_mask=~[], sa_flags=SA_RESTORER|SA_ONSTACK|SA_RESTART|SA_SIGINFO, sa_restorer=0x4817a0},  <unfinished ...>
318326 17:02:50.584793 nanosleep({tv_sec=0, tv_nsec=20000},  <unfinished ...>
318338 17:02:50.584832 <... rt_sigaction resumed>NULL, 8) = 0
318325 17:02:50.584866 futex(0xc000402148, FUTEX_WAKE_PRIVATE, 1 <unfinished ...>
318338 17:02:50.584885 rt_sigaction(SIGRT_25, {sa_handler=SIG_DFL, sa_mask=~[], sa_flags=SA_RESTORER|SA_ONSTACK|SA_RESTART|SA_SIGINFO, sa_restorer=0x4817a0},  <unfinished ...>
318337 17:02:50.584919 <... futex resumed>) = 0
318326 17:02:50.584936 <... nanosleep resumed>NULL) = 0
318325 17:02:50.584962 <... futex resumed>) = 1
318338 17:02:50.584980 <... rt_sigaction resumed>NULL, 8) = 0
318337 17:02:50.584997 nanosleep({tv_sec=0, tv_nsec=3000},  <unfinished ...>
318326 17:02:50.585024 nanosleep({tv_sec=0, tv_nsec=20000},  <unfinished ...>
318338 17:02:50.585061 rt_sigaction(SIGRT_26, {sa_handler=SIG_DFL, sa_mask=~[], sa_flags=SA_RESTORER|SA_ONSTACK|SA_RESTART|SA_SIGINFO, sa_restorer=0x4817a0},  <unfinished ...>
318325 17:02:50.585080 futex(0xc000280148, FUTEX_WAKE_PRIVATE, 1 <unfinished ...>
318338 17:02:50.585106 <... rt_sigaction resumed>NULL, 8) = 0
318337 17:02:50.585141 <... nanosleep resumed>NULL) = 0
318332 17:02:50.585159 <... futex resumed>) = 0
318325 17:02:50.585189 <... futex resumed>) = 1
318338 17:02:50.585217 rt_sigaction(SIGRT_27, {sa_handler=SIG_DFL, sa_mask=~[], sa_flags=SA_RESTORER|SA_ONSTACK|SA_RESTART|SA_SIGINFO, sa_restorer=0x4817a0},  <unfinished ...>
318337 17:02:50.585245 futex(0xc000380148, FUTEX_WAKE_PRIVATE, 1 <unfinished ...>
318332 17:02:50.585261 futex(0xc000280148, FUTEX_WAIT_PRIVATE, 0, NULL <unfinished ...>
318326 17:02:50.585288 <... nanosleep resumed>NULL) = 0
318338 17:02:50.585323 <... rt_sigaction resumed>NULL, 8) = 0
318337 17:02:50.585340 <... futex resumed>) = 1
318335 17:02:50.585365 <... futex resumed>) = 0
318325 17:02:50.585399 futex(0xeeaf80, FUTEX_WAIT_PRIVATE, 0, NULL <unfinished ...>
318338 17:02:50.585426 rt_sigaction(SIGRT_28, {sa_handler=SIG_DFL, sa_mask=~[], sa_flags=SA_RESTORER|SA_ONSTACK|SA_RESTART|SA_SIGINFO, sa_restorer=0x4817a0},  <unfinished ...>
318337 17:02:50.585444 futex(0xeeaf80, FUTEX_WAKE_PRIVATE, 1 <unfinished ...>
318335 17:02:50.585469 futex(0xc000380148, FUTEX_WAIT_PRIVATE, 0, NULL <unfinished ...>
318326 17:02:50.585486 nanosleep({tv_sec=0, tv_nsec=20000},  <unfinished ...>
318338 17:02:50.585514 <... rt_sigaction resumed>NULL, 8) = 0
318337 17:02:50.585530 <... futex resumed>) = 0
318325 17:02:50.585559 <... futex resumed>) = -1 EAGAIN (Resource temporarily unavailable)
318338 17:02:50.585597 rt_sigaction(SIGRT_29, {sa_handler=SIG_DFL, sa_mask=~[], sa_flags=SA_RESTORER|SA_ONSTACK|SA_RESTART|SA_SIGINFO, sa_restorer=0x4817a0},  <unfinished ...>
318337 17:02:50.585635 futex(0xc000402148, FUTEX_WAIT_PRIVATE, 0, NULL <unfinished ...>
318326 17:02:50.585651 <... nanosleep resumed>NULL) = 0
318338 17:02:50.585678 <... rt_sigaction resumed>NULL, 8) = 0
318325 17:02:50.585694 rt_sigprocmask(SIG_SETMASK, [KILL STOP RT_15 RT_16 RT_17 RT_18 RT_19 RT_20 RT_21 RT_22 RT_23 RT_24 RT_25 RT_26 RT_27 RT_28 RT_29 RT_30 RT_31 RT_32],  <unfinished ...>
318338 17:02:50.585723 rt_sigaction(SIGRT_30, {sa_handler=SIG_DFL, sa_mask=~[], sa_flags=SA_RESTORER|SA_ONSTACK|SA_RESTART|SA_SIGINFO, sa_restorer=0x4817a0},  <unfinished ...>
318326 17:02:50.585743 nanosleep({tv_sec=0, tv_nsec=20000},  <unfinished ...>
318338 17:02:50.585771 <... rt_sigaction resumed>NULL, 8) = 0
318325 17:02:50.585787 <... rt_sigprocmask resumed>NULL, 8) = 0
318338 17:02:50.585814 rt_sigaction(SIGRT_31, {sa_handler=SIG_DFL, sa_mask=~[], sa_flags=SA_RESTORER|SA_ONSTACK|SA_RESTART|SA_SIGINFO, sa_restorer=0x4817a0},  <unfinished ...>
318325 17:02:50.585833 futex(0xc000402148, FUTEX_WAKE_PRIVATE, 1 <unfinished ...>
318338 17:02:50.585850 <... rt_sigaction resumed>NULL, 8) = 0
318337 17:02:50.585866 <... futex resumed>) = 0
318326 17:02:50.585882 <... nanosleep resumed>NULL) = 0
318325 17:02:50.585898 <... futex resumed>) = 1
318338 17:02:50.585915 rt_sigaction(SIGRT_32, {sa_handler=SIG_DFL, sa_mask=~[], sa_flags=SA_RESTORER|SA_ONSTACK|SA_RESTART|SA_SIGINFO, sa_restorer=0x4817a0},  <unfinished ...>
318337 17:02:50.585933 nanosleep({tv_sec=0, tv_nsec=3000},  <unfinished ...>
318326 17:02:50.585951 nanosleep({tv_sec=0, tv_nsec=20000},  <unfinished ...>
318338 17:02:50.585968 <... rt_sigaction resumed>NULL, 8) = 0
318325 17:02:50.585985 futex(0xc000380148, FUTEX_WAKE_PRIVATE, 1 <unfinished ...>
318338 17:02:50.586002 rt_sigprocmask(SIG_SETMASK, [],  <unfinished ...>
318325 17:02:50.586020 <... futex resumed>) = 1
318338 17:02:50.586047 <... rt_sigprocmask resumed>NULL, 8) = 0
318335 17:02:50.586073 <... futex resumed>) = 0
318338 17:02:50.586101 chdir("/home/sh1rogane/Anolix/rootfs" <unfinished ...>
318337 17:02:50.586137 <... nanosleep resumed>NULL) = 0
318326 17:02:50.586153 <... nanosleep resumed>NULL) = 0
318325 17:02:50.586179 futex(0xeeaf80, FUTEX_WAIT_PRIVATE, 0, NULL <unfinished ...>
318338 17:02:50.586198 <... chdir resumed>) = 0
318337 17:02:50.586224 futex(0xc000402148, FUTEX_WAIT_PRIVATE, 0, NULL <unfinished ...>
318335 17:02:50.586241 futex(0xeeaf80, FUTEX_WAKE_PRIVATE, 1 <unfinished ...>
318326 17:02:50.586266 nanosleep({tv_sec=0, tv_nsec=20000},  <unfinished ...>
318338 17:02:50.586286 dup3(6, 0, 0 <unfinished ...>
318335 17:02:50.586316 <... futex resumed>) = 0
318325 17:02:50.586332 <... futex resumed>) = -1 EAGAIN (Resource temporarily unavailable)
318338 17:02:50.586359 <... dup3 resumed>) = 0
318335 17:02:50.586383 futex(0xc000380148, FUTEX_WAIT_PRIVATE, 0, NULL <unfinished ...>
318338 17:02:50.586414 dup3(11, 1, 0 <unfinished ...>
318326 17:02:50.586437 <... nanosleep resumed>NULL) = 0
318325 17:02:50.586466 rt_sigprocmask(SIG_SETMASK, [KILL STOP RT_16 RT_17 RT_18 RT_19 RT_20 RT_21 RT_22 RT_23 RT_24 RT_25 RT_26 RT_27 RT_28 RT_29 RT_30 RT_31 RT_32],  <unfinished ...>
318338 17:02:50.586503 <... dup3 resumed>) = 1
318326 17:02:50.586533 nanosleep({tv_sec=0, tv_nsec=20000},  <unfinished ...>
318338 17:02:50.586557 dup3(13, 2, 0 <unfinished ...>
318325 17:02:50.586587 <... rt_sigprocmask resumed>NULL, 8) = 0
318338 17:02:50.586609 <... dup3 resumed>) = 2
318325 17:02:50.586639 futex(0xc000380148, FUTEX_WAKE_PRIVATE, 1 <unfinished ...>
318338 17:02:50.586659 dup3(14, 3, 0 <unfinished ...>
318326 17:02:50.586687 <... nanosleep resumed>NULL) = 0
318338 17:02:50.586709 <... dup3 resumed>) = 3
318335 17:02:50.586739 <... futex resumed>) = 0
318325 17:02:50.586767 <... futex resumed>) = 1
318338 17:02:50.586802 dup3(16, 4, 0 <unfinished ...>
318335 17:02:50.586826 nanosleep({tv_sec=0, tv_nsec=3000},  <unfinished ...>
318326 17:02:50.586863 nanosleep({tv_sec=0, tv_nsec=20000},  <unfinished ...>
318338 17:02:50.586892 <... dup3 resumed>) = 4
318325 17:02:50.586924 futex(0xc000402148, FUTEX_WAKE_PRIVATE, 1 <unfinished ...>
318338 17:02:50.586951 dup3(20, 5, 0 <unfinished ...>
318335 17:02:50.586972 <... nanosleep resumed>NULL) = 0
318338 17:02:50.586997 <... dup3 resumed>) = 5
318337 17:02:50.587030 <... futex resumed>) = 0
318326 17:02:50.587050 <... nanosleep resumed>NULL) = 0
318325 17:02:50.587071 <... futex resumed>) = 1
318338 17:02:50.587104 dup3(22, 6, 0 <unfinished ...>
318337 17:02:50.587149 futex(0xc000402148, FUTEX_WAIT_PRIVATE, 0, NULL <unfinished ...>
318335 17:02:50.587189 futex(0xc000280148, FUTEX_WAKE_PRIVATE, 1 <unfinished ...>
318326 17:02:50.587232 nanosleep({tv_sec=0, tv_nsec=20000},  <unfinished ...>
318338 17:02:50.587268 <... dup3 resumed>) = 6
318335 17:02:50.587290 <... futex resumed>) = 1
318332 17:02:50.587311 <... futex resumed>) = 0
318325 17:02:50.587343 futex(0xeeaf80, FUTEX_WAIT_PRIVATE, 0, NULL <unfinished ...>
318338 17:02:50.587368 dup3(19, 7, 0 <unfinished ...>
318335 17:02:50.587400 futex(0xeeaf80, FUTEX_WAKE_PRIVATE, 1 <unfinished ...>
318332 17:02:50.587423 futex(0xc000280148, FUTEX_WAIT_PRIVATE, 0, NULL <unfinished ...>
318326 17:02:50.587445 <... nanosleep resumed>NULL) = 0
318338 17:02:50.587487 <... dup3 resumed>) = 7
318335 17:02:50.587542 <... futex resumed>) = 0
318325 17:02:50.587564 <... futex resumed>) = -1 EAGAIN (Resource temporarily unavailable)
318338 17:02:50.587591 prlimit64(0, RLIMIT_NOFILE, NULL,  <unfinished ...>
318335 17:02:50.587625 futex(0xc000380148, FUTEX_WAIT_PRIVATE, 0, NULL <unfinished ...>
318326 17:02:50.587665 nanosleep({tv_sec=0, tv_nsec=20000},  <unfinished ...>
318338 17:02:50.587727 <... prlimit64 resumed>{rlim_cur=1048575, rlim_max=1024*1024}) = 0
318325 17:02:50.587782 rt_sigprocmask(SIG_SETMASK, [KILL STOP RT_17 RT_18 RT_19 RT_20 RT_21 RT_22 RT_23 RT_24 RT_25 RT_26 RT_27 RT_28 RT_29 RT_30 RT_31 RT_32],  <unfinished ...>
318338 17:02:50.587834 prlimit64(0, RLIMIT_NOFILE, {rlim_cur=1024, rlim_max=1024*1024},  <unfinished ...>
318326 17:02:50.587870 <... nanosleep resumed>NULL) = 0
318338 17:02:50.587889 <... prlimit64 resumed>NULL) = 0
318325 17:02:50.587906 <... rt_sigprocmask resumed>NULL, 8) = 0
318338 17:02:50.587926 execve("/proc/self/fd/6", ["/usr/sbin/runc", "init"], 0xc0003aa0c0 /* 7 vars */ <unfinished ...>
318326 17:02:50.587965 nanosleep({tv_sec=0, tv_nsec=20000},  <unfinished ...>
318325 17:02:50.588001 futex(0xc000380148, FUTEX_WAKE_PRIVATE, 1 <unfinished ...>
318335 17:02:50.588065 <... futex resumed>) = 0
318325 17:02:50.588109 <... futex resumed>) = 1
318335 17:02:50.588136 nanosleep({tv_sec=0, tv_nsec=3000},  <unfinished ...>
318327 17:02:50.588171 <... clone resumed>, parent_tid=[24]) = 318338
318326 17:02:50.588220 <... nanosleep resumed>NULL) = 0
318327 17:02:50.588253 rt_sigprocmask(SIG_SETMASK, [],  <unfinished ...>
318325 17:02:50.588299 futex(0xc000280148, FUTEX_WAKE_PRIVATE, 1 <unfinished ...>
318338 17:02:50.588327 <... execve resumed>) = 0
318335 17:02:50.588362 <... nanosleep resumed>NULL) = 0
318327 17:02:50.588382 <... rt_sigprocmask resumed>NULL, 8) = 0
318326 17:02:50.588425 nanosleep({tv_sec=0, tv_nsec=20000},  <unfinished ...>
318338 17:02:50.588475 brk(NULL <unfinished ...>
318335 17:02:50.588504 futex(0xc000402148, FUTEX_WAKE_PRIVATE, 1 <unfinished ...>
318332 17:02:50.588520 <... futex resumed>) = 0
318327 17:02:50.588548 --- SIGURG {si_signo=SIGURG, si_code=SI_TKILL, si_pid=318325, si_uid=0} ---
318325 17:02:50.588581 <... futex resumed>) = 1
318338 17:02:50.588609 <... brk resumed>) = 0x322d2000
318337 17:02:50.588626 <... futex resumed>) = 0
318335 17:02:50.588645 <... futex resumed>) = 1
318332 17:02:50.588664 futex(0xc000280148, FUTEX_WAIT_PRIVATE, 0, NULL <unfinished ...>
318327 17:02:50.588691 futex(0xf0b780, FUTEX_WAKE_PRIVATE, 1 <unfinished ...>
318326 17:02:50.588707 <... nanosleep resumed>NULL) = 0
318338 17:02:50.588742 mmap(NULL, 8192, PROT_READ|PROT_WRITE, MAP_PRIVATE|MAP_ANONYMOUS, -1, 0 <unfinished ...>
318337 17:02:50.588785 futex(0xc000402148, FUTEX_WAIT_PRIVATE, 0, NULL <unfinished ...>
318335 17:02:50.588813 futex(0xc000402148, FUTEX_WAKE_PRIVATE, 1 <unfinished ...>
318329 17:02:50.588834 <... futex resumed>) = 0
318327 17:02:50.588853 <... futex resumed>) = 1
318325 17:02:50.588886 futex(0xeeaf80, FUTEX_WAIT_PRIVATE, 0, NULL <unfinished ...>
318338 17:02:50.588920 <... mmap resumed>) = 0x7d6d811f5000
318337 17:02:50.588955 <... futex resumed>) = -1 EAGAIN (Resource temporarily unavailable)
318335 17:02:50.588973 <... futex resumed>) = 0
318329 17:02:50.588999 nanosleep({tv_sec=0, tv_nsec=3000},  <unfinished ...>
318327 17:02:50.589031 rt_sigreturn({mask=[]} <unfinished ...>
318326 17:02:50.589063 getpid( <unfinished ...>
318338 17:02:50.589082 access("/etc/ld.so.preload", R_OK <unfinished ...>
318337 17:02:50.589116 nanosleep({tv_sec=0, tv_nsec=3000},  <unfinished ...>
318335 17:02:50.589144 futex(0xeeaf80, FUTEX_WAKE_PRIVATE, 1 <unfinished ...>
318327 17:02:50.589170 <... rt_sigreturn resumed>) = 0
318338 17:02:50.589188 <... access resumed>) = -1 ENOENT (No such file or directory)
318335 17:02:50.589213 <... futex resumed>) = 1
318329 17:02:50.589229 <... nanosleep resumed>NULL) = 0
318326 17:02:50.589246 <... getpid resumed>) = 318325
318338 17:02:50.589273 openat(AT_FDCWD, "/etc/ld.so.cache", O_RDONLY|O_CLOEXEC <unfinished ...>
318337 17:02:50.589302 <... nanosleep resumed>NULL) = 0
318335 17:02:50.589328 futex(0xc000380148, FUTEX_WAIT_PRIVATE, 0, NULL <unfinished ...>
318329 17:02:50.589345 futex(0xc000073148, FUTEX_WAKE_PRIVATE, 1 <unfinished ...>
318327 17:02:50.589370 futex(0xc000280148, FUTEX_WAKE_PRIVATE, 1 <unfinished ...>
318325 17:02:50.589387 <... futex resumed>) = 0
318338 17:02:50.589415 <... openat resumed>) = 8
318337 17:02:50.589436 futex(0xc000402148, FUTEX_WAIT_PRIVATE, 0, NULL <unfinished ...>
318332 17:02:50.589461 <... futex resumed>) = 0
318329 17:02:50.589476 <... futex resumed>) = 0
318327 17:02:50.589501 <... futex resumed>) = 1
318326 17:02:50.589519 tgkill(318325, 318327, SIGURG <unfinished ...>
318338 17:02:50.589547 fstat(8,  <unfinished ...>
318332 17:02:50.589564 futex(0xc000280148, FUTEX_WAIT_PRIVATE, 0, NULL <unfinished ...>
318329 17:02:50.589581 futex(0xc000100148, FUTEX_WAIT_PRIVATE, 0, NULL <unfinished ...>
318327 17:02:50.589606 close(23 <unfinished ...>
318325 17:02:50.589632 rt_sigprocmask(SIG_SETMASK, [KILL STOP RT_18 RT_19 RT_20 RT_21 RT_22 RT_23 RT_24 RT_25 RT_26 RT_27 RT_28 RT_29 RT_30 RT_31 RT_32],  <unfinished ...>
318338 17:02:50.589646 <... fstat resumed>{st_mode=S_IFREG|0644, st_size=43079, ...}) = 0
318327 17:02:50.589680 <... close resumed>) = 0
318326 17:02:50.589707 <... tgkill resumed>) = 0
318338 17:02:50.589726 mmap(NULL, 43079, PROT_READ, MAP_PRIVATE, 8, 0 <unfinished ...>
318327 17:02:50.589748 --- SIGURG {si_signo=SIGURG, si_code=SI_TKILL, si_pid=318325, si_uid=0} ---
318325 17:02:50.589768 <... rt_sigprocmask resumed>NULL, 8) = 0
318338 17:02:50.589810 <... mmap resumed>) = 0x7d6d811ea000
318327 17:02:50.589849 rt_sigreturn({mask=[]} <unfinished ...>
318326 17:02:50.589868 nanosleep({tv_sec=0, tv_nsec=20000},  <unfinished ...>
318338 17:02:50.589899 close(8 <unfinished ...>
318327 17:02:50.589916 <... rt_sigreturn resumed>) = 0
318325 17:02:50.589939 futex(0xc000100148, FUTEX_WAKE_PRIVATE, 1 <unfinished ...>
318338 17:02:50.589957 <... close resumed>) = 0
318327 17:02:50.589983 read(21,  <unfinished ...>
318338 17:02:50.590012 openat(AT_FDCWD, "/lib/x86_64-linux-gnu/libseccomp.so.2", O_RDONLY|O_CLOEXEC <unfinished ...>
318329 17:02:50.590041 <... futex resumed>) = 0
318326 17:02:50.590057 <... nanosleep resumed>NULL) = 0
318325 17:02:50.590082 <... futex resumed>) = 1
318338 17:02:50.590100 <... openat resumed>) = 8
318329 17:02:50.590125 nanosleep({tv_sec=0, tv_nsec=3000},  <unfinished ...>
318327 17:02:50.590144 <... read resumed>"", 8) = 0
318326 17:02:50.590169 nanosleep({tv_sec=0, tv_nsec=20000},  <unfinished ...>
318338 17:02:50.590188 read(8,  <unfinished ...>
318327 17:02:50.590213 close(21 <unfinished ...>
318325 17:02:50.590243 futex(0xc000280148, FUTEX_WAKE_PRIVATE, 1 <unfinished ...>
318338 17:02:50.590269 <... read resumed>"\177ELF\2\1\1\0\0\0\0\0\0\0\0\0\3\0>\0\1\0\0\0\0\0\0\0\0\0\0\0"..., 832) = 832
318329 17:02:50.590298 <... nanosleep resumed>NULL) = 0
318327 17:02:50.590314 <... close resumed>) = 0
318338 17:02:50.590331 fstat(8,  <unfinished ...>
318332 17:02:50.590347 <... futex resumed>) = 0
318329 17:02:50.590372 futex(0xc000402148, FUTEX_WAKE_PRIVATE, 1 <unfinished ...>
318326 17:02:50.590398 <... nanosleep resumed>NULL) = 0
318325 17:02:50.590424 <... futex resumed>) = 1
318338 17:02:50.590442 <... fstat resumed>{st_mode=S_IFREG|0644, st_size=125360, ...}) = 0
318337 17:02:50.590461 <... futex resumed>) = 0
318332 17:02:50.590479 futex(0xc000280148, FUTEX_WAIT_PRIVATE, 0, NULL <unfinished ...>
318329 17:02:50.590505 <... futex resumed>) = 1
318327 17:02:50.590521 close(14 <unfinished ...>
318326 17:02:50.590546 nanosleep({tv_sec=0, tv_nsec=20000},  <unfinished ...>
318338 17:02:50.590565 mmap(NULL, 127296, PROT_READ, MAP_PRIVATE|MAP_DENYWRITE, 8, 0 <unfinished ...>
318337 17:02:50.590591 futex(0xc000402148, FUTEX_WAIT_PRIVATE, 0, NULL <unfinished ...>
318329 17:02:50.590607 futex(0xc000402148, FUTEX_WAKE_PRIVATE, 1 <unfinished ...>
318327 17:02:50.590632 <... close resumed>) = 0
318325 17:02:50.590648 futex(0xeeaf80, FUTEX_WAIT_PRIVATE, 0, NULL <unfinished ...>
318338 17:02:50.590675 <... mmap resumed>) = 0x7d6d811ca000
318337 17:02:50.590703 <... futex resumed>) = -1 EAGAIN (Resource temporarily unavailable)
318329 17:02:50.590734 <... futex resumed>) = 0
318327 17:02:50.590750 close(16 <unfinished ...>
318326 17:02:50.590775 <... nanosleep resumed>NULL) = 0
318338 17:02:50.590793 mmap(0x7d6d811cc000, 57344, PROT_READ|PROT_EXEC, MAP_PRIVATE|MAP_FIXED|MAP_DENYWRITE, 8, 0x2000 <unfinished ...>
318337 17:02:50.590819 nanosleep({tv_sec=0, tv_nsec=3000},  <unfinished ...>
318329 17:02:50.590836 futex(0xeeaf80, FUTEX_WAKE_PRIVATE, 1 <unfinished ...>
318327 17:02:50.590861 <... close resumed>) = 0
318338 17:02:50.590879 <... mmap resumed>) = 0x7d6d811cc000
318329 17:02:50.590904 <... futex resumed>) = 1
318326 17:02:50.590911 nanosleep({tv_sec=0, tv_nsec=20000},  <unfinished ...>
318338 17:02:50.590928 mmap(0x7d6d811da000, 57344, PROT_READ, MAP_PRIVATE|MAP_FIXED|MAP_DENYWRITE, 8, 0x10000 <unfinished ...>
318337 17:02:50.590954 <... nanosleep resumed>NULL) = 0
318329 17:02:50.590970 futex(0xc000100148, FUTEX_WAIT_PRIVATE, 0, NULL <unfinished ...>
318327 17:02:50.590995 epoll_ctl(4, EPOLL_CTL_DEL, 20, 0xc0001a2c64 <unfinished ...>
318325 17:02:50.591009 <... futex resumed>) = 0
318338 17:02:50.591036 <... mmap resumed>) = 0x7d6d811da000
318337 17:02:50.591052 futex(0xc000402148, FUTEX_WAIT_PRIVATE, 0, NULL <unfinished ...>
318326 17:02:50.591077 <... nanosleep resumed>NULL) = 0
318338 17:02:50.591095 mmap(0x7d6d811e8000, 8192, PROT_READ|PROT_WRITE, MAP_PRIVATE|MAP_FIXED|MAP_DENYWRITE, 8, 0x1d000 <unfinished ...>
318327 17:02:50.591120 <... epoll_ctl resumed>) = 0
318325 17:02:50.591136 rt_sigprocmask(SIG_SETMASK, [KILL STOP RT_19 RT_20 RT_21 RT_22 RT_23 RT_24 RT_25 RT_26 RT_27 RT_28 RT_29 RT_30 RT_31 RT_32],  <unfinished ...>
318338 17:02:50.591165 <... mmap resumed>) = 0x7d6d811e8000
318327 17:02:50.591186 close(20 <unfinished ...>
318326 17:02:50.591211 nanosleep({tv_sec=0, tv_nsec=20000},  <unfinished ...>
318338 17:02:50.591230 close(8 <unfinished ...>
318327 17:02:50.591254 <... close resumed>) = 0
318325 17:02:50.591270 <... rt_sigprocmask resumed>NULL, 8) = 0
318338 17:02:50.591296 <... close resumed>) = 0
318327 17:02:50.591313 fstatfs(7,  <unfinished ...>
318325 17:02:50.591339 futex(0xc000402148, FUTEX_WAKE_PRIVATE, 1 <unfinished ...>
318338 17:02:50.591356 openat(AT_FDCWD, "/lib/x86_64-linux-gnu/libc.so.6", O_RDONLY|O_CLOEXEC <unfinished ...>
318327 17:02:50.591392 <... fstatfs resumed>{f_type=PROC_SUPER_MAGIC, f_bsize=4096, f_blocks=0, f_bfree=0, f_bavail=0, f_files=0, f_ffree=0, f_fsid={val=[0x56, 0]}, f_namelen=255, f_frsize=4096, f_flags=ST_VALID|ST_NOSUID|ST_NODEV|ST_NOEXEC|ST_RELATIME}) = 0
318326 17:02:50.591434 <... nanosleep resumed>NULL) = 0
318338 17:02:50.591452 <... openat resumed>) = 8
318337 17:02:50.591469 <... futex resumed>) = 0
318327 17:02:50.591487 fstat(7,  <unfinished ...>
318325 17:02:50.591526 <... futex resumed>) = 1
318338 17:02:50.591554 read(8,  <unfinished ...>
318337 17:02:50.591572 nanosleep({tv_sec=0, tv_nsec=3000},  <unfinished ...>
318327 17:02:50.591591 <... fstat resumed>{st_mode=S_IFDIR|0555, st_size=0, ...}) = 0
318326 17:02:50.591618 nanosleep({tv_sec=0, tv_nsec=20000},  <unfinished ...>
318338 17:02:50.591673 <... read resumed>"\177ELF\2\1\1\3\0\0\0\0\0\0\0\0\3\0>\0\1\0\0\0\220\243\2\0\0\0\0\0"..., 832) = 832
318327 17:02:50.591707 openat2(AT_FDCWD, ".", {flags=O_RDONLY|O_CLOEXEC|O_PATH, resolve=RESOLVE_NO_SYMLINKS|RESOLVE_IN_ROOT}, 24 <unfinished ...>
318325 17:02:50.591734 futex(0xc000100148, FUTEX_WAKE_PRIVATE, 1 <unfinished ...>
318338 17:02:50.591766 pread64(8,  <unfinished ...>
318337 17:02:50.591785 <... nanosleep resumed>NULL) = 0
318327 17:02:50.591813 <... openat2 resumed>) = 14
318338 17:02:50.591839 <... pread64 resumed>"\6\0\0\0\4\0\0\0@\0\0\0\0\0\0\0@\0\0\0\0\0\0\0@\0\0\0\0\0\0\0"..., 784, 64) = 784
318337 17:02:50.591868 futex(0xc000280148, FUTEX_WAKE_PRIVATE, 1 <unfinished ...>
318329 17:02:50.591887 <... futex resumed>) = 0
318326 17:02:50.591915 <... nanosleep resumed>NULL) = 0
318325 17:02:50.591934 <... futex resumed>) = 1
318338 17:02:50.591964 fstat(8,  <unfinished ...>
318337 17:02:50.591982 <... futex resumed>) = 1
318332 17:02:50.592009 <... futex resumed>) = 0
318329 17:02:50.592027 futex(0xc000100148, FUTEX_WAIT_PRIVATE, 0, NULL <unfinished ...>
318327 17:02:50.592054 close(14 <unfinished ...>
318326 17:02:50.592073 nanosleep({tv_sec=0, tv_nsec=40000},  <unfinished ...>
318338 17:02:50.592104 <... fstat resumed>{st_mode=S_IFREG|0755, st_size=2129424, ...}) = 0
318337 17:02:50.592126 futex(0xeeaf80, FUTEX_WAKE_PRIVATE, 1 <unfinished ...>
318332 17:02:50.592153 futex(0xc000280148, FUTEX_WAIT_PRIVATE, 0, NULL <unfinished ...>
318327 17:02:50.592172 <... close resumed>) = 0
318325 17:02:50.592199 futex(0xeeaf80, FUTEX_WAIT_PRIVATE, 0, NULL <unfinished ...>
318338 17:02:50.592221 pread64(8,  <unfinished ...>
318337 17:02:50.592247 <... futex resumed>) = 0
318327 17:02:50.592264 openat2(7, "./318338/stat", {flags=O_RDONLY|O_NOFOLLOW|O_CLOEXEC|O_PATH, resolve=RESOLVE_NO_XDEV|RESOLVE_NO_MAGICLINKS|RESOLVE_BENEATH}, 24 <unfinished ...>
318326 17:02:50.592296 <... nanosleep resumed>NULL) = 0
318338 17:02:50.592315 <... pread64 resumed>"\6\0\0\0\4\0\0\0@\0\0\0\0\0\0\0@\0\0\0\0\0\0\0@\0\0\0\0\0\0\0"..., 784, 64) = 784
318337 17:02:50.592345 futex(0xc000402148, FUTEX_WAIT_PRIVATE, 0, NULL <unfinished ...>
318325 17:02:50.592364 <... futex resumed>) = -1 EAGAIN (Resource temporarily unavailable)
318338 17:02:50.592393 mmap(NULL, 2174352, PROT_READ, MAP_PRIVATE|MAP_DENYWRITE, 8, 0 <unfinished ...>
318327 17:02:50.592410 <... openat2 resumed>) = 14
318326 17:02:50.592436 nanosleep({tv_sec=0, tv_nsec=80000},  <unfinished ...>
318338 17:02:50.592455 <... mmap resumed>) = 0x7d6d80e00000
318327 17:02:50.592480 fcntl(14, F_GETFL <unfinished ...>
318325 17:02:50.592497 rt_sigprocmask(SIG_SETMASK, [KILL STOP RT_20 RT_21 RT_22 RT_23 RT_24 RT_25 RT_26 RT_27 RT_28 RT_29 RT_30 RT_31 RT_32],  <unfinished ...>
318338 17:02:50.592527 mmap(0x7d6d80e28000, 1609728, PROT_READ|PROT_EXEC, MAP_PRIVATE|MAP_FIXED|MAP_DENYWRITE, 8, 0x28000 <unfinished ...>
318327 17:02:50.592566 <... fcntl resumed>) = 0x220000 (flags O_RDONLY|O_NOFOLLOW|O_PATH)
318338 17:02:50.592595 <... mmap resumed>) = 0x7d6d80e28000
318325 17:02:50.592611 <... rt_sigprocmask resumed>NULL, 8) = 0
318338 17:02:50.592639 mmap(0x7d6d80fb1000, 323584, PROT_READ, MAP_PRIVATE|MAP_FIXED|MAP_DENYWRITE, 8, 0x1b1000 <unfinished ...>
318327 17:02:50.592655 fstatfs(7,  <unfinished ...>
318326 17:02:50.592681 <... nanosleep resumed>NULL) = 0
318338 17:02:50.592699 <... mmap resumed>) = 0x7d6d80fb1000
318327 17:02:50.592723 <... fstatfs resumed>{f_type=PROC_SUPER_MAGIC, f_bsize=4096, f_blocks=0, f_bfree=0, f_bavail=0, f_files=0, f_ffree=0, f_fsid={val=[0x56, 0]}, f_namelen=255, f_frsize=4096, f_flags=ST_VALID|ST_NOSUID|ST_NODEV|ST_NOEXEC|ST_RELATIME}) = 0
318325 17:02:50.592750 futex(0xc000402148, FUTEX_WAKE_PRIVATE, 1 <unfinished ...>
318338 17:02:50.592767 mmap(0x7d6d81000000, 24576, PROT_READ|PROT_WRITE, MAP_PRIVATE|MAP_FIXED|MAP_DENYWRITE, 8, 0x1ff000 <unfinished ...>
318327 17:02:50.592784 fstat(7,  <unfinished ...>
318326 17:02:50.592799 nanosleep({tv_sec=0, tv_nsec=160000},  <unfinished ...>
318338 17:02:50.592819 <... mmap resumed>) = 0x7d6d81000000
318337 17:02:50.592844 <... futex resumed>) = 0
318327 17:02:50.592860 <... fstat resumed>{st_mode=S_IFDIR|0555, st_size=0, ...}) = 0
318325 17:02:50.592888 <... futex resumed>) = 1
318338 17:02:50.592905 mmap(0x7d6d81006000, 52624, PROT_READ|PROT_WRITE, MAP_PRIVATE|MAP_FIXED|MAP_ANONYMOUS, -1, 0 <unfinished ...>
318337 17:02:50.592931 nanosleep({tv_sec=0, tv_nsec=3000},  <unfinished ...>
318327 17:02:50.592949 openat2(AT_FDCWD, ".", {flags=O_RDONLY|O_CLOEXEC|O_PATH, resolve=RESOLVE_NO_SYMLINKS|RESOLVE_IN_ROOT}, 24 <unfinished ...>
318338 17:02:50.592979 <... mmap resumed>) = 0x7d6d81006000
318325 17:02:50.592996 futex(0xc000280148, FUTEX_WAKE_PRIVATE, 1 <unfinished ...>
318338 17:02:50.593022 close(8 <unfinished ...>
318327 17:02:50.593042 <... openat2 resumed>) = 16
318338 17:02:50.593073 <... close resumed>) = 0
318337 17:02:50.593090 <... nanosleep resumed>NULL) = 0
318332 17:02:50.593106 <... futex resumed>) = 0
318326 17:02:50.593122 <... nanosleep resumed>NULL) = 0
318325 17:02:50.593142 <... futex resumed>) = 1
318338 17:02:50.593173 mmap(NULL, 12288, PROT_READ|PROT_WRITE, MAP_PRIVATE|MAP_ANONYMOUS, -1, 0 <unfinished ...>
318337 17:02:50.593193 futex(0xc000100148, FUTEX_WAKE_PRIVATE, 1 <unfinished ...>
318332 17:02:50.593219 futex(0xc000280148, FUTEX_WAIT_PRIVATE, 0, NULL <unfinished ...>
318327 17:02:50.593236 close(16 <unfinished ...>
318326 17:02:50.593262 nanosleep({tv_sec=0, tv_nsec=320000},  <unfinished ...>
318338 17:02:50.593284 <... mmap resumed>) = 0x7d6d811c7000
318337 17:02:50.593309 <... futex resumed>) = 1
318329 17:02:50.593325 <... futex resumed>) = 0
318327 17:02:50.593351 <... close resumed>) = 0
318325 17:02:50.593367 futex(0xeeaf80, FUTEX_WAIT_PRIVATE, 0, NULL <unfinished ...>
318338 17:02:50.593395 arch_prctl(ARCH_SET_FS, 0x7d6d811c7740 <unfinished ...>
318337 17:02:50.593413 futex(0xeeaf80, FUTEX_WAKE_PRIVATE, 1 <unfinished ...>
318329 17:02:50.593430 futex(0xc000100148, FUTEX_WAIT_PRIVATE, 0, NULL <unfinished ...>
318327 17:02:50.593446 openat2(7, "thread-self/fd/", {flags=O_RDONLY|O_NOFOLLOW|O_CLOEXEC|O_PATH, resolve=RESOLVE_NO_XDEV|RESOLVE_NO_MAGICLINKS|RESOLVE_BENEATH}, 24 <unfinished ...>
318338 17:02:50.593483 <... arch_prctl resumed>) = 0
318337 17:02:50.593499 <... futex resumed>) = 0
318325 17:02:50.593525 <... futex resumed>) = -1 EAGAIN (Resource temporarily unavailable)
318338 17:02:50.593544 set_tid_address(0x7d6d811c7a10 <unfinished ...>
318337 17:02:50.593569 futex(0xc000402148, FUTEX_WAIT_PRIVATE, 0, NULL <unfinished ...>
318327 17:02:50.593586 <... openat2 resumed>) = 16
318338 17:02:50.593603 <... set_tid_address resumed>) = 318338
318325 17:02:50.593629 rt_sigprocmask(SIG_SETMASK, [KILL STOP RT_21 RT_22 RT_23 RT_24 RT_25 RT_26 RT_27 RT_28 RT_29 RT_30 RT_31 RT_32],  <unfinished ...>
318338 17:02:50.593650 set_robust_list(0x7d6d811c7a20, 24 <unfinished ...>
318327 17:02:50.593676 fcntl(16, F_GETFL <unfinished ...>
318326 17:02:50.593702 <... nanosleep resumed>NULL) = 0
318338 17:02:50.593729 <... set_robust_list resumed>) = 0
318327 17:02:50.593745 <... fcntl resumed>) = 0x220000 (flags O_RDONLY|O_NOFOLLOW|O_PATH)
318325 17:02:50.593771 <... rt_sigprocmask resumed>NULL, 8) = 0
318338 17:02:50.593789 rseq(0x7d6d811c8060, 0x20, 0, 0x53053053 <unfinished ...>
318327 17:02:50.593814 statx(7, "", AT_STATX_SYNC_AS_STAT|AT_SYMLINK_NOFOLLOW|AT_EMPTY_PATH, STATX_MNT_ID|STATX_MNT_ID_UNIQUE,  <unfinished ...>
318326 17:02:50.593842 nanosleep({tv_sec=0, tv_nsec=640000},  <unfinished ...>
318338 17:02:50.593871 <... rseq resumed>) = 0
318327 17:02:50.593891 <... statx resumed>{stx_mask=STATX_BASIC_STATS|STATX_MNT_ID_UNIQUE, stx_attributes=STATX_ATTR_MOUNT_ROOT, stx_mode=S_IFDIR|0555, stx_size=0, ...}) = 0
318325 17:02:50.593920 futex(0xc000402148, FUTEX_WAKE_PRIVATE, 1 <unfinished ...>
318327 17:02:50.593937 statx(16, "14", AT_STATX_SYNC_AS_STAT|AT_SYMLINK_NOFOLLOW|AT_EMPTY_PATH, STATX_MNT_ID|STATX_MNT_ID_UNIQUE,  <unfinished ...>
318338 17:02:50.593967 mprotect(0x7d6d81000000, 16384, PROT_READ <unfinished ...>
318337 17:02:50.593985 <... futex resumed>) = 0
318325 17:02:50.594001 <... futex resumed>) = 1
318338 17:02:50.594027 <... mprotect resumed>) = 0
318337 17:02:50.594044 nanosleep({tv_sec=0, tv_nsec=3000},  <unfinished ...>
318327 17:02:50.594071 <... statx resumed>{stx_mask=STATX_BASIC_STATS|STATX_MNT_ID_UNIQUE, stx_attributes=0, stx_mode=S_IFLNK|000, stx_size=64, ...}) = 0
318338 17:02:50.594091 mprotect(0x7d6d811e8000, 4096, PROT_READ <unfinished ...>
318325 17:02:50.594117 futex(0xc000100148, FUTEX_WAKE_PRIVATE, 1 <unfinished ...>
318338 17:02:50.594134 <... mprotect resumed>) = 0
318327 17:02:50.594160 openat(16, "14", O_RDONLY|O_CLOEXEC <unfinished ...>
318338 17:02:50.594179 mprotect(0xe9c000, 4096, PROT_READ <unfinished ...>
318337 17:02:50.594205 <... nanosleep resumed>NULL) = 0
318329 17:02:50.594221 <... futex resumed>) = 0
318325 17:02:50.594250 <... futex resumed>) = 1
318338 17:02:50.594278 <... mprotect resumed>) = 0
318337 17:02:50.594303 futex(0xc000280148, FUTEX_WAKE_PRIVATE, 1 <unfinished ...>
318329 17:02:50.594319 futex(0xc000100148, FUTEX_WAIT_PRIVATE, 0, NULL <unfinished ...>
318327 17:02:50.594338 <... openat resumed>) = 20
318338 17:02:50.594368 mprotect(0x7d6d81235000, 8192, PROT_READ <unfinished ...>
318337 17:02:50.594393 <... futex resumed>) = 1
318332 17:02:50.594419 <... futex resumed>) = 0
318325 17:02:50.594436 futex(0xeeaf80, FUTEX_WAIT_PRIVATE, 0, NULL <unfinished ...>
318338 17:02:50.594462 <... mprotect resumed>) = 0
318337 17:02:50.594478 futex(0xeeaf80, FUTEX_WAKE_PRIVATE, 1 <unfinished ...>
318332 17:02:50.594504 futex(0xc000280148, FUTEX_WAIT_PRIVATE, 0, NULL <unfinished ...>
318327 17:02:50.594520 fcntl(20, F_GETFL <unfinished ...>
318338 17:02:50.594547 prlimit64(0, RLIMIT_STACK, NULL,  <unfinished ...>
318337 17:02:50.594564 <... futex resumed>) = 0
318326 17:02:50.594589 <... nanosleep resumed>NULL) = 0
318325 17:02:50.594605 <... futex resumed>) = -1 EAGAIN (Resource temporarily unavailable)
318338 17:02:50.594632 <... prlimit64 resumed>{rlim_cur=8192*1024, rlim_max=RLIM64_INFINITY}) = 0
318337 17:02:50.594663 futex(0xc000402148, FUTEX_WAIT_PRIVATE, 0, NULL <unfinished ...>
318327 17:02:50.594692 <... fcntl resumed>) = 0x8000 (flags O_RDONLY|O_LARGEFILE)
318326 17:02:50.594709 nanosleep({tv_sec=0, tv_nsec=1280000},  <unfinished ...>
318338 17:02:50.594729 munmap(0x7d6d811ea000, 43079 <unfinished ...>
318327 17:02:50.594745 close(16 <unfinished ...>
318325 17:02:50.594770 rt_sigprocmask(SIG_SETMASK, [KILL STOP RT_22 RT_23 RT_24 RT_25 RT_26 RT_27 RT_28 RT_29 RT_30 RT_31 RT_32],  <unfinished ...>
318338 17:02:50.594790 <... munmap resumed>) = 0
318327 17:02:50.594815 <... close resumed>) = 0
318325 17:02:50.594832 <... rt_sigprocmask resumed>NULL, 8) = 0
318338 17:02:50.594858 read(3,  <unfinished ...>
318327 17:02:50.594874 close(14 <unfinished ...>
318325 17:02:50.594899 futex(0xc000402148, FUTEX_WAKE_PRIVATE, 1 <unfinished ...>
318327 17:02:50.594916 <... close resumed>) = 0
318337 17:02:50.594943 <... futex resumed>) = 0
318325 17:02:50.594969 <... futex resumed>) = 1
318337 17:02:50.594987 nanosleep({tv_sec=0, tv_nsec=3000},  <unfinished ...>
318327 17:02:50.595005 read(20,  <unfinished ...>
318325 17:02:50.595031 futex(0xc000280148, FUTEX_WAKE_PRIVATE, 1 <unfinished ...>
318327 17:02:50.595051 <... read resumed>"318338 (6) S 318325 318311 31831"..., 512) = 283
318337 17:02:50.595082 <... nanosleep resumed>NULL) = 0
318332 17:02:50.595099 <... futex resumed>) = 0
318325 17:02:50.595114 <... futex resumed>) = 1
318337 17:02:50.595132 futex(0xc000100148, FUTEX_WAKE_PRIVATE, 1 <unfinished ...>
318332 17:02:50.595160 futex(0xc000280148, FUTEX_WAIT_PRIVATE, 0, NULL <unfinished ...>
318327 17:02:50.595185 read(20,  <unfinished ...>
318337 17:02:50.595214 <... futex resumed>) = 1
318329 17:02:50.595240 <... futex resumed>) = 0
318325 17:02:50.595265 futex(0xeeaf80, FUTEX_WAIT_PRIVATE, 0, NULL <unfinished ...>
318337 17:02:50.595285 futex(0xeeaf80, FUTEX_WAKE_PRIVATE, 1 <unfinished ...>
318329 17:02:50.595315 futex(0xc000100148, FUTEX_WAIT_PRIVATE, 0, NULL <unfinished ...>
318327 17:02:50.595336 <... read resumed>"", 229) = 0
318337 17:02:50.595367 <... futex resumed>) = 0
318325 17:02:50.595405 <... futex resumed>) = -1 EAGAIN (Resource temporarily unavailable)
318337 17:02:50.595427 futex(0xc000402148, FUTEX_WAIT_PRIVATE, 0, NULL <unfinished ...>
318327 17:02:50.595453 close(20 <unfinished ...>
318325 17:02:50.595474 rt_sigprocmask(SIG_SETMASK, [KILL STOP RT_23 RT_24 RT_25 RT_26 RT_27 RT_28 RT_29 RT_30 RT_31 RT_32],  <unfinished ...>
318327 17:02:50.595515 <... close resumed>) = 0
318325 17:02:50.595547 <... rt_sigprocmask resumed>NULL, 8) = 0
318327 17:02:50.595612 newfstatat(AT_FDCWD, "/proc/self/ns/user",  <unfinished ...>
318325 17:02:50.595658 futex(0xc000402148, FUTEX_WAKE_PRIVATE, 1 <unfinished ...>
318337 17:02:50.595705 <... futex resumed>) = 0
318327 17:02:50.595740 <... newfstatat resumed>{st_mode=S_IFREG|0444, st_size=0, ...}, 0) = 0
318325 17:02:50.595771 <... futex resumed>) = 1
318337 17:02:50.595799 nanosleep({tv_sec=0, tv_nsec=3000},  <unfinished ...>
318327 17:02:50.595827 newfstatat(AT_FDCWD, "/proc/self/ns/ipc",  <unfinished ...>
318325 17:02:50.595846 futex(0xc000100148, FUTEX_WAKE_PRIVATE, 1 <unfinished ...>
318327 17:02:50.595877 <... newfstatat resumed>{st_mode=S_IFREG|0444, st_size=0, ...}, 0) = 0
318337 17:02:50.595916 <... nanosleep resumed>NULL) = 0
318329 17:02:50.595933 <... futex resumed>) = 0
318325 17:02:50.595949 <... futex resumed>) = 1
318337 17:02:50.595969 futex(0xc000280148, FUTEX_WAKE_PRIVATE, 1 <unfinished ...>
318329 17:02:50.595998 futex(0xc000100148, FUTEX_WAIT_PRIVATE, 0, NULL <unfinished ...>
318327 17:02:50.596036 newfstatat(AT_FDCWD, "/proc/self/ns/uts",  <unfinished ...>
318337 17:02:50.596065 <... futex resumed>) = 1
318332 17:02:50.596083 <... futex resumed>) = 0
318326 17:02:50.596110 <... nanosleep resumed>NULL) = 0
318325 17:02:50.596149 futex(0xeeaf80, FUTEX_WAIT_PRIVATE, 0, NULL <unfinished ...>
318337 17:02:50.596178 futex(0xeeaf80, FUTEX_WAKE_PRIVATE, 1 <unfinished ...>
318332 17:02:50.596205 futex(0xc000280148, FUTEX_WAIT_PRIVATE, 0, NULL <unfinished ...>
318327 17:02:50.596241 <... newfstatat resumed>{st_mode=S_IFREG|0444, st_size=0, ...}, 0) = 0
318326 17:02:50.596262 nanosleep({tv_sec=0, tv_nsec=2560000},  <unfinished ...>
318337 17:02:50.596293 <... futex resumed>) = 0
318327 17:02:50.596324 newfstatat(AT_FDCWD, "/proc/self/ns/net",  <unfinished ...>
318325 17:02:50.596361 <... futex resumed>) = -1 EAGAIN (Resource temporarily unavailable)
318337 17:02:50.596392 futex(0xc000402148, FUTEX_WAIT_PRIVATE, 0, NULL <unfinished ...>
318327 17:02:50.596428 <... newfstatat resumed>{st_mode=S_IFREG|0444, st_size=0, ...}, 0) = 0
318325 17:02:50.596449 rt_sigprocmask(SIG_SETMASK, [KILL STOP RT_24 RT_25 RT_26 RT_27 RT_28 RT_29 RT_30 RT_31 RT_32],  <unfinished ...>
318327 17:02:50.596481 newfstatat(AT_FDCWD, "/proc/self/ns/pid",  <unfinished ...>
318325 17:02:50.596518 <... rt_sigprocmask resumed>NULL, 8) = 0
318327 17:02:50.596549 <... newfstatat resumed>{st_mode=S_IFREG|0444, st_size=0, ...}, 0) = 0
318325 17:02:50.596589 futex(0xc000402148, FUTEX_WAKE_PRIVATE, 1 <unfinished ...>
318327 17:02:50.596607 newfstatat(AT_FDCWD, "/proc/self/ns/mnt",  <unfinished ...>
318337 17:02:50.596638 <... futex resumed>) = 0
318325 17:02:50.596676 <... futex resumed>) = 1
318337 17:02:50.596703 nanosleep({tv_sec=0, tv_nsec=3000},  <unfinished ...>
318327 17:02:50.596733 <... newfstatat resumed>{st_mode=S_IFREG|0444, st_size=0, ...}, 0) = 0
318325 17:02:50.596777 futex(0xc000280148, FUTEX_WAKE_PRIVATE, 1 <unfinished ...>
318327 17:02:50.596798 newfstatat(AT_FDCWD, "/proc/self/ns/cgroup",  <unfinished ...>
318337 17:02:50.596833 <... nanosleep resumed>NULL) = 0
318332 17:02:50.596862 <... futex resumed>) = 0
318325 17:02:50.596879 <... futex resumed>) = 1
318337 17:02:50.596905 futex(0xc000100148, FUTEX_WAKE_PRIVATE, 1 <unfinished ...>
318332 17:02:50.596940 futex(0xc000280148, FUTEX_WAIT_PRIVATE, 0, NULL <unfinished ...>
318327 17:02:50.596967 <... newfstatat resumed>{st_mode=S_IFREG|0444, st_size=0, ...}, 0) = 0
318337 17:02:50.597010 <... futex resumed>) = 1
318329 17:02:50.597040 <... futex resumed>) = 0
318325 17:02:50.597080 futex(0xeeaf80, FUTEX_WAIT_PRIVATE, 0, NULL <unfinished ...>
318337 17:02:50.597117 futex(0xeeaf80, FUTEX_WAKE_PRIVATE, 1 <unfinished ...>
318329 17:02:50.597135 futex(0xc000100148, FUTEX_WAIT_PRIVATE, 0, NULL <unfinished ...>
318327 17:02:50.597165 newfstatat(AT_FDCWD, "/proc/self/ns/time",  <unfinished ...>
318337 17:02:50.597196 <... futex resumed>) = 0
318325 17:02:50.597234 <... futex resumed>) = -1 EAGAIN (Resource temporarily unavailable)
318337 17:02:50.597254 futex(0xc000402148, FUTEX_WAIT_PRIVATE, 0, NULL <unfinished ...>
318327 17:02:50.597281 <... newfstatat resumed>{st_mode=S_IFREG|0444, st_size=0, ...}, 0) = 0
318325 17:02:50.597324 rt_sigprocmask(SIG_SETMASK, [KILL STOP RT_25 RT_26 RT_27 RT_28 RT_29 RT_30 RT_31 RT_32],  <unfinished ...>
318327 17:02:50.597370 openat(AT_FDCWD, "/run/runc/anolix-07e208e041f2/state-1541978444", O_RDWR|O_CREAT|O_EXCL|O_CLOEXEC, 0600 <unfinished ...>
318325 17:02:50.597412 <... rt_sigprocmask resumed>NULL, 8) = 0
318327 17:02:50.597455 <... openat resumed>) = 14
318325 17:02:50.597491 futex(0xc000402148, FUTEX_WAKE_PRIVATE, 1 <unfinished ...>
318327 17:02:50.597510 fcntl(14, F_GETFL <unfinished ...>
318337 17:02:50.597541 <... futex resumed>) = 0
318325 17:02:50.597560 <... futex resumed>) = 1
318337 17:02:50.597593 nanosleep({tv_sec=0, tv_nsec=3000},  <unfinished ...>
318327 17:02:50.597638 <... fcntl resumed>) = 0x8002 (flags O_RDWR|O_LARGEFILE)
318325 17:02:50.597683 futex(0xc000100148, FUTEX_WAKE_PRIVATE, 1 <unfinished ...>
318337 17:02:50.597727 <... nanosleep resumed>NULL) = 0
318327 17:02:50.597771 fcntl(14, F_SETFL, O_RDWR|O_NONBLOCK|O_LARGEFILE <unfinished ...>
318337 17:02:50.597816 futex(0xc000280148, FUTEX_WAKE_PRIVATE, 1 <unfinished ...>
318329 17:02:50.597856 <... futex resumed>) = 0
318325 17:02:50.597898 <... futex resumed>) = 1
318337 17:02:50.597942 <... futex resumed>) = 1
318332 17:02:50.597982 <... futex resumed>) = 0
318329 17:02:50.598023 futex(0xc000100148, FUTEX_WAIT_PRIVATE, 0, NULL <unfinished ...>
318327 17:02:50.598065 <... fcntl resumed>) = 0
318337 17:02:50.598123 futex(0xeeaf80, FUTEX_WAKE_PRIVATE, 1 <unfinished ...>
318332 17:02:50.598163 futex(0xc000280148, FUTEX_WAIT_PRIVATE, 0, NULL <unfinished ...>
318325 17:02:50.598206 futex(0xeeaf80, FUTEX_WAIT_PRIVATE, 0, NULL <unfinished ...>
318337 17:02:50.598238 <... futex resumed>) = 0
318327 17:02:50.598269 epoll_ctl(4, EPOLL_CTL_ADD, 14, {events=EPOLLIN|EPOLLOUT|EPOLLRDHUP|EPOLLET, data={u32=1446510594, u64=8340029791024971778}} <unfinished ...>
318337 17:02:50.598307 futex(0xc000402148, FUTEX_WAIT_PRIVATE, 0, NULL <unfinished ...>
318325 17:02:50.598338 <... futex resumed>) = -1 EAGAIN (Resource temporarily unavailable)
318327 17:02:50.598372 <... epoll_ctl resumed>) = -1 EPERM (Operation not permitted)
318325 17:02:50.598416 rt_sigprocmask(SIG_SETMASK, [KILL STOP RT_26 RT_27 RT_28 RT_29 RT_30 RT_31 RT_32],  <unfinished ...>
318327 17:02:50.598442 fcntl(14, F_GETFL <unfinished ...>
318325 17:02:50.598474 <... rt_sigprocmask resumed>NULL, 8) = 0
318327 17:02:50.598516 <... fcntl resumed>) = 0x8802 (flags O_RDWR|O_NONBLOCK|O_LARGEFILE)
318325 17:02:50.598559 futex(0xc000402148, FUTEX_WAKE_PRIVATE, 1 <unfinished ...>
318327 17:02:50.598600 fcntl(14, F_SETFL, O_RDWR|O_LARGEFILE <unfinished ...>
318337 17:02:50.598633 <... futex resumed>) = 0
318325 17:02:50.598675 <... futex resumed>) = 1
318337 17:02:50.598698 nanosleep({tv_sec=0, tv_nsec=3000},  <unfinished ...>
318327 17:02:50.598745 <... fcntl resumed>) = 0
318325 17:02:50.598786 futex(0xc000280148, FUTEX_WAKE_PRIVATE, 1 <unfinished ...>
318337 17:02:50.598834 <... nanosleep resumed>NULL) = 0
318332 17:02:50.598877 <... futex resumed>) = 0
318325 17:02:50.598897 <... futex resumed>) = 1
318337 17:02:50.598928 futex(0xc000100148, FUTEX_WAKE_PRIVATE, 1 <unfinished ...>
318332 17:02:50.598969 futex(0xc000280148, FUTEX_WAIT_PRIVATE, 0, NULL <unfinished ...>
318326 17:02:50.599018 <... nanosleep resumed>NULL) = 0
318337 17:02:50.599062 <... futex resumed>) = 1
318329 17:02:50.599103 <... futex resumed>) = 0
318325 17:02:50.599147 futex(0xeeaf80, FUTEX_WAIT_PRIVATE, 0, NULL <unfinished ...>
318337 17:02:50.599198 futex(0xeeaf80, FUTEX_WAKE_PRIVATE, 1 <unfinished ...>
318329 17:02:50.599247 futex(0xc000100148, FUTEX_WAIT_PRIVATE, 0, NULL <unfinished ...>
318326 17:02:50.599289 nanosleep({tv_sec=0, tv_nsec=5120000},  <unfinished ...>
318337 17:02:50.599343 <... futex resumed>) = 0
318325 17:02:50.599396 <... futex resumed>) = -1 EAGAIN (Resource temporarily unavailable)
318337 17:02:50.599449 futex(0xc000402148, FUTEX_WAIT_PRIVATE, 0, NULL <unfinished ...>
318327 17:02:50.599509 write(14, "{\"id\":\"anolix-07e208e041f2\",\"ini"..., 9756 <unfinished ...>
318325 17:02:50.599549 rt_sigprocmask(SIG_SETMASK, [KILL STOP RT_27 RT_28 RT_29 RT_30 RT_31 RT_32],  <unfinished ...>
318327 17:02:50.599600 <... write resumed>) = 9756
318325 17:02:50.599646 <... rt_sigprocmask resumed>NULL, 8) = 0
318327 17:02:50.599692 close(14 <unfinished ...>
318325 17:02:50.599738 futex(0xc000402148, FUTEX_WAKE_PRIVATE, 1 <unfinished ...>
318327 17:02:50.599785 <... close resumed>) = 0
318337 17:02:50.599832 <... futex resumed>) = 0
318325 17:02:50.599876 <... futex resumed>) = 1
318337 17:02:50.599923 nanosleep({tv_sec=0, tv_nsec=3000},  <unfinished ...>
318327 17:02:50.599972 newfstatat(AT_FDCWD, "/run/runc/anolix-07e208e041f2/state.json",  <unfinished ...>
318325 17:02:50.600022 futex(0xc000100148, FUTEX_WAKE_PRIVATE, 1 <unfinished ...>
318337 17:02:50.600068 <... nanosleep resumed>NULL) = 0
318327 17:02:50.600113 <... newfstatat resumed>0xc0002eced8, AT_SYMLINK_NOFOLLOW) = -1 ENOENT (No such file or directory)
318337 17:02:50.600161 futex(0xc000280148, FUTEX_WAKE_PRIVATE, 1 <unfinished ...>
318329 17:02:50.600205 <... futex resumed>) = 0
318325 17:02:50.600249 <... futex resumed>) = 1
318337 17:02:50.600296 <... futex resumed>) = 1
318332 17:02:50.600340 <... futex resumed>) = 0
318329 17:02:50.600384 futex(0xc000100148, FUTEX_WAIT_PRIVATE, 0, NULL <unfinished ...>
318327 17:02:50.600429 renameat(AT_FDCWD, "/run/runc/anolix-07e208e041f2/state-1541978444", AT_FDCWD, "/run/runc/anolix-07e208e041f2/state.json" <unfinished ...>
318337 17:02:50.600478 futex(0xeeaf80, FUTEX_WAKE_PRIVATE, 1 <unfinished ...>
318332 17:02:50.600528 futex(0xc000280148, FUTEX_WAIT_PRIVATE, 0, NULL <unfinished ...>
318325 17:02:50.600572 futex(0xeeaf80, FUTEX_WAIT_PRIVATE, 0, NULL <unfinished ...>
318337 17:02:50.600617 <... futex resumed>) = 0
318327 17:02:50.600660 <... renameat resumed>) = 0
318337 17:02:50.600705 futex(0xc000402148, FUTEX_WAIT_PRIVATE, 0, NULL <unfinished ...>
318325 17:02:50.600749 <... futex resumed>) = -1 EAGAIN (Resource temporarily unavailable)
318327 17:02:50.600795 openat2(3, "cgroup.controllers", {flags=O_RDONLY|O_CLOEXEC, resolve=RESOLVE_NO_XDEV|RESOLVE_NO_MAGICLINKS|RESOLVE_NO_SYMLINKS|RESOLVE_BENEATH}, 24 <unfinished ...>
318325 17:02:50.600847 rt_sigprocmask(SIG_SETMASK, [KILL STOP RT_28 RT_29 RT_30 RT_31 RT_32],  <unfinished ...>
318327 17:02:50.600895 <... openat2 resumed>) = 14
318325 17:02:50.600939 <... rt_sigprocmask resumed>NULL, 8) = 0
318327 17:02:50.600984 fcntl(14, F_GETFL <unfinished ...>
318325 17:02:50.601029 futex(0xc000402148, FUTEX_WAKE_PRIVATE, 1 <unfinished ...>
318327 17:02:50.601074 <... fcntl resumed>) = 0x8000 (flags O_RDONLY|O_LARGEFILE)
318337 17:02:50.601120 <... futex resumed>) = 0
318325 17:02:50.601164 <... futex resumed>) = 1
318337 17:02:50.601208 nanosleep({tv_sec=0, tv_nsec=3000},  <unfinished ...>
318327 17:02:50.601254 read(14,  <unfinished ...>
318325 17:02:50.601300 futex(0xc000280148, FUTEX_WAKE_PRIVATE, 1 <unfinished ...>
318337 17:02:50.601354 <... nanosleep resumed>NULL) = 0
318327 17:02:50.601399 <... read resumed>"cpuset cpu io memory hugetlb pid"..., 512) = 39
318337 17:02:50.601448 futex(0xc000100148, FUTEX_WAKE_PRIVATE, 1 <unfinished ...>
318332 17:02:50.601492 <... futex resumed>) = 0
318325 17:02:50.601536 <... futex resumed>) = 1
318337 17:02:50.601563 <... futex resumed>) = 1
318332 17:02:50.601596 futex(0xc000280148, FUTEX_WAIT_PRIVATE, 0, NULL <unfinished ...>
318329 17:02:50.601641 <... futex resumed>) = 0
318327 17:02:50.601676 read(14,  <unfinished ...>
318337 17:02:50.601712 futex(0xeeaf80, FUTEX_WAKE_PRIVATE, 1 <unfinished ...>
318329 17:02:50.601746 futex(0xc000100148, FUTEX_WAIT_PRIVATE, 0, NULL <unfinished ...>
318325 17:02:50.601884 futex(0xeeaf80, FUTEX_WAIT_PRIVATE, 0, NULL <unfinished ...>
318337 17:02:50.601997 <... futex resumed>) = 0
318327 17:02:50.602045 <... read resumed>"", 985) = 0
318325 17:02:50.602069 <... futex resumed>) = -1 EAGAIN (Resource temporarily unavailable)
318337 17:02:50.602106 futex(0xc000402148, FUTEX_WAIT_PRIVATE, 0, NULL <unfinished ...>
318327 17:02:50.602140 close(14 <unfinished ...>
318325 17:02:50.602163 rt_sigprocmask(SIG_SETMASK, [KILL STOP RT_29 RT_30 RT_31 RT_32],  <unfinished ...>
318327 17:02:50.602196 <... close resumed>) = 0
318325 17:02:50.602231 <... rt_sigprocmask resumed>NULL, 8) = 0
318327 17:02:50.602268 openat2(3, "cgroup.subtree_control", {flags=O_WRONLY|O_CLOEXEC, resolve=RESOLVE_NO_XDEV|RESOLVE_NO_MAGICLINKS|RESOLVE_NO_SYMLINKS|RESOLVE_BENEATH}, 24 <unfinished ...>
318325 17:02:50.602314 futex(0xc000402148, FUTEX_WAKE_PRIVATE, 1 <unfinished ...>
318327 17:02:50.602340 <... openat2 resumed>) = 14
318325 17:02:50.602366 <... futex resumed>) = 1
318337 17:02:50.602420 <... futex resumed>) = 0
318327 17:02:50.602468 fcntl(14, F_GETFL <unfinished ...>
318337 17:02:50.602516 futex(0xc000280148, FUTEX_WAKE_PRIVATE, 1 <unfinished ...>
318327 17:02:50.602574 <... fcntl resumed>) = 0x8001 (flags O_WRONLY|O_LARGEFILE)
318325 17:02:50.602600 futex(0xc000100148, FUTEX_WAKE_PRIVATE, 1 <unfinished ...>
318337 17:02:50.602639 <... futex resumed>) = 1
318332 17:02:50.602663 <... futex resumed>) = 0
318327 17:02:50.602707 write(14, "+cpuset +cpu +io +memory +hugetl"..., 45 <unfinished ...>
318337 17:02:50.602760 futex(0xeeaf80, FUTEX_WAKE_PRIVATE, 1 <unfinished ...>
318332 17:02:50.602794 futex(0xc000280148, FUTEX_WAIT_PRIVATE, 0, NULL <unfinished ...>
318329 17:02:50.602816 <... futex resumed>) = 0
318325 17:02:50.602835 <... futex resumed>) = 1
318337 17:02:50.602866 <... futex resumed>) = 0
318329 17:02:50.602909 futex(0xc000100148, FUTEX_WAIT_PRIVATE, 0, NULL <unfinished ...>
318327 17:02:50.602930 <... write resumed>) = 45
318337 17:02:50.602961 futex(0xc000402148, FUTEX_WAIT_PRIVATE, 0, NULL <unfinished ...>
318325 17:02:50.602991 rt_sigprocmask(SIG_SETMASK, [KILL STOP RT_30 RT_31 RT_32],  <unfinished ...>
318327 17:02:50.603027 close(14 <unfinished ...>
318325 17:02:50.603070 <... rt_sigprocmask resumed>NULL, 8) = 0
318325 17:02:50.603128 futex(0xc000402148, FUTEX_WAKE_PRIVATE, 1 <unfinished ...>
318337 17:02:50.603231 <... futex resumed>) = 0
318327 17:02:50.603280 <... close resumed>) = 0
318325 17:02:50.603299 <... futex resumed>) = 1
318337 17:02:50.603330 nanosleep({tv_sec=0, tv_nsec=3000},  <unfinished ...>
318327 17:02:50.603353 mkdirat(AT_FDCWD, "/sys/fs/cgroup/anolix-07e208e041f2", 0755 <unfinished ...>
318325 17:02:50.603387 futex(0xc000100148, FUTEX_WAKE_PRIVATE, 1 <unfinished ...>
318337 17:02:50.603440 <... nanosleep resumed>NULL) = 0
318325 17:02:50.603481 <... futex resumed>) = 1
318337 17:02:50.603529 futex(0xc000280148, FUTEX_WAKE_PRIVATE, 1 <unfinished ...>
318329 17:02:50.603578 <... futex resumed>) = 0
318325 17:02:50.603650 futex(0xeeaf80, FUTEX_WAIT_PRIVATE, 0, NULL <unfinished ...>
318337 17:02:50.603674 <... futex resumed>) = 1
318332 17:02:50.603708 <... futex resumed>) = 0
318329 17:02:50.603731 futex(0xc000100148, FUTEX_WAIT_PRIVATE, 0, NULL <unfinished ...>
318337 17:02:50.603766 futex(0xeeaf80, FUTEX_WAKE_PRIVATE, 1 <unfinished ...>
318332 17:02:50.603828 futex(0xc000280148, FUTEX_WAIT_PRIVATE, 0, NULL <unfinished ...>
318327 17:02:50.603851 <... mkdirat resumed>) = 0
318337 17:02:50.603887 <... futex resumed>) = 1
318325 17:02:50.603909 <... futex resumed>) = 0
318337 17:02:50.603944 futex(0xc000402148, FUTEX_WAIT_PRIVATE, 0, NULL <unfinished ...>
318327 17:02:50.603990 openat2(3, "anolix-07e208e041f2/cgroup.type", {flags=O_RDONLY|O_CLOEXEC, resolve=RESOLVE_NO_XDEV|RESOLVE_NO_MAGICLINKS|RESOLVE_NO_SYMLINKS|RESOLVE_BENEATH}, 24 <unfinished ...>
318325 17:02:50.604049 rt_sigprocmask(SIG_SETMASK, [KILL STOP RT_31 RT_32],  <unfinished ...>
318327 17:02:50.604100 <... openat2 resumed>) = 14
318325 17:02:50.604123 <... rt_sigprocmask resumed>NULL, 8) = 0
318327 17:02:50.604159 fcntl(14, F_GETFL <unfinished ...>
318325 17:02:50.604206 futex(0xc000402148, FUTEX_WAKE_PRIVATE, 1 <unfinished ...>
318327 17:02:50.604254 <... fcntl resumed>) = 0x8000 (flags O_RDONLY|O_LARGEFILE)
318337 17:02:50.604307 <... futex resumed>) = 0
318325 17:02:50.604329 <... futex resumed>) = 1
318337 17:02:50.604365 nanosleep({tv_sec=0, tv_nsec=3000},  <unfinished ...>
318327 17:02:50.604404 read(14,  <unfinished ...>
318325 17:02:50.604427 futex(0xc000280148, FUTEX_WAKE_PRIVATE, 1 <unfinished ...>
318327 17:02:50.604451 <... read resumed>"domain\n", 512) = 7
318337 17:02:50.604491 <... nanosleep resumed>NULL) = 0
318332 17:02:50.604516 <... futex resumed>) = 0
318325 17:02:50.604552 <... futex resumed>) = 1
318337 17:02:50.604590 futex(0xc000100148, FUTEX_WAKE_PRIVATE, 1 <unfinished ...>
318332 17:02:50.604637 futex(0xc000280148, FUTEX_WAIT_PRIVATE, 0, NULL <unfinished ...>
318327 17:02:50.604673 read(14,  <unfinished ...>
318326 17:02:50.604720 <... nanosleep resumed>NULL) = 0
318337 17:02:50.604769 <... futex resumed>) = 1
318329 17:02:50.604816 <... futex resumed>) = 0
318327 17:02:50.604850 <... read resumed>"", 1017) = 0
318325 17:02:50.604900 futex(0xeeaf80, FUTEX_WAIT_PRIVATE, 0, NULL <unfinished ...>
318337 17:02:50.604960 futex(0xeeaf80, FUTEX_WAKE_PRIVATE, 1 <unfinished ...>
318329 17:02:50.605006 futex(0xc000100148, FUTEX_WAIT_PRIVATE, 0, NULL <unfinished ...>
318327 17:02:50.605054 close(14 <unfinished ...>
318326 17:02:50.605101 nanosleep({tv_sec=0, tv_nsec=10000000},  <unfinished ...>
318337 17:02:50.605153 <... futex resumed>) = 0
318327 17:02:50.605199 <... close resumed>) = 0
318325 17:02:50.605244 <... futex resumed>) = -1 EAGAIN (Resource temporarily unavailable)
318337 17:02:50.605294 futex(0xc000402148, FUTEX_WAIT_PRIVATE, 0, NULL <unfinished ...>
318327 17:02:50.605341 openat2(3, "anolix-07e208e041f2/cgroup.procs", {flags=O_WRONLY|O_CLOEXEC, resolve=RESOLVE_NO_XDEV|RESOLVE_NO_MAGICLINKS|RESOLVE_NO_SYMLINKS|RESOLVE_BENEATH}, 24 <unfinished ...>
318325 17:02:50.605405 rt_sigprocmask(SIG_SETMASK, [KILL STOP RT_32],  <unfinished ...>
318327 17:02:50.605471 <... openat2 resumed>) = 14
318325 17:02:50.605519 <... rt_sigprocmask resumed>NULL, 8) = 0
318327 17:02:50.605544 fcntl(14, F_GETFL <unfinished ...>
318325 17:02:50.605568 futex(0xc000402148, FUTEX_WAKE_PRIVATE, 1 <unfinished ...>
318327 17:02:50.605598 <... fcntl resumed>) = 0x8001 (flags O_WRONLY|O_LARGEFILE)
318337 17:02:50.605644 <... futex resumed>) = 0
318325 17:02:50.605690 <... futex resumed>) = 1
318337 17:02:50.605724 nanosleep({tv_sec=0, tv_nsec=3000},  <unfinished ...>
318327 17:02:50.605769 write(14, "318338", 6 <unfinished ...>
318325 17:02:50.605818 futex(0xc000100148, FUTEX_WAKE_PRIVATE, 1 <unfinished ...>
318337 17:02:50.605851 <... nanosleep resumed>NULL) = 0
318329 17:02:50.605897 <... futex resumed>) = 0
318325 17:02:50.605930 <... futex resumed>) = 1
318337 17:02:50.605953 futex(0xc000280148, FUTEX_WAKE_PRIVATE, 1 <unfinished ...>
318329 17:02:50.605987 futex(0xc000100148, FUTEX_WAIT_PRIVATE, 0, NULL <unfinished ...>
318337 17:02:50.606011 <... futex resumed>) = 1
318325 17:02:50.606034 futex(0xeeaf80, FUTEX_WAIT_PRIVATE, 0, NULL <unfinished ...>
318337 17:02:50.606073 futex(0xeeaf80, FUTEX_WAKE_PRIVATE, 1 <unfinished ...>
318332 17:02:50.606121 <... futex resumed>) = 0
318337 17:02:50.606174 <... futex resumed>) = 0
318325 17:02:50.606197 <... futex resumed>) = -1 EAGAIN (Resource temporarily unavailable)
318337 17:02:50.606235 futex(0xc000402148, FUTEX_WAIT_PRIVATE, 0, NULL <unfinished ...>
318332 17:02:50.606282 futex(0xc000280148, FUTEX_WAIT_PRIVATE, 0, NULL <unfinished ...>
318325 17:02:50.606305 rt_sigprocmask(SIG_SETMASK, [KILL STOP], NULL, 8) = 0
318325 17:02:50.606459 futex(0xc000402148, FUTEX_WAKE_PRIVATE, 1 <unfinished ...>
318337 17:02:50.606539 <... futex resumed>) = 0
318325 17:02:50.606577 <... futex resumed>) = 1
318337 17:02:50.606595 nanosleep({tv_sec=0, tv_nsec=3000},  <unfinished ...>
318325 17:02:50.606620 futex(0xc000280148, FUTEX_WAKE_PRIVATE, 1 <unfinished ...>
318332 17:02:50.606693 <... futex resumed>) = 0
318325 17:02:50.606737 <... futex resumed>) = 1
318337 17:02:50.606758 <... nanosleep resumed>NULL) = 0
318332 17:02:50.606792 futex(0xf0b780, FUTEX_WAIT_PRIVATE, 0, NULL <unfinished ...>
318325 17:02:50.606835 futex(0xeeaf80, FUTEX_WAIT_PRIVATE, 0, NULL <unfinished ...>
318337 17:02:50.606857 futex(0xc000402148, FUTEX_WAIT_PRIVATE, 0, NULL <unfinished ...>
318326 17:02:50.615258 <... nanosleep resumed>NULL) = 0
318326 17:02:50.615419 nanosleep({tv_sec=0, tv_nsec=20000}, NULL) = 0
318326 17:02:50.615856 futex(0xeec8c0, FUTEX_WAIT_PRIVATE, 0, {tv_sec=60, tv_nsec=0} <unfinished ...>
318327 17:02:50.631670 <... write resumed>) = 6
318327 17:02:50.631828 futex(0xeec8c0, FUTEX_WAKE_PRIVATE, 1) = 1
318326 17:02:50.631939 <... futex resumed>) = 0
318327 17:02:50.631998 close(14 <unfinished ...>
318326 17:02:50.632029 nanosleep({tv_sec=0, tv_nsec=20000},  <unfinished ...>
318327 17:02:50.632069 <... close resumed>) = 0
318327 17:02:50.632139 sched_setaffinity(318338, 128, [0 1 2 3 4 5 6 7 8 9 10 11 12 13 14 15 16 17 18 19 20 21 22 23 24 25 26 27 28 29 30 31 32 33 34 35 36 37 38 39 40 41 42 43 44 45 46 47 48 49 50 51 52 53 54 55 56 57 58 59 60 61 62 63 64 65 66 67 68 69 70 71 72 73 74 75 76 77 78 79 80 81 82 83 84 85 86 87 88 89 90 91 92 93 94 95 96 97 98 99 100 101 102 103 104 105 106 107 108 109 110 111 112 113 114 115 116 117 118 119 120 121 122 123 124 125 126 127 128 129 130 131 132 133 134 135 136 137 138 139 140 141 142 143 144 145 146 147 148 149 150 151 152 153 154 155 156 157 158 159 160 161 162 163 164 165 166 167 168 169 170 171 172 173 174 175 176 177 178 179 180 181 182 183 184 185 186 187 188 189 190 191 192 193 194 195 196 197 198 199 200 201 202 203 204 205 206 207 208 209 210 211 212 213 214 215 216 217 218 219 220 221 222 223 224 225 226 227 228 229 230 231 232 233 234 235 236 237 238 239 240 241 242 243 244 245 246 247 248 249 250 251 252 253 254 255 256 257 258 259 260 261 262 263 264 265 266 267 268 269 270 271 272 273 274 275 276 277 278 279 280 281 282 283 284 285 286 287 288 289 290 291 292 293 294 295 296 297 298 299 300 301 302 303 304 305 306 307 308 309 310 311 312 313 314 315 316 317 318 319 320 321 322 323 324 325 326 327 328 329 330 331 332 333 334 335 336 337 338 339 340 341 342 343 344 345 346 347 348 349 350 351 352 353 354 355 356 357 358 359 360 361 362 363 364 365 366 367 368 369 370 371 372 373 374 375 376 377 378 379 380 381 382 383 384 385 386 387 388 389 390 391 392 393 394 395 396 397 398 399 400 401 402 403 404 405 406 407 408 409 410 411 412 413 414 415 416 417 418 419 420 421 422 423 424 425 426 427 428 429 430 431 432 433 434 435 436 437 438 439 440 441 442 443 444 445 446 447 448 449 450 451 452 453 454 455 456 457 458 459 460 461 462 463 464 465 466 467 468 469 470 471 472 473 474 475 476 477 478 479 480 481 482 483 484 485 486 487 488 489 490 491 492 493 494 495 496 497 498 499 500 501 502 503 504 505 506 507 508 509 510 511 512 513 514 515 516 517 518 519 520 521 522 523 524 525 526 527 528 529 530 531 532 533 534 535 536 537 538 539 540 541 542 543 544 545 546 547 548 549 550 551 552 553 554 555 556 557 558 559 560 561 562 563 564 565 566 567 568 569 570 571 572 573 574 575 576 577 578 579 580 581 582 583 584 585 586 587 588 589 590 591 592 593 594 595 596 597 598 599 600 601 602 603 604 605 606 607 608 609 610 611 612 613 614 615 616 617 618 619 620 621 622 623 624 625 626 627 628 629 630 631 632 633 634 635 636 637 638 639 640 641 642 643 644 645 646 647 648 649 650 651 652 653 654 655 656 657 658 659 660 661 662 663 664 665 666 667 668 669 670 671 672 673 674 675 676 677 678 679 680 681 682 683 684 685 686 687 688 689 690 691 692 693 694 695 696 697 698 699 700 701 702 703 704 705 706 707 708 709 710 711 712 713 714 715 716 717 718 719 720 721 722 723 724 725 726 727 728 729 730 731 732 733 734 735 736 737 738 739 740 741 742 743 744 745 746 747 748 749 750 751 752 753 754 755 756 757 758 759 760 761 762 763 764 765 766 767 768 769 770 771 772 773 774 775 776 777 778 779 780 781 782 783 784 785 786 787 788 789 790 791 792 793 794 795 796 797 798 799 800 801 802 803 804 805 806 807 808 809 810 811 812 813 814 815 816 817 818 819 820 821 822 823 824 825 826 827 828 829 830 831 832 833 834 835 836 837 838 839 840 841 842 843 844 845 846 847 848 849 850 851 852 853 854 855 856 857 858 859 860 861 862 863 864 865 866 867 868 869 870 871 872 873 874 875 876 877 878 879 880 881 882 883 884 885 886 887 888 889 890 891 892 893 894 895 896 897 898 899 900 901 902 903 904 905 906 907 908 909 910 911 912 913 914 915 916 917 918 919 920 921 922 923 924 925 926 927 928 929 930 931 932 933 934 935 936 937 938 939 940 941 942 943 944 945 946 947 948 949 950 951 952 953 954 955 956 957 958 959 960 961 962 963 964 965 966 967 968 969 970 971 972 973 974 975 976 977 978 979 980 981 982 983 984 985 986 987 988 989 990 991 992 993 994 995 996 997 998 999 1000 1001 1002 1003 1004 1005 1006 1007 1008 1009 1010 1011 1012 1013 1014 1015 1016 1017 1018 1019 1020 1021 1022 1023] <unfinished ...>
318326 17:02:50.632285 <... nanosleep resumed>NULL) = 0
318327 17:02:50.632371 <... sched_setaffinity resumed>) = 0
318326 17:02:50.632428 getpid( <unfinished ...>
318327 17:02:50.632453 futex(0xc000402148, FUTEX_WAKE_PRIVATE, 1 <unfinished ...>
318326 17:02:50.632477 <... getpid resumed>) = 318325
318327 17:02:50.632513 <... futex resumed>) = 1
318337 17:02:50.632550 <... futex resumed>) = 0
318326 17:02:50.632570 tgkill(318325, 318327, SIGURG <unfinished ...>
318337 17:02:50.632593 futex(0xc000380148, FUTEX_WAKE_PRIVATE, 1 <unfinished ...>
318327 17:02:50.632617 futex(0xc000100148, FUTEX_WAKE_PRIVATE, 1 <unfinished ...>
318337 17:02:50.632652 <... futex resumed>) = 1
318335 17:02:50.632685 <... futex resumed>) = 0
318326 17:02:50.632718 <... tgkill resumed>) = 0
318337 17:02:50.632777 futex(0xc000073148, FUTEX_WAKE_PRIVATE, 1 <unfinished ...>
318335 17:02:50.632816 futex(0xc000380148, FUTEX_WAIT_PRIVATE, 0, NULL <unfinished ...>
318329 17:02:50.632840 <... futex resumed>) = 0
318327 17:02:50.632874 <... futex resumed>) = 1
318337 17:02:50.632922 <... futex resumed>) = 0
318329 17:02:50.632944 futex(0xc000100148, FUTEX_WAIT_PRIVATE, 0, NULL <unfinished ...>
318326 17:02:50.632978 nanosleep({tv_sec=0, tv_nsec=20000},  <unfinished ...>
318337 17:02:50.633039 futex(0xc000402148, FUTEX_WAIT_PRIVATE, 0, NULL <unfinished ...>
318327 17:02:50.633060 --- SIGURG {si_signo=SIGURG, si_code=SI_TKILL, si_pid=318325, si_uid=0} ---
318327 17:02:50.633144 futex(0xf0b780, FUTEX_WAKE_PRIVATE, 1 <unfinished ...>
318326 17:02:50.633206 <... nanosleep resumed>NULL) = 0
318327 17:02:50.633237 <... futex resumed>) = 1
318332 17:02:50.633272 <... futex resumed>) = 0
318326 17:02:50.633317 nanosleep({tv_sec=0, tv_nsec=20000},  <unfinished ...>
318332 17:02:50.633372 futex(0xf0b780, FUTEX_WAIT_PRIVATE, 0, NULL <unfinished ...>
318327 17:02:50.633424 rt_sigreturn({mask=[]} <unfinished ...>
318326 17:02:50.633477 <... nanosleep resumed>NULL) = 0
318327 17:02:50.633503 <... rt_sigreturn resumed>) = 1
318326 17:02:50.633551 nanosleep({tv_sec=0, tv_nsec=20000},  <unfinished ...>
318327 17:02:50.633645 write(15, " \0\0\0000\362\1\0\1\0\0\0\0\0\0\0\10\0\221j\200\0\2n\10\0\227j\0\0\0\0", 32 <unfinished ...>
318326 17:02:50.633716 <... nanosleep resumed>NULL) = 0
318327 17:02:50.633773 <... write resumed>) = 32
318326 17:02:50.633824 nanosleep({tv_sec=0, tv_nsec=20000},  <unfinished ...>
318338 17:02:50.633878 <... read resumed>" \0\0\0000\362\1\0\1\0\0\0\0\0\0\0", 16) = 16
318327 17:02:50.633941 read(15,  <unfinished ...>
318326 17:02:50.633971 <... nanosleep resumed>NULL) = 0
318338 17:02:50.633990 getrandom( <unfinished ...>
318326 17:02:50.634016 nanosleep({tv_sec=0, tv_nsec=20000},  <unfinished ...>
318338 17:02:50.634108 <... getrandom resumed>"\x5b\xf9\x7f\x5a\x60\xd2\x64\x6f", 8, GRND_NONBLOCK) = 8
318326 17:02:50.634157 <... nanosleep resumed>NULL) = 0
318338 17:02:50.634175 brk(NULL <unfinished ...>
318326 17:02:50.634193 nanosleep({tv_sec=0, tv_nsec=20000},  <unfinished ...>
318338 17:02:50.634216 <... brk resumed>) = 0x322d2000
318338 17:02:50.634306 brk(0x322f3000 <unfinished ...>
318326 17:02:50.634367 <... nanosleep resumed>NULL) = 0
318338 17:02:50.634420 <... brk resumed>) = 0x322f3000
318326 17:02:50.634471 nanosleep({tv_sec=0, tv_nsec=20000},  <unfinished ...>
318338 17:02:50.634517 read(3, "\10\0\221j\200\0\2n\10\0\227j\0\0\0\0", 16) = 16
318326 17:02:50.634630 <... nanosleep resumed>NULL) = 0
318338 17:02:50.634661 socketpair(AF_UNIX, SOCK_STREAM, 0,  <unfinished ...>
318326 17:02:50.634680 nanosleep({tv_sec=0, tv_nsec=20000},  <unfinished ...>
318338 17:02:50.634700 <... socketpair resumed>[8, 9]) = 0
318338 17:02:50.634759 socketpair(AF_UNIX, SOCK_STREAM, 0,  <unfinished ...>
318326 17:02:50.634806 <... nanosleep resumed>NULL) = 0
318338 17:02:50.634825 <... socketpair resumed>[10, 11]) = 0
318326 17:02:50.634859 nanosleep({tv_sec=0, tv_nsec=20000},  <unfinished ...>
318338 17:02:50.634895 prctl(PR_SET_NAME, "runc:[0:PARENT]"...) = 0
318326 17:02:50.635030 <... nanosleep resumed>NULL) = 0
318338 17:02:50.635059 clone(child_stack=0x7fff56064f50, flags=CLONE_PARENT|SIGCHLD <unfinished ...>
318326 17:02:50.635083 nanosleep({tv_sec=0, tv_nsec=20000}, NULL) = 0
318326 17:02:50.635302 nanosleep({tv_sec=0, tv_nsec=20000},  <unfinished ...>
318338 17:02:50.635426 <... clone resumed>) = 318339
318339 17:02:50.635489 close(9 <unfinished ...>
318326 17:02:50.635546 <... nanosleep resumed>NULL) = 0
318339 17:02:50.635580 <... close resumed>) = 0
318338 17:02:50.635612 close(8 <unfinished ...>
318339 17:02:50.635632 prctl(PR_SET_NAME, "runc:[1:CHILD]" <unfinished ...>
318326 17:02:50.635680 nanosleep({tv_sec=0, tv_nsec=20000},  <unfinished ...>
318339 17:02:50.635712 <... prctl resumed>) = 0
318338 17:02:50.635740 <... close resumed>) = 0
318339 17:02:50.635798 unshare(CLONE_NEWTIME|CLONE_NEWNS|CLONE_NEWCGROUP|CLONE_NEWUTS|CLONE_NEWIPC|CLONE_NEWPID|CLONE_NEWNET <unfinished ...>
318338 17:02:50.635842 read(9,  <unfinished ...>
318326 17:02:50.635875 <... nanosleep resumed>NULL) = 0
318326 17:02:50.635932 nanosleep({tv_sec=0, tv_nsec=20000}, NULL) = 0
318326 17:02:50.636154 nanosleep({tv_sec=0, tv_nsec=20000}, NULL) = 0
318339 17:02:50.636335 <... unshare resumed>) = 0
318326 17:02:50.636353 nanosleep({tv_sec=0, tv_nsec=20000},  <unfinished ...>
318339 17:02:50.636383 clone(child_stack=0x7fff56064f50, flags=CLONE_PARENT|SIGCHLD <unfinished ...>
318326 17:02:50.636488 <... nanosleep resumed>NULL) = 0
318326 17:02:50.636555 nanosleep({tv_sec=0, tv_nsec=20000},  <unfinished ...>
318339 17:02:50.636692 <... clone resumed>) = 318340
318340 17:02:50.636741 close(11 <unfinished ...>
318326 17:02:50.636758 <... nanosleep resumed>NULL) = 0
318340 17:02:50.636781 <... close resumed>) = 0
318339 17:02:50.636823 write(8, "B\0\0\0", 4 <unfinished ...>
318340 17:02:50.636865 close(8 <unfinished ...>
318326 17:02:50.636881 nanosleep({tv_sec=0, tv_nsec=20000},  <unfinished ...>
318340 17:02:50.636913 <... close resumed>) = 0
318339 17:02:50.636941 <... write resumed>) = 4
318338 17:02:50.636959 <... read resumed>"B\0\0\0", 4) = 4
318340 17:02:50.636988 prctl(PR_SET_NAME, "runc:[2:INIT]" <unfinished ...>
318339 17:02:50.637023 write(8, "\204\333\4\0", 4 <unfinished ...>
318340 17:02:50.637055 <... prctl resumed>) = 0
318338 17:02:50.637093 read(9,  <unfinished ...>
318326 17:02:50.637109 <... nanosleep resumed>NULL) = 0
318340 17:02:50.637139 read(10,  <unfinished ...>
318339 17:02:50.637156 <... write resumed>) = 4
318338 17:02:50.637187 <... read resumed>"\204\333\4\0", 4) = 4
318339 17:02:50.637207 read(8,  <unfinished ...>
318326 17:02:50.637233 nanosleep({tv_sec=0, tv_nsec=20000},  <unfinished ...>
318338 17:02:50.637252 write(9, "C\0\0\0", 4 <unfinished ...>
318339 17:02:50.637319 <... read resumed>"C\0\0\0", 4) = 4
318338 17:02:50.637367 <... write resumed>) = 4
318339 17:02:50.637386 write(8, "E\0\0\0", 4 <unfinished ...>
318326 17:02:50.637417 <... nanosleep resumed>NULL) = 0
318339 17:02:50.637439 <... write resumed>) = 4
318338 17:02:50.637469 write(3, "{\"stage1_pid\":318339,\"stage2_pid"..., 42 <unfinished ...>
318326 17:02:50.637508 nanosleep({tv_sec=0, tv_nsec=20000},  <unfinished ...>
318339 17:02:50.637541 exit_group(0 <unfinished ...>
318338 17:02:50.637582 <... write resumed>) = 42
318339 17:02:50.637642 <... exit_group resumed>) = ?
318338 17:02:50.637659 read(9,  <unfinished ...>
318327 17:02:50.637685 <... read resumed>"{\"stage1_pid\":318339,\"stage2_pid"..., 512) = 42
318326 17:02:50.637730 <... nanosleep resumed>NULL) = 0
318339 17:02:50.637768 +++ exited with 0 +++
318338 17:02:50.637798 <... read resumed>"E\0\0\0", 4) = 4
318327 17:02:50.637822 --- SIGCHLD {si_signo=SIGCHLD, si_code=CLD_EXITED, si_pid=318339, si_uid=0, si_status=0, si_utime=0, si_stime=0} ---
318326 17:02:50.637857 nanosleep({tv_sec=0, tv_nsec=20000},  <unfinished ...>
318338 17:02:50.637884 close(10 <unfinished ...>
318327 17:02:50.637917 futex(0xf0b780, FUTEX_WAKE_PRIVATE, 1 <unfinished ...>
318338 17:02:50.637959 <... close resumed>) = 0
318338 17:02:50.637999 write(11, "D\0\0\0", 4 <unfinished ...>
318332 17:02:50.638047 <... futex resumed>) = 0
318327 17:02:50.638065 <... futex resumed>) = 1
318340 17:02:50.638093 <... read resumed>"D\0\0\0", 4) = 4
318338 17:02:50.638136 <... write resumed>) = 4
318332 17:02:50.638154 futex(0xf0b780, FUTEX_WAIT_PRIVATE, 0, NULL <unfinished ...>
318326 17:02:50.638182 <... nanosleep resumed>NULL) = 0
318340 17:02:50.638211 setsid( <unfinished ...>
318338 17:02:50.638238 read(11,  <unfinished ...>
318327 17:02:50.638256 rt_sigreturn({mask=[]} <unfinished ...>
318340 17:02:50.638302 <... setsid resumed>) = 1
318326 17:02:50.638346 nanosleep({tv_sec=0, tv_nsec=20000},  <unfinished ...>
318340 17:02:50.638390 setuid(0 <unfinished ...>
318327 17:02:50.638433 <... rt_sigreturn resumed>) = 10190368
318340 17:02:50.638464 <... setuid resumed>) = 0
318326 17:02:50.638505 <... nanosleep resumed>NULL) = 0
318340 17:02:50.638532 setgid(0 <unfinished ...>
318327 17:02:50.638568 pidfd_open(318339, 0 <unfinished ...>
318326 17:02:50.638587 nanosleep({tv_sec=0, tv_nsec=20000},  <unfinished ...>
318340 17:02:50.638618 <... setgid resumed>) = 0
318327 17:02:50.638635 <... pidfd_open resumed>) = 14
318340 17:02:50.638664 write(10, "E\0\0\0", 4 <unfinished ...>
318327 17:02:50.638708 waitid(P_PIDFD, 14,  <unfinished ...>
318326 17:02:50.638746 <... nanosleep resumed>NULL) = 0
318340 17:02:50.638777 <... write resumed>) = 4
318338 17:02:50.638794 <... read resumed>"E\0\0\0", 4) = 4
318327 17:02:50.638822 <... waitid resumed>{si_signo=SIGCHLD, si_code=CLD_EXITED, si_pid=318339, si_uid=0, si_status=0, si_utime=0, si_stime=0}, WEXITED, {ru_utime={tv_sec=0, tv_usec=1201}, ru_stime={tv_sec=0, tv_usec=0}, ...}) = 0
318340 17:02:50.638867 close(10 <unfinished ...>
318326 17:02:50.638909 nanosleep({tv_sec=0, tv_nsec=20000},  <unfinished ...>
318340 17:02:50.638929 <... close resumed>) = 0
318338 17:02:50.638955 exit_group(0 <unfinished ...>
318327 17:02:50.638996 close(14 <unfinished ...>
318340 17:02:50.639027 openat(AT_FDCWD, "/proc/self/maps", O_RDONLY|O_CLOEXEC <unfinished ...>
318338 17:02:50.639071 <... exit_group resumed>) = ?
318326 17:02:50.639089 <... nanosleep resumed>NULL) = 0
318340 17:02:50.639118 <... openat resumed>) = 8
318327 17:02:50.639134 <... close resumed>) = 0
318340 17:02:50.639162 prlimit64(0, RLIMIT_STACK, NULL,  <unfinished ...>
318326 17:02:50.639188 nanosleep({tv_sec=0, tv_nsec=20000},  <unfinished ...>
318340 17:02:50.639236 <... prlimit64 resumed>{rlim_cur=8192*1024, rlim_max=RLIM64_INFINITY}) = 0
318338 17:02:50.639281 +++ exited with 0 +++
318327 17:02:50.639288 readlinkat(AT_FDCWD, "/proc/318340/fd/0",  <unfinished ...>
318340 17:02:50.639306 fstat(8,  <unfinished ...>
318326 17:02:50.639334 <... nanosleep resumed>NULL) = ? ERESTART_RESTARTBLOCK (Interrupted by signal)
318325 17:02:50.639374 <... futex resumed>) = ? ERESTARTSYS (To be restarted if SA_RESTART is set)
318340 17:02:50.639394 <... fstat resumed>{st_mode=S_IFREG|0444, st_size=0, ...}) = 0
318327 17:02:50.639428 <... readlinkat resumed>"pipe:[5716399]", 128) = 14
318326 17:02:50.639456 --- SIGCHLD {si_signo=SIGCHLD, si_code=CLD_EXITED, si_pid=318338, si_uid=0, si_status=0, si_utime=0, si_stime=0} ---
318340 17:02:50.639508 read(8,  <unfinished ...>
318327 17:02:50.639537 readlinkat(AT_FDCWD, "/proc/318340/fd/1",  <unfinished ...>
318325 17:02:50.639581 futex(0xeeaf80, FUTEX_WAIT_PRIVATE, 0, NULL <unfinished ...>
318340 17:02:50.639620 <... read resumed>"00400000-00403000 r--p 00000000 "..., 1024) = 1024
318327 17:02:50.639659 <... readlinkat resumed>"pipe:[5716400]", 128) = 14
318326 17:02:50.639688 futex(0xf0b780, FUTEX_WAKE_PRIVATE, 1 <unfinished ...>
318340 17:02:50.639709 read(8,  <unfinished ...>
318327 17:02:50.639741 readlinkat(AT_FDCWD, "/proc/318340/fd/2",  <unfinished ...>
318340 17:02:50.639787 <... read resumed>" /usr/lib/x86_64-linux-gnu/libc."..., 1024) = 1024
318332 17:02:50.639827 <... futex resumed>) = 0
318326 17:02:50.639846 <... futex resumed>) = 1
318340 17:02:50.639878 read(8,  <unfinished ...>
318332 17:02:50.639901 futex(0xf0b780, FUTEX_WAIT_PRIVATE, 0, NULL <unfinished ...>
318327 17:02:50.639930 <... readlinkat resumed>"pipe:[5718137]", 128) = 14
318340 17:02:50.639978 <... read resumed>"]\n7d6d811ff000-7d6d81200000 r--p"..., 1024) = 683
318326 17:02:50.640021 rt_sigreturn({mask=[]} <unfinished ...>
318340 17:02:50.640053 close(8 <unfinished ...>
318327 17:02:50.640084 waitid(P_PIDFD, 24,  <unfinished ...>
318340 17:02:50.640123 <... close resumed>) = 0
318326 17:02:50.640142 <... rt_sigreturn resumed>) = -1 EINTR (Interrupted system call)
318340 17:02:50.640173 sched_getaffinity(318338, 32,  <unfinished ...>
318327 17:02:50.640210 <... waitid resumed>{si_signo=SIGCHLD, si_code=CLD_EXITED, si_pid=318338, si_uid=0, si_status=0, si_utime=0, si_stime=0}, WEXITED, {ru_utime={tv_sec=0, tv_usec=2760}, ru_stime={tv_sec=0, tv_usec=0}, ...}) = 0
318340 17:02:50.640246 <... sched_getaffinity resumed>0x322d2a30) = -1 ESRCH (No such process)
318326 17:02:50.640275 nanosleep({tv_sec=0, tv_nsec=20000},  <unfinished ...>
318327 17:02:50.640323 close(24 <unfinished ...>
318340 17:02:50.640340 sched_getaffinity(0, 8192,  <unfinished ...>
318327 17:02:50.640359 <... close resumed>) = 0
318340 17:02:50.640398 <... sched_getaffinity resumed>[0 1 2 3 4 5 6 7 8 9 10 11 12 13 14 15]) = 8
318327 17:02:50.640419 pidfd_open(318340, 0 <unfinished ...>
318340 17:02:50.640441 openat(AT_FDCWD, "/sys/kernel/mm/transparent_hugepage/hpage_pmd_size", O_RDONLY <unfinished ...>
318326 17:02:50.640475 <... nanosleep resumed>NULL) = 0
318340 17:02:50.640506 <... openat resumed>) = 8
318327 17:02:50.640545 <... pidfd_open resumed>) = 14
318340 17:02:50.640563 read(8,  <unfinished ...>
318326 17:02:50.640591 nanosleep({tv_sec=0, tv_nsec=20000},  <unfinished ...>
318340 17:02:50.640638 <... read resumed>"2097152\n", 20) = 8
318327 17:02:50.640663 write(5, "\1\0\0\0\0\0\0\0", 8 <unfinished ...>
318340 17:02:50.640692 close(8 <unfinished ...>
318327 17:02:50.640720 <... write resumed>) = 8
318340 17:02:50.640760 <... close resumed>) = 0
318333 17:02:50.640776 <... epoll_pwait resumed>[{events=EPOLLIN, data={u32=15773400, u64=15773400}}], 128, -1, NULL, 0) = 1
318326 17:02:50.640808 <... nanosleep resumed>NULL) = 0
318327 17:02:50.640830 futex(0xc000402148, FUTEX_WAKE_PRIVATE, 1 <unfinished ...>
318333 17:02:50.640861 read(5,  <unfinished ...>
318326 17:02:50.640878 nanosleep({tv_sec=0, tv_nsec=20000},  <unfinished ...>
318340 17:02:50.640908 mmap(NULL, 262144, PROT_READ|PROT_WRITE, MAP_PRIVATE|MAP_ANONYMOUS, -1, 0 <unfinished ...>
318337 17:02:50.640948 <... futex resumed>) = 0
318333 17:02:50.640972 <... read resumed>"\1\0\0\0\0\0\0\0", 8) = 8
318327 17:02:50.641001 <... futex resumed>) = 1
318340 17:02:50.641030 <... mmap resumed>) = 0x7d6d81187000
318337 17:02:50.641072 nanosleep({tv_sec=0, tv_nsec=3000},  <unfinished ...>
318333 17:02:50.641116 epoll_pwait(4,  <unfinished ...>
318326 17:02:50.641136 <... nanosleep resumed>NULL) = 0
318340 17:02:50.641172 mmap(NULL, 131072, PROT_NONE, MAP_PRIVATE|MAP_ANONYMOUS, -1, 0 <unfinished ...>
318333 17:02:50.641190 <... epoll_pwait resumed>[], 128, 0, NULL, 0) = 0
318327 17:02:50.641207 futex(0xc000100148, FUTEX_WAKE_PRIVATE, 1 <unfinished ...>
318340 17:02:50.641236 <... mmap resumed>) = 0x7d6d81167000
318337 17:02:50.641273 <... nanosleep resumed>NULL) = 0
318333 17:02:50.641294 unshare(CLONE_FS <unfinished ...>
318326 17:02:50.641326 nanosleep({tv_sec=0, tv_nsec=20000},  <unfinished ...>
318340 17:02:50.641348 mmap(NULL, 1048576, PROT_NONE, MAP_PRIVATE|MAP_ANONYMOUS, -1, 0 <unfinished ...>
318337 17:02:50.641376 epoll_pwait(4,  <unfinished ...>
318333 17:02:50.641411 <... unshare resumed>) = 0
318329 17:02:50.641441 <... futex resumed>) = 0
318327 17:02:50.641479 <... futex resumed>) = 1
318340 17:02:50.641507 <... mmap resumed>) = 0x7d6d81067000
318333 17:02:50.641534 openat(AT_FDCWD, "/proc/318340/ns/mnt", O_RDONLY|O_CLOEXEC <unfinished ...>
318329 17:02:50.641577 futex(0xc000100148, FUTEX_WAIT_PRIVATE, 0, NULL <unfinished ...>
318326 17:02:50.641597 <... nanosleep resumed>NULL) = 0
318340 17:02:50.641628 mmap(NULL, 8388608, PROT_NONE, MAP_PRIVATE|MAP_ANONYMOUS, -1, 0 <unfinished ...>
318333 17:02:50.641665 <... openat resumed>) = 16
318327 17:02:50.641693 futex(0xc000073148, FUTEX_WAIT_PRIVATE, 0, NULL <unfinished ...>
318340 17:02:50.641714 <... mmap resumed>) = 0x7d6d80600000
318333 17:02:50.641744 fcntl(16, F_GETFL <unfinished ...>
318326 17:02:50.641765 nanosleep({tv_sec=0, tv_nsec=20000},  <unfinished ...>
318340 17:02:50.641797 mmap(NULL, 67108864, PROT_NONE, MAP_PRIVATE|MAP_ANONYMOUS, -1, 0 <unfinished ...>
318333 17:02:50.641844 <... fcntl resumed>) = 0x8000 (flags O_RDONLY|O_LARGEFILE)
318340 17:02:50.641865 <... mmap resumed>) = 0x7d6d7c600000
318333 17:02:50.641911 fcntl(16, F_SETFL, O_RDONLY|O_NONBLOCK|O_LARGEFILE <unfinished ...>
318326 17:02:50.641950 <... nanosleep resumed>NULL) = 0
318340 17:02:50.641969 mmap(NULL, 536870912, PROT_NONE, MAP_PRIVATE|MAP_ANONYMOUS, -1, 0 <unfinished ...>
318333 17:02:50.641996 <... fcntl resumed>) = 0
318340 17:02:50.642040 <... mmap resumed>) = 0x7d6d5c600000
318326 17:02:50.642081 nanosleep({tv_sec=0, tv_nsec=20000},  <unfinished ...>
318340 17:02:50.642113 mmap(NULL, 536870912, PROT_NONE, MAP_PRIVATE|MAP_ANONYMOUS, -1, 0 <unfinished ...>
318333 17:02:50.642150 epoll_ctl(4, EPOLL_CTL_ADD, 16, {events=EPOLLIN|EPOLLOUT|EPOLLRDHUP|EPOLLET, data={u32=1446510595, u64=8340029791024971779}} <unfinished ...>
318340 17:02:50.642197 <... mmap resumed>) = 0x7d6d3c600000
318333 17:02:50.642244 <... epoll_ctl resumed>) = -1 EPERM (Operation not permitted)
318326 17:02:50.642263 <... nanosleep resumed>NULL) = 0
318340 17:02:50.642292 mmap(0xc000000000, 67108864, PROT_NONE, MAP_PRIVATE|MAP_ANONYMOUS, -1, 0 <unfinished ...>
318333 17:02:50.642321 fcntl(16, F_GETFL <unfinished ...>
318340 17:02:50.642339 <... mmap resumed>) = 0xc000000000
318326 17:02:50.642370 nanosleep({tv_sec=0, tv_nsec=20000},  <unfinished ...>
318340 17:02:50.642411 mmap(NULL, 33554432, PROT_READ|PROT_WRITE, MAP_PRIVATE|MAP_ANONYMOUS, -1, 0 <unfinished ...>
318333 17:02:50.642428 <... fcntl resumed>) = 0x8800 (flags O_RDONLY|O_NONBLOCK|O_LARGEFILE)
318340 17:02:50.642448 <... mmap resumed>) = 0x7d6d3a600000
318333 17:02:50.642466 fcntl(16, F_SETFL, O_RDONLY|O_LARGEFILE <unfinished ...>
318340 17:02:50.642494 madvise(0x7d6d3a600000, 33554432, MADV_NOHUGEPAGE <unfinished ...>
318333 17:02:50.642545 <... fcntl resumed>) = 0
318326 17:02:50.642590 <... nanosleep resumed>NULL) = 0
318340 17:02:50.642631 <... madvise resumed>) = 0
318333 17:02:50.642673 setns(16, CLONE_NEWNS <unfinished ...>
318340 17:02:50.642717 mmap(NULL, 68624, PROT_READ|PROT_WRITE, MAP_PRIVATE|MAP_ANONYMOUS, -1, 0 <unfinished ...>
318326 17:02:50.642761 nanosleep({tv_sec=0, tv_nsec=20000},  <unfinished ...>
318340 17:02:50.642802 <... mmap resumed>) = 0x7d6d81056000
318333 17:02:50.642842 <... setns resumed>) = 0
318340 17:02:50.642873 mmap(0xc000000000, 4194304, PROT_READ|PROT_WRITE, MAP_PRIVATE|MAP_FIXED|MAP_ANONYMOUS, -1, 0 <unfinished ...>
318333 17:02:50.642916 futex(0xc000100148, FUTEX_WAKE_PRIVATE, 1 <unfinished ...>
318326 17:02:50.642939 <... nanosleep resumed>NULL) = 0
318340 17:02:50.642963 <... mmap resumed>) = 0xc000000000
318333 17:02:50.642985 <... futex resumed>) = 1
318340 17:02:50.643013 mmap(0x7d6d81167000, 131072, PROT_READ|PROT_WRITE, MAP_PRIVATE|MAP_FIXED|MAP_ANONYMOUS, -1, 0 <unfinished ...>
318329 17:02:50.643051 <... futex resumed>) = 0
318326 17:02:50.643080 nanosleep({tv_sec=0, tv_nsec=20000},  <unfinished ...>
318340 17:02:50.643104 <... mmap resumed>) = 0x7d6d81167000
318333 17:02:50.643124 futex(0xc000380148, FUTEX_WAKE_PRIVATE, 1 <unfinished ...>
318340 17:02:50.643141 mmap(0x7d6d810e7000, 4096, PROT_READ|PROT_WRITE, MAP_PRIVATE|MAP_FIXED|MAP_ANONYMOUS, -1, 0 <unfinished ...>
318329 17:02:50.643168 rt_sigprocmask(SIG_SETMASK, ~[RTMIN RT_1],  <unfinished ...>
318340 17:02:50.643207 <... mmap resumed>) = 0x7d6d810e7000
318335 17:02:50.643223 <... futex resumed>) = 0
318333 17:02:50.643241 <... futex resumed>) = 1
318340 17:02:50.643259 mmap(0x7d6d80a06000, 4096, PROT_READ|PROT_WRITE, MAP_PRIVATE|MAP_FIXED|MAP_ANONYMOUS, -1, 0 <unfinished ...>
318329 17:02:50.643276 <... rt_sigprocmask resumed>[], 8) = 0
318326 17:02:50.643294 <... nanosleep resumed>NULL) = 0
318340 17:02:50.643303 <... mmap resumed>) = 0x7d6d80a06000
318335 17:02:50.643318 futex(0xc000380148, FUTEX_WAIT_PRIVATE, 0, NULL <unfinished ...>
318333 17:02:50.643338 futex(0xc000101948, FUTEX_WAIT_PRIVATE, 0, NULL <unfinished ...>
318329 17:02:50.643363 mmap(NULL, 8392704, PROT_NONE, MAP_PRIVATE|MAP_ANONYMOUS|MAP_STACK, -1, 0 <unfinished ...>
318340 17:02:50.643392 mmap(0x7d6d7e630000, 4096, PROT_READ|PROT_WRITE, MAP_PRIVATE|MAP_FIXED|MAP_ANONYMOUS, -1, 0 <unfinished ...>
318326 17:02:50.643420 nanosleep({tv_sec=0, tv_nsec=20000},  <unfinished ...>
318340 17:02:50.643451 <... mmap resumed>) = 0x7d6d7e630000
318329 17:02:50.643477 <... mmap resumed>) = 0x73bd8f7ff000
318340 17:02:50.643506 mmap(0x7d6d6c780000, 4096, PROT_READ|PROT_WRITE, MAP_PRIVATE|MAP_FIXED|MAP_ANONYMOUS, -1, 0 <unfinished ...>
318329 17:02:50.643537 mprotect(0x73bd8f800000, 8388608, PROT_READ|PROT_WRITE <unfinished ...>
318326 17:02:50.643554 <... nanosleep resumed>NULL) = 0
318340 17:02:50.643579 <... mmap resumed>) = 0x7d6d6c780000
318329 17:02:50.643607 <... mprotect resumed>) = 0
318326 17:02:50.643633 nanosleep({tv_sec=0, tv_nsec=20000},  <unfinished ...>
318340 17:02:50.643655 mmap(0x7d6d4c780000, 4096, PROT_READ|PROT_WRITE, MAP_PRIVATE|MAP_FIXED|MAP_ANONYMOUS, -1, 0 <unfinished ...>
318329 17:02:50.643685 rt_sigprocmask(SIG_BLOCK, ~[],  <unfinished ...>
318340 17:02:50.643707 <... mmap resumed>) = 0x7d6d4c780000
318329 17:02:50.643735 <... rt_sigprocmask resumed>~[KILL STOP RTMIN RT_1], 8) = 0
318340 17:02:50.643782 mmap(NULL, 1048576, PROT_READ|PROT_WRITE, MAP_PRIVATE|MAP_ANONYMOUS, -1, 0 <unfinished ...>
318326 17:02:50.643813 <... nanosleep resumed>NULL) = 0
318340 17:02:50.643834 <... mmap resumed>) = 0x7d6d3a500000
318329 17:02:50.643861 clone3({flags=CLONE_VM|CLONE_FS|CLONE_FILES|CLONE_SIGHAND|CLONE_THREAD|CLONE_SYSVSEM|CLONE_SETTLS|CLONE_PARENT_SETTID|CLONE_CHILD_CLEARTID, child_tid=0x73bd8ffff990, parent_tid=0x73bd8ffff990, exit_signal=0, stack=0x73bd8f7ff000, stack_size=0x7fff80, tls=0x73bd8ffff6c0} <unfinished ...>
318340 17:02:50.643902 madvise(0x7d6d3a500000, 1048576, MADV_NOHUGEPAGE <unfinished ...>
318326 17:02:50.643920 nanosleep({tv_sec=0, tv_nsec=20000},  <unfinished ...>
318340 17:02:50.643939 <... madvise resumed>) = 0
318340 17:02:50.644049 mmap(NULL, 65536, PROT_READ|PROT_WRITE, MAP_PRIVATE|MAP_ANONYMOUS, -1, 0 <unfinished ...>
318341 17:02:50.644224 rseq(0x73bd8fffffe0, 0x20, 0, 0x53053053 <unfinished ...>
318326 17:02:50.644298 <... nanosleep resumed>NULL) = 0
318329 17:02:50.644326 <... clone3 resumed> => {parent_tid=[318341]}, 88) = 318341
318341 17:02:50.644369 <... rseq resumed>) = 0
318340 17:02:50.644415 <... mmap resumed>) = 0x7d6d81046000
318326 17:02:50.644437 nanosleep({tv_sec=0, tv_nsec=20000},  <unfinished ...>
318341 17:02:50.644484 set_robust_list(0x73bd8ffff9a0, 24 <unfinished ...>
318340 17:02:50.644529 mmap(NULL, 65536, PROT_READ|PROT_WRITE, MAP_PRIVATE|MAP_ANONYMOUS, -1, 0 <unfinished ...>
318329 17:02:50.644563 rt_sigprocmask(SIG_SETMASK, ~[KILL STOP RTMIN RT_1],  <unfinished ...>
318341 17:02:50.644614 <... set_robust_list resumed>) = 0
318340 17:02:50.644635 <... mmap resumed>) = 0x7d6d81036000
318326 17:02:50.644670 <... nanosleep resumed>NULL) = 0
318341 17:02:50.644706 rt_sigprocmask(SIG_SETMASK, ~[KILL STOP RTMIN RT_1],  <unfinished ...>
318329 17:02:50.644754 <... rt_sigprocmask resumed>NULL, 8) = 0
318341 17:02:50.644778 <... rt_sigprocmask resumed>NULL, 8) = 0
318326 17:02:50.644813 nanosleep({tv_sec=0, tv_nsec=20000},  <unfinished ...>
318341 17:02:50.644862 mmap(0x73bd8c000000, 67108864, PROT_NONE, MAP_PRIVATE|MAP_ANONYMOUS, -1, 0 <unfinished ...>
318340 17:02:50.644889 rt_sigprocmask(SIG_SETMASK, NULL,  <unfinished ...>
318329 17:02:50.644924 rt_sigprocmask(SIG_SETMASK, [],  <unfinished ...>
318341 17:02:50.644984 <... mmap resumed>) = 0x73bd84000000
318340 17:02:50.645038 <... rt_sigprocmask resumed>[], 8) = 0
318326 17:02:50.645063 <... nanosleep resumed>NULL) = 0
318341 17:02:50.645100 mprotect(0x73bd84000000, 135168, PROT_READ|PROT_WRITE <unfinished ...>
318340 17:02:50.645146 fcntl(0, F_GETFD <unfinished ...>
318329 17:02:50.645168 <... rt_sigprocmask resumed>NULL, 8) = 0
318341 17:02:50.645205 <... mprotect resumed>) = 0
318340 17:02:50.645250 <... fcntl resumed>) = 0
318326 17:02:50.645295 nanosleep({tv_sec=0, tv_nsec=20000},  <unfinished ...>
318341 17:02:50.645346 sigaltstack(NULL,  <unfinished ...>
318340 17:02:50.645392 fcntl(1, F_GETFD <unfinished ...>
318329 17:02:50.645436 futex(0xc000073148, FUTEX_WAKE_PRIVATE, 1 <unfinished ...>
318341 17:02:50.645489 <... sigaltstack resumed>{ss_sp=NULL, ss_flags=SS_DISABLE, ss_size=0}) = 0
318340 17:02:50.645548 <... fcntl resumed>) = 0
318326 17:02:50.645570 <... nanosleep resumed>NULL) = 0
318341 17:02:50.645614 sigaltstack({ss_sp=0xc000526000, ss_flags=0, ss_size=32768},  <unfinished ...>
318340 17:02:50.645664 fcntl(2, F_GETFD <unfinished ...>
318329 17:02:50.645701 <... futex resumed>) = 1
318327 17:02:50.645749 <... futex resumed>) = 0
318341 17:02:50.645800 <... sigaltstack resumed>NULL) = 0
318340 17:02:50.645853 <... fcntl resumed>) = 0
318329 17:02:50.645899 futex(0xc000100148, FUTEX_WAIT_PRIVATE, 0, NULL <unfinished ...>
318326 17:02:50.645959 nanosleep({tv_sec=0, tv_nsec=20000},  <unfinished ...>
318341 17:02:50.646002 rt_sigprocmask(SIG_SETMASK, [], NULL, 8) = 0
318327 17:02:50.646130 write(15, "{\"config\":{\"no_pivot_root\":false"..., 10079 <unfinished ...>
318341 17:02:50.646180 gettid( <unfinished ...>
318340 17:02:50.646220 sigaltstack(NULL,  <unfinished ...>
318326 17:02:50.646244 <... nanosleep resumed>NULL) = 0
318341 17:02:50.646273 <... gettid resumed>) = 318341
318340 17:02:50.646303 <... sigaltstack resumed>{ss_sp=NULL, ss_flags=SS_DISABLE, ss_size=0}) = 0
318327 17:02:50.646335 <... write resumed>) = 10079
318341 17:02:50.646356 futex(0xc000524148, FUTEX_WAIT_PRIVATE, 0, NULL <unfinished ...>
318340 17:02:50.646384 sigaltstack({ss_sp=0xc000006000, ss_flags=0, ss_size=32768},  <unfinished ...>
318326 17:02:50.646404 nanosleep({tv_sec=0, tv_nsec=20000},  <unfinished ...>
318340 17:02:50.646435 <... sigaltstack resumed>NULL) = 0
318327 17:02:50.646474 recvfrom(17,  <unfinished ...>
318340 17:02:50.646494 rt_sigprocmask(SIG_SETMASK, [],  <unfinished ...>
318326 17:02:50.646525 <... nanosleep resumed>NULL) = 0
318340 17:02:50.646543 <... rt_sigprocmask resumed>NULL, 8) = 0
318326 17:02:50.646572 nanosleep({tv_sec=0, tv_nsec=20000},  <unfinished ...>
318340 17:02:50.646594 gettid()         = 1
318326 17:02:50.646709 <... nanosleep resumed>NULL) = 0
318340 17:02:50.646787 rt_sigaction(SIGHUP, NULL,  <unfinished ...>
318326 17:02:50.646842 nanosleep({tv_sec=0, tv_nsec=20000},  <unfinished ...>
318340 17:02:50.646875 <... rt_sigaction resumed>{sa_handler=SIG_DFL, sa_mask=[], sa_flags=0}, 8) = 0
318340 17:02:50.646950 rt_sigaction(SIGHUP, {sa_handler=0x4816e0, sa_mask=~[RTMIN RT_1], sa_flags=SA_RESTORER|SA_ONSTACK|SA_RESTART|SA_SIGINFO, sa_restorer=0x7d6d80e45330},  <unfinished ...>
318326 17:02:50.647007 <... nanosleep resumed>NULL) = 0
318340 17:02:50.647027 <... rt_sigaction resumed>NULL, 8) = 0
318326 17:02:50.647058 nanosleep({tv_sec=0, tv_nsec=20000},  <unfinished ...>
318340 17:02:50.647113 rt_sigaction(SIGINT, NULL, {sa_handler=SIG_DFL, sa_mask=[], sa_flags=0}, 8) = 0
318340 17:02:50.647228 rt_sigaction(SIGINT, {sa_handler=0x4816e0, sa_mask=~[RTMIN RT_1], sa_flags=SA_RESTORER|SA_ONSTACK|SA_RESTART|SA_SIGINFO, sa_restorer=0x7d6d80e45330},  <unfinished ...>
318326 17:02:50.647271 <... nanosleep resumed>NULL) = 0
318340 17:02:50.647290 <... rt_sigaction resumed>NULL, 8) = 0
318326 17:02:50.647306 nanosleep({tv_sec=0, tv_nsec=20000},  <unfinished ...>
318340 17:02:50.647339 rt_sigaction(SIGQUIT, NULL, {sa_handler=SIG_DFL, sa_mask=[], sa_flags=0}, 8) = 0
318326 17:02:50.647464 <... nanosleep resumed>NULL) = 0
318340 17:02:50.647594 rt_sigaction(SIGQUIT, {sa_handler=0x4816e0, sa_mask=~[RTMIN RT_1], sa_flags=SA_RESTORER|SA_ONSTACK|SA_RESTART|SA_SIGINFO, sa_restorer=0x7d6d80e45330},  <unfinished ...>
318326 17:02:50.647660 nanosleep({tv_sec=0, tv_nsec=20000},  <unfinished ...>
318340 17:02:50.647729 <... rt_sigaction resumed>NULL, 8) = 0
318340 17:02:50.647808 rt_sigaction(SIGILL, NULL,  <unfinished ...>
318326 17:02:50.647861 <... nanosleep resumed>NULL) = 0
318340 17:02:50.647885 <... rt_sigaction resumed>{sa_handler=SIG_DFL, sa_mask=[], sa_flags=0}, 8) = 0
318326 17:02:50.647927 nanosleep({tv_sec=0, tv_nsec=20000},  <unfinished ...>
318340 17:02:50.647967 rt_sigaction(SIGILL, {sa_handler=0x4816e0, sa_mask=~[RTMIN RT_1], sa_flags=SA_RESTORER|SA_ONSTACK|SA_RESTART|SA_SIGINFO, sa_restorer=0x7d6d80e45330}, NULL, 8) = 0
318326 17:02:50.648069 <... nanosleep resumed>NULL) = 0
318340 17:02:50.648094 rt_sigaction(SIGTRAP, NULL,  <unfinished ...>
318326 17:02:50.648115 nanosleep({tv_sec=0, tv_nsec=20000},  <unfinished ...>
318340 17:02:50.648140 <... rt_sigaction resumed>{sa_handler=SIG_DFL, sa_mask=[], sa_flags=0}, 8) = 0
318340 17:02:50.648204 rt_sigaction(SIGTRAP, {sa_handler=0x4816e0, sa_mask=~[RTMIN RT_1], sa_flags=SA_RESTORER|SA_ONSTACK|SA_RESTART|SA_SIGINFO, sa_restorer=0x7d6d80e45330},  <unfinished ...>
318326 17:02:50.648246 <... nanosleep resumed>NULL) = 0
318340 17:02:50.648263 <... rt_sigaction resumed>NULL, 8) = 0
318326 17:02:50.648282 nanosleep({tv_sec=0, tv_nsec=20000},  <unfinished ...>
318340 17:02:50.648305 rt_sigaction(SIGABRT, NULL, {sa_handler=SIG_DFL, sa_mask=[], sa_flags=0}, 8) = 0
318326 17:02:50.648411 <... nanosleep resumed>NULL) = 0
318340 17:02:50.648446 rt_sigaction(SIGABRT, {sa_handler=0x4816e0, sa_mask=~[RTMIN RT_1], sa_flags=SA_RESTORER|SA_ONSTACK|SA_RESTART|SA_SIGINFO, sa_restorer=0x7d6d80e45330},  <unfinished ...>
318326 17:02:50.648475 nanosleep({tv_sec=0, tv_nsec=20000},  <unfinished ...>
318340 17:02:50.648508 <... rt_sigaction resumed>NULL, 8) = 0
318340 17:02:50.648554 rt_sigaction(SIGBUS, NULL,  <unfinished ...>
318326 17:02:50.648630 <... nanosleep resumed>NULL) = 0
318340 17:02:50.648690 <... rt_sigaction resumed>{sa_handler=SIG_DFL, sa_mask=[], sa_flags=0}, 8) = 0
318326 17:02:50.648729 nanosleep({tv_sec=0, tv_nsec=40000},  <unfinished ...>
318340 17:02:50.648767 rt_sigaction(SIGBUS, {sa_handler=0x4816e0, sa_mask=~[RTMIN RT_1], sa_flags=SA_RESTORER|SA_ONSTACK|SA_RESTART|SA_SIGINFO, sa_restorer=0x7d6d80e45330}, NULL, 8) = 0
318326 17:02:50.648898 <... nanosleep resumed>NULL) = 0
318340 17:02:50.648997 rt_sigaction(SIGFPE, NULL,  <unfinished ...>
318326 17:02:50.649048 nanosleep({tv_sec=0, tv_nsec=80000},  <unfinished ...>
318340 17:02:50.649143 <... rt_sigaction resumed>{sa_handler=SIG_DFL, sa_mask=[], sa_flags=0}, 8) = 0
318340 17:02:50.649251 rt_sigaction(SIGFPE, {sa_handler=0x4816e0, sa_mask=~[RTMIN RT_1], sa_flags=SA_RESTORER|SA_ONSTACK|SA_RESTART|SA_SIGINFO, sa_restorer=0x7d6d80e45330},  <unfinished ...>
318326 17:02:50.649307 <... nanosleep resumed>NULL) = 0
318340 17:02:50.649358 <... rt_sigaction resumed>NULL, 8) = 0
318326 17:02:50.649383 nanosleep({tv_sec=0, tv_nsec=160000},  <unfinished ...>
318340 17:02:50.649494 rt_sigaction(SIGUSR1, NULL, {sa_handler=SIG_DFL, sa_mask=[], sa_flags=0}, 8) = 0
318340 17:02:50.649703 rt_sigaction(SIGUSR1, {sa_handler=0x4816e0, sa_mask=~[RTMIN RT_1], sa_flags=SA_RESTORER|SA_ONSTACK|SA_RESTART|SA_SIGINFO, sa_restorer=0x7d6d80e45330},  <unfinished ...>
318326 17:02:50.649738 <... nanosleep resumed>NULL) = 0
318340 17:02:50.649766 <... rt_sigaction resumed>NULL, 8) = 0
318326 17:02:50.649784 nanosleep({tv_sec=0, tv_nsec=320000},  <unfinished ...>
318340 17:02:50.649813 rt_sigaction(SIGSEGV, NULL, {sa_handler=SIG_DFL, sa_mask=[], sa_flags=0}, 8) = 0
318340 17:02:50.649918 rt_sigaction(SIGSEGV, {sa_handler=0x4816e0, sa_mask=~[RTMIN RT_1], sa_flags=SA_RESTORER|SA_ONSTACK|SA_RESTART|SA_SIGINFO, sa_restorer=0x7d6d80e45330}, NULL, 8) = 0
318340 17:02:50.650077 rt_sigaction(SIGUSR2, NULL, {sa_handler=SIG_DFL, sa_mask=[], sa_flags=0}, 8) = 0
318326 17:02:50.650195 <... nanosleep resumed>NULL) = 0
318340 17:02:50.650215 rt_sigaction(SIGUSR2, {sa_handler=0x4816e0, sa_mask=~[RTMIN RT_1], sa_flags=SA_RESTORER|SA_ONSTACK|SA_RESTART|SA_SIGINFO, sa_restorer=0x7d6d80e45330},  <unfinished ...>
318326 17:02:50.650246 nanosleep({tv_sec=0, tv_nsec=640000},  <unfinished ...>
318340 17:02:50.650265 <... rt_sigaction resumed>NULL, 8) = 0
318340 17:02:50.650321 rt_sigaction(SIGPIPE, NULL, {sa_handler=SIG_DFL, sa_mask=[], sa_flags=0}, 8) = 0
318340 17:02:50.650461 rt_sigaction(SIGPIPE, {sa_handler=0x4816e0, sa_mask=~[RTMIN RT_1], sa_flags=SA_RESTORER|SA_ONSTACK|SA_RESTART|SA_SIGINFO, sa_restorer=0x7d6d80e45330}, NULL, 8) = 0
318340 17:02:50.650614 rt_sigaction(SIGALRM, NULL, {sa_handler=SIG_DFL, sa_mask=[], sa_flags=0}, 8) = 0
318340 17:02:50.650781 rt_sigaction(SIGALRM, {sa_handler=0x4816e0, sa_mask=~[RTMIN RT_1], sa_flags=SA_RESTORER|SA_ONSTACK|SA_RESTART|SA_SIGINFO, sa_restorer=0x7d6d80e45330}, NULL, 8) = 0
318340 17:02:50.650917 rt_sigaction(SIGTERM, NULL,  <unfinished ...>
318326 17:02:50.650962 <... nanosleep resumed>NULL) = 0
318340 17:02:50.650996 <... rt_sigaction resumed>{sa_handler=SIG_DFL, sa_mask=[], sa_flags=0}, 8) = 0
318326 17:02:50.651038 nanosleep({tv_sec=0, tv_nsec=1280000},  <unfinished ...>
318340 17:02:50.651058 rt_sigaction(SIGTERM, {sa_handler=0x4816e0, sa_mask=~[RTMIN RT_1], sa_flags=SA_RESTORER|SA_ONSTACK|SA_RESTART|SA_SIGINFO, sa_restorer=0x7d6d80e45330}, NULL, 8) = 0
318340 17:02:50.651169 rt_sigaction(SIGSTKFLT, NULL, {sa_handler=SIG_DFL, sa_mask=[], sa_flags=0}, 8) = 0
318340 17:02:50.651343 rt_sigaction(SIGSTKFLT, {sa_handler=0x4816e0, sa_mask=~[RTMIN RT_1], sa_flags=SA_RESTORER|SA_ONSTACK|SA_RESTART|SA_SIGINFO, sa_restorer=0x7d6d80e45330}, NULL, 8) = 0
318340 17:02:50.651502 rt_sigaction(SIGCHLD, NULL, {sa_handler=SIG_DFL, sa_mask=[], sa_flags=0}, 8) = 0
318340 17:02:50.651654 rt_sigaction(SIGCHLD, {sa_handler=0x4816e0, sa_mask=~[RTMIN RT_1], sa_flags=SA_RESTORER|SA_ONSTACK|SA_RESTART|SA_SIGINFO, sa_restorer=0x7d6d80e45330}, NULL, 8) = 0
318340 17:02:50.651798 rt_sigaction(SIGURG, NULL, {sa_handler=SIG_DFL, sa_mask=[], sa_flags=0}, 8) = 0
318340 17:02:50.651946 rt_sigaction(SIGURG, {sa_handler=0x4816e0, sa_mask=~[RTMIN RT_1], sa_flags=SA_RESTORER|SA_ONSTACK|SA_RESTART|SA_SIGINFO, sa_restorer=0x7d6d80e45330}, NULL, 8) = 0
318340 17:02:50.652090 rt_sigaction(SIGXCPU, NULL, {sa_handler=SIG_DFL, sa_mask=[], sa_flags=0}, 8) = 0
318340 17:02:50.652238 rt_sigaction(SIGXCPU, {sa_handler=0x4816e0, sa_mask=~[RTMIN RT_1], sa_flags=SA_RESTORER|SA_ONSTACK|SA_RESTART|SA_SIGINFO, sa_restorer=0x7d6d80e45330}, NULL, 8) = 0
318340 17:02:50.652399 rt_sigaction(SIGXFSZ, NULL,  <unfinished ...>
318326 17:02:50.652439 <... nanosleep resumed>NULL) = 0
318340 17:02:50.652458 <... rt_sigaction resumed>{sa_handler=SIG_DFL, sa_mask=[], sa_flags=0}, 8) = 0
318326 17:02:50.652496 nanosleep({tv_sec=0, tv_nsec=2560000},  <unfinished ...>
318340 17:02:50.652557 rt_sigaction(SIGXFSZ, {sa_handler=0x4816e0, sa_mask=~[RTMIN RT_1], sa_flags=SA_RESTORER|SA_ONSTACK|SA_RESTART|SA_SIGINFO, sa_restorer=0x7d6d80e45330}, NULL, 8) = 0
318340 17:02:50.652708 rt_sigaction(SIGVTALRM, NULL, {sa_handler=SIG_DFL, sa_mask=[], sa_flags=0}, 8) = 0
318340 17:02:50.652855 rt_sigaction(SIGVTALRM, {sa_handler=0x4816e0, sa_mask=~[RTMIN RT_1], sa_flags=SA_RESTORER|SA_ONSTACK|SA_RESTART|SA_SIGINFO, sa_restorer=0x7d6d80e45330}, NULL, 8) = 0
318340 17:02:50.653010 rt_sigaction(SIGPROF, NULL, {sa_handler=SIG_DFL, sa_mask=[], sa_flags=0}, 8) = 0
318340 17:02:50.653156 rt_sigaction(SIGPROF, {sa_handler=0x4816e0, sa_mask=~[RTMIN RT_1], sa_flags=SA_RESTORER|SA_ONSTACK|SA_RESTART|SA_SIGINFO, sa_restorer=0x7d6d80e45330}, NULL, 8) = 0
318340 17:02:50.653314 rt_sigaction(SIGWINCH, NULL, {sa_handler=SIG_DFL, sa_mask=[], sa_flags=0}, 8) = 0
318340 17:02:50.653466 rt_sigaction(SIGWINCH, {sa_handler=0x4816e0, sa_mask=~[RTMIN RT_1], sa_flags=SA_RESTORER|SA_ONSTACK|SA_RESTART|SA_SIGINFO, sa_restorer=0x7d6d80e45330}, NULL, 8) = 0
318340 17:02:50.653607 rt_sigaction(SIGIO, NULL, {sa_handler=SIG_DFL, sa_mask=[], sa_flags=0}, 8) = 0
318340 17:02:50.653756 rt_sigaction(SIGIO, {sa_handler=0x4816e0, sa_mask=~[RTMIN RT_1], sa_flags=SA_RESTORER|SA_ONSTACK|SA_RESTART|SA_SIGINFO, sa_restorer=0x7d6d80e45330}, NULL, 8) = 0
318340 17:02:50.653900 rt_sigaction(SIGPWR, NULL, {sa_handler=SIG_DFL, sa_mask=[], sa_flags=0}, 8) = 0
318340 17:02:50.654047 rt_sigaction(SIGPWR, {sa_handler=0x4816e0, sa_mask=~[RTMIN RT_1], sa_flags=SA_RESTORER|SA_ONSTACK|SA_RESTART|SA_SIGINFO, sa_restorer=0x7d6d80e45330}, NULL, 8) = 0
318340 17:02:50.654184 rt_sigaction(SIGSYS, NULL, {sa_handler=SIG_DFL, sa_mask=[], sa_flags=0}, 8) = 0
318340 17:02:50.654299 rt_sigaction(SIGSYS, {sa_handler=0x4816e0, sa_mask=~[RTMIN RT_1], sa_flags=SA_RESTORER|SA_ONSTACK|SA_RESTART|SA_SIGINFO, sa_restorer=0x7d6d80e45330}, NULL, 8) = 0
318340 17:02:50.654419 rt_sigaction(SIGRTMIN, NULL, {sa_handler=SIG_DFL, sa_mask=[], sa_flags=0}, 8) = 0
318340 17:02:50.654531 rt_sigaction(SIGRT_1, NULL, {sa_handler=SIG_DFL, sa_mask=[], sa_flags=0}, 8) = 0
318340 17:02:50.654647 rt_sigaction(SIGRT_2, NULL, {sa_handler=SIG_DFL, sa_mask=[], sa_flags=0}, 8) = 0
318340 17:02:50.654755 rt_sigaction(SIGRT_3, NULL, {sa_handler=SIG_DFL, sa_mask=[], sa_flags=0}, 8) = 0
318340 17:02:50.654869 rt_sigaction(SIGRT_3, {sa_handler=0x4816e0, sa_mask=~[RTMIN RT_1], sa_flags=SA_RESTORER|SA_ONSTACK|SA_RESTART|SA_SIGINFO, sa_restorer=0x7d6d80e45330}, NULL, 8) = 0
318340 17:02:50.654995 rt_sigaction(SIGRT_4, NULL, {sa_handler=SIG_DFL, sa_mask=[], sa_flags=0}, 8) = 0
318340 17:02:50.655140 rt_sigaction(SIGRT_4, {sa_handler=0x4816e0, sa_mask=~[RTMIN RT_1], sa_flags=SA_RESTORER|SA_ONSTACK|SA_RESTART|SA_SIGINFO, sa_restorer=0x7d6d80e45330},  <unfinished ...>
318326 17:02:50.655212 <... nanosleep resumed>NULL) = 0
318340 17:02:50.655259 <... rt_sigaction resumed>NULL, 8) = 0
318326 17:02:50.655304 nanosleep({tv_sec=0, tv_nsec=5120000},  <unfinished ...>
318340 17:02:50.655351 rt_sigaction(SIGRT_5, NULL, {sa_handler=SIG_DFL, sa_mask=[], sa_flags=0}, 8) = 0
318340 17:02:50.655502 rt_sigaction(SIGRT_5, {sa_handler=0x4816e0, sa_mask=~[RTMIN RT_1], sa_flags=SA_RESTORER|SA_ONSTACK|SA_RESTART|SA_SIGINFO, sa_restorer=0x7d6d80e45330}, NULL, 8) = 0
318340 17:02:50.655632 rt_sigaction(SIGRT_6, NULL, {sa_handler=SIG_DFL, sa_mask=[], sa_flags=0}, 8) = 0
318340 17:02:50.655772 rt_sigaction(SIGRT_6, {sa_handler=0x4816e0, sa_mask=~[RTMIN RT_1], sa_flags=SA_RESTORER|SA_ONSTACK|SA_RESTART|SA_SIGINFO, sa_restorer=0x7d6d80e45330}, NULL, 8) = 0
318340 17:02:50.655906 rt_sigaction(SIGRT_7, NULL, {sa_handler=SIG_DFL, sa_mask=[], sa_flags=0}, 8) = 0
318340 17:02:50.656035 rt_sigaction(SIGRT_7, {sa_handler=0x4816e0, sa_mask=~[RTMIN RT_1], sa_flags=SA_RESTORER|SA_ONSTACK|SA_RESTART|SA_SIGINFO, sa_restorer=0x7d6d80e45330}, NULL, 8) = 0
318340 17:02:50.656172 rt_sigaction(SIGRT_8, NULL, {sa_handler=SIG_DFL, sa_mask=[], sa_flags=0}, 8) = 0
318340 17:02:50.656311 rt_sigaction(SIGRT_8, {sa_handler=0x4816e0, sa_mask=~[RTMIN RT_1], sa_flags=SA_RESTORER|SA_ONSTACK|SA_RESTART|SA_SIGINFO, sa_restorer=0x7d6d80e45330}, NULL, 8) = 0
318340 17:02:50.656445 rt_sigaction(SIGRT_9, NULL, {sa_handler=SIG_DFL, sa_mask=[], sa_flags=0}, 8) = 0
318340 17:02:50.656581 rt_sigaction(SIGRT_9, {sa_handler=0x4816e0, sa_mask=~[RTMIN RT_1], sa_flags=SA_RESTORER|SA_ONSTACK|SA_RESTART|SA_SIGINFO, sa_restorer=0x7d6d80e45330}, NULL, 8) = 0
318340 17:02:50.656713 rt_sigaction(SIGRT_10, NULL, {sa_handler=SIG_DFL, sa_mask=[], sa_flags=0}, 8) = 0
318340 17:02:50.656847 rt_sigaction(SIGRT_10, {sa_handler=0x4816e0, sa_mask=~[RTMIN RT_1], sa_flags=SA_RESTORER|SA_ONSTACK|SA_RESTART|SA_SIGINFO, sa_restorer=0x7d6d80e45330}, NULL, 8) = 0
318340 17:02:50.656985 rt_sigaction(SIGRT_11, NULL, {sa_handler=SIG_DFL, sa_mask=[], sa_flags=0}, 8) = 0
318340 17:02:50.657119 rt_sigaction(SIGRT_11, {sa_handler=0x4816e0, sa_mask=~[RTMIN RT_1], sa_flags=SA_RESTORER|SA_ONSTACK|SA_RESTART|SA_SIGINFO, sa_restorer=0x7d6d80e45330}, NULL, 8) = 0
318340 17:02:50.657259 rt_sigaction(SIGRT_12, NULL, {sa_handler=SIG_DFL, sa_mask=[], sa_flags=0}, 8) = 0
318340 17:02:50.657393 rt_sigaction(SIGRT_12, {sa_handler=0x4816e0, sa_mask=~[RTMIN RT_1], sa_flags=SA_RESTORER|SA_ONSTACK|SA_RESTART|SA_SIGINFO, sa_restorer=0x7d6d80e45330}, NULL, 8) = 0
318340 17:02:50.657523 rt_sigaction(SIGRT_13, NULL, {sa_handler=SIG_DFL, sa_mask=[], sa_flags=0}, 8) = 0
318340 17:02:50.657642 rt_sigaction(SIGRT_13, {sa_handler=0x4816e0, sa_mask=~[RTMIN RT_1], sa_flags=SA_RESTORER|SA_ONSTACK|SA_RESTART|SA_SIGINFO, sa_restorer=0x7d6d80e45330}, NULL, 8) = 0
318340 17:02:50.657782 rt_sigaction(SIGRT_14, NULL, {sa_handler=SIG_DFL, sa_mask=[], sa_flags=0}, 8) = 0
318340 17:02:50.657904 rt_sigaction(SIGRT_14, {sa_handler=0x4816e0, sa_mask=~[RTMIN RT_1], sa_flags=SA_RESTORER|SA_ONSTACK|SA_RESTART|SA_SIGINFO, sa_restorer=0x7d6d80e45330}, NULL, 8) = 0
318340 17:02:50.658042 rt_sigaction(SIGRT_15, NULL, {sa_handler=SIG_DFL, sa_mask=[], sa_flags=0}, 8) = 0
318340 17:02:50.658182 rt_sigaction(SIGRT_15, {sa_handler=0x4816e0, sa_mask=~[RTMIN RT_1], sa_flags=SA_RESTORER|SA_ONSTACK|SA_RESTART|SA_SIGINFO, sa_restorer=0x7d6d80e45330}, NULL, 8) = 0
318340 17:02:50.658305 rt_sigaction(SIGRT_16, NULL, {sa_handler=SIG_DFL, sa_mask=[], sa_flags=0}, 8) = 0
318340 17:02:50.658446 rt_sigaction(SIGRT_16, {sa_handler=0x4816e0, sa_mask=~[RTMIN RT_1], sa_flags=SA_RESTORER|SA_ONSTACK|SA_RESTART|SA_SIGINFO, sa_restorer=0x7d6d80e45330}, NULL, 8) = 0
318340 17:02:50.658581 rt_sigaction(SIGRT_17, NULL, {sa_handler=SIG_DFL, sa_mask=[], sa_flags=0}, 8) = 0
318340 17:02:50.658721 rt_sigaction(SIGRT_17, {sa_handler=0x4816e0, sa_mask=~[RTMIN RT_1], sa_flags=SA_RESTORER|SA_ONSTACK|SA_RESTART|SA_SIGINFO, sa_restorer=0x7d6d80e45330}, NULL, 8) = 0
318340 17:02:50.658969 rt_sigaction(SIGRT_18, NULL, {sa_handler=SIG_DFL, sa_mask=[], sa_flags=0}, 8) = 0
318340 17:02:50.659131 rt_sigaction(SIGRT_18, {sa_handler=0x4816e0, sa_mask=~[RTMIN RT_1], sa_flags=SA_RESTORER|SA_ONSTACK|SA_RESTART|SA_SIGINFO, sa_restorer=0x7d6d80e45330}, NULL, 8) = 0
318340 17:02:50.659259 rt_sigaction(SIGRT_19, NULL, {sa_handler=SIG_DFL, sa_mask=[], sa_flags=0}, 8) = 0
318340 17:02:50.659408 rt_sigaction(SIGRT_19, {sa_handler=0x4816e0, sa_mask=~[RTMIN RT_1], sa_flags=SA_RESTORER|SA_ONSTACK|SA_RESTART|SA_SIGINFO, sa_restorer=0x7d6d80e45330}, NULL, 8) = 0
318340 17:02:50.659590 rt_sigaction(SIGRT_20, NULL, {sa_handler=SIG_DFL, sa_mask=[], sa_flags=0}, 8) = 0
318340 17:02:50.659769 rt_sigaction(SIGRT_20, {sa_handler=0x4816e0, sa_mask=~[RTMIN RT_1], sa_flags=SA_RESTORER|SA_ONSTACK|SA_RESTART|SA_SIGINFO, sa_restorer=0x7d6d80e45330}, NULL, 8) = 0
318340 17:02:50.659930 rt_sigaction(SIGRT_21, NULL, {sa_handler=SIG_DFL, sa_mask=[], sa_flags=0}, 8) = 0
318340 17:02:50.660074 rt_sigaction(SIGRT_21, {sa_handler=0x4816e0, sa_mask=~[RTMIN RT_1], sa_flags=SA_RESTORER|SA_ONSTACK|SA_RESTART|SA_SIGINFO, sa_restorer=0x7d6d80e45330}, NULL, 8) = 0
318340 17:02:50.660202 rt_sigaction(SIGRT_22, NULL, {sa_handler=SIG_DFL, sa_mask=[], sa_flags=0}, 8) = 0
318340 17:02:50.660336 rt_sigaction(SIGRT_22, {sa_handler=0x4816e0, sa_mask=~[RTMIN RT_1], sa_flags=SA_RESTORER|SA_ONSTACK|SA_RESTART|SA_SIGINFO, sa_restorer=0x7d6d80e45330}, NULL, 8) = 0
318340 17:02:50.660460 rt_sigaction(SIGRT_23, NULL, {sa_handler=SIG_DFL, sa_mask=[], sa_flags=0}, 8) = 0
318326 17:02:50.660563 <... nanosleep resumed>NULL) = 0
318340 17:02:50.660600 rt_sigaction(SIGRT_23, {sa_handler=0x4816e0, sa_mask=~[RTMIN RT_1], sa_flags=SA_RESTORER|SA_ONSTACK|SA_RESTART|SA_SIGINFO, sa_restorer=0x7d6d80e45330},  <unfinished ...>
318326 17:02:50.660633 nanosleep({tv_sec=0, tv_nsec=20000},  <unfinished ...>
318340 17:02:50.660671 <... rt_sigaction resumed>NULL, 8) = 0
318340 17:02:50.660725 rt_sigaction(SIGRT_24, NULL,  <unfinished ...>
318326 17:02:50.660766 <... nanosleep resumed>NULL) = 0
318340 17:02:50.660783 <... rt_sigaction resumed>{sa_handler=SIG_DFL, sa_mask=[], sa_flags=0}, 8) = 0
318326 17:02:50.660811 futex(0xeec8c0, FUTEX_WAIT_PRIVATE, 0, {tv_sec=59, tv_nsec=979799637} <unfinished ...>
318340 17:02:50.660849 rt_sigaction(SIGRT_24, {sa_handler=0x4816e0, sa_mask=~[RTMIN RT_1], sa_flags=SA_RESTORER|SA_ONSTACK|SA_RESTART|SA_SIGINFO, sa_restorer=0x7d6d80e45330}, NULL, 8) = 0
318340 17:02:50.660971 rt_sigaction(SIGRT_25, NULL, {sa_handler=SIG_DFL, sa_mask=[], sa_flags=0}, 8) = 0
318340 17:02:50.661087 rt_sigaction(SIGRT_25, {sa_handler=0x4816e0, sa_mask=~[RTMIN RT_1], sa_flags=SA_RESTORER|SA_ONSTACK|SA_RESTART|SA_SIGINFO, sa_restorer=0x7d6d80e45330}, NULL, 8) = 0
318340 17:02:50.661211 rt_sigaction(SIGRT_26, NULL, {sa_handler=SIG_DFL, sa_mask=[], sa_flags=0}, 8) = 0
318340 17:02:50.661348 rt_sigaction(SIGRT_26, {sa_handler=0x4816e0, sa_mask=~[RTMIN RT_1], sa_flags=SA_RESTORER|SA_ONSTACK|SA_RESTART|SA_SIGINFO, sa_restorer=0x7d6d80e45330}, NULL, 8) = 0
318340 17:02:50.661482 rt_sigaction(SIGRT_27, NULL, {sa_handler=SIG_DFL, sa_mask=[], sa_flags=0}, 8) = 0
318340 17:02:50.661614 rt_sigaction(SIGRT_27, {sa_handler=0x4816e0, sa_mask=~[RTMIN RT_1], sa_flags=SA_RESTORER|SA_ONSTACK|SA_RESTART|SA_SIGINFO, sa_restorer=0x7d6d80e45330}, NULL, 8) = 0
318340 17:02:50.661742 rt_sigaction(SIGRT_28, NULL, {sa_handler=SIG_DFL, sa_mask=[], sa_flags=0}, 8) = 0
318340 17:02:50.661859 rt_sigaction(SIGRT_28, {sa_handler=0x4816e0, sa_mask=~[RTMIN RT_1], sa_flags=SA_RESTORER|SA_ONSTACK|SA_RESTART|SA_SIGINFO, sa_restorer=0x7d6d80e45330}, NULL, 8) = 0
318340 17:02:50.661977 rt_sigaction(SIGRT_29, NULL, {sa_handler=SIG_DFL, sa_mask=[], sa_flags=0}, 8) = 0
318340 17:02:50.662094 rt_sigaction(SIGRT_29, {sa_handler=0x4816e0, sa_mask=~[RTMIN RT_1], sa_flags=SA_RESTORER|SA_ONSTACK|SA_RESTART|SA_SIGINFO, sa_restorer=0x7d6d80e45330}, NULL, 8) = 0
318340 17:02:50.662216 rt_sigaction(SIGRT_30, NULL, {sa_handler=SIG_DFL, sa_mask=[], sa_flags=0}, 8) = 0
318340 17:02:50.662339 rt_sigaction(SIGRT_30, {sa_handler=0x4816e0, sa_mask=~[RTMIN RT_1], sa_flags=SA_RESTORER|SA_ONSTACK|SA_RESTART|SA_SIGINFO, sa_restorer=0x7d6d80e45330}, NULL, 8) = 0
318340 17:02:50.662507 rt_sigaction(SIGRT_31, NULL, {sa_handler=SIG_DFL, sa_mask=[], sa_flags=0}, 8) = 0
318340 17:02:50.662652 rt_sigaction(SIGRT_31, {sa_handler=0x4816e0, sa_mask=~[RTMIN RT_1], sa_flags=SA_RESTORER|SA_ONSTACK|SA_RESTART|SA_SIGINFO, sa_restorer=0x7d6d80e45330}, NULL, 8) = 0
318340 17:02:50.662794 rt_sigaction(SIGRT_32, NULL, {sa_handler=SIG_DFL, sa_mask=[], sa_flags=0}, 8) = 0
318340 17:02:50.662943 rt_sigaction(SIGRT_32, {sa_handler=0x4816e0, sa_mask=~[RTMIN RT_1], sa_flags=SA_RESTORER|SA_ONSTACK|SA_RESTART|SA_SIGINFO, sa_restorer=0x7d6d80e45330}, NULL, 8) = 0
318340 17:02:50.663180 rt_sigprocmask(SIG_SETMASK, ~[RTMIN RT_1], [], 8) = 0
318340 17:02:50.663341 rt_sigaction(SIGRT_1, {sa_handler=0x7d6d80e99610, sa_mask=[], sa_flags=SA_RESTORER|SA_ONSTACK|SA_RESTART|SA_SIGINFO, sa_restorer=0x7d6d80e45330}, NULL, 8) = 0
318340 17:02:50.663464 rt_sigprocmask(SIG_UNBLOCK, [RTMIN RT_1], NULL, 8) = 0
318340 17:02:50.663598 mmap(NULL, 8392704, PROT_NONE, MAP_PRIVATE|MAP_ANONYMOUS|MAP_STACK, -1, 0) = 0x7d6d39cff000
318340 17:02:50.663738 mprotect(0x7d6d39d00000, 8388608, PROT_READ|PROT_WRITE) = 0
318340 17:02:50.663888 rt_sigprocmask(SIG_BLOCK, ~[], ~[KILL STOP RTMIN RT_1], 8) = 0
318340 17:02:50.664010 clone3({flags=CLONE_VM|CLONE_FS|CLONE_FILES|CLONE_SIGHAND|CLONE_THREAD|CLONE_SYSVSEM|CLONE_SETTLS|CLONE_PARENT_SETTID|CLONE_CHILD_CLEARTID, child_tid=0x7d6d3a4ff990, parent_tid=0x7d6d3a4ff990, exit_signal=0, stack=0x7d6d39cff000, stack_size=0x7fff80, tls=0x7d6d3a4ff6c0} <unfinished ...>
318342 17:02:50.664201 rseq(0x7d6d3a4fffe0, 0x20, 0, 0x53053053 <unfinished ...>
318340 17:02:50.664239 <... clone3 resumed> => {parent_tid=[2]}, 88) = 2
318342 17:02:50.664261 <... rseq resumed>) = 0
318340 17:02:50.664287 rt_sigprocmask(SIG_SETMASK, ~[KILL STOP RTMIN RT_1],  <unfinished ...>
318342 17:02:50.664298 set_robust_list(0x7d6d3a4ff9a0, 24) = 0
318340 17:02:50.664352 <... rt_sigprocmask resumed>NULL, 8) = 0
318342 17:02:50.664370 rt_sigprocmask(SIG_SETMASK, ~[KILL STOP RTMIN RT_1],  <unfinished ...>
318340 17:02:50.664398 rt_sigprocmask(SIG_SETMASK, [],  <unfinished ...>
318342 17:02:50.664417 <... rt_sigprocmask resumed>NULL, 8) = 0
318340 17:02:50.664442 <... rt_sigprocmask resumed>NULL, 8) = 0
318342 17:02:50.664477 mmap(NULL, 134217728, PROT_NONE, MAP_PRIVATE|MAP_ANONYMOUS, -1, 0) = 0x7d6d31c00000
318340 17:02:50.664559 mmap(NULL, 262144, PROT_READ|PROT_WRITE, MAP_PRIVATE|MAP_ANONYMOUS, -1, 0 <unfinished ...>
318342 17:02:50.664576 munmap(0x7d6d31c00000, 37748736 <unfinished ...>
318340 17:02:50.664602 <... mmap resumed>) = 0x7d6d39cbf000
318342 17:02:50.664638 <... munmap resumed>) = 0
318340 17:02:50.664664 rt_sigprocmask(SIG_SETMASK, ~[RTMIN RT_1],  <unfinished ...>
318342 17:02:50.664701 munmap(0x7d6d38000000, 29360128 <unfinished ...>
318340 17:02:50.664729 <... rt_sigprocmask resumed>[], 8) = 0
318342 17:02:50.664748 <... munmap resumed>) = 0
318340 17:02:50.664774 mmap(NULL, 8392704, PROT_NONE, MAP_PRIVATE|MAP_ANONYMOUS|MAP_STACK, -1, 0 <unfinished ...>
318342 17:02:50.664794 mprotect(0x7d6d34000000, 135168, PROT_READ|PROT_WRITE <unfinished ...>
318340 17:02:50.664829 <... mmap resumed>) = 0x7d6d394be000
318342 17:02:50.664850 <... mprotect resumed>) = 0
318340 17:02:50.664879 mprotect(0x7d6d394bf000, 8388608, PROT_READ|PROT_WRITE <unfinished ...>
318342 17:02:50.664898 sigaltstack(NULL,  <unfinished ...>
318340 17:02:50.664916 <... mprotect resumed>) = 0
318342 17:02:50.664933 <... sigaltstack resumed>{ss_sp=NULL, ss_flags=SS_DISABLE, ss_size=0}) = 0
318340 17:02:50.664963 rt_sigprocmask(SIG_BLOCK, ~[],  <unfinished ...>
318342 17:02:50.664982 sigaltstack({ss_sp=0xc000080000, ss_flags=0, ss_size=32768},  <unfinished ...>
318340 17:02:50.665010 <... rt_sigprocmask resumed>~[KILL STOP RTMIN RT_1], 8) = 0
318342 17:02:50.665047 <... sigaltstack resumed>NULL) = 0
318340 17:02:50.665076 clone3({flags=CLONE_VM|CLONE_FS|CLONE_FILES|CLONE_SIGHAND|CLONE_THREAD|CLONE_SYSVSEM|CLONE_SETTLS|CLONE_PARENT_SETTID|CLONE_CHILD_CLEARTID, child_tid=0x7d6d39cbe990, parent_tid=0x7d6d39cbe990, exit_signal=0, stack=0x7d6d394be000, stack_size=0x7fff80, tls=0x7d6d39cbe6c0} <unfinished ...>
318342 17:02:50.665111 rt_sigprocmask(SIG_SETMASK, [], NULL, 8) = 0
318342 17:02:50.665253 gettid( <unfinished ...>
318340 17:02:50.665299 <... clone3 resumed> => {parent_tid=[3]}, 88) = 3
318343 17:02:50.665323 rseq(0x7d6d39cbefe0, 0x20, 0, 0x53053053 <unfinished ...>
318342 17:02:50.665353 <... gettid resumed>) = 2
318340 17:02:50.665375 rt_sigprocmask(SIG_SETMASK, ~[KILL STOP RTMIN RT_1],  <unfinished ...>
318343 17:02:50.665414 <... rseq resumed>) = 0
318342 17:02:50.665431 nanosleep({tv_sec=0, tv_nsec=20000},  <unfinished ...>
318340 17:02:50.665459 <... rt_sigprocmask resumed>NULL, 8) = 0
318343 17:02:50.665495 set_robust_list(0x7d6d39cbe9a0, 24 <unfinished ...>
318340 17:02:50.665526 rt_sigprocmask(SIG_SETMASK, [],  <unfinished ...>
318343 17:02:50.665568 <... set_robust_list resumed>) = 0
318342 17:02:50.665588 <... nanosleep resumed>NULL) = 0
318343 17:02:50.665610 rt_sigprocmask(SIG_SETMASK, ~[KILL STOP RTMIN RT_1],  <unfinished ...>
318340 17:02:50.665644 <... rt_sigprocmask resumed>NULL, 8) = 0
318343 17:02:50.665685 <... rt_sigprocmask resumed>NULL, 8) = 0
318342 17:02:50.665717 getpid( <unfinished ...>
318343 17:02:50.665752 mmap(NULL, 134217728, PROT_NONE, MAP_PRIVATE|MAP_ANONYMOUS, -1, 0 <unfinished ...>
318340 17:02:50.665769 rt_sigprocmask(SIG_SETMASK, ~[RTMIN RT_1],  <unfinished ...>
318343 17:02:50.665838 <... mmap resumed>) = 0x7d6d2c000000
318342 17:02:50.665870 <... getpid resumed>) = 1
318343 17:02:50.665912 munmap(0x7d6d30000000, 67108864 <unfinished ...>
318340 17:02:50.665947 <... rt_sigprocmask resumed>[], 8) = 0
318343 17:02:50.665976 <... munmap resumed>) = 0
318342 17:02:50.666016 tgkill(1, 1, SIGURG <unfinished ...>
318343 17:02:50.666052 mprotect(0x7d6d2c000000, 135168, PROT_READ|PROT_WRITE <unfinished ...>
318340 17:02:50.666069 mmap(NULL, 8392704, PROT_NONE, MAP_PRIVATE|MAP_ANONYMOUS|MAP_STACK, -1, 0 <unfinished ...>
318343 17:02:50.666096 <... mprotect resumed>) = 0
318342 17:02:50.666129 <... tgkill resumed>) = 0
318343 17:02:50.666155 sigaltstack(NULL,  <unfinished ...>
318340 17:02:50.666190 <... mmap resumed>) = 0x7d6d38cbd000
318343 17:02:50.666215 <... sigaltstack resumed>{ss_sp=NULL, ss_flags=SS_DISABLE, ss_size=0}) = 0
318342 17:02:50.666258 nanosleep({tv_sec=0, tv_nsec=20000},  <unfinished ...>
318343 17:02:50.666303 sigaltstack({ss_sp=0xc000088000, ss_flags=0, ss_size=32768},  <unfinished ...>
318340 17:02:50.666332 mprotect(0x7d6d38cbe000, 8388608, PROT_READ|PROT_WRITE <unfinished ...>
318343 17:02:50.666358 <... sigaltstack resumed>NULL) = 0
318340 17:02:50.666384 <... mprotect resumed>) = 0
318343 17:02:50.666420 rt_sigprocmask(SIG_SETMASK, [],  <unfinished ...>
318342 17:02:50.666446 <... nanosleep resumed>NULL) = 0
318343 17:02:50.666464 <... rt_sigprocmask resumed>NULL, 8) = 0
318340 17:02:50.666489 rt_sigprocmask(SIG_BLOCK, ~[],  <unfinished ...>
318343 17:02:50.666507 gettid( <unfinished ...>
318342 17:02:50.666532 nanosleep({tv_sec=0, tv_nsec=20000},  <unfinished ...>
318343 17:02:50.666551 <... gettid resumed>) = 3
318340 17:02:50.666578 <... rt_sigprocmask resumed>~[KILL STOP RTMIN RT_1], 8) = 0
318343 17:02:50.666597 mmap(NULL, 262144, PROT_READ|PROT_WRITE, MAP_PRIVATE|MAP_ANONYMOUS, -1, 0 <unfinished ...>
318340 17:02:50.666624 clone3({flags=CLONE_VM|CLONE_FS|CLONE_FILES|CLONE_SIGHAND|CLONE_THREAD|CLONE_SYSVSEM|CLONE_SETTLS|CLONE_PARENT_SETTID|CLONE_CHILD_CLEARTID, child_tid=0x7d6d394bd990, parent_tid=0x7d6d394bd990, exit_signal=0, stack=0x7d6d38cbd000, stack_size=0x7fff80, tls=0x7d6d394bd6c0} <unfinished ...>
318343 17:02:50.666663 <... mmap resumed>) = 0x7d6d38c7d000
318342 17:02:50.666681 <... nanosleep resumed>NULL) = 0
318343 17:02:50.666729 rt_sigprocmask(SIG_SETMASK, ~[RTMIN RT_1],  <unfinished ...>
318344 17:02:50.666775 rseq(0x7d6d394bdfe0, 0x20, 0, 0x53053053 <unfinished ...>
318343 17:02:50.666810 <... rt_sigprocmask resumed>[], 8) = 0
318342 17:02:50.666828 nanosleep({tv_sec=0, tv_nsec=20000},  <unfinished ...>
318344 17:02:50.666859 <... rseq resumed>) = 0
318343 17:02:50.666875 mmap(NULL, 8392704, PROT_NONE, MAP_PRIVATE|MAP_ANONYMOUS|MAP_STACK, -1, 0 <unfinished ...>
318340 17:02:50.666900 <... clone3 resumed> => {parent_tid=[4]}, 88) = 4
318344 17:02:50.666969 set_robust_list(0x7d6d394bd9a0, 24 <unfinished ...>
318343 17:02:50.666998 <... mmap resumed>) = 0x7d6d3847c000
318342 17:02:50.667024 <... nanosleep resumed>NULL) = 0
318344 17:02:50.667042 <... set_robust_list resumed>) = 0
318343 17:02:50.667067 mprotect(0x7d6d3847d000, 8388608, PROT_READ|PROT_WRITE <unfinished ...>
318340 17:02:50.667084 rt_sigprocmask(SIG_SETMASK, ~[KILL STOP RTMIN RT_1],  <unfinished ...>
318344 17:02:50.667142 rt_sigprocmask(SIG_SETMASK, ~[KILL STOP RTMIN RT_1],  <unfinished ...>
318343 17:02:50.667182 <... mprotect resumed>) = 0
318342 17:02:50.667200 nanosleep({tv_sec=0, tv_nsec=20000},  <unfinished ...>
318344 17:02:50.667223 <... rt_sigprocmask resumed>NULL, 8) = 0
318343 17:02:50.667250 rt_sigprocmask(SIG_BLOCK, ~[],  <unfinished ...>
318340 17:02:50.667267 <... rt_sigprocmask resumed>NULL, 8) = 0
318344 17:02:50.667293 mmap(0x7d6d30000000, 67108864, PROT_NONE, MAP_PRIVATE|MAP_ANONYMOUS, -1, 0 <unfinished ...>
318343 17:02:50.667338 <... rt_sigprocmask resumed>~[KILL STOP RTMIN RT_1], 8) = 0
318344 17:02:50.667411 <... mmap resumed>) = 0x7d6d30000000
318342 17:02:50.667450 <... nanosleep resumed>NULL) = 0
318340 17:02:50.667484 rt_sigprocmask(SIG_SETMASK, [],  <unfinished ...>
318344 17:02:50.667538 mprotect(0x7d6d30000000, 135168, PROT_READ|PROT_WRITE <unfinished ...>
318343 17:02:50.667556 clone3({flags=CLONE_VM|CLONE_FS|CLONE_FILES|CLONE_SIGHAND|CLONE_THREAD|CLONE_SYSVSEM|CLONE_SETTLS|CLONE_PARENT_SETTID|CLONE_CHILD_CLEARTID, child_tid=0x7d6d38c7c990, parent_tid=0x7d6d38c7c990, exit_signal=0, stack=0x7d6d3847c000, stack_size=0x7fff80, tls=0x7d6d38c7c6c0} <unfinished ...>
318342 17:02:50.667584 nanosleep({tv_sec=0, tv_nsec=20000},  <unfinished ...>
318344 17:02:50.667615 <... mprotect resumed>) = 0
318340 17:02:50.667659 <... rt_sigprocmask resumed>NULL, 8) = 0
318344 17:02:50.667689 sigaltstack(NULL,  <unfinished ...>
318345 17:02:50.667729 rseq(0x7d6d38c7cfe0, 0x20, 0, 0x53053053 <unfinished ...>
318344 17:02:50.667764 <... sigaltstack resumed>{ss_sp=NULL, ss_flags=SS_DISABLE, ss_size=0}) = 0
318342 17:02:50.667783 <... nanosleep resumed>NULL) = 0
318340 17:02:50.667799 --- SIGURG {si_signo=SIGURG, si_code=SI_TKILL, si_pid=1, si_uid=0} ---
318345 17:02:50.667827 <... rseq resumed>) = 0
318344 17:02:50.667854 sigaltstack({ss_sp=0xc000090000, ss_flags=0, ss_size=32768},  <unfinished ...>
318343 17:02:50.667881 <... clone3 resumed> => {parent_tid=[5]}, 88) = 5
318342 17:02:50.667923 nanosleep({tv_sec=0, tv_nsec=20000},  <unfinished ...>
318345 17:02:50.667944 set_robust_list(0x7d6d38c7c9a0, 24 <unfinished ...>
318344 17:02:50.667960 <... sigaltstack resumed>NULL) = 0
318343 17:02:50.667985 rt_sigprocmask(SIG_SETMASK, ~[KILL STOP RTMIN RT_1],  <unfinished ...>
318340 17:02:50.668021 rt_sigreturn({mask=[]} <unfinished ...>
318345 17:02:50.668050 <... set_robust_list resumed>) = 0
318344 17:02:50.668085 rt_sigprocmask(SIG_SETMASK, [],  <unfinished ...>
318343 17:02:50.668102 <... rt_sigprocmask resumed>NULL, 8) = 0
318342 17:02:50.668128 <... nanosleep resumed>NULL) = 0
318345 17:02:50.668146 rt_sigprocmask(SIG_SETMASK, ~[KILL STOP RTMIN RT_1],  <unfinished ...>
318344 17:02:50.668172 <... rt_sigprocmask resumed>NULL, 8) = 0
318343 17:02:50.668189 rt_sigprocmask(SIG_SETMASK, [],  <unfinished ...>
318340 17:02:50.668215 <... rt_sigreturn resumed>) = 0
318345 17:02:50.668233 <... rt_sigprocmask resumed>NULL, 8) = 0
318344 17:02:50.668259 gettid( <unfinished ...>
318343 17:02:50.668293 <... rt_sigprocmask resumed>NULL, 8) = 0
318342 17:02:50.668318 nanosleep({tv_sec=0, tv_nsec=20000},  <unfinished ...>
318345 17:02:50.668338 mmap(NULL, 134217728, PROT_NONE, MAP_PRIVATE|MAP_ANONYMOUS, -1, 0 <unfinished ...>
318344 17:02:50.668363 <... gettid resumed>) = 4
318343 17:02:50.668380 futex(0xeeaf80, FUTEX_WAKE_PRIVATE, 1 <unfinished ...>
318340 17:02:50.668409 futex(0xeeaf80, FUTEX_WAIT_PRIVATE, 0, NULL <unfinished ...>
318345 17:02:50.668427 <... mmap resumed>) = 0x7d6d24000000
318344 17:02:50.668452 futex(0xc00006d948, FUTEX_WAIT_PRIVATE, 0, NULL <unfinished ...>
318343 17:02:50.668469 <... futex resumed>) = 0
318342 17:02:50.668494 <... nanosleep resumed>NULL) = 0
318345 17:02:50.668530 munmap(0x7d6d28000000, 67108864 <unfinished ...>
318343 17:02:50.668546 futex(0xc00006d148, FUTEX_WAIT_PRIVATE, 0, NULL <unfinished ...>
318340 17:02:50.668572 <... futex resumed>) = -1 EAGAIN (Resource temporarily unavailable)
318345 17:02:50.668609 <... munmap resumed>) = 0
318342 17:02:50.668626 nanosleep({tv_sec=0, tv_nsec=20000},  <unfinished ...>
318345 17:02:50.668654 mprotect(0x7d6d24000000, 135168, PROT_READ|PROT_WRITE <unfinished ...>
318340 17:02:50.668670 futex(0xc00006d148, FUTEX_WAKE_PRIVATE, 1 <unfinished ...>
318345 17:02:50.668697 <... mprotect resumed>) = 0
318340 17:02:50.668715 <... futex resumed>) = 1
318345 17:02:50.668742 sigaltstack(NULL,  <unfinished ...>
318343 17:02:50.668758 <... futex resumed>) = 0
318342 17:02:50.668783 <... nanosleep resumed>NULL) = 0
318345 17:02:50.668819 <... sigaltstack resumed>{ss_sp=NULL, ss_flags=SS_DISABLE, ss_size=0}) = 0
318343 17:02:50.668860 futex(0xeeaf80, FUTEX_WAKE_PRIVATE, 1 <unfinished ...>
318340 17:02:50.668877 futex(0xeeaf80, FUTEX_WAIT_PRIVATE, 0, NULL <unfinished ...>
318345 17:02:50.668903 sigaltstack({ss_sp=0xc000104000, ss_flags=0, ss_size=32768},  <unfinished ...>
318343 17:02:50.668939 <... futex resumed>) = 0
318342 17:02:50.668955 nanosleep({tv_sec=0, tv_nsec=20000},  <unfinished ...>
318345 17:02:50.668984 <... sigaltstack resumed>NULL) = 0
318343 17:02:50.669018 futex(0xc00006d148, FUTEX_WAIT_PRIVATE, 0, NULL <unfinished ...>
318340 17:02:50.669035 <... futex resumed>) = -1 EAGAIN (Resource temporarily unavailable)
318345 17:02:50.669061 rt_sigprocmask(SIG_SETMASK, [],  <unfinished ...>
318342 17:02:50.669090 <... nanosleep resumed>NULL) = 0
318340 17:02:50.669116 futex(0xc00006d148, FUTEX_WAKE_PRIVATE, 1 <unfinished ...>
318345 17:02:50.669153 <... rt_sigprocmask resumed>NULL, 8) = 0
318342 17:02:50.669170 nanosleep({tv_sec=0, tv_nsec=20000},  <unfinished ...>
318345 17:02:50.669199 gettid( <unfinished ...>
318343 17:02:50.669215 <... futex resumed>) = 0
318340 17:02:50.669240 <... futex resumed>) = 1
318345 17:02:50.669258 <... gettid resumed>) = 5
318343 17:02:50.669284 futex(0xeeaf80, FUTEX_WAKE_PRIVATE, 1 <unfinished ...>
318345 17:02:50.669311 futex(0xc000100148, FUTEX_WAIT_PRIVATE, 0, NULL <unfinished ...>
318342 17:02:50.669339 <... nanosleep resumed>NULL) = 0
318340 17:02:50.669355 rt_sigprocmask(SIG_SETMASK, ~[RTMIN RT_1],  <unfinished ...>
318343 17:02:50.669384 <... futex resumed>) = 0
318342 17:02:50.669400 nanosleep({tv_sec=0, tv_nsec=20000},  <unfinished ...>
318343 17:02:50.669428 futex(0xc00006d148, FUTEX_WAIT_PRIVATE, 0, NULL <unfinished ...>
318340 17:02:50.669444 <... rt_sigprocmask resumed>[], 8) = 0
318340 17:02:50.669493 mmap(NULL, 8392704, PROT_NONE, MAP_PRIVATE|MAP_ANONYMOUS|MAP_STACK, -1, 0 <unfinished ...>
318342 17:02:50.669529 <... nanosleep resumed>NULL) = 0
318340 17:02:50.669546 <... mmap resumed>) = 0x7d6d2b7ff000
318342 17:02:50.669572 nanosleep({tv_sec=0, tv_nsec=20000},  <unfinished ...>
318340 17:02:50.669591 mprotect(0x7d6d2b800000, 8388608, PROT_READ|PROT_WRITE) = 0
318342 17:02:50.669694 <... nanosleep resumed>NULL) = 0
318340 17:02:50.669741 rt_sigprocmask(SIG_BLOCK, ~[],  <unfinished ...>
318342 17:02:50.669781 nanosleep({tv_sec=0, tv_nsec=20000},  <unfinished ...>
318340 17:02:50.669801 <... rt_sigprocmask resumed>~[KILL STOP RTMIN RT_1], 8) = 0
318340 17:02:50.669856 clone3({flags=CLONE_VM|CLONE_FS|CLONE_FILES|CLONE_SIGHAND|CLONE_THREAD|CLONE_SYSVSEM|CLONE_SETTLS|CLONE_PARENT_SETTID|CLONE_CHILD_CLEARTID, child_tid=0x7d6d2bfff990, parent_tid=0x7d6d2bfff990, exit_signal=0, stack=0x7d6d2b7ff000, stack_size=0x7fff80, tls=0x7d6d2bfff6c0} <unfinished ...>
318342 17:02:50.669909 <... nanosleep resumed>NULL) = 0
318342 17:02:50.669966 nanosleep({tv_sec=0, tv_nsec=20000},  <unfinished ...>
318346 17:02:50.670015 rseq(0x7d6d2bffffe0, 0x20, 0, 0x53053053 <unfinished ...>
318340 17:02:50.670050 <... clone3 resumed> => {parent_tid=[6]}, 88) = 6
318346 17:02:50.670074 <... rseq resumed>) = 0
318342 17:02:50.670100 <... nanosleep resumed>NULL) = 0
318340 17:02:50.670126 rt_sigprocmask(SIG_SETMASK, ~[KILL STOP RTMIN RT_1],  <unfinished ...>
318346 17:02:50.670163 set_robust_list(0x7d6d2bfff9a0, 24 <unfinished ...>
318342 17:02:50.670188 nanosleep({tv_sec=0, tv_nsec=20000},  <unfinished ...>
318346 17:02:50.670225 <... set_robust_list resumed>) = 0
318340 17:02:50.670248 <... rt_sigprocmask resumed>NULL, 8) = 0
318346 17:02:50.670275 rt_sigprocmask(SIG_SETMASK, ~[KILL STOP RTMIN RT_1],  <unfinished ...>
318340 17:02:50.670304 rt_sigprocmask(SIG_SETMASK, [],  <unfinished ...>
318346 17:02:50.670347 <... rt_sigprocmask resumed>NULL, 8) = 0
318342 17:02:50.670382 <... nanosleep resumed>NULL) = 0
318340 17:02:50.670399 <... rt_sigprocmask resumed>NULL, 8) = 0
318346 17:02:50.670426 mmap(0x7d6d28000000, 67108864, PROT_NONE, MAP_PRIVATE|MAP_ANONYMOUS, -1, 0 <unfinished ...>
318342 17:02:50.670444 nanosleep({tv_sec=0, tv_nsec=20000},  <unfinished ...>
318346 17:02:50.670477 <... mmap resumed>) = 0x7d6d20000000
318346 17:02:50.670528 mprotect(0x7d6d20000000, 135168, PROT_READ|PROT_WRITE <unfinished ...>
318342 17:02:50.670570 <... nanosleep resumed>NULL) = 0
318340 17:02:50.670587 prlimit64(0, RLIMIT_NOFILE, NULL,  <unfinished ...>
318346 17:02:50.670614 <... mprotect resumed>) = 0
318342 17:02:50.670630 nanosleep({tv_sec=0, tv_nsec=20000},  <unfinished ...>
318346 17:02:50.670659 sigaltstack(NULL,  <unfinished ...>
318340 17:02:50.670675 <... prlimit64 resumed>{rlim_cur=1024, rlim_max=1024*1024}) = 0
318346 17:02:50.670709 <... sigaltstack resumed>{ss_sp=NULL, ss_flags=SS_DISABLE, ss_size=0}) = 0
318340 17:02:50.670747 prlimit64(0, RLIMIT_NOFILE, {rlim_cur=1048575, rlim_max=1024*1024},  <unfinished ...>
318342 17:02:50.670775 <... nanosleep resumed>NULL) = 0
318346 17:02:50.670811 sigaltstack({ss_sp=0xc00011a000, ss_flags=0, ss_size=32768},  <unfinished ...>
318340 17:02:50.670838 <... prlimit64 resumed>NULL) = 0
318346 17:02:50.670873 <... sigaltstack resumed>NULL) = 0
318342 17:02:50.670889 nanosleep({tv_sec=0, tv_nsec=20000},  <unfinished ...>
318346 17:02:50.670908 rt_sigprocmask(SIG_SETMASK, [],  <unfinished ...>
318340 17:02:50.670934 fcntl(0, F_GETFL <unfinished ...>
318346 17:02:50.670952 <... rt_sigprocmask resumed>NULL, 8) = 0
318340 17:02:50.670978 <... fcntl resumed>) = 0 (flags O_RDONLY)
318346 17:02:50.670996 gettid( <unfinished ...>
318342 17:02:50.671021 <... nanosleep resumed>NULL) = 0
318346 17:02:50.671038 <... gettid resumed>) = 6
318340 17:02:50.671063 futex(0xc00006d148, FUTEX_WAKE_PRIVATE, 1 <unfinished ...>
318346 17:02:50.671081 futex(0xf0b5d8, FUTEX_WAIT_PRIVATE, 0, NULL <unfinished ...>
318342 17:02:50.671106 nanosleep({tv_sec=0, tv_nsec=20000},  <unfinished ...>
318343 17:02:50.671144 <... futex resumed>) = 0
318340 17:02:50.671166 <... futex resumed>) = 1
318343 17:02:50.671179 nanosleep({tv_sec=0, tv_nsec=3000},  <unfinished ...>
318340 17:02:50.671208 fcntl(1, F_GETFL <unfinished ...>
318342 17:02:50.671245 <... nanosleep resumed>NULL) = 0
318340 17:02:50.671281 <... fcntl resumed>) = 0x1 (flags O_WRONLY)
318343 17:02:50.671298 <... nanosleep resumed>NULL) = 0
318342 17:02:50.671323 nanosleep({tv_sec=0, tv_nsec=20000},  <unfinished ...>
318343 17:02:50.671360 futex(0xc000100148, FUTEX_WAKE_PRIVATE, 1 <unfinished ...>
318340 17:02:50.671385 fcntl(2, F_GETFL <unfinished ...>
318343 17:02:50.671404 <... futex resumed>) = 1
318345 17:02:50.671430 <... futex resumed>) = 0
318340 17:02:50.671447 <... fcntl resumed>) = 0x1 (flags O_WRONLY)
318345 17:02:50.671478 futex(0xc000100148, FUTEX_WAIT_PRIVATE, 0, NULL <unfinished ...>
318343 17:02:50.671505 futex(0xc00006d148, FUTEX_WAIT_PRIVATE, 0, NULL <unfinished ...>
318342 17:02:50.671524 <... nanosleep resumed>NULL) = 0
318340 17:02:50.671551 readlinkat(AT_FDCWD, "/proc/self/exe",  <unfinished ...>
318342 17:02:50.671585 nanosleep({tv_sec=0, tv_nsec=20000},  <unfinished ...>
318340 17:02:50.671613 <... readlinkat resumed>"/runc", 128) = 5
318340 17:02:50.671655 openat(AT_FDCWD, "/runc", O_RDONLY|O_CLOEXEC <unfinished ...>
318342 17:02:50.671718 <... nanosleep resumed>NULL) = 0
318340 17:02:50.671758 <... openat resumed>) = -1 ENOENT (No such file or directory)
318342 17:02:50.671777 nanosleep({tv_sec=0, tv_nsec=20000}, NULL) = 0
318340 17:02:50.671946 seccomp(SECCOMP_SET_MODE_STRICT, 0x1, NULL <unfinished ...>
318342 17:02:50.671984 nanosleep({tv_sec=0, tv_nsec=20000},  <unfinished ...>
318340 17:02:50.672014 <... seccomp resumed>) = -1 EINVAL (Invalid argument)
318340 17:02:50.672077 seccomp(SECCOMP_SET_MODE_FILTER, SECCOMP_FILTER_FLAG_TSYNC, NULL <unfinished ...>
318342 17:02:50.672121 <... nanosleep resumed>NULL) = 0
318340 17:02:50.672138 <... seccomp resumed>) = -1 EFAULT (Bad address)
318342 17:02:50.672165 nanosleep({tv_sec=0, tv_nsec=20000},  <unfinished ...>
318340 17:02:50.672183 seccomp(SECCOMP_SET_MODE_FILTER, SECCOMP_FILTER_FLAG_LOG, NULL) = -1 EFAULT (Bad address)
318342 17:02:50.672281 <... nanosleep resumed>NULL) = 0
318340 17:02:50.672317 seccomp(SECCOMP_GET_ACTION_AVAIL, 0, [SECCOMP_RET_LOG] <unfinished ...>
318342 17:02:50.672361 nanosleep({tv_sec=0, tv_nsec=20000},  <unfinished ...>
318340 17:02:50.672380 <... seccomp resumed>) = 0
318340 17:02:50.672430 seccomp(SECCOMP_GET_ACTION_AVAIL, 0, [SECCOMP_RET_KILL_PROCESS] <unfinished ...>
318342 17:02:50.672472 <... nanosleep resumed>NULL) = 0
318340 17:02:50.672489 <... seccomp resumed>) = 0
318342 17:02:50.672515 nanosleep({tv_sec=0, tv_nsec=20000},  <unfinished ...>
318340 17:02:50.672543 seccomp(SECCOMP_SET_MODE_FILTER, SECCOMP_FILTER_FLAG_SPEC_ALLOW, NULL) = -1 EFAULT (Bad address)
318342 17:02:50.672643 <... nanosleep resumed>NULL) = 0
318340 17:02:50.672678 seccomp(SECCOMP_SET_MODE_FILTER, SECCOMP_FILTER_FLAG_NEW_LISTENER, NULL <unfinished ...>
318342 17:02:50.672695 nanosleep({tv_sec=0, tv_nsec=20000},  <unfinished ...>
318340 17:02:50.672723 <... seccomp resumed>) = -1 EFAULT (Bad address)
318340 17:02:50.672784 seccomp(SECCOMP_GET_NOTIF_SIZES, 0,  <unfinished ...>
318342 17:02:50.672824 <... nanosleep resumed>NULL) = 0
318340 17:02:50.672842 <... seccomp resumed>{seccomp_notif=80, seccomp_notif_resp=24, seccomp_data=64}) = 0
318342 17:02:50.672871 nanosleep({tv_sec=0, tv_nsec=20000},  <unfinished ...>
318340 17:02:50.672908 seccomp(SECCOMP_SET_MODE_FILTER, SECCOMP_FILTER_FLAG_TSYNC_ESRCH, NULL) = -1 EFAULT (Bad address)
318342 17:02:50.673012 <... nanosleep resumed>NULL) = 0
318342 17:02:50.673092 nanosleep({tv_sec=0, tv_nsec=20000}, NULL) = 0
318342 17:02:50.673331 nanosleep({tv_sec=0, tv_nsec=20000}, NULL) = 0
318342 17:02:50.673573 nanosleep({tv_sec=0, tv_nsec=20000}, NULL) = 0
318340 17:02:50.673788 futex(0xc000100148, FUTEX_WAKE_PRIVATE, 1 <unfinished ...>
318342 17:02:50.673839 nanosleep({tv_sec=0, tv_nsec=20000},  <unfinished ...>
318345 17:02:50.673889 <... futex resumed>) = 0
318340 17:02:50.673936 <... futex resumed>) = 1
318345 17:02:50.673982 nanosleep({tv_sec=0, tv_nsec=3000},  <unfinished ...>
318342 17:02:50.674030 <... nanosleep resumed>NULL) = 0
318340 17:02:50.674076 statfs("/sys/fs/cgroup/unified",  <unfinished ...>
318345 17:02:50.674126 <... nanosleep resumed>NULL) = 0
318342 17:02:50.674170 nanosleep({tv_sec=0, tv_nsec=20000},  <unfinished ...>
318345 17:02:50.674218 futex(0xc00006d148, FUTEX_WAKE_PRIVATE, 1 <unfinished ...>
318340 17:02:50.674263 <... statfs resumed>0xc0001a1cb0) = -1 ENOENT (No such file or directory)
318345 17:02:50.674311 <... futex resumed>) = 1
318343 17:02:50.674355 <... futex resumed>) = 0
318342 17:02:50.674379 <... nanosleep resumed>NULL) = 0
318345 17:02:50.674413 futex(0xc000100148, FUTEX_WAIT_PRIVATE, 0, NULL <unfinished ...>
318343 17:02:50.674461 futex(0xeec8b0, FUTEX_WAKE_PRIVATE, 1 <unfinished ...>
318340 17:02:50.674483 futex(0xeec8b0, FUTEX_WAIT_PRIVATE, 0, {tv_sec=0, tv_nsec=100000} <unfinished ...>
318343 17:02:50.674520 <... futex resumed>) = 0
318342 17:02:50.674561 sched_yield( <unfinished ...>
318343 17:02:50.674583 futex(0xc00006d148, FUTEX_WAIT_PRIVATE, 0, NULL <unfinished ...>
318340 17:02:50.674617 <... futex resumed>) = -1 EAGAIN (Resource temporarily unavailable)
318342 17:02:50.674663 <... sched_yield resumed>) = 0
318342 17:02:50.674734 futex(0xc00006cd28, FUTEX_WAIT_PRIVATE, 4294967295, NULL <unfinished ...>
318340 17:02:50.674825 mmap(NULL, 262144, PROT_READ|PROT_WRITE, MAP_PRIVATE|MAP_ANONYMOUS, -1, 0) = 0x7d6d3843c000
318340 17:02:50.675083 futex(0xc00006cd28, FUTEX_WAKE_PRIVATE, 1 <unfinished ...>
318342 17:02:50.675178 <... futex resumed>) = 0
318340 17:02:50.675204 <... futex resumed>) = 1
318342 17:02:50.675241 nanosleep({tv_sec=0, tv_nsec=20000},  <unfinished ...>
318340 17:02:50.675281 fcntl(4, F_GETFL) = 0x2 (flags O_RDWR)
318342 17:02:50.675391 <... nanosleep resumed>NULL) = 0
318340 17:02:50.675431 fcntl(3, F_GETFL <unfinished ...>
318342 17:02:50.675459 nanosleep({tv_sec=0, tv_nsec=20000},  <unfinished ...>
318340 17:02:50.675523 <... fcntl resumed>) = 0x2 (flags O_RDWR)
318340 17:02:50.675579 fcntl(5, F_GETFL <unfinished ...>
318342 17:02:50.675622 <... nanosleep resumed>NULL) = 0
318340 17:02:50.675640 <... fcntl resumed>) = 0x1 (flags O_WRONLY)
318342 17:02:50.675674 nanosleep({tv_sec=0, tv_nsec=20000},  <unfinished ...>
318340 17:02:50.675713 fcntl(7, F_GETFL) = 0x200000 (flags O_RDONLY|O_PATH)
318342 17:02:50.675821 <... nanosleep resumed>NULL) = 0
318340 17:02:50.675875 read(3,  <unfinished ...>
318342 17:02:50.675913 futex(0xc00006d148, FUTEX_WAKE_PRIVATE, 1 <unfinished ...>
318340 17:02:50.675942 <... read resumed>"{\"config\":{\"no_pivot_root\":false"..., 512) = 512
318343 17:02:50.675987 <... futex resumed>) = 0
318342 17:02:50.676023 <... futex resumed>) = 1
318343 17:02:50.676040 futex(0xeeaf80, FUTEX_WAKE_PRIVATE, 1 <unfinished ...>
318340 17:02:50.676072 futex(0xeeaf80, FUTEX_WAIT_PRIVATE, 0, NULL <unfinished ...>
318343 17:02:50.676113 <... futex resumed>) = 0
318342 17:02:50.676129 nanosleep({tv_sec=0, tv_nsec=20000},  <unfinished ...>
318343 17:02:50.676158 futex(0xc00006d148, FUTEX_WAIT_PRIVATE, 0, NULL <unfinished ...>
318340 17:02:50.676175 <... futex resumed>) = -1 EAGAIN (Resource temporarily unavailable)
318340 17:02:50.676242 read(3,  <unfinished ...>
318342 17:02:50.676285 <... nanosleep resumed>NULL) = 0
318340 17:02:50.676304 <... read resumed>"0},{\"source\":\"devpts\",\"destinati"..., 1024) = 1024
318342 17:02:50.676362 nanosleep({tv_sec=0, tv_nsec=20000},  <unfinished ...>
318340 17:02:50.676383 read(3, "h\":\"/dev/full\",\"file_mode\":438},"..., 2048) = 2048
318342 17:02:50.676503 <... nanosleep resumed>NULL) = 0
318340 17:02:50.676543 read(3,  <unfinished ...>
318342 17:02:50.676560 nanosleep({tv_sec=0, tv_nsec=20000},  <unfinished ...>
318340 17:02:50.676589 <... read resumed>"\"permissions\":\"rwm\",\"allow\":true"..., 4096) = 4096
318340 17:02:50.676657 read(3,  <unfinished ...>
318342 17:02:50.676695 <... nanosleep resumed>NULL) = 0
318340 17:02:50.676713 <... read resumed>"nkat\",\"action\":4,\"errnoRet\":null"..., 8192) = 2399
318342 17:02:50.676741 nanosleep({tv_sec=0, tv_nsec=20000}, NULL) = 0
318342 17:02:50.676948 nanosleep({tv_sec=0, tv_nsec=20000}, NULL) = 0
318342 17:02:50.677150 nanosleep({tv_sec=0, tv_nsec=20000}, NULL) = 0
318340 17:02:50.677331 prlimit64(0, RLIMIT_NOFILE, {rlim_cur=1024, rlim_max=1024},  <unfinished ...>
318342 17:02:50.677365 nanosleep({tv_sec=0, tv_nsec=20000},  <unfinished ...>
318340 17:02:50.677402 <... prlimit64 resumed>NULL) = 0
318340 17:02:50.677447 getppid( <unfinished ...>
318342 17:02:50.677509 <... nanosleep resumed>NULL) = 0
318340 17:02:50.677549 <... getppid resumed>) = 0
318342 17:02:50.677567 nanosleep({tv_sec=0, tv_nsec=20000},  <unfinished ...>
318340 17:02:50.677597 statfs("/sys/fs/selinux", {f_type=SYSFS_MAGIC, f_bsize=4096, f_blocks=0, f_bfree=0, f_bavail=0, f_files=0, f_ffree=0, f_fsid={val=[0x13556bbd, 0xc3064542]}, f_namelen=255, f_frsize=4096, f_flags=ST_VALID|ST_NOSUID|ST_NODEV|ST_NOEXEC|ST_NOATIME}) = 0
318342 17:02:50.677707 <... nanosleep resumed>NULL) = 0
318340 17:02:50.677746 openat(AT_FDCWD, "/proc/filesystems", O_RDONLY|O_CLOEXEC <unfinished ...>
318342 17:02:50.677785 nanosleep({tv_sec=0, tv_nsec=20000},  <unfinished ...>
318340 17:02:50.677813 <... openat resumed>) = 8
318340 17:02:50.677892 fcntl(8, F_GETFL <unfinished ...>
318342 17:02:50.677934 <... nanosleep resumed>NULL) = 0
318340 17:02:50.677952 <... fcntl resumed>) = 0x8000 (flags O_RDONLY|O_LARGEFILE)
318342 17:02:50.677978 nanosleep({tv_sec=0, tv_nsec=20000},  <unfinished ...>
318340 17:02:50.677999 fcntl(8, F_SETFL, O_RDONLY|O_NONBLOCK|O_LARGEFILE) = 0
318342 17:02:50.678100 <... nanosleep resumed>NULL) = 0
318340 17:02:50.678139 epoll_create1(EPOLL_CLOEXEC <unfinished ...>
318342 17:02:50.678158 nanosleep({tv_sec=0, tv_nsec=20000},  <unfinished ...>
318340 17:02:50.678194 <... epoll_create1 resumed>) = 9
318340 17:02:50.678233 eventfd2(0, EFD_CLOEXEC|EFD_NONBLOCK <unfinished ...>
318342 17:02:50.678297 <... nanosleep resumed>NULL) = 0
318340 17:02:50.678336 <... eventfd2 resumed>) = 10
318342 17:02:50.678374 nanosleep({tv_sec=0, tv_nsec=20000},  <unfinished ...>
318340 17:02:50.678410 epoll_ctl(9, EPOLL_CTL_ADD, 10, {events=EPOLLIN, data={u32=15773400, u64=15773400}}) = 0
318342 17:02:50.678525 <... nanosleep resumed>NULL) = 0
318340 17:02:50.678547 epoll_ctl(9, EPOLL_CTL_ADD, 8, {events=EPOLLIN|EPOLLOUT|EPOLLRDHUP|EPOLLET, data={u32=787480577, u64=9037941901288800257}} <unfinished ...>
318342 17:02:50.678581 epoll_pwait(9,  <unfinished ...>
318340 17:02:50.678601 <... epoll_ctl resumed>) = 0
318342 17:02:50.678632 <... epoll_pwait resumed>[{events=EPOLLIN|EPOLLOUT, data={u32=787480577, u64=9037941901288800257}}], 128, 0, NULL, 0) = 1
318340 17:02:50.678678 fstat(8,  <unfinished ...>
318342 17:02:50.678721 nanosleep({tv_sec=0, tv_nsec=20000},  <unfinished ...>
318340 17:02:50.678767 <... fstat resumed>{st_mode=S_IFREG|0444, st_size=0, ...}) = 0
318340 17:02:50.678844 read(8,  <unfinished ...>
318342 17:02:50.678887 <... nanosleep resumed>NULL) = 0
318340 17:02:50.678928 <... read resumed>"nodev\tsysfs\nnodev\ttmpfs\nnodev\tbd"..., 512) = 442
318342 17:02:50.678969 nanosleep({tv_sec=0, tv_nsec=20000},  <unfinished ...>
318340 17:02:50.679013 read(8, "", 70)  = 0
318342 17:02:50.679111 <... nanosleep resumed>NULL) = 0
318340 17:02:50.679130 epoll_ctl(9, EPOLL_CTL_DEL, 8, 0xc0001a142c <unfinished ...>
318342 17:02:50.679158 nanosleep({tv_sec=0, tv_nsec=20000},  <unfinished ...>
318340 17:02:50.679209 <... epoll_ctl resumed>) = 0
318340 17:02:50.679249 close(8 <unfinished ...>
318342 17:02:50.679330 <... nanosleep resumed>NULL) = 0
318340 17:02:50.679370 <... close resumed>) = 0
318342 17:02:50.679381 nanosleep({tv_sec=0, tv_nsec=20000},  <unfinished ...>
318340 17:02:50.679422 openat(AT_FDCWD, "/proc/self/mountinfo", O_RDONLY|O_CLOEXEC <unfinished ...>
318342 17:02:50.679582 <... nanosleep resumed>NULL) = 0
318342 17:02:50.679629 nanosleep({tv_sec=0, tv_nsec=20000},  <unfinished ...>
318340 17:02:50.679677 <... openat resumed>) = 8
318340 17:02:50.679738 fcntl(8, F_GETFL <unfinished ...>
318342 17:02:50.679779 <... nanosleep resumed>NULL) = 0
318340 17:02:50.679809 <... fcntl resumed>) = 0x8000 (flags O_RDONLY|O_LARGEFILE)
318342 17:02:50.679850 nanosleep({tv_sec=0, tv_nsec=20000},  <unfinished ...>
318340 17:02:50.679894 fcntl(8, F_SETFL, O_RDONLY|O_NONBLOCK|O_LARGEFILE) = 0
318342 17:02:50.679981 <... nanosleep resumed>NULL) = 0
318340 17:02:50.680025 epoll_ctl(9, EPOLL_CTL_ADD, 8, {events=EPOLLIN|EPOLLOUT|EPOLLRDHUP|EPOLLET, data={u32=787480578, u64=9037941901288800258}} <unfinished ...>
318342 17:02:50.680082 nanosleep({tv_sec=0, tv_nsec=20000},  <unfinished ...>
318340 17:02:50.680123 <... epoll_ctl resumed>) = 0
318340 17:02:50.680176 read(8,  <unfinished ...>
318342 17:02:50.680221 <... nanosleep resumed>NULL) = 0
318342 17:02:50.680279 nanosleep({tv_sec=0, tv_nsec=20000},  <unfinished ...>
318340 17:02:50.680329 <... read resumed>"555 542 8:48 / / rw,relatime - e"..., 4096) = 3762
318340 17:02:50.680385 read(8,  <unfinished ...>
318342 17:02:50.680427 <... nanosleep resumed>NULL) = 0
318340 17:02:50.680445 <... read resumed>"", 4096) = 0
318342 17:02:50.680472 nanosleep({tv_sec=0, tv_nsec=20000},  <unfinished ...>
318340 17:02:50.680511 epoll_ctl(9, EPOLL_CTL_DEL, 8, 0xc0001a14a4) = 0
318342 17:02:50.680602 <... nanosleep resumed>NULL) = 0
318340 17:02:50.680623 close(8 <unfinished ...>
318342 17:02:50.680652 nanosleep({tv_sec=0, tv_nsec=20000},  <unfinished ...>
318340 17:02:50.680690 <... close resumed>) = 0
318340 17:02:50.680733 keyctl(KEYCTL_JOIN_SESSION_KEYRING, "_ses.anolix-07e208e041f2" <unfinished ...>
318342 17:02:50.680772 <... nanosleep resumed>NULL) = 0
318342 17:02:50.680815 nanosleep({tv_sec=0, tv_nsec=20000},  <unfinished ...>
318340 17:02:50.680856 <... keyctl resumed>) = 947020979
318340 17:02:50.680903 keyctl(KEYCTL_DESCRIBE, 947020979,  <unfinished ...>
318342 17:02:50.680962 <... nanosleep resumed>NULL) = 0
318340 17:02:50.680988 <... keyctl resumed>"", 0) = 46
318342 17:02:50.681082 nanosleep({tv_sec=0, tv_nsec=20000},  <unfinished ...>
318340 17:02:50.681121 keyctl(KEYCTL_DESCRIBE, 947020979, "keyring;0;0;3f130000;_ses.anolix"..., 46) = 46
318342 17:02:50.681235 <... nanosleep resumed>NULL) = 0
318340 17:02:50.681275 keyctl(KEYCTL_SETPERM, 947020979, KEY_POS_VIEW|KEY_POS_READ|KEY_POS_WRITE|KEY_POS_SEARCH|KEY_POS_LINK|KEY_POS_SETATTR|KEY_USR_VIEW|KEY_USR_READ|KEY_USR_SEARCH|KEY_USR_LINK <unfinished ...>
318342 17:02:50.681318 nanosleep({tv_sec=0, tv_nsec=20000},  <unfinished ...>
318340 17:02:50.681348 <... keyctl resumed>) = 0
318340 17:02:50.681414 socket(AF_NETLINK, SOCK_RAW|SOCK_CLOEXEC, NETLINK_ROUTE <unfinished ...>
318342 17:02:50.681454 <... nanosleep resumed>NULL) = 0
318340 17:02:50.681474 <... socket resumed>) = 8
318342 17:02:50.681502 nanosleep({tv_sec=0, tv_nsec=20000},  <unfinished ...>
318340 17:02:50.681545 fcntl(8, F_GETFL) = 0x2 (flags O_RDWR)
318342 17:02:50.681647 <... nanosleep resumed>NULL) = 0
318340 17:02:50.681665 fcntl(8, F_SETFL, O_RDWR|O_NONBLOCK <unfinished ...>
318342 17:02:50.681682 nanosleep({tv_sec=0, tv_nsec=20000},  <unfinished ...>
318340 17:02:50.681712 <... fcntl resumed>) = 0
318340 17:02:50.681772 fcntl(8, F_GETFL <unfinished ...>
318342 17:02:50.681811 <... nanosleep resumed>NULL) = 0
318340 17:02:50.681828 <... fcntl resumed>) = 0x802 (flags O_RDWR|O_NONBLOCK)
318342 17:02:50.681883 nanosleep({tv_sec=0, tv_nsec=20000},  <unfinished ...>
318340 17:02:50.681927 epoll_ctl(9, EPOLL_CTL_ADD, 8, {events=EPOLLIN|EPOLLOUT|EPOLLRDHUP|EPOLLET, data={u32=787480579, u64=9037941901288800259}}) = 0
318342 17:02:50.682019 <... nanosleep resumed>NULL) = 0
318340 17:02:50.682060 bind(8, {sa_family=AF_NETLINK, nl_pid=0, nl_groups=00000000}, 12 <unfinished ...>
318342 17:02:50.682102 nanosleep({tv_sec=0, tv_nsec=20000},  <unfinished ...>
318340 17:02:50.682140 <... bind resumed>) = 0
318340 17:02:50.682190 setsockopt(8, SOL_SOCKET, SO_SNDTIMEO_OLD, "<\0\0\0\0\0\0\0\0\0\0\0\0\0\0\0", 16 <unfinished ...>
318342 17:02:50.682237 <... nanosleep resumed>NULL) = 0
318340 17:02:50.682255 <... setsockopt resumed>) = 0
318342 17:02:50.682280 nanosleep({tv_sec=0, tv_nsec=20000},  <unfinished ...>
318340 17:02:50.682310 setsockopt(8, SOL_SOCKET, SO_RCVTIMEO_OLD, "<\0\0\0\0\0\0\0\0\0\0\0\0\0\0\0", 16) = 0
318342 17:02:50.682409 <... nanosleep resumed>NULL) = 0
318340 17:02:50.682448 sendto(8, [{nlmsg_len=48, nlmsg_type=0x12 /* NLMSG_??? */, nlmsg_flags=NLM_F_REQUEST|NLM_F_ACK, nlmsg_seq=1, nlmsg_pid=0}, "\x00\x00\x00\x00\x00\x00\x00\x00\x00\x00\x00\x00\x00\x00\x00\x00\x08\x00\x1d\x00\x01\x00\x00\x00\x07\x00\x03\x00\x6c\x6f\x00\x00"], 48, 0, {sa_family=AF_NETLINK, nl_pid=0, nl_groups=00000000}, 12 <unfinished ...>
318342 17:02:50.682592 nanosleep({tv_sec=0, tv_nsec=20000},  <unfinished ...>
318340 17:02:50.682630 <... sendto resumed>) = 48
318340 17:02:50.682670 getsockname(8,  <unfinished ...>
318342 17:02:50.682732 <... nanosleep resumed>NULL) = 0
318340 17:02:50.682778 <... getsockname resumed>{sa_family=AF_NETLINK, nl_pid=1, nl_groups=00000000}, [112 => 12]) = 0
318342 17:02:50.682810 nanosleep({tv_sec=0, tv_nsec=20000},  <unfinished ...>
318340 17:02:50.682847 recvfrom(8, [{nlmsg_len=1468, nlmsg_type=0x10 /* NLMSG_??? */, nlmsg_flags=0, nlmsg_seq=1, nlmsg_pid=1}, "\x00\x00\x04\x03\x01\x00\x00\x00\x08\x00\x00\x00\x00\x00\x00\x00\x07\x00\x03\x00\x6c\x6f\x00\x00\x08\x00\x0d\x00\xe8\x03\x00\x00"...], 65536, 0, {sa_family=AF_NETLINK, nl_pid=0, nl_groups=00000000}, [112 => 12]) = 1468
318342 17:02:50.682987 <... nanosleep resumed>NULL) = 0
318340 17:02:50.683017 epoll_ctl(9, EPOLL_CTL_DEL, 8, 0xc0001a11bc <unfinished ...>
318342 17:02:50.683053 nanosleep({tv_sec=0, tv_nsec=20000},  <unfinished ...>
318340 17:02:50.683081 <... epoll_ctl resumed>) = 0
318340 17:02:50.683140 close(8 <unfinished ...>
318342 17:02:50.683184 <... nanosleep resumed>NULL) = 0
318340 17:02:50.683211 <... close resumed>) = 0
318342 17:02:50.683238 nanosleep({tv_sec=0, tv_nsec=20000},  <unfinished ...>
318340 17:02:50.683268 socket(AF_NETLINK, SOCK_RAW|SOCK_CLOEXEC, NETLINK_ROUTE) = 8
318342 17:02:50.683371 <... nanosleep resumed>NULL) = 0
318340 17:02:50.683389 fcntl(8, F_GETFL <unfinished ...>
318342 17:02:50.683415 nanosleep({tv_sec=0, tv_nsec=20000},  <unfinished ...>
318340 17:02:50.683434 <... fcntl resumed>) = 0x2 (flags O_RDWR)
318340 17:02:50.683508 fcntl(8, F_SETFL, O_RDWR|O_NONBLOCK) = 0
318340 17:02:50.683646 fcntl(8, F_GETFL) = 0x802 (flags O_RDWR|O_NONBLOCK)
318342 17:02:50.683724 <... nanosleep resumed>NULL) = 0
318340 17:02:50.683761 epoll_ctl(9, EPOLL_CTL_ADD, 8, {events=EPOLLIN|EPOLLOUT|EPOLLRDHUP|EPOLLET, data={u32=787480580, u64=9037941901288800260}} <unfinished ...>
318342 17:02:50.683797 nanosleep({tv_sec=0, tv_nsec=20000},  <unfinished ...>
318340 17:02:50.683845 <... epoll_ctl resumed>) = 0
318340 17:02:50.683914 bind(8, {sa_family=AF_NETLINK, nl_pid=0, nl_groups=00000000}, 12 <unfinished ...>
318342 17:02:50.683962 <... nanosleep resumed>NULL) = 0
318340 17:02:50.683980 <... bind resumed>) = 0
318342 17:02:50.684006 nanosleep({tv_sec=0, tv_nsec=20000},  <unfinished ...>
318340 17:02:50.684043 setsockopt(8, SOL_SOCKET, SO_SNDTIMEO_OLD, "<\0\0\0\0\0\0\0\0\0\0\0\0\0\0\0", 16) = 0
318342 17:02:50.684142 <... nanosleep resumed>NULL) = 0
318340 17:02:50.684161 setsockopt(8, SOL_SOCKET, SO_RCVTIMEO_OLD, "<\0\0\0\0\0\0\0\0\0\0\0\0\0\0\0", 16 <unfinished ...>
318342 17:02:50.684192 nanosleep({tv_sec=0, tv_nsec=20000},  <unfinished ...>
318340 17:02:50.684229 <... setsockopt resumed>) = 0
318340 17:02:50.684274 sendto(8, [{nlmsg_len=32, nlmsg_type=0x10 /* NLMSG_??? */, nlmsg_flags=NLM_F_REQUEST|NLM_F_ACK, nlmsg_seq=2, nlmsg_pid=0}, "\x00\x00\x00\x00\x01\x00\x00\x00\x01\x00\x00\x00\x01\x00\x00\x00"], 32, 0, {sa_family=AF_NETLINK, nl_pid=0, nl_groups=00000000}, 12 <unfinished ...>
318342 17:02:50.684353 <... nanosleep resumed>NULL) = 0
318342 17:02:50.684395 nanosleep({tv_sec=0, tv_nsec=20000},  <unfinished ...>
318340 17:02:50.684437 <... sendto resumed>) = 32
318340 17:02:50.684515 getsockname(8,  <unfinished ...>
318342 17:02:50.684569 <... nanosleep resumed>NULL) = 0
318340 17:02:50.684588 <... getsockname resumed>{sa_family=AF_NETLINK, nl_pid=1, nl_groups=00000000}, [112 => 12]) = 0
318342 17:02:50.684623 nanosleep({tv_sec=0, tv_nsec=20000},  <unfinished ...>
318340 17:02:50.684677 recvfrom(8,  <unfinished ...>
318342 17:02:50.684761 <... nanosleep resumed>NULL) = 0
318340 17:02:50.684803 <... recvfrom resumed>[{nlmsg_len=36, nlmsg_type=NLMSG_ERROR, nlmsg_flags=NLM_F_CAPPED, nlmsg_seq=2, nlmsg_pid=1}, {error=0, msg={nlmsg_len=32, nlmsg_type=0x10 /* NLMSG_??? */, nlmsg_flags=NLM_F_REQUEST|NLM_F_ACK, nlmsg_seq=2, nlmsg_pid=0}}], 65536, 0, {sa_family=AF_NETLINK, nl_pid=0, nl_groups=00000000}, [112 => 12]) = 36
318342 17:02:50.684924 nanosleep({tv_sec=0, tv_nsec=20000},  <unfinished ...>
318340 17:02:50.684962 epoll_ctl(9, EPOLL_CTL_DEL, 8, 0xc0001a1374) = 0
318342 17:02:50.685063 <... nanosleep resumed>NULL) = 0
318340 17:02:50.685102 close(8 <unfinished ...>
318342 17:02:50.685128 nanosleep({tv_sec=0, tv_nsec=20000},  <unfinished ...>
318340 17:02:50.685157 <... close resumed>) = 0
318340 17:02:50.685213 mount("", "/", 0xc0000ce4bc, MS_REC|MS_SLAVE, NULL <unfinished ...>
318342 17:02:50.685256 <... nanosleep resumed>NULL) = 0
318340 17:02:50.685274 <... mount resumed>) = 0
318342 17:02:50.685304 nanosleep({tv_sec=0, tv_nsec=20000},  <unfinished ...>
318340 17:02:50.685324 mount("", "/home/sh1rogane/Anolix/rootfs", 0xc0000ce4be, MS_PRIVATE, NULL) = -1 EINVAL (Invalid argument)
318342 17:02:50.685417 <... nanosleep resumed>NULL) = 0
318340 17:02:50.685453 mount("", "/home/sh1rogane/Anolix", 0xc0000ce4c0, MS_PRIVATE, NULL <unfinished ...>
318342 17:02:50.685484 nanosleep({tv_sec=0, tv_nsec=20000},  <unfinished ...>
318340 17:02:50.685521 <... mount resumed>) = -1 EINVAL (Invalid argument)
318340 17:02:50.685588 mount("", "/home/sh1rogane", 0xc0000ce4c2, MS_PRIVATE, NULL <unfinished ...>
318342 17:02:50.685627 <... nanosleep resumed>NULL) = 0
318340 17:02:50.685644 <... mount resumed>) = -1 EINVAL (Invalid argument)
318342 17:02:50.685671 nanosleep({tv_sec=0, tv_nsec=20000},  <unfinished ...>
318340 17:02:50.685690 mount("", "/home", 0xc0000ce4ca, MS_PRIVATE, NULL) = -1 EINVAL (Invalid argument)
318342 17:02:50.685791 <... nanosleep resumed>NULL) = 0
318340 17:02:50.685819 mount("", "/", 0xc0000ce4ce, MS_PRIVATE, NULL <unfinished ...>
318342 17:02:50.685860 nanosleep({tv_sec=0, tv_nsec=20000},  <unfinished ...>
318340 17:02:50.685901 <... mount resumed>) = 0
318340 17:02:50.685945 mount("/home/sh1rogane/Anolix/rootfs", "/home/sh1rogane/Anolix/rootfs", 0xc0000ce4e0, MS_BIND|MS_REC, NULL <unfinished ...>
318342 17:02:50.685991 <... nanosleep resumed>NULL) = 0
318340 17:02:50.686010 <... mount resumed>) = 0
318342 17:02:50.686037 nanosleep({tv_sec=0, tv_nsec=20000},  <unfinished ...>
318340 17:02:50.686056 newfstatat(AT_FDCWD, "/home/sh1rogane/Anolix/rootfs/proc", {st_mode=S_IFDIR|0755, st_size=4096, ...}, AT_SYMLINK_NOFOLLOW) = 0
318342 17:02:50.686161 <... nanosleep resumed>NULL) = 0
318340 17:02:50.686196 openat(AT_FDCWD, "/home/sh1rogane/Anolix/rootfs", O_RDONLY|O_CLOEXEC|O_DIRECTORY <unfinished ...>
318342 17:02:50.686216 nanosleep({tv_sec=0, tv_nsec=20000},  <unfinished ...>
318340 17:02:50.686243 <... openat resumed>) = 8
318340 17:02:50.686285 fcntl(8, F_GETFL <unfinished ...>
318342 17:02:50.686324 <... nanosleep resumed>NULL) = 0
318340 17:02:50.686342 <... fcntl resumed>) = 0x18000 (flags O_RDONLY|O_LARGEFILE|O_DIRECTORY)
318342 17:02:50.686368 futex(0xc00006d148, FUTEX_WAKE_PRIVATE, 1 <unfinished ...>
318340 17:02:50.686386 futex(0xeeaf80, FUTEX_WAIT_PRIVATE, 0, NULL <unfinished ...>
318343 17:02:50.686414 <... futex resumed>) = 0
318342 17:02:50.686430 <... futex resumed>) = 1
318343 17:02:50.686457 futex(0xeeaf80, FUTEX_WAKE_PRIVATE, 1 <unfinished ...>
318342 17:02:50.686474 nanosleep({tv_sec=0, tv_nsec=20000},  <unfinished ...>
318343 17:02:50.686507 <... futex resumed>) = 1
318340 17:02:50.686544 <... futex resumed>) = 0
318343 17:02:50.686570 futex(0xc00006d148, FUTEX_WAIT_PRIVATE, 0, NULL <unfinished ...>
318342 17:02:50.686589 <... nanosleep resumed>NULL) = 0
318340 17:02:50.686614 fcntl(8, F_SETFL, O_RDONLY|O_NONBLOCK|O_LARGEFILE|O_DIRECTORY <unfinished ...>
318342 17:02:50.686631 nanosleep({tv_sec=0, tv_nsec=20000},  <unfinished ...>
318340 17:02:50.686659 <... fcntl resumed>) = 0
318340 17:02:50.686697 epoll_ctl(9, EPOLL_CTL_ADD, 8, {events=EPOLLIN|EPOLLOUT|EPOLLRDHUP|EPOLLET, data={u32=787480581, u64=9037941901288800261}} <unfinished ...>
318342 17:02:50.686756 <... nanosleep resumed>NULL) = 0
318340 17:02:50.686782 <... epoll_ctl resumed>) = -1 EPERM (Operation not permitted)
318342 17:02:50.686799 nanosleep({tv_sec=0, tv_nsec=20000},  <unfinished ...>
318340 17:02:50.686818 fcntl(8, F_GETFL) = 0x18800 (flags O_RDONLY|O_NONBLOCK|O_LARGEFILE|O_DIRECTORY)
318342 17:02:50.686909 <... nanosleep resumed>NULL) = 0
318340 17:02:50.686927 fcntl(8, F_SETFL, O_RDONLY|O_LARGEFILE|O_DIRECTORY <unfinished ...>
318342 17:02:50.686953 nanosleep({tv_sec=0, tv_nsec=20000},  <unfinished ...>
318340 17:02:50.686971 <... fcntl resumed>) = 0
318340 17:02:50.687026 openat2(8, "proc", {flags=O_RDONLY|O_CLOEXEC|O_PATH, resolve=RESOLVE_NO_MAGICLINKS|RESOLVE_IN_ROOT}, 24) = 11
318342 17:02:50.687130 <... nanosleep resumed>NULL) = 0
318340 17:02:50.687148 fcntl(11, F_GETFL <unfinished ...>
318342 17:02:50.687178 nanosleep({tv_sec=0, tv_nsec=20000},  <unfinished ...>
318340 17:02:50.687197 <... fcntl resumed>) = 0x200000 (flags O_RDONLY|O_PATH)
318340 17:02:50.687256 open_tree(-9, "/", OPEN_TREE_CLOEXEC <unfinished ...>
318342 17:02:50.687300 <... nanosleep resumed>NULL) = 0
318340 17:02:50.687338 <... open_tree resumed>) = 12
318342 17:02:50.687355 nanosleep({tv_sec=0, tv_nsec=20000},  <unfinished ...>
318340 17:02:50.687435 close(12 <unfinished ...>
318342 17:02:50.687560 <... nanosleep resumed>NULL) = 0
318340 17:02:50.687606 <... close resumed>) = 0
318342 17:02:50.687629 nanosleep({tv_sec=0, tv_nsec=20000},  <unfinished ...>
318340 17:02:50.687662 uname({sysname="Linux", nodename="LAPTOP-BF0J00M9", ...}) = 0
318342 17:02:50.687755 <... nanosleep resumed>NULL) = 0
318340 17:02:50.687776 fsopen("proc", FSOPEN_CLOEXEC <unfinished ...>
318342 17:02:50.687805 nanosleep({tv_sec=0, tv_nsec=20000},  <unfinished ...>
318340 17:02:50.687824 <... fsopen resumed>) = 12
318340 17:02:50.687876 fcntl(12, F_GETFL <unfinished ...>
318342 17:02:50.687942 <... nanosleep resumed>NULL) = 0
318340 17:02:50.687980 <... fcntl resumed>) = 0x2 (flags O_RDWR)
318342 17:02:50.688020 nanosleep({tv_sec=0, tv_nsec=20000},  <unfinished ...>
318340 17:02:50.688058 fsopen("proc", FSOPEN_CLOEXEC) = 13
318342 17:02:50.688140 <... nanosleep resumed>NULL) = 0
318340 17:02:50.688168 fcntl(13, F_GETFL <unfinished ...>
318342 17:02:50.688204 nanosleep({tv_sec=0, tv_nsec=20000},  <unfinished ...>
318340 17:02:50.688242 <... fcntl resumed>) = 0x2 (flags O_RDWR)
318340 17:02:50.688282 fsconfig(13, FSCONFIG_SET_STRING, "subset", "pid", 0 <unfinished ...>
318342 17:02:50.688332 <... nanosleep resumed>NULL) = 0
318340 17:02:50.688368 <... fsconfig resumed>) = 0
318342 17:02:50.688385 nanosleep({tv_sec=0, tv_nsec=20000},  <unfinished ...>
318340 17:02:50.688402 close(13)        = 0
318340 17:02:50.688492 fsconfig(12, FSCONFIG_SET_STRING, "hidepid", "ptraceable", 0 <unfinished ...>
318342 17:02:50.688530 <... nanosleep resumed>NULL) = 0
318340 17:02:50.688547 <... fsconfig resumed>) = 0
318342 17:02:50.688574 nanosleep({tv_sec=0, tv_nsec=20000},  <unfinished ...>
318340 17:02:50.688602 fsconfig(12, FSCONFIG_SET_STRING, "subset", "pid", 0) = 0
318342 17:02:50.688722 <... nanosleep resumed>NULL) = 0
318340 17:02:50.688762 fsconfig(12, FSCONFIG_CMD_CREATE, NULL, NULL, 0 <unfinished ...>
318342 17:02:50.688782 epoll_pwait(9,  <unfinished ...>
318340 17:02:50.688813 <... fsconfig resumed>) = 0
318342 17:02:50.688863 <... epoll_pwait resumed>[], 128, 0, NULL, 0) = 0
318340 17:02:50.688896 fsmount(12, FSMOUNT_CLOEXEC, MOUNT_ATTR_NOSUID|MOUNT_ATTR_NODEV|MOUNT_ATTR_NOEXEC <unfinished ...>
318342 17:02:50.688934 nanosleep({tv_sec=0, tv_nsec=20000},  <unfinished ...>
318340 17:02:50.688955 <... fsmount resumed>) = 13
318340 17:02:50.689006 fcntl(13, F_GETFL <unfinished ...>
318342 17:02:50.689069 <... nanosleep resumed>NULL) = 0
318340 17:02:50.689115 <... fcntl resumed>) = 0x200000 (flags O_RDONLY|O_PATH)
318342 17:02:50.689144 nanosleep({tv_sec=0, tv_nsec=20000},  <unfinished ...>
318340 17:02:50.689184 fstatfs(13, {f_type=PROC_SUPER_MAGIC, f_bsize=4096, f_blocks=0, f_bfree=0, f_bavail=0, f_files=0, f_ffree=0, f_fsid={val=[0x5c, 0]}, f_namelen=255, f_frsize=4096, f_flags=ST_VALID|ST_NOSUID|ST_NODEV|ST_NOEXEC|ST_RELATIME}) = 0
318342 17:02:50.689277 <... nanosleep resumed>NULL) = 0
318340 17:02:50.689300 fstat(13,  <unfinished ...>
318342 17:02:50.689326 nanosleep({tv_sec=0, tv_nsec=20000},  <unfinished ...>
318340 17:02:50.689357 <... fstat resumed>{st_mode=S_IFDIR|0555, st_size=0, ...}) = 0
318340 17:02:50.689435 faccessat2(13, "uptime", F_OK, AT_SYMLINK_NOFOLLOW <unfinished ...>
318342 17:02:50.689485 <... nanosleep resumed>NULL) = 0
318340 17:02:50.689521 <... faccessat2 resumed>) = -1 ENOENT (No such file or directory)
318342 17:02:50.689548 nanosleep({tv_sec=0, tv_nsec=20000},  <unfinished ...>
318340 17:02:50.689586 close(12)        = 0
318342 17:02:50.689688 <... nanosleep resumed>NULL) = 0
318340 17:02:50.689726 faccessat(AT_FDCWD, "/proc/thread-self/", F_OK <unfinished ...>
318342 17:02:50.689756 nanosleep({tv_sec=0, tv_nsec=20000},  <unfinished ...>
318340 17:02:50.689784 <... faccessat resumed>) = 0
318340 17:02:50.689825 fstatfs(13,  <unfinished ...>
318342 17:02:50.689880 <... nanosleep resumed>NULL) = 0
318340 17:02:50.689923 <... fstatfs resumed>{f_type=PROC_SUPER_MAGIC, f_bsize=4096, f_blocks=0, f_bfree=0, f_bavail=0, f_files=0, f_ffree=0, f_fsid={val=[0x5c, 0]}, f_namelen=255, f_frsize=4096, f_flags=ST_VALID|ST_NOSUID|ST_NODEV|ST_NOEXEC|ST_RELATIME}) = 0
318342 17:02:50.689966 nanosleep({tv_sec=0, tv_nsec=20000},  <unfinished ...>
318340 17:02:50.689986 fstat(13, {st_mode=S_IFDIR|0555, st_size=0, ...}) = 0
318342 17:02:50.690091 <... nanosleep resumed>NULL) = 0
318340 17:02:50.690112 openat2(AT_FDCWD, ".", {flags=O_RDONLY|O_CLOEXEC|O_PATH, resolve=RESOLVE_NO_SYMLINKS|RESOLVE_IN_ROOT}, 24 <unfinished ...>
318342 17:02:50.690162 nanosleep({tv_sec=0, tv_nsec=20000},  <unfinished ...>
318340 17:02:50.690200 <... openat2 resumed>) = 12
318340 17:02:50.690241 close(12 <unfinished ...>
318342 17:02:50.690302 <... nanosleep resumed>NULL) = 0
318340 17:02:50.690337 <... close resumed>) = 0
318342 17:02:50.690367 nanosleep({tv_sec=0, tv_nsec=20000},  <unfinished ...>
318340 17:02:50.690405 openat2(13, "thread-self/fd/11", {flags=O_RDONLY|O_NOFOLLOW|O_CLOEXEC|O_PATH, resolve=RESOLVE_NO_XDEV|RESOLVE_NO_MAGICLINKS|RESOLVE_BENEATH}, 24) = 12
318342 17:02:50.690517 <... nanosleep resumed>NULL) = 0
318340 17:02:50.690537 fcntl(12, F_GETFL <unfinished ...>
318342 17:02:50.690563 nanosleep({tv_sec=0, tv_nsec=20000},  <unfinished ...>
318340 17:02:50.690594 <... fcntl resumed>) = 0x220000 (flags O_RDONLY|O_NOFOLLOW|O_PATH)
318340 17:02:50.690656 statx(-9, "/", AT_STATX_SYNC_AS_STAT, STATX_MNT_ID|STATX_MNT_ID_UNIQUE,  <unfinished ...>
318342 17:02:50.690697 <... nanosleep resumed>NULL) = 0
318340 17:02:50.690714 <... statx resumed>{stx_mask=STATX_TYPE|STATX_MODE|STATX_NLINK|STATX_UID|STATX_GID|STATX_ATIME|STATX_INO|STATX_SIZE|STATX_BLOCKS|STATX_MNT_ID_UNIQUE, stx_attributes=STATX_ATTR_MOUNT_ROOT, stx_mode=S_IFDIR|0755, stx_size=4096, ...}) = 0
318342 17:02:50.690744 nanosleep({tv_sec=0, tv_nsec=20000},  <unfinished ...>
318340 17:02:50.690781 statx(13, "", AT_STATX_SYNC_AS_STAT|AT_SYMLINK_NOFOLLOW|AT_EMPTY_PATH, STATX_MNT_ID|STATX_MNT_ID_UNIQUE, {stx_mask=STATX_BASIC_STATS|STATX_MNT_ID_UNIQUE, stx_attributes=STATX_ATTR_MOUNT_ROOT, stx_mode=S_IFDIR|0555, stx_size=0, ...}) = 0
318342 17:02:50.690875 <... nanosleep resumed>NULL) = 0
318340 17:02:50.690892 statx(12, "", AT_STATX_SYNC_AS_STAT|AT_SYMLINK_NOFOLLOW|AT_EMPTY_PATH, STATX_MNT_ID|STATX_MNT_ID_UNIQUE,  <unfinished ...>
318342 17:02:50.690920 nanosleep({tv_sec=0, tv_nsec=20000},  <unfinished ...>
318340 17:02:50.690938 <... statx resumed>{stx_mask=STATX_BASIC_STATS|STATX_MNT_ID_UNIQUE, stx_attributes=0, stx_mode=S_IFLNK|000, stx_size=64, ...}) = 0
318340 17:02:50.690999 readlinkat(12, "",  <unfinished ...>
318342 17:02:50.691036 <... nanosleep resumed>NULL) = 0
318340 17:02:50.691062 <... readlinkat resumed>"/home/sh1rogane/Anolix/rootfs/pr"..., 4096) = 34
318342 17:02:50.691090 nanosleep({tv_sec=0, tv_nsec=20000},  <unfinished ...>
318340 17:02:50.691126 close(12)        = 0
318342 17:02:50.691233 <... nanosleep resumed>NULL) = 0
318340 17:02:50.691276 fcntl(11, F_DUPFD_CLOEXEC, 0 <unfinished ...>
318342 17:02:50.691296 nanosleep({tv_sec=0, tv_nsec=20000},  <unfinished ...>
318340 17:02:50.691328 <... fcntl resumed>) = 12
318340 17:02:50.691371 fcntl(12, F_GETFL <unfinished ...>
318342 17:02:50.691431 <... nanosleep resumed>NULL) = 0
318340 17:02:50.691466 <... fcntl resumed>) = 0x200000 (flags O_RDONLY|O_PATH)
318342 17:02:50.691482 nanosleep({tv_sec=0, tv_nsec=20000},  <unfinished ...>
318340 17:02:50.691506 close(11)        = 0
318342 17:02:50.691614 <... nanosleep resumed>NULL) = 0
318340 17:02:50.691653 fstat(12,  <unfinished ...>
318342 17:02:50.691670 nanosleep({tv_sec=0, tv_nsec=20000},  <unfinished ...>
318340 17:02:50.691700 <... fstat resumed>{st_mode=S_IFDIR|0755, st_size=4096, ...}) = 0
318340 17:02:50.691765 fstatfs(13,  <unfinished ...>
318342 17:02:50.691812 <... nanosleep resumed>NULL) = 0
318340 17:02:50.691830 <... fstatfs resumed>{f_type=PROC_SUPER_MAGIC, f_bsize=4096, f_blocks=0, f_bfree=0, f_bavail=0, f_files=0, f_ffree=0, f_fsid={val=[0x5c, 0]}, f_namelen=255, f_frsize=4096, f_flags=ST_VALID|ST_NOSUID|ST_NODEV|ST_NOEXEC|ST_RELATIME}) = 0
318342 17:02:50.691861 nanosleep({tv_sec=0, tv_nsec=20000},  <unfinished ...>
318340 17:02:50.691898 fstat(13, {st_mode=S_IFDIR|0555, st_size=0, ...}) = 0
318342 17:02:50.691996 <... nanosleep resumed>NULL) = 0
318340 17:02:50.692039 openat2(AT_FDCWD, ".", {flags=O_RDONLY|O_CLOEXEC|O_PATH, resolve=RESOLVE_NO_SYMLINKS|RESOLVE_IN_ROOT}, 24 <unfinished ...>
318342 17:02:50.692078 nanosleep({tv_sec=0, tv_nsec=20000},  <unfinished ...>
318340 17:02:50.692096 <... openat2 resumed>) = 11
318340 17:02:50.692143 close(11 <unfinished ...>
318342 17:02:50.692203 <... nanosleep resumed>NULL) = 0
318340 17:02:50.692244 <... close resumed>) = 0
318342 17:02:50.692262 nanosleep({tv_sec=0, tv_nsec=20000},  <unfinished ...>
318340 17:02:50.692291 openat2(13, "thread-self/fd/", {flags=O_RDONLY|O_NOFOLLOW|O_CLOEXEC|O_PATH, resolve=RESOLVE_NO_XDEV|RESOLVE_NO_MAGICLINKS|RESOLVE_BENEATH}, 24) = 11
318342 17:02:50.692407 <... nanosleep resumed>NULL) = 0
318340 17:02:50.692443 fcntl(11, F_GETFL <unfinished ...>
318342 17:02:50.692478 nanosleep({tv_sec=0, tv_nsec=20000},  <unfinished ...>
318340 17:02:50.692499 <... fcntl resumed>) = 0x220000 (flags O_RDONLY|O_NOFOLLOW|O_PATH)
318340 17:02:50.692549 statx(13, "", AT_STATX_SYNC_AS_STAT|AT_SYMLINK_NOFOLLOW|AT_EMPTY_PATH, STATX_MNT_ID|STATX_MNT_ID_UNIQUE,  <unfinished ...>
318342 17:02:50.692589 <... nanosleep resumed>NULL) = 0
318340 17:02:50.692606 <... statx resumed>{stx_mask=STATX_BASIC_STATS|STATX_MNT_ID_UNIQUE, stx_attributes=STATX_ATTR_MOUNT_ROOT, stx_mode=S_IFDIR|0555, stx_size=0, ...}) = 0
318342 17:02:50.692640 nanosleep({tv_sec=0, tv_nsec=20000},  <unfinished ...>
318340 17:02:50.692658 statx(11, "12", AT_STATX_SYNC_AS_STAT|AT_SYMLINK_NOFOLLOW|AT_EMPTY_PATH, STATX_MNT_ID|STATX_MNT_ID_UNIQUE, {stx_mask=STATX_BASIC_STATS|STATX_MNT_ID_UNIQUE, stx_attributes=0, stx_mode=S_IFLNK|000, stx_size=64, ...}) = 0
318342 17:02:50.692751 <... nanosleep resumed>NULL) = 0
318340 17:02:50.692770 openat(11, "12", O_RDONLY|O_CLOEXEC|O_DIRECTORY <unfinished ...>
318342 17:02:50.692798 nanosleep({tv_sec=0, tv_nsec=20000},  <unfinished ...>
318340 17:02:50.692836 <... openat resumed>) = 14
318340 17:02:50.692879 fcntl(14, F_GETFL <unfinished ...>
318342 17:02:50.692925 <... nanosleep resumed>NULL) = 0
318340 17:02:50.692942 <... fcntl resumed>) = 0x18000 (flags O_RDONLY|O_LARGEFILE|O_DIRECTORY)
318342 17:02:50.692968 nanosleep({tv_sec=0, tv_nsec=20000},  <unfinished ...>
318340 17:02:50.693005 close(11)        = 0
318342 17:02:50.693089 <... nanosleep resumed>NULL) = 0
318340 17:02:50.693107 close(12 <unfinished ...>
318342 17:02:50.693132 nanosleep({tv_sec=0, tv_nsec=20000},  <unfinished ...>
318340 17:02:50.693169 <... close resumed>) = 0
318340 17:02:50.693223 close(8 <unfinished ...>
318342 17:02:50.693265 <... nanosleep resumed>NULL) = 0
318340 17:02:50.693283 <... close resumed>) = 0
318342 17:02:50.693308 nanosleep({tv_sec=0, tv_nsec=20000},  <unfinished ...>
318340 17:02:50.693336 newfstatat(AT_FDCWD, "/proc/thread-self/", {st_mode=S_IFDIR|0555, st_size=0, ...}, 0) = 0
318342 17:02:50.693431 <... nanosleep resumed>NULL) = 0
318340 17:02:50.693469 mount("proc", "/proc/thread-self/fd/14", "proc", MS_NOSUID|MS_NODEV|MS_NOEXEC, NULL <unfinished ...>
318342 17:02:50.693507 nanosleep({tv_sec=0, tv_nsec=20000},  <unfinished ...>
318340 17:02:50.693555 <... mount resumed>) = 0
318340 17:02:50.693623 fstatfs(13,  <unfinished ...>
318342 17:02:50.693663 <... nanosleep resumed>NULL) = 0
318340 17:02:50.693683 <... fstatfs resumed>{f_type=PROC_SUPER_MAGIC, f_bsize=4096, f_blocks=0, f_bfree=0, f_bavail=0, f_files=0, f_ffree=0, f_fsid={val=[0x5c, 0]}, f_namelen=255, f_frsize=4096, f_flags=ST_VALID|ST_NOSUID|ST_NODEV|ST_NOEXEC|ST_RELATIME}) = 0
318342 17:02:50.693719 nanosleep({tv_sec=0, tv_nsec=20000},  <unfinished ...>
318340 17:02:50.693738 fstat(13, {st_mode=S_IFDIR|0555, st_size=0, ...}) = 0
318342 17:02:50.693854 <... nanosleep resumed>NULL) = 0
318340 17:02:50.693898 openat2(AT_FDCWD, ".", {flags=O_RDONLY|O_CLOEXEC|O_PATH, resolve=RESOLVE_NO_SYMLINKS|RESOLVE_IN_ROOT}, 24 <unfinished ...>
318342 17:02:50.693943 nanosleep({tv_sec=0, tv_nsec=20000},  <unfinished ...>
318340 17:02:50.693985 <... openat2 resumed>) = 8
318340 17:02:50.694031 close(8 <unfinished ...>
318342 17:02:50.694096 <... nanosleep resumed>NULL) = 0
318340 17:02:50.694137 <... close resumed>) = 0
318342 17:02:50.694158 nanosleep({tv_sec=0, tv_nsec=20000},  <unfinished ...>
318340 17:02:50.694190 openat2(13, "thread-self/fd/14", {flags=O_RDONLY|O_NOFOLLOW|O_CLOEXEC|O_PATH, resolve=RESOLVE_NO_XDEV|RESOLVE_NO_MAGICLINKS|RESOLVE_BENEATH}, 24 <unfinished ...>
318342 17:02:50.694279 <... nanosleep resumed>NULL) = 0
318340 17:02:50.694319 <... openat2 resumed>) = 8
318342 17:02:50.694355 nanosleep({tv_sec=0, tv_nsec=20000},  <unfinished ...>
318340 17:02:50.694395 fcntl(8, F_GETFL) = 0x220000 (flags O_RDONLY|O_NOFOLLOW|O_PATH)
318342 17:02:50.694506 <... nanosleep resumed>NULL) = 0
318340 17:02:50.694557 statx(13, "", AT_STATX_SYNC_AS_STAT|AT_SYMLINK_NOFOLLOW|AT_EMPTY_PATH, STATX_MNT_ID|STATX_MNT_ID_UNIQUE,  <unfinished ...>
318342 17:02:50.694594 nanosleep({tv_sec=0, tv_nsec=20000},  <unfinished ...>
318340 17:02:50.694636 <... statx resumed>{stx_mask=STATX_BASIC_STATS|STATX_MNT_ID_UNIQUE, stx_attributes=STATX_ATTR_MOUNT_ROOT, stx_mode=S_IFDIR|0555, stx_size=0, ...}) = 0
318340 17:02:50.694712 statx(8, "", AT_STATX_SYNC_AS_STAT|AT_SYMLINK_NOFOLLOW|AT_EMPTY_PATH, STATX_MNT_ID|STATX_MNT_ID_UNIQUE,  <unfinished ...>
318342 17:02:50.694766 <... nanosleep resumed>NULL) = 0
318340 17:02:50.694791 <... statx resumed>{stx_mask=STATX_BASIC_STATS|STATX_MNT_ID_UNIQUE, stx_attributes=0, stx_mode=S_IFLNK|0500, stx_size=64, ...}) = 0
318342 17:02:50.694821 nanosleep({tv_sec=0, tv_nsec=20000},  <unfinished ...>
318340 17:02:50.694840 readlinkat(8, "", "/home/sh1rogane/Anolix/rootfs/pr"..., 4096) = 34
318340 17:02:50.694964 close(8 <unfinished ...>
318342 17:02:50.695011 <... nanosleep resumed>NULL) = 0
318340 17:02:50.695040 <... close resumed>) = 0
318342 17:02:50.695058 nanosleep({tv_sec=0, tv_nsec=20000},  <unfinished ...>
318340 17:02:50.695087 openat(AT_FDCWD, "/home/sh1rogane/Anolix/rootfs", O_RDONLY|O_CLOEXEC|O_PATH|O_DIRECTORY) = 8
318342 17:02:50.695193 <... nanosleep resumed>NULL) = 0
318340 17:02:50.695230 fcntl(8, F_GETFL <unfinished ...>
318342 17:02:50.695248 nanosleep({tv_sec=0, tv_nsec=20000},  <unfinished ...>
318340 17:02:50.695276 <... fcntl resumed>) = 0x210000 (flags O_RDONLY|O_PATH|O_DIRECTORY)
318340 17:02:50.695317 fcntl(8, F_SETFL, O_RDONLY|O_NONBLOCK|O_PATH|O_DIRECTORY <unfinished ...>
318342 17:02:50.695363 <... nanosleep resumed>NULL) = 0
318340 17:02:50.695382 <... fcntl resumed>) = -1 EBADF (Bad file descriptor)
318342 17:02:50.695409 nanosleep({tv_sec=0, tv_nsec=20000},  <unfinished ...>
318340 17:02:50.695446 openat2(8, "/proc", {flags=O_RDONLY|O_CLOEXEC|O_PATH, resolve=RESOLVE_NO_MAGICLINKS|RESOLVE_IN_ROOT}, 24 <unfinished ...>
318342 17:02:50.695527 <... nanosleep resumed>NULL) = 0
318340 17:02:50.695568 <... openat2 resumed>) = 11
318342 17:02:50.695586 nanosleep({tv_sec=0, tv_nsec=20000},  <unfinished ...>
318340 17:02:50.695615 fcntl(11, F_GETFL) = 0x200000 (flags O_RDONLY|O_PATH)
318342 17:02:50.695714 <... nanosleep resumed>NULL) = 0
318340 17:02:50.695754 fstatfs(13,  <unfinished ...>
318342 17:02:50.695772 nanosleep({tv_sec=0, tv_nsec=20000},  <unfinished ...>
318340 17:02:50.695800 <... fstatfs resumed>{f_type=PROC_SUPER_MAGIC, f_bsize=4096, f_blocks=0, f_bfree=0, f_bavail=0, f_files=0, f_ffree=0, f_fsid={val=[0x5c, 0]}, f_namelen=255, f_frsize=4096, f_flags=ST_VALID|ST_NOSUID|ST_NODEV|ST_NOEXEC|ST_RELATIME}) = 0
318340 17:02:50.695866 fstat(13,  <unfinished ...>
318342 17:02:50.695918 <... nanosleep resumed>NULL) = 0
318340 17:02:50.695955 <... fstat resumed>{st_mode=S_IFDIR|0555, st_size=0, ...}) = 0
318342 17:02:50.695995 nanosleep({tv_sec=0, tv_nsec=20000},  <unfinished ...>
318340 17:02:50.696034 openat2(AT_FDCWD, ".", {flags=O_RDONLY|O_CLOEXEC|O_PATH, resolve=RESOLVE_NO_SYMLINKS|RESOLVE_IN_ROOT}, 24) = 12
318342 17:02:50.696285 <... nanosleep resumed>NULL) = 0
318340 17:02:50.696322 close(12 <unfinished ...>
318342 17:02:50.696358 nanosleep({tv_sec=0, tv_nsec=20000},  <unfinished ...>
318340 17:02:50.696399 <... close resumed>) = 0
318340 17:02:50.696448 openat2(13, "thread-self/fd/11", {flags=O_RDONLY|O_NOFOLLOW|O_CLOEXEC|O_PATH, resolve=RESOLVE_NO_XDEV|RESOLVE_NO_MAGICLINKS|RESOLVE_BENEATH}, 24 <unfinished ...>
318342 17:02:50.696511 <... nanosleep resumed>NULL) = 0
318340 17:02:50.696551 <... openat2 resumed>) = 12
318342 17:02:50.696587 nanosleep({tv_sec=0, tv_nsec=20000},  <unfinished ...>
318340 17:02:50.696630 fcntl(12, F_GETFL) = 0x220000 (flags O_RDONLY|O_NOFOLLOW|O_PATH)
318342 17:02:50.696752 <... nanosleep resumed>NULL) = 0
318340 17:02:50.696823 statx(13, "", AT_STATX_SYNC_AS_STAT|AT_SYMLINK_NOFOLLOW|AT_EMPTY_PATH, STATX_MNT_ID|STATX_MNT_ID_UNIQUE,  <unfinished ...>
318342 17:02:50.696875 futex(0xc00006d148, FUTEX_WAKE_PRIVATE, 1 <unfinished ...>
318340 17:02:50.696925 <... statx resumed>{stx_mask=STATX_BASIC_STATS|STATX_MNT_ID_UNIQUE, stx_attributes=STATX_ATTR_MOUNT_ROOT, stx_mode=S_IFDIR|0555, stx_size=0, ...}) = 0
318343 17:02:50.696975 <... futex resumed>) = 0
318342 17:02:50.696998 <... futex resumed>) = 1
318343 17:02:50.697020 futex(0xeeaf80, FUTEX_WAKE_PRIVATE, 1 <unfinished ...>
318340 17:02:50.697050 futex(0xeeaf80, FUTEX_WAIT_PRIVATE, 0, NULL <unfinished ...>
318343 17:02:50.697096 <... futex resumed>) = 0
318342 17:02:50.697139 nanosleep({tv_sec=0, tv_nsec=20000},  <unfinished ...>
318343 17:02:50.697161 futex(0xc00006d148, FUTEX_WAIT_PRIVATE, 0, NULL <unfinished ...>
318340 17:02:50.697190 <... futex resumed>) = -1 EAGAIN (Resource temporarily unavailable)
318342 17:02:50.697261 <... nanosleep resumed>NULL) = 0
318340 17:02:50.697296 statx(12, "", AT_STATX_SYNC_AS_STAT|AT_SYMLINK_NOFOLLOW|AT_EMPTY_PATH, STATX_MNT_ID|STATX_MNT_ID_UNIQUE,  <unfinished ...>
318342 17:02:50.697350 nanosleep({tv_sec=0, tv_nsec=20000},  <unfinished ...>
318340 17:02:50.697394 <... statx resumed>{stx_mask=STATX_BASIC_STATS|STATX_MNT_ID_UNIQUE, stx_attributes=0, stx_mode=S_IFLNK|000, stx_size=64, ...}) = 0
318340 17:02:50.697468 readlinkat(12, "",  <unfinished ...>
318342 17:02:50.697511 <... nanosleep resumed>NULL) = 0
318340 17:02:50.697530 <... readlinkat resumed>"/home/sh1rogane/Anolix/rootfs/pr"..., 4096) = 34
318342 17:02:50.697561 nanosleep({tv_sec=0, tv_nsec=20000},  <unfinished ...>
318340 17:02:50.697603 close(12)        = 0
318342 17:02:50.697697 <... nanosleep resumed>NULL) = 0
318340 17:02:50.697735 fcntl(11, F_DUPFD_CLOEXEC, 0 <unfinished ...>
318342 17:02:50.697761 nanosleep({tv_sec=0, tv_nsec=20000},  <unfinished ...>
318340 17:02:50.697780 <... fcntl resumed>) = 12
318340 17:02:50.697826 fcntl(12, F_GETFL <unfinished ...>
318342 17:02:50.697867 <... nanosleep resumed>NULL) = 0
318340 17:02:50.697887 <... fcntl resumed>) = 0x200000 (flags O_RDONLY|O_PATH)
318342 17:02:50.697916 nanosleep({tv_sec=0, tv_nsec=20000},  <unfinished ...>
318340 17:02:50.697960 close(11)        = 0
318342 17:02:50.698049 <... nanosleep resumed>NULL) = 0
318340 17:02:50.698066 close(8 <unfinished ...>
318342 17:02:50.698083 nanosleep({tv_sec=0, tv_nsec=20000},  <unfinished ...>
318340 17:02:50.698111 <... close resumed>) = 0
318340 17:02:50.698157 fstatfs(13,  <unfinished ...>
318342 17:02:50.698216 <... nanosleep resumed>NULL) = 0
318340 17:02:50.698263 <... fstatfs resumed>{f_type=PROC_SUPER_MAGIC, f_bsize=4096, f_blocks=0, f_bfree=0, f_bavail=0, f_files=0, f_ffree=0, f_fsid={val=[0x5c, 0]}, f_namelen=255, f_frsize=4096, f_flags=ST_VALID|ST_NOSUID|ST_NODEV|ST_NOEXEC|ST_RELATIME}) = 0
318342 17:02:50.698310 nanosleep({tv_sec=0, tv_nsec=20000},  <unfinished ...>
318340 17:02:50.698348 fstat(13, {st_mode=S_IFDIR|0555, st_size=0, ...}) = 0
318342 17:02:50.698454 <... nanosleep resumed>NULL) = 0
318340 17:02:50.698494 openat2(AT_FDCWD, ".", {flags=O_RDONLY|O_CLOEXEC|O_PATH, resolve=RESOLVE_NO_SYMLINKS|RESOLVE_IN_ROOT}, 24 <unfinished ...>
318342 17:02:50.698537 nanosleep({tv_sec=0, tv_nsec=20000},  <unfinished ...>
318340 17:02:50.698557 <... openat2 resumed>) = 8
318340 17:02:50.698608 close(8 <unfinished ...>
318342 17:02:50.698649 <... nanosleep resumed>NULL) = 0
318340 17:02:50.698676 <... close resumed>) = 0
318342 17:02:50.698695 nanosleep({tv_sec=0, tv_nsec=20000},  <unfinished ...>
318340 17:02:50.698728 openat2(13, "thread-self/fd/", {flags=O_RDONLY|O_NOFOLLOW|O_CLOEXEC|O_PATH, resolve=RESOLVE_NO_XDEV|RESOLVE_NO_MAGICLINKS|RESOLVE_BENEATH}, 24 <unfinished ...>
318342 17:02:50.698823 <... nanosleep resumed>NULL) = 0
318340 17:02:50.698868 <... openat2 resumed>) = 8
318342 17:02:50.698887 epoll_pwait(9,  <unfinished ...>
318340 17:02:50.698913 fcntl(8, F_GETFL <unfinished ...>
318342 17:02:50.698954 <... epoll_pwait resumed>[], 128, 0, NULL, 0) = 0
318340 17:02:50.698995 <... fcntl resumed>) = 0x220000 (flags O_RDONLY|O_NOFOLLOW|O_PATH)
318342 17:02:50.699016 nanosleep({tv_sec=0, tv_nsec=20000},  <unfinished ...>
318340 17:02:50.699059 statx(13, "", AT_STATX_SYNC_AS_STAT|AT_SYMLINK_NOFOLLOW|AT_EMPTY_PATH, STATX_MNT_ID|STATX_MNT_ID_UNIQUE, {stx_mask=STATX_BASIC_STATS|STATX_MNT_ID_UNIQUE, stx_attributes=STATX_ATTR_MOUNT_ROOT, stx_mode=S_IFDIR|0555, stx_size=0, ...}) = 0
318342 17:02:50.699190 <... nanosleep resumed>NULL) = 0
318340 17:02:50.699231 statx(8, "12", AT_STATX_SYNC_AS_STAT|AT_SYMLINK_NOFOLLOW|AT_EMPTY_PATH, STATX_MNT_ID|STATX_MNT_ID_UNIQUE,  <unfinished ...>
318342 17:02:50.699322 nanosleep({tv_sec=0, tv_nsec=20000},  <unfinished ...>
318340 17:02:50.699375 <... statx resumed>{stx_mask=STATX_BASIC_STATS|STATX_MNT_ID_UNIQUE, stx_attributes=0, stx_mode=S_IFLNK|000, stx_size=64, ...}) = 0
318340 17:02:50.699443 openat(8, "12", O_RDONLY|O_CLOEXEC|O_PATH <unfinished ...>
318342 17:02:50.699483 <... nanosleep resumed>NULL) = 0
318342 17:02:50.699543 nanosleep({tv_sec=0, tv_nsec=20000},  <unfinished ...>
318340 17:02:50.699584 <... openat resumed>) = 11
318340 17:02:50.699627 fcntl(11, F_GETFL <unfinished ...>
318342 17:02:50.699700 <... nanosleep resumed>NULL) = 0
318340 17:02:50.699744 <... fcntl resumed>) = 0x200000 (flags O_RDONLY|O_PATH)
318342 17:02:50.699763 nanosleep({tv_sec=0, tv_nsec=20000},  <unfinished ...>
318340 17:02:50.699794 close(8)         = 0
318342 17:02:50.699897 <... nanosleep resumed>NULL) = 0
318340 17:02:50.699935 close(12 <unfinished ...>
318342 17:02:50.699952 nanosleep({tv_sec=0, tv_nsec=20000},  <unfinished ...>
318340 17:02:50.699984 <... close resumed>) = 0
318340 17:02:50.700025 fstatfs(13,  <unfinished ...>
318342 17:02:50.700087 <... nanosleep resumed>NULL) = 0
318340 17:02:50.700131 <... fstatfs resumed>{f_type=PROC_SUPER_MAGIC, f_bsize=4096, f_blocks=0, f_bfree=0, f_bavail=0, f_files=0, f_ffree=0, f_fsid={val=[0x5c, 0]}, f_namelen=255, f_frsize=4096, f_flags=ST_VALID|ST_NOSUID|ST_NODEV|ST_NOEXEC|ST_RELATIME}) = 0
318342 17:02:50.700157 nanosleep({tv_sec=0, tv_nsec=20000},  <unfinished ...>
318340 17:02:50.700184 fstat(13, {st_mode=S_IFDIR|0555, st_size=0, ...}) = 0
318342 17:02:50.700295 <... nanosleep resumed>NULL) = 0
318340 17:02:50.700333 openat2(AT_FDCWD, ".", {flags=O_RDONLY|O_CLOEXEC|O_PATH, resolve=RESOLVE_NO_SYMLINKS|RESOLVE_IN_ROOT}, 24 <unfinished ...>
318342 17:02:50.700364 nanosleep({tv_sec=0, tv_nsec=20000},  <unfinished ...>
318340 17:02:50.700400 <... openat2 resumed>) = 8
318340 17:02:50.700460 close(8 <unfinished ...>
318342 17:02:50.700503 <... nanosleep resumed>NULL) = 0
318340 17:02:50.700520 <... close resumed>) = 0
318342 17:02:50.700549 nanosleep({tv_sec=0, tv_nsec=20000},  <unfinished ...>
318340 17:02:50.700590 openat2(13, "thread-self/fd/11", {flags=O_RDONLY|O_NOFOLLOW|O_CLOEXEC|O_PATH, resolve=RESOLVE_NO_XDEV|RESOLVE_NO_MAGICLINKS|RESOLVE_BENEATH}, 24) = 8
318342 17:02:50.700695 <... nanosleep resumed>NULL) = 0
318340 17:02:50.700712 fcntl(8, F_GETFL <unfinished ...>
318342 17:02:50.700730 nanosleep({tv_sec=0, tv_nsec=20000},  <unfinished ...>
318340 17:02:50.700758 <... fcntl resumed>) = 0x220000 (flags O_RDONLY|O_NOFOLLOW|O_PATH)
318340 17:02:50.700803 statx(13, "", AT_STATX_SYNC_AS_STAT|AT_SYMLINK_NOFOLLOW|AT_EMPTY_PATH, STATX_MNT_ID|STATX_MNT_ID_UNIQUE,  <unfinished ...>
318342 17:02:50.700850 <... nanosleep resumed>NULL) = 0
318342 17:02:50.700886 nanosleep({tv_sec=0, tv_nsec=20000},  <unfinished ...>
318340 17:02:50.700930 <... statx resumed>{stx_mask=STATX_BASIC_STATS|STATX_MNT_ID_UNIQUE, stx_attributes=STATX_ATTR_MOUNT_ROOT, stx_mode=S_IFDIR|0555, stx_size=0, ...}) = 0
318340 17:02:50.701005 statx(8, "", AT_STATX_SYNC_AS_STAT|AT_SYMLINK_NOFOLLOW|AT_EMPTY_PATH, STATX_MNT_ID|STATX_MNT_ID_UNIQUE,  <unfinished ...>
318342 17:02:50.701051 <... nanosleep resumed>NULL) = 0
318340 17:02:50.701069 <... statx resumed>{stx_mask=STATX_BASIC_STATS|STATX_MNT_ID_UNIQUE, stx_attributes=0, stx_mode=S_IFLNK|000, stx_size=64, ...}) = 0
318342 17:02:50.701099 nanosleep({tv_sec=0, tv_nsec=20000},  <unfinished ...>
318340 17:02:50.701137 readlinkat(8, "", "/home/sh1rogane/Anolix/rootfs/pr"..., 4096) = 34
318342 17:02:50.701233 <... nanosleep resumed>NULL) = 0
318340 17:02:50.701253 close(8 <unfinished ...>
318342 17:02:50.701283 nanosleep({tv_sec=0, tv_nsec=20000},  <unfinished ...>
318340 17:02:50.701329 <... close resumed>) = 0
318340 17:02:50.701375 close(14 <unfinished ...>
318342 17:02:50.701437 <... nanosleep resumed>NULL) = 0
318340 17:02:50.701476 <... close resumed>) = 0
318342 17:02:50.701493 nanosleep({tv_sec=0, tv_nsec=20000},  <unfinished ...>
318340 17:02:50.701522 close(11)        = 0
318342 17:02:50.701621 <... nanosleep resumed>NULL) = 0
318340 17:02:50.701661 openat(AT_FDCWD, "/home/sh1rogane/Anolix/rootfs", O_RDONLY|O_CLOEXEC|O_PATH|O_DIRECTORY <unfinished ...>
318342 17:02:50.701706 nanosleep({tv_sec=0, tv_nsec=20000},  <unfinished ...>
318340 17:02:50.701739 <... openat resumed>) = 8
318340 17:02:50.701797 fcntl(8, F_GETFL <unfinished ...>
318342 17:02:50.701848 <... nanosleep resumed>NULL) = 0
318340 17:02:50.701867 <... fcntl resumed>) = 0x210000 (flags O_RDONLY|O_PATH|O_DIRECTORY)
318342 17:02:50.701890 nanosleep({tv_sec=0, tv_nsec=20000},  <unfinished ...>
318340 17:02:50.701934 fcntl(8, F_SETFL, O_RDONLY|O_NONBLOCK|O_PATH|O_DIRECTORY) = -1 EBADF (Bad file descriptor)
318342 17:02:50.702038 <... nanosleep resumed>NULL) = 0
318340 17:02:50.702068 openat2(8, "/dev", {flags=O_RDONLY|O_CLOEXEC|O_PATH, resolve=RESOLVE_NO_MAGICLINKS|RESOLVE_IN_ROOT}, 24 <unfinished ...>
318342 17:02:50.702115 nanosleep({tv_sec=0, tv_nsec=20000},  <unfinished ...>
318340 17:02:50.702170 <... openat2 resumed>) = 11
318342 17:02:50.702238 <... nanosleep resumed>NULL) = 0
318340 17:02:50.702279 fcntl(11, F_GETFL <unfinished ...>
318342 17:02:50.702300 nanosleep({tv_sec=0, tv_nsec=20000},  <unfinished ...>
318340 17:02:50.702324 <... fcntl resumed>) = 0x200000 (flags O_RDONLY|O_PATH)
318340 17:02:50.702385 fstatfs(13,  <unfinished ...>
318342 17:02:50.702436 <... nanosleep resumed>NULL) = 0
318340 17:02:50.702459 <... fstatfs resumed>{f_type=PROC_SUPER_MAGIC, f_bsize=4096, f_blocks=0, f_bfree=0, f_bavail=0, f_files=0, f_ffree=0, f_fsid={val=[0x5c, 0]}, f_namelen=255, f_frsize=4096, f_flags=ST_VALID|ST_NOSUID|ST_NODEV|ST_NOEXEC|ST_RELATIME}) = 0
318342 17:02:50.702507 nanosleep({tv_sec=0, tv_nsec=20000},  <unfinished ...>
318340 17:02:50.702551 fstat(13, {st_mode=S_IFDIR|0555, st_size=0, ...}) = 0
318342 17:02:50.702642 <... nanosleep resumed>NULL) = 0
318340 17:02:50.702680 openat2(AT_FDCWD, ".", {flags=O_RDONLY|O_CLOEXEC|O_PATH, resolve=RESOLVE_NO_SYMLINKS|RESOLVE_IN_ROOT}, 24 <unfinished ...>
318342 17:02:50.702711 nanosleep({tv_sec=0, tv_nsec=20000},  <unfinished ...>
318340 17:02:50.702730 <... openat2 resumed>) = 12
318340 17:02:50.702782 close(12 <unfinished ...>
318342 17:02:50.702835 <... nanosleep resumed>NULL) = 0
318340 17:02:50.702878 <... close resumed>) = 0
318342 17:02:50.702923 nanosleep({tv_sec=0, tv_nsec=20000},  <unfinished ...>
318340 17:02:50.702982 openat2(13, "thread-self/fd/11", {flags=O_RDONLY|O_NOFOLLOW|O_CLOEXEC|O_PATH, resolve=RESOLVE_NO_XDEV|RESOLVE_NO_MAGICLINKS|RESOLVE_BENEATH}, 24 <unfinished ...>
318342 17:02:50.703089 <... nanosleep resumed>NULL) = 0
318340 17:02:50.703132 <... openat2 resumed>) = 12
318342 17:02:50.703159 nanosleep({tv_sec=0, tv_nsec=20000},  <unfinished ...>
318340 17:02:50.703205 fcntl(12, F_GETFL) = 0x220000 (flags O_RDONLY|O_NOFOLLOW|O_PATH)
318342 17:02:50.703354 <... nanosleep resumed>NULL) = 0
318340 17:02:50.703421 statx(13, "", AT_STATX_SYNC_AS_STAT|AT_SYMLINK_NOFOLLOW|AT_EMPTY_PATH, STATX_MNT_ID|STATX_MNT_ID_UNIQUE,  <unfinished ...>
318342 17:02:50.703478 nanosleep({tv_sec=0, tv_nsec=20000},  <unfinished ...>
318340 17:02:50.703539 <... statx resumed>{stx_mask=STATX_BASIC_STATS|STATX_MNT_ID_UNIQUE, stx_attributes=STATX_ATTR_MOUNT_ROOT, stx_mode=S_IFDIR|0555, stx_size=0, ...}) = 0
318340 17:02:50.703623 statx(12, "", AT_STATX_SYNC_AS_STAT|AT_SYMLINK_NOFOLLOW|AT_EMPTY_PATH, STATX_MNT_ID|STATX_MNT_ID_UNIQUE,  <unfinished ...>
318342 17:02:50.703694 <... nanosleep resumed>NULL) = 0
318340 17:02:50.703745 <... statx resumed>{stx_mask=STATX_BASIC_STATS|STATX_MNT_ID_UNIQUE, stx_attributes=0, stx_mode=S_IFLNK|000, stx_size=64, ...}) = 0
318342 17:02:50.703775 nanosleep({tv_sec=0, tv_nsec=20000},  <unfinished ...>
318340 17:02:50.703835 readlinkat(12, "", "/home/sh1rogane/Anolix/rootfs/de"..., 4096) = 33
318342 17:02:50.703931 <... nanosleep resumed>NULL) = 0
318340 17:02:50.703956 close(12 <unfinished ...>
318342 17:02:50.704000 nanosleep({tv_sec=0, tv_nsec=20000},  <unfinished ...>
318340 17:02:50.704038 <... close resumed>) = 0
318340 17:02:50.704076 fcntl(11, F_DUPFD_CLOEXEC, 0 <unfinished ...>
318342 17:02:50.704134 <... nanosleep resumed>NULL) = 0
318340 17:02:50.704169 <... fcntl resumed>) = 12
318342 17:02:50.704196 nanosleep({tv_sec=0, tv_nsec=20000},  <unfinished ...>
318340 17:02:50.704252 fcntl(12, F_GETFL) = 0x200000 (flags O_RDONLY|O_PATH)
318342 17:02:50.704366 <... nanosleep resumed>NULL) = 0
318340 17:02:50.704407 close(11 <unfinished ...>
318342 17:02:50.704425 nanosleep({tv_sec=0, tv_nsec=20000},  <unfinished ...>
318340 17:02:50.704454 <... close resumed>) = 0
318340 17:02:50.704519 close(8 <unfinished ...>
318342 17:02:50.704555 <... nanosleep resumed>NULL) = 0
318340 17:02:50.704575 <... close resumed>) = 0
318342 17:02:50.704602 nanosleep({tv_sec=0, tv_nsec=20000},  <unfinished ...>
318340 17:02:50.704650 fstatfs(13, {f_type=PROC_SUPER_MAGIC, f_bsize=4096, f_blocks=0, f_bfree=0, f_bavail=0, f_files=0, f_ffree=0, f_fsid={val=[0x5c, 0]}, f_namelen=255, f_frsize=4096, f_flags=ST_VALID|ST_NOSUID|ST_NODEV|ST_NOEXEC|ST_RELATIME}) = 0
318342 17:02:50.704766 <... nanosleep resumed>NULL) = 0
318340 17:02:50.704796 fstat(13,  <unfinished ...>
318342 17:02:50.704824 nanosleep({tv_sec=0, tv_nsec=20000},  <unfinished ...>
318340 17:02:50.704875 <... fstat resumed>{st_mode=S_IFDIR|0555, st_size=0, ...}) = 0
318340 17:02:50.704929 openat2(AT_FDCWD, ".", {flags=O_RDONLY|O_CLOEXEC|O_PATH, resolve=RESOLVE_NO_SYMLINKS|RESOLVE_IN_ROOT}, 24 <unfinished ...>
318342 17:02:50.704988 <... nanosleep resumed>NULL) = 0
318340 17:02:50.705009 <... openat2 resumed>) = 8
318342 17:02:50.705036 nanosleep({tv_sec=0, tv_nsec=20000},  <unfinished ...>
318340 17:02:50.705074 close(8)         = 0
318342 17:02:50.705186 <... nanosleep resumed>NULL) = 0
318340 17:02:50.705224 openat2(13, "thread-self/fd/", {flags=O_RDONLY|O_NOFOLLOW|O_CLOEXEC|O_PATH, resolve=RESOLVE_NO_XDEV|RESOLVE_NO_MAGICLINKS|RESOLVE_BENEATH}, 24 <unfinished ...>
318342 17:02:50.705246 nanosleep({tv_sec=0, tv_nsec=20000},  <unfinished ...>
318340 17:02:50.705274 <... openat2 resumed>) = 8
318340 17:02:50.705315 fcntl(8, F_GETFL <unfinished ...>
318342 17:02:50.705382 <... nanosleep resumed>NULL) = 0
318340 17:02:50.705423 <... fcntl resumed>) = 0x220000 (flags O_RDONLY|O_NOFOLLOW|O_PATH)
318342 17:02:50.705457 nanosleep({tv_sec=0, tv_nsec=20000},  <unfinished ...>
318340 17:02:50.705498 statx(13, "", AT_STATX_SYNC_AS_STAT|AT_SYMLINK_NOFOLLOW|AT_EMPTY_PATH, STATX_MNT_ID|STATX_MNT_ID_UNIQUE, {stx_mask=STATX_BASIC_STATS|STATX_MNT_ID_UNIQUE, stx_attributes=STATX_ATTR_MOUNT_ROOT, stx_mode=S_IFDIR|0555, stx_size=0, ...}) = 0
318342 17:02:50.705589 <... nanosleep resumed>NULL) = 0
318340 17:02:50.705624 statx(8, "12", AT_STATX_SYNC_AS_STAT|AT_SYMLINK_NOFOLLOW|AT_EMPTY_PATH, STATX_MNT_ID|STATX_MNT_ID_UNIQUE,  <unfinished ...>
318342 17:02:50.705644 nanosleep({tv_sec=0, tv_nsec=20000},  <unfinished ...>
318340 17:02:50.705681 <... statx resumed>{stx_mask=STATX_BASIC_STATS|STATX_MNT_ID_UNIQUE, stx_attributes=0, stx_mode=S_IFLNK|000, stx_size=64, ...}) = 0
318340 17:02:50.705729 openat(8, "12", O_RDONLY|O_CLOEXEC|O_PATH <unfinished ...>
318342 17:02:50.705785 <... nanosleep resumed>NULL) = 0
318340 17:02:50.705806 <... openat resumed>) = 11
318342 17:02:50.705832 nanosleep({tv_sec=0, tv_nsec=20000},  <unfinished ...>
318340 17:02:50.705870 fcntl(11, F_GETFL) = 0x200000 (flags O_RDONLY|O_PATH)
318342 17:02:50.705979 <... nanosleep resumed>NULL) = 0
318340 17:02:50.706022 close(8 <unfinished ...>
318342 17:02:50.706060 nanosleep({tv_sec=0, tv_nsec=20000},  <unfinished ...>
318340 17:02:50.706107 <... close resumed>) = 0
318340 17:02:50.706162 close(12 <unfinished ...>
318342 17:02:50.706226 <... nanosleep resumed>NULL) = 0
318340 17:02:50.706263 <... close resumed>) = 0
318342 17:02:50.706288 nanosleep({tv_sec=0, tv_nsec=20000},  <unfinished ...>
318340 17:02:50.706321 fstat(11, {st_mode=S_IFDIR|0755, st_size=4096, ...}) = 0
318342 17:02:50.706435 <... nanosleep resumed>NULL) = 0
318340 17:02:50.706455 fstatfs(13,  <unfinished ...>
318342 17:02:50.706481 nanosleep({tv_sec=0, tv_nsec=20000},  <unfinished ...>
318340 17:02:50.706502 <... fstatfs resumed>{f_type=PROC_SUPER_MAGIC, f_bsize=4096, f_blocks=0, f_bfree=0, f_bavail=0, f_files=0, f_ffree=0, f_fsid={val=[0x5c, 0]}, f_namelen=255, f_frsize=4096, f_flags=ST_VALID|ST_NOSUID|ST_NODEV|ST_NOEXEC|ST_RELATIME}) = 0
318340 17:02:50.706555 fstat(13,  <unfinished ...>
318342 17:02:50.706596 <... nanosleep resumed>NULL) = 0
318340 17:02:50.706613 <... fstat resumed>{st_mode=S_IFDIR|0555, st_size=0, ...}) = 0
318342 17:02:50.706641 nanosleep({tv_sec=0, tv_nsec=20000},  <unfinished ...>
318340 17:02:50.706679 openat2(AT_FDCWD, ".", {flags=O_RDONLY|O_CLOEXEC|O_PATH, resolve=RESOLVE_NO_SYMLINKS|RESOLVE_IN_ROOT}, 24) = 8
318342 17:02:50.706786 <... nanosleep resumed>NULL) = 0
318340 17:02:50.706830 close(8 <unfinished ...>
318342 17:02:50.706865 nanosleep({tv_sec=0, tv_nsec=20000},  <unfinished ...>
318340 17:02:50.706904 <... close resumed>) = 0
318340 17:02:50.706942 openat2(13, "thread-self/fd/11", {flags=O_RDONLY|O_NOFOLLOW|O_CLOEXEC|O_PATH, resolve=RESOLVE_NO_XDEV|RESOLVE_NO_MAGICLINKS|RESOLVE_BENEATH}, 24 <unfinished ...>
318342 17:02:50.707011 <... nanosleep resumed>NULL) = 0
318340 17:02:50.707051 <... openat2 resumed>) = 8
318342 17:02:50.707072 nanosleep({tv_sec=0, tv_nsec=20000},  <unfinished ...>
318340 17:02:50.707103 fcntl(8, F_GETFL) = 0x220000 (flags O_RDONLY|O_NOFOLLOW|O_PATH)
318342 17:02:50.707197 <... nanosleep resumed>NULL) = 0
318340 17:02:50.707215 statx(13, "", AT_STATX_SYNC_AS_STAT|AT_SYMLINK_NOFOLLOW|AT_EMPTY_PATH, STATX_MNT_ID|STATX_MNT_ID_UNIQUE,  <unfinished ...>
318342 17:02:50.707235 nanosleep({tv_sec=0, tv_nsec=20000},  <unfinished ...>
318340 17:02:50.707262 <... statx resumed>{stx_mask=STATX_BASIC_STATS|STATX_MNT_ID_UNIQUE, stx_attributes=STATX_ATTR_MOUNT_ROOT, stx_mode=S_IFDIR|0555, stx_size=0, ...}) = 0
318340 17:02:50.707312 statx(8, "", AT_STATX_SYNC_AS_STAT|AT_SYMLINK_NOFOLLOW|AT_EMPTY_PATH, STATX_MNT_ID|STATX_MNT_ID_UNIQUE,  <unfinished ...>
318342 17:02:50.707382 <... nanosleep resumed>NULL) = 0
318340 17:02:50.707439 <... statx resumed>{stx_mask=STATX_BASIC_STATS|STATX_MNT_ID_UNIQUE, stx_attributes=0, stx_mode=S_IFLNK|000, stx_size=64, ...}) = 0
318342 17:02:50.707512 futex(0xc00006d148, FUTEX_WAKE_PRIVATE, 1 <unfinished ...>
318340 17:02:50.707558 futex(0xeeaf80, FUTEX_WAIT_PRIVATE, 0, NULL <unfinished ...>
318343 17:02:50.707603 <... futex resumed>) = 0
318342 17:02:50.707641 <... futex resumed>) = 1
318343 17:02:50.707685 futex(0xeeaf80, FUTEX_WAKE_PRIVATE, 1 <unfinished ...>
318342 17:02:50.707707 nanosleep({tv_sec=0, tv_nsec=20000},  <unfinished ...>
318343 17:02:50.707742 <... futex resumed>) = 1
318340 17:02:50.707785 <... futex resumed>) = 0
318343 17:02:50.707806 futex(0xc00006d148, FUTEX_WAIT_PRIVATE, 0, NULL <unfinished ...>
318342 17:02:50.707839 <... nanosleep resumed>NULL) = 0
318340 17:02:50.707871 readlinkat(8, "",  <unfinished ...>
318342 17:02:50.707908 nanosleep({tv_sec=0, tv_nsec=20000},  <unfinished ...>
318340 17:02:50.707955 <... readlinkat resumed>"/home/sh1rogane/Anolix/rootfs/de"..., 4096) = 33
318340 17:02:50.708028 close(8 <unfinished ...>
318342 17:02:50.708070 <... nanosleep resumed>NULL) = 0
318340 17:02:50.708087 <... close resumed>) = 0
318342 17:02:50.708115 nanosleep({tv_sec=0, tv_nsec=20000},  <unfinished ...>
318340 17:02:50.708158 mount("tmpfs", "/proc/thread-self/fd/11", "tmpfs", MS_NOSUID|MS_STRICTATIME, "mode=0755,mode=755,size=65536k" <unfinished ...>
318342 17:02:50.708259 <... nanosleep resumed>NULL) = 0
318340 17:02:50.708304 <... mount resumed>) = 0
318342 17:02:50.708322 nanosleep({tv_sec=0, tv_nsec=20000},  <unfinished ...>
318340 17:02:50.708352 fstatfs(13, {f_type=PROC_SUPER_MAGIC, f_bsize=4096, f_blocks=0, f_bfree=0, f_bavail=0, f_files=0, f_ffree=0, f_fsid={val=[0x5c, 0]}, f_namelen=255, f_frsize=4096, f_flags=ST_VALID|ST_NOSUID|ST_NODEV|ST_NOEXEC|ST_RELATIME}) = 0
318342 17:02:50.708473 <... nanosleep resumed>NULL) = 0
318340 17:02:50.708518 fstat(13,  <unfinished ...>
318342 17:02:50.708585 nanosleep({tv_sec=0, tv_nsec=20000},  <unfinished ...>
318340 17:02:50.708635 <... fstat resumed>{st_mode=S_IFDIR|0555, st_size=0, ...}) = 0
318340 17:02:50.708708 openat2(AT_FDCWD, ".", {flags=O_RDONLY|O_CLOEXEC|O_PATH, resolve=RESOLVE_NO_SYMLINKS|RESOLVE_IN_ROOT}, 24 <unfinished ...>
318342 17:02:50.708760 <... nanosleep resumed>NULL) = 0
318340 17:02:50.708803 <... openat2 resumed>) = 8
318342 17:02:50.708845 nanosleep({tv_sec=0, tv_nsec=20000},  <unfinished ...>
318340 17:02:50.708881 close(8)         = 0
318342 17:02:50.709005 <... nanosleep resumed>NULL) = 0
318340 17:02:50.709053 openat2(13, "thread-self/fd/11", {flags=O_RDONLY|O_NOFOLLOW|O_CLOEXEC|O_PATH, resolve=RESOLVE_NO_XDEV|RESOLVE_NO_MAGICLINKS|RESOLVE_BENEATH}, 24 <unfinished ...>
318342 17:02:50.709099 epoll_pwait(9,  <unfinished ...>
318340 17:02:50.709118 <... openat2 resumed>) = 8
318342 17:02:50.709136 <... epoll_pwait resumed>[], 128, 0, NULL, 0) = 0
318340 17:02:50.709167 fcntl(8, F_GETFL <unfinished ...>
318342 17:02:50.709185 nanosleep({tv_sec=0, tv_nsec=20000},  <unfinished ...>
318340 17:02:50.709207 <... fcntl resumed>) = 0x220000 (flags O_RDONLY|O_NOFOLLOW|O_PATH)
318342 17:02:50.709301 <... nanosleep resumed>NULL) = 0
318340 17:02:50.709343 statx(13, "", AT_STATX_SYNC_AS_STAT|AT_SYMLINK_NOFOLLOW|AT_EMPTY_PATH, STATX_MNT_ID|STATX_MNT_ID_UNIQUE,  <unfinished ...>
318342 17:02:50.709388 nanosleep({tv_sec=0, tv_nsec=20000},  <unfinished ...>
318340 17:02:50.709418 <... statx resumed>{stx_mask=STATX_BASIC_STATS|STATX_MNT_ID_UNIQUE, stx_attributes=STATX_ATTR_MOUNT_ROOT, stx_mode=S_IFDIR|0555, stx_size=0, ...}) = 0
318340 17:02:50.709487 statx(8, "", AT_STATX_SYNC_AS_STAT|AT_SYMLINK_NOFOLLOW|AT_EMPTY_PATH, STATX_MNT_ID|STATX_MNT_ID_UNIQUE,  <unfinished ...>
318342 17:02:50.709525 <... nanosleep resumed>NULL) = 0
318340 17:02:50.709544 <... statx resumed>{stx_mask=STATX_BASIC_STATS|STATX_MNT_ID_UNIQUE, stx_attributes=0, stx_mode=S_IFLNK|000, stx_size=64, ...}) = 0
318342 17:02:50.709576 nanosleep({tv_sec=0, tv_nsec=20000},  <unfinished ...>
318340 17:02:50.709618 readlinkat(8, "", "/home/sh1rogane/Anolix/rootfs/de"..., 4096) = 33
318342 17:02:50.709741 <... nanosleep resumed>NULL) = 0
318340 17:02:50.709789 close(8 <unfinished ...>
318342 17:02:50.709810 nanosleep({tv_sec=0, tv_nsec=20000},  <unfinished ...>
318340 17:02:50.709856 <... close resumed>) = 0
318340 17:02:50.709946 openat(AT_FDCWD, "/home/sh1rogane/Anolix/rootfs", O_RDONLY|O_CLOEXEC|O_PATH|O_DIRECTORY <unfinished ...>
318342 17:02:50.709991 <... nanosleep resumed>NULL) = 0
318340 17:02:50.710012 <... openat resumed>) = 8
318342 17:02:50.710039 nanosleep({tv_sec=0, tv_nsec=20000},  <unfinished ...>
318340 17:02:50.710079 fcntl(8, F_GETFL) = 0x210000 (flags O_RDONLY|O_PATH|O_DIRECTORY)
318342 17:02:50.710189 <... nanosleep resumed>NULL) = 0
318340 17:02:50.710238 fcntl(8, F_SETFL, O_RDONLY|O_NONBLOCK|O_PATH|O_DIRECTORY <unfinished ...>
318342 17:02:50.710273 nanosleep({tv_sec=0, tv_nsec=20000},  <unfinished ...>
318340 17:02:50.710319 <... fcntl resumed>) = -1 EBADF (Bad file descriptor)
318340 17:02:50.710404 openat2(8, "/dev", {flags=O_RDONLY|O_CLOEXEC|O_PATH, resolve=RESOLVE_NO_MAGICLINKS|RESOLVE_IN_ROOT}, 24 <unfinished ...>
318342 17:02:50.710451 <... nanosleep resumed>NULL) = 0
318340 17:02:50.710469 <... openat2 resumed>) = 12
318342 17:02:50.710495 nanosleep({tv_sec=0, tv_nsec=20000},  <unfinished ...>
318340 17:02:50.710513 fcntl(12, F_GETFL) = 0x200000 (flags O_RDONLY|O_PATH)
318342 17:02:50.710626 <... nanosleep resumed>NULL) = 0
318340 17:02:50.710667 fstatfs(13,  <unfinished ...>
318342 17:02:50.710687 nanosleep({tv_sec=0, tv_nsec=20000},  <unfinished ...>
318340 17:02:50.710718 <... fstatfs resumed>{f_type=PROC_SUPER_MAGIC, f_bsize=4096, f_blocks=0, f_bfree=0, f_bavail=0, f_files=0, f_ffree=0, f_fsid={val=[0x5c, 0]}, f_namelen=255, f_frsize=4096, f_flags=ST_VALID|ST_NOSUID|ST_NODEV|ST_NOEXEC|ST_RELATIME}) = 0
318340 17:02:50.710796 fstat(13,  <unfinished ...>
318342 17:02:50.710834 <... nanosleep resumed>NULL) = 0
318340 17:02:50.710851 <... fstat resumed>{st_mode=S_IFDIR|0555, st_size=0, ...}) = 0
318342 17:02:50.710879 nanosleep({tv_sec=0, tv_nsec=20000},  <unfinished ...>
318340 17:02:50.710897 openat2(AT_FDCWD, ".", {flags=O_RDONLY|O_CLOEXEC|O_PATH, resolve=RESOLVE_NO_SYMLINKS|RESOLVE_IN_ROOT}, 24) = 14
318342 17:02:50.710991 <... nanosleep resumed>NULL) = 0
318340 17:02:50.711022 close(14 <unfinished ...>
318342 17:02:50.711056 nanosleep({tv_sec=0, tv_nsec=20000},  <unfinished ...>
318340 17:02:50.711075 <... close resumed>) = 0
318340 17:02:50.711123 openat2(13, "thread-self/fd/12", {flags=O_RDONLY|O_NOFOLLOW|O_CLOEXEC|O_PATH, resolve=RESOLVE_NO_XDEV|RESOLVE_NO_MAGICLINKS|RESOLVE_BENEATH}, 24 <unfinished ...>
318342 17:02:50.711207 <... nanosleep resumed>NULL) = 0
318340 17:02:50.711261 <... openat2 resumed>) = 14
318342 17:02:50.711306 nanosleep({tv_sec=0, tv_nsec=20000},  <unfinished ...>
318340 17:02:50.711352 fcntl(14, F_GETFL) = 0x220000 (flags O_RDONLY|O_NOFOLLOW|O_PATH)
318342 17:02:50.711450 <... nanosleep resumed>NULL) = 0
318340 17:02:50.711483 statx(13, "", AT_STATX_SYNC_AS_STAT|AT_SYMLINK_NOFOLLOW|AT_EMPTY_PATH, STATX_MNT_ID|STATX_MNT_ID_UNIQUE,  <unfinished ...>
318342 17:02:50.711547 nanosleep({tv_sec=0, tv_nsec=20000},  <unfinished ...>
318340 17:02:50.711566 <... statx resumed>{stx_mask=STATX_BASIC_STATS|STATX_MNT_ID_UNIQUE, stx_attributes=STATX_ATTR_MOUNT_ROOT, stx_mode=S_IFDIR|0555, stx_size=0, ...}) = 0
318340 17:02:50.711617 statx(14, "", AT_STATX_SYNC_AS_STAT|AT_SYMLINK_NOFOLLOW|AT_EMPTY_PATH, STATX_MNT_ID|STATX_MNT_ID_UNIQUE,  <unfinished ...>
318342 17:02:50.711668 <... nanosleep resumed>NULL) = 0
318340 17:02:50.711709 <... statx resumed>{stx_mask=STATX_BASIC_STATS|STATX_MNT_ID_UNIQUE, stx_attributes=0, stx_mode=S_IFLNK|000, stx_size=64, ...}) = 0
318342 17:02:50.711748 nanosleep({tv_sec=0, tv_nsec=20000},  <unfinished ...>
318340 17:02:50.711777 readlinkat(14, "", "/home/sh1rogane/Anolix/rootfs/de"..., 4096) = 33
318342 17:02:50.711877 <... nanosleep resumed>NULL) = 0
318340 17:02:50.711900 close(14 <unfinished ...>
318342 17:02:50.711926 nanosleep({tv_sec=0, tv_nsec=20000},  <unfinished ...>
318340 17:02:50.711945 <... close resumed>) = 0
318340 17:02:50.712003 fcntl(12, F_DUPFD_CLOEXEC, 0 <unfinished ...>
318342 17:02:50.712039 <... nanosleep resumed>NULL) = 0
318340 17:02:50.712056 <... fcntl resumed>) = 14
318342 17:02:50.712092 nanosleep({tv_sec=0, tv_nsec=20000},  <unfinished ...>
318340 17:02:50.712120 fcntl(14, F_GETFL) = 0x200000 (flags O_RDONLY|O_PATH)
318342 17:02:50.712224 <... nanosleep resumed>NULL) = 0
318340 17:02:50.712247 close(12 <unfinished ...>
318342 17:02:50.712277 nanosleep({tv_sec=0, tv_nsec=20000},  <unfinished ...>
318340 17:02:50.712315 <... close resumed>) = 0
318340 17:02:50.712368 close(8 <unfinished ...>
318342 17:02:50.712414 <... nanosleep resumed>NULL) = 0
318340 17:02:50.712449 <... close resumed>) = 0
318342 17:02:50.712470 nanosleep({tv_sec=0, tv_nsec=20000},  <unfinished ...>
318340 17:02:50.712502 fstatfs(13, {f_type=PROC_SUPER_MAGIC, f_bsize=4096, f_blocks=0, f_bfree=0, f_bavail=0, f_files=0, f_ffree=0, f_fsid={val=[0x5c, 0]}, f_namelen=255, f_frsize=4096, f_flags=ST_VALID|ST_NOSUID|ST_NODEV|ST_NOEXEC|ST_RELATIME}) = 0
318342 17:02:50.712601 <... nanosleep resumed>NULL) = 0
318340 17:02:50.712622 fstat(13,  <unfinished ...>
318342 17:02:50.712648 nanosleep({tv_sec=0, tv_nsec=20000},  <unfinished ...>
318340 17:02:50.712669 <... fstat resumed>{st_mode=S_IFDIR|0555, st_size=0, ...}) = 0
318340 17:02:50.712721 openat2(AT_FDCWD, ".", {flags=O_RDONLY|O_CLOEXEC|O_PATH, resolve=RESOLVE_NO_SYMLINKS|RESOLVE_IN_ROOT}, 24 <unfinished ...>
318342 17:02:50.712762 <... nanosleep resumed>NULL) = 0
318340 17:02:50.712779 <... openat2 resumed>) = 8
318342 17:02:50.712805 nanosleep({tv_sec=0, tv_nsec=20000},  <unfinished ...>
318340 17:02:50.712826 close(8)         = 0
318342 17:02:50.712920 <... nanosleep resumed>NULL) = 0
318340 17:02:50.712941 openat2(13, "thread-self/fd/", {flags=O_RDONLY|O_NOFOLLOW|O_CLOEXEC|O_PATH, resolve=RESOLVE_NO_XDEV|RESOLVE_NO_MAGICLINKS|RESOLVE_BENEATH}, 24 <unfinished ...>
318342 17:02:50.712973 nanosleep({tv_sec=0, tv_nsec=20000},  <unfinished ...>
318340 17:02:50.713001 <... openat2 resumed>) = 8
318340 17:02:50.713043 fcntl(8, F_GETFL <unfinished ...>
318342 17:02:50.713090 <... nanosleep resumed>NULL) = 0
318340 17:02:50.713121 <... fcntl resumed>) = 0x220000 (flags O_RDONLY|O_NOFOLLOW|O_PATH)
318342 17:02:50.713178 nanosleep({tv_sec=0, tv_nsec=20000},  <unfinished ...>
318340 17:02:50.713217 statx(13, "", AT_STATX_SYNC_AS_STAT|AT_SYMLINK_NOFOLLOW|AT_EMPTY_PATH, STATX_MNT_ID|STATX_MNT_ID_UNIQUE, {stx_mask=STATX_BASIC_STATS|STATX_MNT_ID_UNIQUE, stx_attributes=STATX_ATTR_MOUNT_ROOT, stx_mode=S_IFDIR|0555, stx_size=0, ...}) = 0
318342 17:02:50.713305 <... nanosleep resumed>NULL) = 0
318340 17:02:50.713333 statx(8, "14", AT_STATX_SYNC_AS_STAT|AT_SYMLINK_NOFOLLOW|AT_EMPTY_PATH, STATX_MNT_ID|STATX_MNT_ID_UNIQUE,  <unfinished ...>
318342 17:02:50.713361 nanosleep({tv_sec=0, tv_nsec=20000},  <unfinished ...>
318340 17:02:50.713397 <... statx resumed>{stx_mask=STATX_BASIC_STATS|STATX_MNT_ID_UNIQUE, stx_attributes=0, stx_mode=S_IFLNK|000, stx_size=64, ...}) = 0
318340 17:02:50.713441 openat(8, "14", O_RDONLY|O_CLOEXEC|O_PATH <unfinished ...>
318342 17:02:50.713511 <... nanosleep resumed>NULL) = 0
318340 17:02:50.713554 <... openat resumed>) = 12
318342 17:02:50.713572 nanosleep({tv_sec=0, tv_nsec=20000},  <unfinished ...>
318340 17:02:50.713601 fcntl(12, F_GETFL) = 0x200000 (flags O_RDONLY|O_PATH)
318342 17:02:50.713682 <... nanosleep resumed>NULL) = 0
318340 17:02:50.713724 close(8 <unfinished ...>
318342 17:02:50.713765 nanosleep({tv_sec=0, tv_nsec=20000},  <unfinished ...>
318340 17:02:50.713807 <... close resumed>) = 0
318340 17:02:50.713864 close(14 <unfinished ...>
318342 17:02:50.713909 <... nanosleep resumed>NULL) = 0
318340 17:02:50.713953 <... close resumed>) = 0
318342 17:02:50.713974 nanosleep({tv_sec=0, tv_nsec=20000},  <unfinished ...>
318340 17:02:50.714009 fstatfs(13, {f_type=PROC_SUPER_MAGIC, f_bsize=4096, f_blocks=0, f_bfree=0, f_bavail=0, f_files=0, f_ffree=0, f_fsid={val=[0x5c, 0]}, f_namelen=255, f_frsize=4096, f_flags=ST_VALID|ST_NOSUID|ST_NODEV|ST_NOEXEC|ST_RELATIME}) = 0
318342 17:02:50.714097 <... nanosleep resumed>NULL) = 0
318340 17:02:50.714117 fstat(13,  <unfinished ...>
318342 17:02:50.714146 nanosleep({tv_sec=0, tv_nsec=20000},  <unfinished ...>
318340 17:02:50.714167 <... fstat resumed>{st_mode=S_IFDIR|0555, st_size=0, ...}) = 0
318340 17:02:50.714221 openat2(AT_FDCWD, ".", {flags=O_RDONLY|O_CLOEXEC|O_PATH, resolve=RESOLVE_NO_SYMLINKS|RESOLVE_IN_ROOT}, 24 <unfinished ...>
318342 17:02:50.714264 <... nanosleep resumed>NULL) = 0
318340 17:02:50.714281 <... openat2 resumed>) = 8
318342 17:02:50.714307 nanosleep({tv_sec=0, tv_nsec=20000},  <unfinished ...>
318340 17:02:50.714329 close(8)         = 0
318342 17:02:50.714421 <... nanosleep resumed>NULL) = 0
318340 17:02:50.714445 openat2(13, "thread-self/fd/12", {flags=O_RDONLY|O_NOFOLLOW|O_CLOEXEC|O_PATH, resolve=RESOLVE_NO_XDEV|RESOLVE_NO_MAGICLINKS|RESOLVE_BENEATH}, 24 <unfinished ...>
318342 17:02:50.714476 nanosleep({tv_sec=0, tv_nsec=20000},  <unfinished ...>
318340 17:02:50.714495 <... openat2 resumed>) = 8
318340 17:02:50.714558 fcntl(8, F_GETFL <unfinished ...>
318342 17:02:50.714618 <... nanosleep resumed>NULL) = 0
318340 17:02:50.714664 <... fcntl resumed>) = 0x220000 (flags O_RDONLY|O_NOFOLLOW|O_PATH)
318342 17:02:50.714708 nanosleep({tv_sec=0, tv_nsec=20000},  <unfinished ...>
318340 17:02:50.714735 statx(13, "", AT_STATX_SYNC_AS_STAT|AT_SYMLINK_NOFOLLOW|AT_EMPTY_PATH, STATX_MNT_ID|STATX_MNT_ID_UNIQUE, {stx_mask=STATX_BASIC_STATS|STATX_MNT_ID_UNIQUE, stx_attributes=STATX_ATTR_MOUNT_ROOT, stx_mode=S_IFDIR|0555, stx_size=0, ...}) = 0
318342 17:02:50.714863 <... nanosleep resumed>NULL) = 0
318340 17:02:50.714911 statx(8, "", AT_STATX_SYNC_AS_STAT|AT_SYMLINK_NOFOLLOW|AT_EMPTY_PATH, STATX_MNT_ID|STATX_MNT_ID_UNIQUE,  <unfinished ...>
318342 17:02:50.714971 nanosleep({tv_sec=0, tv_nsec=20000},  <unfinished ...>
318340 17:02:50.715017 <... statx resumed>{stx_mask=STATX_BASIC_STATS|STATX_MNT_ID_UNIQUE, stx_attributes=0, stx_mode=S_IFLNK|000, stx_size=64, ...}) = 0
318340 17:02:50.715091 readlinkat(8, "",  <unfinished ...>
318342 17:02:50.715149 <... nanosleep resumed>NULL) = 0
318340 17:02:50.715167 <... readlinkat resumed>"/home/sh1rogane/Anolix/rootfs/de"..., 4096) = 33
318342 17:02:50.715202 nanosleep({tv_sec=0, tv_nsec=20000},  <unfinished ...>
318340 17:02:50.715243 close(8)         = 0
318342 17:02:50.715352 <... nanosleep resumed>NULL) = 0
318340 17:02:50.715402 close(11 <unfinished ...>
318342 17:02:50.715430 nanosleep({tv_sec=0, tv_nsec=20000},  <unfinished ...>
318340 17:02:50.715461 <... close resumed>) = 0
318342 17:02:50.715537 <... nanosleep resumed>NULL) = 0
318340 17:02:50.715614 close(12 <unfinished ...>
318342 17:02:50.715671 nanosleep({tv_sec=0, tv_nsec=20000},  <unfinished ...>
318340 17:02:50.715725 <... close resumed>) = 0
318340 17:02:50.715781 openat(AT_FDCWD, "/home/sh1rogane/Anolix/rootfs", O_RDONLY|O_CLOEXEC|O_PATH|O_DIRECTORY <unfinished ...>
318342 17:02:50.715842 <... nanosleep resumed>NULL) = 0
318340 17:02:50.715876 <... openat resumed>) = 8
318342 17:02:50.715922 nanosleep({tv_sec=0, tv_nsec=20000},  <unfinished ...>
318340 17:02:50.715969 fcntl(8, F_GETFL) = 0x210000 (flags O_RDONLY|O_PATH|O_DIRECTORY)
318342 17:02:50.716081 <... nanosleep resumed>NULL) = 0
318340 17:02:50.716129 fcntl(8, F_SETFL, O_RDONLY|O_NONBLOCK|O_PATH|O_DIRECTORY <unfinished ...>
318342 17:02:50.716154 nanosleep({tv_sec=0, tv_nsec=20000},  <unfinished ...>
318340 17:02:50.716188 <... fcntl resumed>) = -1 EBADF (Bad file descriptor)
318340 17:02:50.716268 openat2(8, "/dev/pts", {flags=O_RDONLY|O_CLOEXEC|O_PATH, resolve=RESOLVE_NO_MAGICLINKS|RESOLVE_IN_ROOT}, 24 <unfinished ...>
318342 17:02:50.716317 <... nanosleep resumed>NULL) = 0
318340 17:02:50.716339 <... openat2 resumed>) = -1 ENOENT (No such file or directory)
318342 17:02:50.716371 nanosleep({tv_sec=0, tv_nsec=20000},  <unfinished ...>
318340 17:02:50.716444 openat2(AT_FDCWD, ".", {flags=O_RDONLY|O_CLOEXEC|O_PATH, resolve=RESOLVE_NO_SYMLINKS|RESOLVE_IN_ROOT}, 24 <unfinished ...>
318342 17:02:50.716516 <... nanosleep resumed>NULL) = 0
318340 17:02:50.716538 <... openat2 resumed>) = 11
318342 17:02:50.716572 nanosleep({tv_sec=0, tv_nsec=20000},  <unfinished ...>
318340 17:02:50.716619 close(11)        = 0
318342 17:02:50.716716 <... nanosleep resumed>NULL) = 0
318340 17:02:50.716738 close(8 <unfinished ...>
318342 17:02:50.716764 nanosleep({tv_sec=0, tv_nsec=20000},  <unfinished ...>
318340 17:02:50.716784 <... close resumed>) = 0
318340 17:02:50.716858 newfstatat(AT_FDCWD, "/home/sh1rogane/Anolix/rootfs//dev",  <unfinished ...>
318342 17:02:50.716910 <... nanosleep resumed>NULL) = 0
318340 17:02:50.716931 <... newfstatat resumed>{st_mode=S_IFDIR|0755, st_size=40, ...}, AT_SYMLINK_NOFOLLOW) = 0
318342 17:02:50.716971 nanosleep({tv_sec=0, tv_nsec=20000},  <unfinished ...>
318340 17:02:50.717017 newfstatat(AT_FDCWD, "/home/sh1rogane/Anolix/rootfs//dev/pts", 0xc0000c57c8, AT_SYMLINK_NOFOLLOW) = -1 ENOENT (No such file or directory)
318342 17:02:50.717121 <... nanosleep resumed>NULL) = 0
318340 17:02:50.717142 openat(AT_FDCWD, "/home/sh1rogane/Anolix/rootfs", O_RDONLY|O_CLOEXEC|O_DIRECTORY <unfinished ...>
318342 17:02:50.717177 nanosleep({tv_sec=0, tv_nsec=20000},  <unfinished ...>
318340 17:02:50.717220 <... openat resumed>) = 8
318340 17:02:50.717265 fcntl(8, F_GETFL <unfinished ...>
318342 17:02:50.717315 <... nanosleep resumed>NULL) = 0
318340 17:02:50.717355 <... fcntl resumed>) = 0x18000 (flags O_RDONLY|O_LARGEFILE|O_DIRECTORY)
318342 17:02:50.717376 nanosleep({tv_sec=0, tv_nsec=20000},  <unfinished ...>
318340 17:02:50.717408 fcntl(8, F_SETFL, O_RDONLY|O_NONBLOCK|O_LARGEFILE|O_DIRECTORY) = 0
318342 17:02:50.717513 <... nanosleep resumed>NULL) = 0
318340 17:02:50.717534 epoll_ctl(9, EPOLL_CTL_ADD, 8, {events=EPOLLIN|EPOLLOUT|EPOLLRDHUP|EPOLLET, data={u32=787480582, u64=9037941901288800262}} <unfinished ...>
318342 17:02:50.717592 nanosleep({tv_sec=0, tv_nsec=20000},  <unfinished ...>
318340 17:02:50.717741 <... epoll_ctl resumed>) = -1 EPERM (Operation not permitted)
318342 17:02:50.717798 <... nanosleep resumed>NULL) = 0
318340 17:02:50.717822 fcntl(8, F_GETFL <unfinished ...>
318342 17:02:50.717852 nanosleep({tv_sec=0, tv_nsec=20000},  <unfinished ...>
318340 17:02:50.717876 <... fcntl resumed>) = 0x18800 (flags O_RDONLY|O_NONBLOCK|O_LARGEFILE|O_DIRECTORY)
318340 17:02:50.717941 fcntl(8, F_SETFL, O_RDONLY|O_LARGEFILE|O_DIRECTORY <unfinished ...>
318342 17:02:50.718001 <... nanosleep resumed>NULL) = 0
318340 17:02:50.718060 <... fcntl resumed>) = 0
318342 17:02:50.718105 futex(0xc00006d148, FUTEX_WAKE_PRIVATE, 1 <unfinished ...>
318340 17:02:50.718150 futex(0xeeaf80, FUTEX_WAIT_PRIVATE, 0, NULL <unfinished ...>
318343 17:02:50.718190 <... futex resumed>) = 0
318342 17:02:50.718226 <... futex resumed>) = 1
318343 17:02:50.718273 futex(0xeeaf80, FUTEX_WAKE_PRIVATE, 1 <unfinished ...>
318342 17:02:50.718317 nanosleep({tv_sec=0, tv_nsec=20000},  <unfinished ...>
318343 17:02:50.718349 <... futex resumed>) = 1
318340 17:02:50.718375 <... futex resumed>) = 0
318343 17:02:50.718392 futex(0xc00006d148, FUTEX_WAIT_PRIVATE, 0, NULL <unfinished ...>
318340 17:02:50.718411 openat2(8, "/dev/pts", {flags=O_RDONLY|O_CLOEXEC|O_PATH, resolve=RESOLVE_NO_MAGICLINKS|RESOLVE_IN_ROOT}, 24 <unfinished ...>
318342 17:02:50.718443 <... nanosleep resumed>NULL) = 0
318340 17:02:50.718470 <... openat2 resumed>) = -1 ENOENT (No such file or directory)
318342 17:02:50.718499 nanosleep({tv_sec=0, tv_nsec=20000},  <unfinished ...>
318340 17:02:50.718529 openat2(8, "/dev", {flags=O_RDONLY|O_CLOEXEC|O_PATH, resolve=RESOLVE_NO_MAGICLINKS|RESOLVE_IN_ROOT}, 24) = 11
318342 17:02:50.718654 <... nanosleep resumed>NULL) = 0
318340 17:02:50.718695 fcntl(11, F_GETFL <unfinished ...>
318342 17:02:50.718723 nanosleep({tv_sec=0, tv_nsec=20000},  <unfinished ...>
318340 17:02:50.718761 <... fcntl resumed>) = 0x200000 (flags O_RDONLY|O_PATH)
318340 17:02:50.718808 fstatfs(13,  <unfinished ...>
318342 17:02:50.718844 <... nanosleep resumed>NULL) = 0
318340 17:02:50.718861 <... fstatfs resumed>{f_type=PROC_SUPER_MAGIC, f_bsize=4096, f_blocks=0, f_bfree=0, f_bavail=0, f_files=0, f_ffree=0, f_fsid={val=[0x5c, 0]}, f_namelen=255, f_frsize=4096, f_flags=ST_VALID|ST_NOSUID|ST_NODEV|ST_NOEXEC|ST_RELATIME}) = 0
318342 17:02:50.718893 nanosleep({tv_sec=0, tv_nsec=20000},  <unfinished ...>
318340 17:02:50.718912 fstat(13, {st_mode=S_IFDIR|0555, st_size=0, ...}) = 0
318342 17:02:50.719007 <... nanosleep resumed>NULL) = 0
318340 17:02:50.719030 openat2(AT_FDCWD, ".", {flags=O_RDONLY|O_CLOEXEC|O_PATH, resolve=RESOLVE_NO_SYMLINKS|RESOLVE_IN_ROOT}, 24 <unfinished ...>
318342 17:02:50.719072 nanosleep({tv_sec=0, tv_nsec=20000},  <unfinished ...>
318340 17:02:50.719115 <... openat2 resumed>) = 12
318340 17:02:50.719191 close(12 <unfinished ...>
318342 17:02:50.719234 <... nanosleep resumed>NULL) = 0
318340 17:02:50.719252 <... close resumed>) = 0
318342 17:02:50.719279 epoll_pwait(9,  <unfinished ...>
318340 17:02:50.719296 openat2(13, "thread-self/fd/11", {flags=O_RDONLY|O_NOFOLLOW|O_CLOEXEC|O_PATH, resolve=RESOLVE_NO_XDEV|RESOLVE_NO_MAGICLINKS|RESOLVE_BENEATH}, 24 <unfinished ...>
318342 17:02:50.719327 <... epoll_pwait resumed>[], 128, 0, NULL, 0) = 0
318340 17:02:50.719364 <... openat2 resumed>) = 12
318342 17:02:50.719409 nanosleep({tv_sec=0, tv_nsec=20000},  <unfinished ...>
318340 17:02:50.719456 fcntl(12, F_GETFL <unfinished ...>
318342 17:02:50.719510 <... nanosleep resumed>NULL) = 0
318340 17:02:50.719547 <... fcntl resumed>) = 0x220000 (flags O_RDONLY|O_NOFOLLOW|O_PATH)
318342 17:02:50.719572 nanosleep({tv_sec=0, tv_nsec=20000},  <unfinished ...>
318340 17:02:50.719600 statx(13, "", AT_STATX_SYNC_AS_STAT|AT_SYMLINK_NOFOLLOW|AT_EMPTY_PATH, STATX_MNT_ID|STATX_MNT_ID_UNIQUE, {stx_mask=STATX_BASIC_STATS|STATX_MNT_ID_UNIQUE, stx_attributes=STATX_ATTR_MOUNT_ROOT, stx_mode=S_IFDIR|0555, stx_size=0, ...}) = 0
318342 17:02:50.719711 <... nanosleep resumed>NULL) = 0
318340 17:02:50.719731 statx(12, "", AT_STATX_SYNC_AS_STAT|AT_SYMLINK_NOFOLLOW|AT_EMPTY_PATH, STATX_MNT_ID|STATX_MNT_ID_UNIQUE,  <unfinished ...>
318342 17:02:50.719760 nanosleep({tv_sec=0, tv_nsec=20000},  <unfinished ...>
318340 17:02:50.719798 <... statx resumed>{stx_mask=STATX_BASIC_STATS|STATX_MNT_ID_UNIQUE, stx_attributes=0, stx_mode=S_IFLNK|000, stx_size=64, ...}) = 0
318340 17:02:50.719857 readlinkat(12, "",  <unfinished ...>
318342 17:02:50.719896 <... nanosleep resumed>NULL) = 0
318340 17:02:50.719913 <... readlinkat resumed>"/home/sh1rogane/Anolix/rootfs/de"..., 4096) = 33
318342 17:02:50.719941 nanosleep({tv_sec=0, tv_nsec=20000},  <unfinished ...>
318340 17:02:50.719978 close(12)        = 0
318342 17:02:50.720086 <... nanosleep resumed>NULL) = 0
318340 17:02:50.720137 fcntl(11, F_DUPFD_CLOEXEC, 0 <unfinished ...>
318342 17:02:50.720187 nanosleep({tv_sec=0, tv_nsec=20000},  <unfinished ...>
318340 17:02:50.720237 <... fcntl resumed>) = 12
318340 17:02:50.720286 fcntl(12, F_GETFL <unfinished ...>
318342 17:02:50.720330 <... nanosleep resumed>NULL) = 0
318340 17:02:50.720371 <... fcntl resumed>) = 0x200000 (flags O_RDONLY|O_PATH)
318342 17:02:50.720412 nanosleep({tv_sec=0, tv_nsec=20000},  <unfinished ...>
318340 17:02:50.720456 close(11)        = 0
318342 17:02:50.720554 <... nanosleep resumed>NULL) = 0
318340 17:02:50.720595 openat2(AT_FDCWD, ".", {flags=O_RDONLY|O_CLOEXEC|O_PATH, resolve=RESOLVE_NO_SYMLINKS|RESOLVE_IN_ROOT}, 24 <unfinished ...>
318342 17:02:50.720639 nanosleep({tv_sec=0, tv_nsec=20000},  <unfinished ...>
318340 17:02:50.720680 <... openat2 resumed>) = 11
318340 17:02:50.720720 close(11 <unfinished ...>
318342 17:02:50.720787 <... nanosleep resumed>NULL) = 0
318340 17:02:50.720832 <... close resumed>) = 0
318342 17:02:50.720854 nanosleep({tv_sec=0, tv_nsec=20000},  <unfinished ...>
318340 17:02:50.720883 fstat(12, {st_mode=S_IFDIR|0755, st_size=40, ...}) = 0
318342 17:02:50.721010 <... nanosleep resumed>NULL) = 0
318340 17:02:50.721049 fstatfs(13,  <unfinished ...>
318342 17:02:50.721076 nanosleep({tv_sec=0, tv_nsec=20000},  <unfinished ...>
318340 17:02:50.721113 <... fstatfs resumed>{f_type=PROC_SUPER_MAGIC, f_bsize=4096, f_blocks=0, f_bfree=0, f_bavail=0, f_files=0, f_ffree=0, f_fsid={val=[0x5c, 0]}, f_namelen=255, f_frsize=4096, f_flags=ST_VALID|ST_NOSUID|ST_NODEV|ST_NOEXEC|ST_RELATIME}) = 0
318340 17:02:50.721178 fstat(13,  <unfinished ...>
318342 17:02:50.721233 <... nanosleep resumed>NULL) = 0
318340 17:02:50.721279 <... fstat resumed>{st_mode=S_IFDIR|0555, st_size=0, ...}) = 0
318342 17:02:50.721330 nanosleep({tv_sec=0, tv_nsec=20000},  <unfinished ...>
318340 17:02:50.721356 openat2(AT_FDCWD, ".", {flags=O_RDONLY|O_CLOEXEC|O_PATH, resolve=RESOLVE_NO_SYMLINKS|RESOLVE_IN_ROOT}, 24) = 11
318342 17:02:50.721481 <... nanosleep resumed>NULL) = 0
318340 17:02:50.721503 close(11 <unfinished ...>
318342 17:02:50.721533 nanosleep({tv_sec=0, tv_nsec=20000},  <unfinished ...>
318340 17:02:50.721577 <... close resumed>) = 0
318340 17:02:50.721635 openat2(13, "thread-self/fd/", {flags=O_RDONLY|O_NOFOLLOW|O_CLOEXEC|O_PATH, resolve=RESOLVE_NO_XDEV|RESOLVE_NO_MAGICLINKS|RESOLVE_BENEATH}, 24 <unfinished ...>
318342 17:02:50.721690 <... nanosleep resumed>NULL) = 0
318340 17:02:50.721714 <... openat2 resumed>) = 11
318342 17:02:50.721738 nanosleep({tv_sec=0, tv_nsec=20000},  <unfinished ...>
318340 17:02:50.721769 fcntl(11, F_GETFL) = 0x220000 (flags O_RDONLY|O_NOFOLLOW|O_PATH)
318342 17:02:50.721873 <... nanosleep resumed>NULL) = 0
318340 17:02:50.721915 statx(13, "", AT_STATX_SYNC_AS_STAT|AT_SYMLINK_NOFOLLOW|AT_EMPTY_PATH, STATX_MNT_ID|STATX_MNT_ID_UNIQUE,  <unfinished ...>
318342 17:02:50.721951 nanosleep({tv_sec=0, tv_nsec=20000},  <unfinished ...>
318340 17:02:50.721987 <... statx resumed>{stx_mask=STATX_BASIC_STATS|STATX_MNT_ID_UNIQUE, stx_attributes=STATX_ATTR_MOUNT_ROOT, stx_mode=S_IFDIR|0555, stx_size=0, ...}) = 0
318340 17:02:50.722053 statx(11, "12", AT_STATX_SYNC_AS_STAT|AT_SYMLINK_NOFOLLOW|AT_EMPTY_PATH, STATX_MNT_ID|STATX_MNT_ID_UNIQUE,  <unfinished ...>
318342 17:02:50.722119 <... nanosleep resumed>NULL) = 0
318340 17:02:50.722138 <... statx resumed>{stx_mask=STATX_BASIC_STATS|STATX_MNT_ID_UNIQUE, stx_attributes=0, stx_mode=S_IFLNK|000, stx_size=64, ...}) = 0
318342 17:02:50.722168 nanosleep({tv_sec=0, tv_nsec=20000},  <unfinished ...>
318340 17:02:50.722198 openat(11, "12", O_RDONLY|O_CLOEXEC|O_DIRECTORY) = 14
318342 17:02:50.722318 <... nanosleep resumed>NULL) = 0
318340 17:02:50.722368 fcntl(14, F_GETFL <unfinished ...>
318342 17:02:50.722390 nanosleep({tv_sec=0, tv_nsec=20000},  <unfinished ...>
318340 17:02:50.722421 <... fcntl resumed>) = 0x18000 (flags O_RDONLY|O_LARGEFILE|O_DIRECTORY)
318340 17:02:50.722481 close(11 <unfinished ...>
318342 17:02:50.722532 <... nanosleep resumed>NULL) = 0
318340 17:02:50.722556 <... close resumed>) = 0
318342 17:02:50.722584 nanosleep({tv_sec=0, tv_nsec=20000},  <unfinished ...>
318340 17:02:50.722629 close(12)        = 0
318342 17:02:50.722750 <... nanosleep resumed>NULL) = 0
318340 17:02:50.722793 mkdirat(14, "pts", 0755 <unfinished ...>
318342 17:02:50.722816 nanosleep({tv_sec=0, tv_nsec=20000},  <unfinished ...>
318340 17:02:50.722844 <... mkdirat resumed>) = 0
318340 17:02:50.722889 openat2(AT_FDCWD, ".", {flags=O_RDONLY|O_CLOEXEC|O_PATH, resolve=RESOLVE_NO_SYMLINKS|RESOLVE_IN_ROOT}, 24 <unfinished ...>
318342 17:02:50.722952 <... nanosleep resumed>NULL) = 0
318340 17:02:50.722990 <... openat2 resumed>) = 11
318342 17:02:50.723016 nanosleep({tv_sec=0, tv_nsec=20000},  <unfinished ...>
318340 17:02:50.723043 close(11)        = 0
318342 17:02:50.723141 <... nanosleep resumed>NULL) = 0
318340 17:02:50.723183 openat2(14, "pts", {flags=O_RDONLY|O_NOFOLLOW|O_CLOEXEC|O_DIRECTORY, resolve=RESOLVE_NO_XDEV|RESOLVE_NO_SYMLINKS|RESOLVE_BENEATH}, 24 <unfinished ...>
318342 17:02:50.723204 nanosleep({tv_sec=0, tv_nsec=20000},  <unfinished ...>
318340 17:02:50.723232 <... openat2 resumed>) = 11
318340 17:02:50.723303 fcntl(11, F_GETFL <unfinished ...>
318342 17:02:50.723357 <... nanosleep resumed>NULL) = 0
318340 17:02:50.723375 <... fcntl resumed>) = 0x38000 (flags O_RDONLY|O_LARGEFILE|O_NOFOLLOW|O_DIRECTORY)
318342 17:02:50.723403 nanosleep({tv_sec=0, tv_nsec=20000},  <unfinished ...>
318340 17:02:50.723453 close(14 <unfinished ...>
318342 17:02:50.723520 <... nanosleep resumed>NULL) = 0
318340 17:02:50.723566 <... close resumed>) = 0
318342 17:02:50.723596 nanosleep({tv_sec=0, tv_nsec=20000},  <unfinished ...>
318340 17:02:50.723620 close(8)         = 0
318342 17:02:50.723728 <... nanosleep resumed>NULL) = 0
318340 17:02:50.723778 fstatfs(13,  <unfinished ...>
318342 17:02:50.723824 nanosleep({tv_sec=0, tv_nsec=20000},  <unfinished ...>
318340 17:02:50.723872 <... fstatfs resumed>{f_type=PROC_SUPER_MAGIC, f_bsize=4096, f_blocks=0, f_bfree=0, f_bavail=0, f_files=0, f_ffree=0, f_fsid={val=[0x5c, 0]}, f_namelen=255, f_frsize=4096, f_flags=ST_VALID|ST_NOSUID|ST_NODEV|ST_NOEXEC|ST_RELATIME}) = 0
318340 17:02:50.723954 fstat(13,  <unfinished ...>
318342 17:02:50.723995 <... nanosleep resumed>NULL) = 0
318340 17:02:50.724013 <... fstat resumed>{st_mode=S_IFDIR|0555, st_size=0, ...}) = 0
318342 17:02:50.724047 nanosleep({tv_sec=0, tv_nsec=20000},  <unfinished ...>
318340 17:02:50.724088 openat2(AT_FDCWD, ".", {flags=O_RDONLY|O_CLOEXEC|O_PATH, resolve=RESOLVE_NO_SYMLINKS|RESOLVE_IN_ROOT}, 24) = 8
318342 17:02:50.724182 <... nanosleep resumed>NULL) = 0
318340 17:02:50.724223 close(8 <unfinished ...>
318342 17:02:50.724255 nanosleep({tv_sec=0, tv_nsec=20000},  <unfinished ...>
318340 17:02:50.724290 <... close resumed>) = 0
318340 17:02:50.724361 openat2(13, "thread-self/fd/11", {flags=O_RDONLY|O_NOFOLLOW|O_CLOEXEC|O_PATH, resolve=RESOLVE_NO_XDEV|RESOLVE_NO_MAGICLINKS|RESOLVE_BENEATH}, 24 <unfinished ...>
318342 17:02:50.724410 <... nanosleep resumed>NULL) = 0
318340 17:02:50.724432 <... openat2 resumed>) = 8
318342 17:02:50.724464 nanosleep({tv_sec=0, tv_nsec=20000},  <unfinished ...>
318340 17:02:50.724499 fcntl(8, F_GETFL) = 0x220000 (flags O_RDONLY|O_NOFOLLOW|O_PATH)
318342 17:02:50.724615 <... nanosleep resumed>NULL) = 0
318340 17:02:50.724650 statx(13, "", AT_STATX_SYNC_AS_STAT|AT_SYMLINK_NOFOLLOW|AT_EMPTY_PATH, STATX_MNT_ID|STATX_MNT_ID_UNIQUE,  <unfinished ...>
318342 17:02:50.724684 nanosleep({tv_sec=0, tv_nsec=20000},  <unfinished ...>
318340 17:02:50.724703 <... statx resumed>{stx_mask=STATX_BASIC_STATS|STATX_MNT_ID_UNIQUE, stx_attributes=STATX_ATTR_MOUNT_ROOT, stx_mode=S_IFDIR|0555, stx_size=0, ...}) = 0
318340 17:02:50.724763 statx(8, "", AT_STATX_SYNC_AS_STAT|AT_SYMLINK_NOFOLLOW|AT_EMPTY_PATH, STATX_MNT_ID|STATX_MNT_ID_UNIQUE,  <unfinished ...>
318342 17:02:50.724813 <... nanosleep resumed>NULL) = 0
318340 17:02:50.724835 <... statx resumed>{stx_mask=STATX_BASIC_STATS|STATX_MNT_ID_UNIQUE, stx_attributes=0, stx_mode=S_IFLNK|0500, stx_size=64, ...}) = 0
318342 17:02:50.724870 nanosleep({tv_sec=0, tv_nsec=20000},  <unfinished ...>
318340 17:02:50.724913 readlinkat(8, "", "/home/sh1rogane/Anolix/rootfs/de"..., 4096) = 37
318342 17:02:50.725011 <... nanosleep resumed>NULL) = 0
318340 17:02:50.725030 close(8 <unfinished ...>
318342 17:02:50.725048 nanosleep({tv_sec=0, tv_nsec=20000},  <unfinished ...>
318340 17:02:50.725076 <... close resumed>) = 0
318340 17:02:50.725129 mount("devpts", "/proc/thread-self/fd/11", "devpts", MS_NOSUID|MS_NOEXEC, "newinstance,ptmxmode=0666,mode=0"... <unfinished ...>
318342 17:02:50.725170 <... nanosleep resumed>NULL) = 0
318342 17:02:50.725218 nanosleep({tv_sec=0, tv_nsec=20000},  <unfinished ...>
318340 17:02:50.725279 <... mount resumed>) = 0
318340 17:02:50.725351 fstatfs(13,  <unfinished ...>
318342 17:02:50.725389 <... nanosleep resumed>NULL) = 0
318340 17:02:50.725407 <... fstatfs resumed>{f_type=PROC_SUPER_MAGIC, f_bsize=4096, f_blocks=0, f_bfree=0, f_bavail=0, f_files=0, f_ffree=0, f_fsid={val=[0x5c, 0]}, f_namelen=255, f_frsize=4096, f_flags=ST_VALID|ST_NOSUID|ST_NODEV|ST_NOEXEC|ST_RELATIME}) = 0
318342 17:02:50.725439 nanosleep({tv_sec=0, tv_nsec=20000},  <unfinished ...>
318340 17:02:50.725467 fstat(13, {st_mode=S_IFDIR|0555, st_size=0, ...}) = 0
318342 17:02:50.725572 <... nanosleep resumed>NULL) = 0
318340 17:02:50.725594 openat2(AT_FDCWD, ".", {flags=O_RDONLY|O_CLOEXEC|O_PATH, resolve=RESOLVE_NO_SYMLINKS|RESOLVE_IN_ROOT}, 24 <unfinished ...>
318342 17:02:50.725625 nanosleep({tv_sec=0, tv_nsec=20000},  <unfinished ...>
318340 17:02:50.725662 <... openat2 resumed>) = 8
318340 17:02:50.725715 close(8 <unfinished ...>
318342 17:02:50.725756 <... nanosleep resumed>NULL) = 0
318340 17:02:50.725776 <... close resumed>) = 0
318342 17:02:50.725802 nanosleep({tv_sec=0, tv_nsec=20000},  <unfinished ...>
318340 17:02:50.725821 openat2(13, "thread-self/fd/11", {flags=O_RDONLY|O_NOFOLLOW|O_CLOEXEC|O_PATH, resolve=RESOLVE_NO_XDEV|RESOLVE_NO_MAGICLINKS|RESOLVE_BENEATH}, 24) = 8
318342 17:02:50.725924 <... nanosleep resumed>NULL) = 0
318340 17:02:50.725968 fcntl(8, F_GETFL <unfinished ...>
318342 17:02:50.726016 nanosleep({tv_sec=0, tv_nsec=20000},  <unfinished ...>
318340 17:02:50.726048 <... fcntl resumed>) = 0x220000 (flags O_RDONLY|O_NOFOLLOW|O_PATH)
318340 17:02:50.726115 statx(13, "", AT_STATX_SYNC_AS_STAT|AT_SYMLINK_NOFOLLOW|AT_EMPTY_PATH, STATX_MNT_ID|STATX_MNT_ID_UNIQUE,  <unfinished ...>
318342 17:02:50.726163 <... nanosleep resumed>NULL) = 0
318340 17:02:50.726190 <... statx resumed>{stx_mask=STATX_BASIC_STATS|STATX_MNT_ID_UNIQUE, stx_attributes=STATX_ATTR_MOUNT_ROOT, stx_mode=S_IFDIR|0555, stx_size=0, ...}) = 0
318342 17:02:50.726226 nanosleep({tv_sec=0, tv_nsec=20000},  <unfinished ...>
318340 17:02:50.726260 statx(8, "", AT_STATX_SYNC_AS_STAT|AT_SYMLINK_NOFOLLOW|AT_EMPTY_PATH, STATX_MNT_ID|STATX_MNT_ID_UNIQUE, {stx_mask=STATX_BASIC_STATS|STATX_MNT_ID_UNIQUE, stx_attributes=0, stx_mode=S_IFLNK|0500, stx_size=64, ...}) = 0
318342 17:02:50.726393 <... nanosleep resumed>NULL) = 0
318340 17:02:50.726445 readlinkat(8, "",  <unfinished ...>
318342 17:02:50.726482 nanosleep({tv_sec=0, tv_nsec=20000},  <unfinished ...>
318340 17:02:50.726528 <... readlinkat resumed>"/home/sh1rogane/Anolix/rootfs/de"..., 4096) = 37
318342 17:02:50.726691 <... nanosleep resumed>NULL) = 0
318340 17:02:50.726743 close(8 <unfinished ...>
318342 17:02:50.726774 nanosleep({tv_sec=0, tv_nsec=20000},  <unfinished ...>
318340 17:02:50.726818 <... close resumed>) = 0
318340 17:02:50.726892 openat(AT_FDCWD, "/home/sh1rogane/Anolix/rootfs", O_RDONLY|O_CLOEXEC|O_PATH|O_DIRECTORY <unfinished ...>
318342 17:02:50.726943 <... nanosleep resumed>NULL) = 0
318340 17:02:50.726967 <... openat resumed>) = 8
318342 17:02:50.726996 nanosleep({tv_sec=0, tv_nsec=20000},  <unfinished ...>
318340 17:02:50.727016 fcntl(8, F_GETFL) = 0x210000 (flags O_RDONLY|O_PATH|O_DIRECTORY)
318342 17:02:50.727114 <... nanosleep resumed>NULL) = 0
318340 17:02:50.727141 fcntl(8, F_SETFL, O_RDONLY|O_NONBLOCK|O_PATH|O_DIRECTORY <unfinished ...>
318342 17:02:50.727171 nanosleep({tv_sec=0, tv_nsec=20000},  <unfinished ...>
318340 17:02:50.727248 <... fcntl resumed>) = -1 EBADF (Bad file descriptor)
318340 17:02:50.727301 openat2(8, "/dev/pts", {flags=O_RDONLY|O_CLOEXEC|O_PATH, resolve=RESOLVE_NO_MAGICLINKS|RESOLVE_IN_ROOT}, 24 <unfinished ...>
318342 17:02:50.727372 <... nanosleep resumed>NULL) = 0
318340 17:02:50.727426 <... openat2 resumed>) = 12
318342 17:02:50.727449 nanosleep({tv_sec=0, tv_nsec=20000},  <unfinished ...>
318340 17:02:50.727500 fcntl(12, F_GETFL) = 0x200000 (flags O_RDONLY|O_PATH)
318342 17:02:50.727611 <... nanosleep resumed>NULL) = 0
318340 17:02:50.727633 fstatfs(13,  <unfinished ...>
318342 17:02:50.727665 nanosleep({tv_sec=0, tv_nsec=20000},  <unfinished ...>
318340 17:02:50.727690 <... fstatfs resumed>{f_type=PROC_SUPER_MAGIC, f_bsize=4096, f_blocks=0, f_bfree=0, f_bavail=0, f_files=0, f_ffree=0, f_fsid={val=[0x5c, 0]}, f_namelen=255, f_frsize=4096, f_flags=ST_VALID|ST_NOSUID|ST_NODEV|ST_NOEXEC|ST_RELATIME}) = 0
318340 17:02:50.727761 fstat(13,  <unfinished ...>
318342 17:02:50.727808 <... nanosleep resumed>NULL) = 0
318340 17:02:50.727832 <... fstat resumed>{st_mode=S_IFDIR|0555, st_size=0, ...}) = 0
318342 17:02:50.727872 nanosleep({tv_sec=0, tv_nsec=20000},  <unfinished ...>
318340 17:02:50.727896 openat2(AT_FDCWD, ".", {flags=O_RDONLY|O_CLOEXEC|O_PATH, resolve=RESOLVE_NO_SYMLINKS|RESOLVE_IN_ROOT}, 24) = 14
318342 17:02:50.728013 <... nanosleep resumed>NULL) = 0
318340 17:02:50.728039 close(14 <unfinished ...>
318342 17:02:50.728086 nanosleep({tv_sec=0, tv_nsec=20000},  <unfinished ...>
318340 17:02:50.728137 <... close resumed>) = 0
318340 17:02:50.728203 openat2(13, "thread-self/fd/12", {flags=O_RDONLY|O_NOFOLLOW|O_CLOEXEC|O_PATH, resolve=RESOLVE_NO_XDEV|RESOLVE_NO_MAGICLINKS|RESOLVE_BENEATH}, 24 <unfinished ...>
318342 17:02:50.728262 <... nanosleep resumed>NULL) = 0
318342 17:02:50.728321 nanosleep({tv_sec=0, tv_nsec=20000},  <unfinished ...>
318340 17:02:50.728363 <... openat2 resumed>) = 14
318340 17:02:50.728412 fcntl(14, F_GETFL <unfinished ...>
318342 17:02:50.728486 <... nanosleep resumed>NULL) = 0
318340 17:02:50.728533 <... fcntl resumed>) = 0x220000 (flags O_RDONLY|O_NOFOLLOW|O_PATH)
318342 17:02:50.728576 getpid( <unfinished ...>
318340 17:02:50.728616 futex(0xc00006d148, FUTEX_WAKE_PRIVATE, 1 <unfinished ...>
318342 17:02:50.728639 <... getpid resumed>) = 1
318343 17:02:50.728672 <... futex resumed>) = 0
318340 17:02:50.728714 <... futex resumed>) = 1
318343 17:02:50.728739 futex(0xeeaf80, FUTEX_WAKE_PRIVATE, 1 <unfinished ...>
318342 17:02:50.728776 tgkill(1, 1, SIGURG <unfinished ...>
318343 17:02:50.728800 <... futex resumed>) = 0
318340 17:02:50.728832 statx(13, "", AT_STATX_SYNC_AS_STAT|AT_SYMLINK_NOFOLLOW|AT_EMPTY_PATH, STATX_MNT_ID|STATX_MNT_ID_UNIQUE,  <unfinished ...>
318343 17:02:50.728862 futex(0xc00006d148, FUTEX_WAIT_PRIVATE, 0, NULL <unfinished ...>
318342 17:02:50.728896 <... tgkill resumed>) = 0
318340 17:02:50.728919 <... statx resumed>{stx_mask=STATX_BASIC_STATS|STATX_MNT_ID_UNIQUE, stx_attributes=STATX_ATTR_MOUNT_ROOT, stx_mode=S_IFDIR|0555, stx_size=0, ...}) = 0
318342 17:02:50.728954 nanosleep({tv_sec=0, tv_nsec=20000},  <unfinished ...>
318340 17:02:50.728976 --- SIGURG {si_signo=SIGURG, si_code=SI_TKILL, si_pid=1, si_uid=0} ---
318340 17:02:50.729039 rt_sigreturn({mask=[]} <unfinished ...>
318342 17:02:50.729091 <... nanosleep resumed>NULL) = 0
318340 17:02:50.729132 <... rt_sigreturn resumed>) = 0
318342 17:02:50.729182 nanosleep({tv_sec=0, tv_nsec=20000},  <unfinished ...>
318340 17:02:50.729206 statx(14, "", AT_STATX_SYNC_AS_STAT|AT_SYMLINK_NOFOLLOW|AT_EMPTY_PATH, STATX_MNT_ID|STATX_MNT_ID_UNIQUE, {stx_mask=STATX_BASIC_STATS|STATX_MNT_ID_UNIQUE, stx_attributes=0, stx_mode=S_IFLNK|000, stx_size=64, ...}) = 0
318342 17:02:50.729325 <... nanosleep resumed>NULL) = 0
318342 17:02:50.729371 epoll_pwait(9,  <unfinished ...>
318340 17:02:50.729414 readlinkat(14, "",  <unfinished ...>
318342 17:02:50.729453 <... epoll_pwait resumed>[], 128, 0, NULL, 0) = 0
318340 17:02:50.729500 <... readlinkat resumed>"/home/sh1rogane/Anolix/rootfs/de"..., 4096) = 37
318342 17:02:50.729533 nanosleep({tv_sec=0, tv_nsec=20000},  <unfinished ...>
318340 17:02:50.729558 close(14)        = 0
318342 17:02:50.729676 <... nanosleep resumed>NULL) = 0
318340 17:02:50.729714 fcntl(12, F_DUPFD_CLOEXEC, 0 <unfinished ...>
318342 17:02:50.729738 nanosleep({tv_sec=0, tv_nsec=40000},  <unfinished ...>
318340 17:02:50.729767 <... fcntl resumed>) = 14
318340 17:02:50.729836 fcntl(14, F_GETFL <unfinished ...>
318342 17:02:50.729892 <... nanosleep resumed>NULL) = 0
318340 17:02:50.729938 <... fcntl resumed>) = 0x200000 (flags O_RDONLY|O_PATH)
318342 17:02:50.729974 nanosleep({tv_sec=0, tv_nsec=80000},  <unfinished ...>
318340 17:02:50.730022 close(12)        = 0
318340 17:02:50.730158 close(8 <unfinished ...>
318342 17:02:50.730224 <... nanosleep resumed>NULL) = 0
318340 17:02:50.730279 <... close resumed>) = 0
318342 17:02:50.730319 nanosleep({tv_sec=0, tv_nsec=160000},  <unfinished ...>
318340 17:02:50.730376 fstatfs(13, {f_type=PROC_SUPER_MAGIC, f_bsize=4096, f_blocks=0, f_bfree=0, f_bavail=0, f_files=0, f_ffree=0, f_fsid={val=[0x5c, 0]}, f_namelen=255, f_frsize=4096, f_flags=ST_VALID|ST_NOSUID|ST_NODEV|ST_NOEXEC|ST_RELATIME}) = 0
318340 17:02:50.730540 fstat(13,  <unfinished ...>
318342 17:02:50.730602 <... nanosleep resumed>NULL) = 0
318340 17:02:50.730665 <... fstat resumed>{st_mode=S_IFDIR|0555, st_size=0, ...}) = 0
318342 17:02:50.730721 nanosleep({tv_sec=0, tv_nsec=320000},  <unfinished ...>
318340 17:02:50.730774 openat2(AT_FDCWD, ".", {flags=O_RDONLY|O_CLOEXEC|O_PATH, resolve=RESOLVE_NO_SYMLINKS|RESOLVE_IN_ROOT}, 24) = 8
318340 17:02:50.730942 close(8)         = 0
318340 17:02:50.731115 openat2(13, "thread-self/fd/", {flags=O_RDONLY|O_NOFOLLOW|O_CLOEXEC|O_PATH, resolve=RESOLVE_NO_XDEV|RESOLVE_NO_MAGICLINKS|RESOLVE_BENEATH}, 24 <unfinished ...>
318342 17:02:50.731183 <... nanosleep resumed>NULL) = 0
318340 17:02:50.731215 <... openat2 resumed>) = 8
318342 17:02:50.731233 nanosleep({tv_sec=0, tv_nsec=640000},  <unfinished ...>
318340 17:02:50.731254 fcntl(8, F_GETFL) = 0x220000 (flags O_RDONLY|O_NOFOLLOW|O_PATH)
318340 17:02:50.731395 statx(13, "", AT_STATX_SYNC_AS_STAT|AT_SYMLINK_NOFOLLOW|AT_EMPTY_PATH, STATX_MNT_ID|STATX_MNT_ID_UNIQUE, {stx_mask=STATX_BASIC_STATS|STATX_MNT_ID_UNIQUE, stx_attributes=STATX_ATTR_MOUNT_ROOT, stx_mode=S_IFDIR|0555, stx_size=0, ...}) = 0
318340 17:02:50.731569 statx(8, "14", AT_STATX_SYNC_AS_STAT|AT_SYMLINK_NOFOLLOW|AT_EMPTY_PATH, STATX_MNT_ID|STATX_MNT_ID_UNIQUE, {stx_mask=STATX_BASIC_STATS|STATX_MNT_ID_UNIQUE, stx_attributes=0, stx_mode=S_IFLNK|000, stx_size=64, ...}) = 0
318340 17:02:50.731793 openat(8, "14", O_RDONLY|O_CLOEXEC|O_PATH) = 12
318342 17:02:50.731962 <... nanosleep resumed>NULL) = 0
318340 17:02:50.732026 fcntl(12, F_GETFL <unfinished ...>
318342 17:02:50.732054 nanosleep({tv_sec=0, tv_nsec=1280000},  <unfinished ...>
318340 17:02:50.732093 <... fcntl resumed>) = 0x200000 (flags O_RDONLY|O_PATH)
318340 17:02:50.732157 close(8)         = 0
318340 17:02:50.732326 close(14)        = 0
318340 17:02:50.732482 fstatfs(13, {f_type=PROC_SUPER_MAGIC, f_bsize=4096, f_blocks=0, f_bfree=0, f_bavail=0, f_files=0, f_ffree=0, f_fsid={val=[0x5c, 0]}, f_namelen=255, f_frsize=4096, f_flags=ST_VALID|ST_NOSUID|ST_NODEV|ST_NOEXEC|ST_RELATIME}) = 0
318340 17:02:50.732646 fstat(13, {st_mode=S_IFDIR|0555, st_size=0, ...}) = 0
318340 17:02:50.732828 openat2(AT_FDCWD, ".", {flags=O_RDONLY|O_CLOEXEC|O_PATH, resolve=RESOLVE_NO_SYMLINKS|RESOLVE_IN_ROOT}, 24) = 8
318340 17:02:50.733017 close(8)         = 0
318340 17:02:50.733186 openat2(13, "thread-self/fd/12", {flags=O_RDONLY|O_NOFOLLOW|O_CLOEXEC|O_PATH, resolve=RESOLVE_NO_XDEV|RESOLVE_NO_MAGICLINKS|RESOLVE_BENEATH}, 24) = 8
318340 17:02:50.733376 fcntl(8, F_GETFL) = 0x220000 (flags O_RDONLY|O_NOFOLLOW|O_PATH)
318342 17:02:50.733461 <... nanosleep resumed>NULL) = 0
318340 17:02:50.733495 statx(13, "", AT_STATX_SYNC_AS_STAT|AT_SYMLINK_NOFOLLOW|AT_EMPTY_PATH, STATX_MNT_ID|STATX_MNT_ID_UNIQUE,  <unfinished ...>
318342 17:02:50.733542 nanosleep({tv_sec=0, tv_nsec=2560000},  <unfinished ...>
318340 17:02:50.733579 <... statx resumed>{stx_mask=STATX_BASIC_STATS|STATX_MNT_ID_UNIQUE, stx_attributes=STATX_ATTR_MOUNT_ROOT, stx_mode=S_IFDIR|0555, stx_size=0, ...}) = 0
318340 17:02:50.733655 statx(8, "", AT_STATX_SYNC_AS_STAT|AT_SYMLINK_NOFOLLOW|AT_EMPTY_PATH, STATX_MNT_ID|STATX_MNT_ID_UNIQUE, {stx_mask=STATX_BASIC_STATS|STATX_MNT_ID_UNIQUE, stx_attributes=0, stx_mode=S_IFLNK|000, stx_size=64, ...}) = 0
318340 17:02:50.733824 readlinkat(8, "", "/home/sh1rogane/Anolix/rootfs/de"..., 4096) = 37
318340 17:02:50.734000 close(8)         = 0
318340 17:02:50.734144 close(11)        = 0
318340 17:02:50.734305 close(12)        = 0
318340 17:02:50.734467 openat(AT_FDCWD, "/home/sh1rogane/Anolix/rootfs", O_RDONLY|O_CLOEXEC|O_PATH|O_DIRECTORY) = 8
318340 17:02:50.734682 fcntl(8, F_GETFL) = 0x210000 (flags O_RDONLY|O_PATH|O_DIRECTORY)
318340 17:02:50.734847 fcntl(8, F_SETFL, O_RDONLY|O_NONBLOCK|O_PATH|O_DIRECTORY) = -1 EBADF (Bad file descriptor)
318340 17:02:50.735020 openat2(8, "/dev/shm", {flags=O_RDONLY|O_CLOEXEC|O_PATH, resolve=RESOLVE_NO_MAGICLINKS|RESOLVE_IN_ROOT}, 24) = -1 ENOENT (No such file or directory)
318340 17:02:50.735214 openat2(AT_FDCWD, ".", {flags=O_RDONLY|O_CLOEXEC|O_PATH, resolve=RESOLVE_NO_SYMLINKS|RESOLVE_IN_ROOT}, 24) = 11
318340 17:02:50.735388 close(11)        = 0
318340 17:02:50.735558 close(8)         = 0
318340 17:02:50.735739 newfstatat(AT_FDCWD, "/home/sh1rogane/Anolix/rootfs//dev", {st_mode=S_IFDIR|0755, st_size=60, ...}, AT_SYMLINK_NOFOLLOW) = 0
318340 17:02:50.735930 newfstatat(AT_FDCWD, "/home/sh1rogane/Anolix/rootfs//dev/shm", 0xc0000c5968, AT_SYMLINK_NOFOLLOW) = -1 ENOENT (No such file or directory)
318342 17:02:50.736176 <... nanosleep resumed>NULL) = 0
318340 17:02:50.736216 openat(AT_FDCWD, "/home/sh1rogane/Anolix/rootfs", O_RDONLY|O_CLOEXEC|O_DIRECTORY <unfinished ...>
318342 17:02:50.736264 nanosleep({tv_sec=0, tv_nsec=5120000},  <unfinished ...>
318340 17:02:50.736304 <... openat resumed>) = 8
318340 17:02:50.736380 fcntl(8, F_GETFL) = 0x18000 (flags O_RDONLY|O_LARGEFILE|O_DIRECTORY)
318340 17:02:50.736562 fcntl(8, F_SETFL, O_RDONLY|O_NONBLOCK|O_LARGEFILE|O_DIRECTORY) = 0
318340 17:02:50.736739 epoll_ctl(9, EPOLL_CTL_ADD, 8, {events=EPOLLIN|EPOLLOUT|EPOLLRDHUP|EPOLLET, data={u32=787480583, u64=9037941901288800263}}) = -1 EPERM (Operation not permitted)
318340 17:02:50.736936 fcntl(8, F_GETFL) = 0x18800 (flags O_RDONLY|O_NONBLOCK|O_LARGEFILE|O_DIRECTORY)
318340 17:02:50.737119 fcntl(8, F_SETFL, O_RDONLY|O_LARGEFILE|O_DIRECTORY) = 0
318340 17:02:50.737300 openat2(8, "/dev/shm", {flags=O_RDONLY|O_CLOEXEC|O_PATH, resolve=RESOLVE_NO_MAGICLINKS|RESOLVE_IN_ROOT}, 24) = -1 ENOENT (No such file or directory)
318340 17:02:50.737490 openat2(8, "/dev", {flags=O_RDONLY|O_CLOEXEC|O_PATH, resolve=RESOLVE_NO_MAGICLINKS|RESOLVE_IN_ROOT}, 24) = 11
318340 17:02:50.737671 fcntl(11, F_GETFL) = 0x200000 (flags O_RDONLY|O_PATH)
318340 17:02:50.737827 fstatfs(13, {f_type=PROC_SUPER_MAGIC, f_bsize=4096, f_blocks=0, f_bfree=0, f_bavail=0, f_files=0, f_ffree=0, f_fsid={val=[0x5c, 0]}, f_namelen=255, f_frsize=4096, f_flags=ST_VALID|ST_NOSUID|ST_NODEV|ST_NOEXEC|ST_RELATIME}) = 0
318340 17:02:50.737993 fstat(13, {st_mode=S_IFDIR|0555, st_size=0, ...}) = 0
318340 17:02:50.738176 openat2(AT_FDCWD, ".", {flags=O_RDONLY|O_CLOEXEC|O_PATH, resolve=RESOLVE_NO_SYMLINKS|RESOLVE_IN_ROOT}, 24) = 12
318340 17:02:50.738365 close(12)        = 0
318340 17:02:50.738549 openat2(13, "thread-self/fd/11", {flags=O_RDONLY|O_NOFOLLOW|O_CLOEXEC|O_PATH, resolve=RESOLVE_NO_XDEV|RESOLVE_NO_MAGICLINKS|RESOLVE_BENEATH}, 24) = 12
318340 17:02:50.738728 fcntl(12, F_GETFL) = 0x220000 (flags O_RDONLY|O_NOFOLLOW|O_PATH)
318340 17:02:50.738895 statx(13, "", AT_STATX_SYNC_AS_STAT|AT_SYMLINK_NOFOLLOW|AT_EMPTY_PATH, STATX_MNT_ID|STATX_MNT_ID_UNIQUE, {stx_mask=STATX_BASIC_STATS|STATX_MNT_ID_UNIQUE, stx_attributes=STATX_ATTR_MOUNT_ROOT, stx_mode=S_IFDIR|0555, stx_size=0, ...}) = 0
318340 17:02:50.739077 statx(12, "", AT_STATX_SYNC_AS_STAT|AT_SYMLINK_NOFOLLOW|AT_EMPTY_PATH, STATX_MNT_ID|STATX_MNT_ID_UNIQUE, {stx_mask=STATX_BASIC_STATS|STATX_MNT_ID_UNIQUE, stx_attributes=0, stx_mode=S_IFLNK|000, stx_size=64, ...}) = 0
318340 17:02:50.739257 readlinkat(12, "", "/home/sh1rogane/Anolix/rootfs/de"..., 4096) = 33
318340 17:02:50.739453 close(12)        = 0
318340 17:02:50.739656 fcntl(11, F_DUPFD_CLOEXEC, 0) = 12
318340 17:02:50.739816 fcntl(12, F_GETFL) = 0x200000 (flags O_RDONLY|O_PATH)
318340 17:02:50.740011 close(11)        = 0
318340 17:02:50.740192 openat2(AT_FDCWD, ".", {flags=O_RDONLY|O_CLOEXEC|O_PATH, resolve=RESOLVE_NO_SYMLINKS|RESOLVE_IN_ROOT}, 24) = 11
318340 17:02:50.740380 close(11)        = 0
318340 17:02:50.740550 fstat(12, {st_mode=S_IFDIR|0755, st_size=60, ...}) = 0
318340 17:02:50.740721 fstatfs(13, {f_type=PROC_SUPER_MAGIC, f_bsize=4096, f_blocks=0, f_bfree=0, f_bavail=0, f_files=0, f_ffree=0, f_fsid={val=[0x5c, 0]}, f_namelen=255, f_frsize=4096, f_flags=ST_VALID|ST_NOSUID|ST_NODEV|ST_NOEXEC|ST_RELATIME}) = 0
318340 17:02:50.740953 fstat(13, {st_mode=S_IFDIR|0555, st_size=0, ...}) = 0
318340 17:02:50.741153 openat2(AT_FDCWD, ".", {flags=O_RDONLY|O_CLOEXEC|O_PATH, resolve=RESOLVE_NO_SYMLINKS|RESOLVE_IN_ROOT}, 24) = 11
318340 17:02:50.741350 close(11)        = 0
318342 17:02:50.741516 <... nanosleep resumed>NULL) = 0
318340 17:02:50.741573 openat2(13, "thread-self/fd/", {flags=O_RDONLY|O_NOFOLLOW|O_CLOEXEC|O_PATH, resolve=RESOLVE_NO_XDEV|RESOLVE_NO_MAGICLINKS|RESOLVE_BENEATH}, 24 <unfinished ...>
318342 17:02:50.741627 epoll_pwait(9,  <unfinished ...>
318340 17:02:50.741654 <... openat2 resumed>) = 11
318342 17:02:50.741692 <... epoll_pwait resumed>[], 128, 0, NULL, 0) = 0
318340 17:02:50.741747 fcntl(11, F_GETFL <unfinished ...>
318342 17:02:50.741801 getpid()         = 1
318340 17:02:50.741910 <... fcntl resumed>) = 0x220000 (flags O_RDONLY|O_NOFOLLOW|O_PATH)
318342 17:02:50.741985 tgkill(1, 1, SIGURG <unfinished ...>
318340 17:02:50.742013 futex(0xc00006d148, FUTEX_WAKE_PRIVATE, 1 <unfinished ...>
318342 17:02:50.742048 <... tgkill resumed>) = 0
318343 17:02:50.742089 <... futex resumed>) = 0
318340 17:02:50.742156 <... futex resumed>) = 1
318343 17:02:50.742183 futex(0xeeaf80, FUTEX_WAKE_PRIVATE, 1 <unfinished ...>
318342 17:02:50.742222 nanosleep({tv_sec=0, tv_nsec=10000000},  <unfinished ...>
318343 17:02:50.742283 <... futex resumed>) = 0
318340 17:02:50.742309 --- SIGURG {si_signo=SIGURG, si_code=SI_TKILL, si_pid=1, si_uid=0} ---
318343 17:02:50.742361 futex(0xc00006d148, FUTEX_WAIT_PRIVATE, 0, NULL <unfinished ...>
318340 17:02:50.742424 rt_sigreturn({mask=[]}) = 1
318340 17:02:50.742603 statx(13, "", AT_STATX_SYNC_AS_STAT|AT_SYMLINK_NOFOLLOW|AT_EMPTY_PATH, STATX_MNT_ID|STATX_MNT_ID_UNIQUE, {stx_mask=STATX_BASIC_STATS|STATX_MNT_ID_UNIQUE, stx_attributes=STATX_ATTR_MOUNT_ROOT, stx_mode=S_IFDIR|0555, stx_size=0, ...}) = 0
318340 17:02:50.742808 statx(11, "12", AT_STATX_SYNC_AS_STAT|AT_SYMLINK_NOFOLLOW|AT_EMPTY_PATH, STATX_MNT_ID|STATX_MNT_ID_UNIQUE, {stx_mask=STATX_BASIC_STATS|STATX_MNT_ID_UNIQUE, stx_attributes=0, stx_mode=S_IFLNK|000, stx_size=64, ...}) = 0
318340 17:02:50.743001 openat(11, "12", O_RDONLY|O_CLOEXEC|O_DIRECTORY) = 14
318340 17:02:50.743241 fcntl(14, F_GETFL) = 0x18000 (flags O_RDONLY|O_LARGEFILE|O_DIRECTORY)
318340 17:02:50.743422 close(11)        = 0
318340 17:02:50.743630 close(12)        = 0
318340 17:02:50.743827 mkdirat(14, "shm", 0755) = 0
318340 17:02:50.744023 openat2(AT_FDCWD, ".", {flags=O_RDONLY|O_CLOEXEC|O_PATH, resolve=RESOLVE_NO_SYMLINKS|RESOLVE_IN_ROOT}, 24) = 11
318340 17:02:50.744237 close(11)        = 0
318340 17:02:50.744425 openat2(14, "shm", {flags=O_RDONLY|O_NOFOLLOW|O_CLOEXEC|O_DIRECTORY, resolve=RESOLVE_NO_XDEV|RESOLVE_NO_SYMLINKS|RESOLVE_BENEATH}, 24) = 11
318340 17:02:50.744646 fcntl(11, F_GETFL) = 0x38000 (flags O_RDONLY|O_LARGEFILE|O_NOFOLLOW|O_DIRECTORY)
318340 17:02:50.744820 close(14)        = 0
318340 17:02:50.745016 close(8)         = 0
318340 17:02:50.745256 fstatfs(13, {f_type=PROC_SUPER_MAGIC, f_bsize=4096, f_blocks=0, f_bfree=0, f_bavail=0, f_files=0, f_ffree=0, f_fsid={val=[0x5c, 0]}, f_namelen=255, f_frsize=4096, f_flags=ST_VALID|ST_NOSUID|ST_NODEV|ST_NOEXEC|ST_RELATIME}) = 0
318340 17:02:50.745459 fstat(13, {st_mode=S_IFDIR|0555, st_size=0, ...}) = 0
318340 17:02:50.745652 openat2(AT_FDCWD, ".", {flags=O_RDONLY|O_CLOEXEC|O_PATH, resolve=RESOLVE_NO_SYMLINKS|RESOLVE_IN_ROOT}, 24) = 8
318340 17:02:50.745869 close(8)         = 0
318340 17:02:50.746041 openat2(13, "thread-self/fd/11", {flags=O_RDONLY|O_NOFOLLOW|O_CLOEXEC|O_PATH, resolve=RESOLVE_NO_XDEV|RESOLVE_NO_MAGICLINKS|RESOLVE_BENEATH}, 24) = 8
318340 17:02:50.746246 fcntl(8, F_GETFL) = 0x220000 (flags O_RDONLY|O_NOFOLLOW|O_PATH)
318340 17:02:50.746466 statx(13, "", AT_STATX_SYNC_AS_STAT|AT_SYMLINK_NOFOLLOW|AT_EMPTY_PATH, STATX_MNT_ID|STATX_MNT_ID_UNIQUE, {stx_mask=STATX_BASIC_STATS|STATX_MNT_ID_UNIQUE, stx_attributes=STATX_ATTR_MOUNT_ROOT, stx_mode=S_IFDIR|0555, stx_size=0, ...}) = 0
318340 17:02:50.746646 statx(8, "", AT_STATX_SYNC_AS_STAT|AT_SYMLINK_NOFOLLOW|AT_EMPTY_PATH, STATX_MNT_ID|STATX_MNT_ID_UNIQUE, {stx_mask=STATX_BASIC_STATS|STATX_MNT_ID_UNIQUE, stx_attributes=0, stx_mode=S_IFLNK|0500, stx_size=64, ...}) = 0
318340 17:02:50.746830 readlinkat(8, "", "/home/sh1rogane/Anolix/rootfs/de"..., 4096) = 37
318340 17:02:50.747018 close(8)         = 0
318340 17:02:50.747207 mount("shm", "/proc/thread-self/fd/11", "tmpfs", MS_NOSUID|MS_NODEV|MS_NOEXEC, "mode=1777,size=65536k") = 0
318340 17:02:50.747450 fstatfs(13, {f_type=PROC_SUPER_MAGIC, f_bsize=4096, f_blocks=0, f_bfree=0, f_bavail=0, f_files=0, f_ffree=0, f_fsid={val=[0x5c, 0]}, f_namelen=255, f_frsize=4096, f_flags=ST_VALID|ST_NOSUID|ST_NODEV|ST_NOEXEC|ST_RELATIME}) = 0
318340 17:02:50.747646 fstat(13, {st_mode=S_IFDIR|0555, st_size=0, ...}) = 0
318340 17:02:50.747831 openat2(AT_FDCWD, ".", {flags=O_RDONLY|O_CLOEXEC|O_PATH, resolve=RESOLVE_NO_SYMLINKS|RESOLVE_IN_ROOT}, 24) = 8
318340 17:02:50.747989 close(8)         = 0
318340 17:02:50.748148 openat2(13, "thread-self/fd/11", {flags=O_RDONLY|O_NOFOLLOW|O_CLOEXEC|O_PATH, resolve=RESOLVE_NO_XDEV|RESOLVE_NO_MAGICLINKS|RESOLVE_BENEATH}, 24) = 8
318340 17:02:50.748313 fcntl(8, F_GETFL) = 0x220000 (flags O_RDONLY|O_NOFOLLOW|O_PATH)
318340 17:02:50.748471 statx(13, "", AT_STATX_SYNC_AS_STAT|AT_SYMLINK_NOFOLLOW|AT_EMPTY_PATH, STATX_MNT_ID|STATX_MNT_ID_UNIQUE, {stx_mask=STATX_BASIC_STATS|STATX_MNT_ID_UNIQUE, stx_attributes=STATX_ATTR_MOUNT_ROOT, stx_mode=S_IFDIR|0555, stx_size=0, ...}) = 0
318340 17:02:50.748660 statx(8, "", AT_STATX_SYNC_AS_STAT|AT_SYMLINK_NOFOLLOW|AT_EMPTY_PATH, STATX_MNT_ID|STATX_MNT_ID_UNIQUE, {stx_mask=STATX_BASIC_STATS|STATX_MNT_ID_UNIQUE, stx_attributes=0, stx_mode=S_IFLNK|0500, stx_size=64, ...}) = 0
318340 17:02:50.748835 readlinkat(8, "", "/home/sh1rogane/Anolix/rootfs/de"..., 4096) = 37
318340 17:02:50.748996 close(8)         = 0
318340 17:02:50.749163 openat(AT_FDCWD, "/home/sh1rogane/Anolix/rootfs", O_RDONLY|O_CLOEXEC|O_PATH|O_DIRECTORY) = 8
318340 17:02:50.749320 fcntl(8, F_GETFL) = 0x210000 (flags O_RDONLY|O_PATH|O_DIRECTORY)
318340 17:02:50.749478 fcntl(8, F_SETFL, O_RDONLY|O_NONBLOCK|O_PATH|O_DIRECTORY) = -1 EBADF (Bad file descriptor)
318340 17:02:50.749638 openat2(8, "/dev/shm", {flags=O_RDONLY|O_CLOEXEC|O_PATH, resolve=RESOLVE_NO_MAGICLINKS|RESOLVE_IN_ROOT}, 24) = 12
318340 17:02:50.749792 fcntl(12, F_GETFL) = 0x200000 (flags O_RDONLY|O_PATH)
318340 17:02:50.749953 fstatfs(13, {f_type=PROC_SUPER_MAGIC, f_bsize=4096, f_blocks=0, f_bfree=0, f_bavail=0, f_files=0, f_ffree=0, f_fsid={val=[0x5c, 0]}, f_namelen=255, f_frsize=4096, f_flags=ST_VALID|ST_NOSUID|ST_NODEV|ST_NOEXEC|ST_RELATIME}) = 0
318340 17:02:50.750123 fstat(13, {st_mode=S_IFDIR|0555, st_size=0, ...}) = 0
318340 17:02:50.750276 openat2(AT_FDCWD, ".", {flags=O_RDONLY|O_CLOEXEC|O_PATH, resolve=RESOLVE_NO_SYMLINKS|RESOLVE_IN_ROOT}, 24) = 14
318340 17:02:50.750445 close(14)        = 0
318340 17:02:50.750592 openat2(13, "thread-self/fd/12", {flags=O_RDONLY|O_NOFOLLOW|O_CLOEXEC|O_PATH, resolve=RESOLVE_NO_XDEV|RESOLVE_NO_MAGICLINKS|RESOLVE_BENEATH}, 24) = 14
318340 17:02:50.750754 fcntl(14, F_GETFL) = 0x220000 (flags O_RDONLY|O_NOFOLLOW|O_PATH)
318340 17:02:50.750916 statx(13, "", AT_STATX_SYNC_AS_STAT|AT_SYMLINK_NOFOLLOW|AT_EMPTY_PATH, STATX_MNT_ID|STATX_MNT_ID_UNIQUE, {stx_mask=STATX_BASIC_STATS|STATX_MNT_ID_UNIQUE, stx_attributes=STATX_ATTR_MOUNT_ROOT, stx_mode=S_IFDIR|0555, stx_size=0, ...}) = 0
318340 17:02:50.751074 statx(14, "", AT_STATX_SYNC_AS_STAT|AT_SYMLINK_NOFOLLOW|AT_EMPTY_PATH, STATX_MNT_ID|STATX_MNT_ID_UNIQUE, {stx_mask=STATX_BASIC_STATS|STATX_MNT_ID_UNIQUE, stx_attributes=0, stx_mode=S_IFLNK|000, stx_size=64, ...}) = 0
318340 17:02:50.751259 readlinkat(14, "", "/home/sh1rogane/Anolix/rootfs/de"..., 4096) = 37
318340 17:02:50.751484 close(14)        = 0
318340 17:02:50.751629 fcntl(12, F_DUPFD_CLOEXEC, 0) = 14
318340 17:02:50.751790 fcntl(14, F_GETFL) = 0x200000 (flags O_RDONLY|O_PATH)
318340 17:02:50.751937 close(12)        = 0
318340 17:02:50.752098 close(8)         = 0
318340 17:02:50.752285 fstatfs(13,  <unfinished ...>
318342 17:02:50.752332 <... nanosleep resumed>NULL) = 0
318340 17:02:50.752356 <... fstatfs resumed>{f_type=PROC_SUPER_MAGIC, f_bsize=4096, f_blocks=0, f_bfree=0, f_bavail=0, f_files=0, f_ffree=0, f_fsid={val=[0x5c, 0]}, f_namelen=255, f_frsize=4096, f_flags=ST_VALID|ST_NOSUID|ST_NODEV|ST_NOEXEC|ST_RELATIME}) = 0
318342 17:02:50.752394 epoll_pwait(9,  <unfinished ...>
318340 17:02:50.752415 fstat(13,  <unfinished ...>
318342 17:02:50.752447 <... epoll_pwait resumed>[], 128, 0, NULL, 0) = 0
318342 17:02:50.752489 nanosleep({tv_sec=0, tv_nsec=10000000},  <unfinished ...>
318340 17:02:50.752535 <... fstat resumed>{st_mode=S_IFDIR|0555, st_size=0, ...}) = 0
318340 17:02:50.752588 openat2(AT_FDCWD, ".", {flags=O_RDONLY|O_CLOEXEC|O_PATH, resolve=RESOLVE_NO_SYMLINKS|RESOLVE_IN_ROOT}, 24) = 8
318340 17:02:50.752759 close(8)         = 0
318340 17:02:50.752962 openat2(13, "thread-self/fd/", {flags=O_RDONLY|O_NOFOLLOW|O_CLOEXEC|O_PATH, resolve=RESOLVE_NO_XDEV|RESOLVE_NO_MAGICLINKS|RESOLVE_BENEATH}, 24) = 8
318340 17:02:50.753185 fcntl(8, F_GETFL) = 0x220000 (flags O_RDONLY|O_NOFOLLOW|O_PATH)
318340 17:02:50.753346 statx(13, "", AT_STATX_SYNC_AS_STAT|AT_SYMLINK_NOFOLLOW|AT_EMPTY_PATH, STATX_MNT_ID|STATX_MNT_ID_UNIQUE, {stx_mask=STATX_BASIC_STATS|STATX_MNT_ID_UNIQUE, stx_attributes=STATX_ATTR_MOUNT_ROOT, stx_mode=S_IFDIR|0555, stx_size=0, ...}) = 0
318340 17:02:50.753517 statx(8, "14", AT_STATX_SYNC_AS_STAT|AT_SYMLINK_NOFOLLOW|AT_EMPTY_PATH, STATX_MNT_ID|STATX_MNT_ID_UNIQUE, {stx_mask=STATX_BASIC_STATS|STATX_MNT_ID_UNIQUE, stx_attributes=0, stx_mode=S_IFLNK|000, stx_size=64, ...}) = 0
318340 17:02:50.753670 openat(8, "14", O_RDONLY|O_CLOEXEC|O_PATH) = 12
318340 17:02:50.753827 fcntl(12, F_GETFL) = 0x200000 (flags O_RDONLY|O_PATH)
318340 17:02:50.753979 close(8)         = 0
318340 17:02:50.754132 close(14)        = 0
318340 17:02:50.754311 fstatfs(13, {f_type=PROC_SUPER_MAGIC, f_bsize=4096, f_blocks=0, f_bfree=0, f_bavail=0, f_files=0, f_ffree=0, f_fsid={val=[0x5c, 0]}, f_namelen=255, f_frsize=4096, f_flags=ST_VALID|ST_NOSUID|ST_NODEV|ST_NOEXEC|ST_RELATIME}) = 0
318340 17:02:50.754610 fstat(13, {st_mode=S_IFDIR|0555, st_size=0, ...}) = 0
318340 17:02:50.754828 openat2(AT_FDCWD, ".", {flags=O_RDONLY|O_CLOEXEC|O_PATH, resolve=RESOLVE_NO_SYMLINKS|RESOLVE_IN_ROOT}, 24) = 8
318340 17:02:50.755054 close(8)         = 0
318340 17:02:50.755249 openat2(13, "thread-self/fd/12", {flags=O_RDONLY|O_NOFOLLOW|O_CLOEXEC|O_PATH, resolve=RESOLVE_NO_XDEV|RESOLVE_NO_MAGICLINKS|RESOLVE_BENEATH}, 24) = 8
318340 17:02:50.755426 fcntl(8, F_GETFL) = 0x220000 (flags O_RDONLY|O_NOFOLLOW|O_PATH)
318340 17:02:50.755626 statx(13, "", AT_STATX_SYNC_AS_STAT|AT_SYMLINK_NOFOLLOW|AT_EMPTY_PATH, STATX_MNT_ID|STATX_MNT_ID_UNIQUE, {stx_mask=STATX_BASIC_STATS|STATX_MNT_ID_UNIQUE, stx_attributes=STATX_ATTR_MOUNT_ROOT, stx_mode=S_IFDIR|0555, stx_size=0, ...}) = 0
318340 17:02:50.755820 statx(8, "", AT_STATX_SYNC_AS_STAT|AT_SYMLINK_NOFOLLOW|AT_EMPTY_PATH, STATX_MNT_ID|STATX_MNT_ID_UNIQUE, {stx_mask=STATX_BASIC_STATS|STATX_MNT_ID_UNIQUE, stx_attributes=0, stx_mode=S_IFLNK|000, stx_size=64, ...}) = 0
318340 17:02:50.755967 readlinkat(8, "", "/home/sh1rogane/Anolix/rootfs/de"..., 4096) = 37
318340 17:02:50.756149 close(8)         = 0
318340 17:02:50.756312 close(11)        = 0
318340 17:02:50.756471 close(12)        = 0
318340 17:02:50.756634 openat(AT_FDCWD, "/home/sh1rogane/Anolix/rootfs", O_RDONLY|O_CLOEXEC|O_PATH|O_DIRECTORY) = 8
318340 17:02:50.756813 fcntl(8, F_GETFL) = 0x210000 (flags O_RDONLY|O_PATH|O_DIRECTORY)
318340 17:02:50.756979 fcntl(8, F_SETFL, O_RDONLY|O_NONBLOCK|O_PATH|O_DIRECTORY) = -1 EBADF (Bad file descriptor)
318340 17:02:50.757147 openat2(8, "/dev/mqueue", {flags=O_RDONLY|O_CLOEXEC|O_PATH, resolve=RESOLVE_NO_MAGICLINKS|RESOLVE_IN_ROOT}, 24) = -1 ENOENT (No such file or directory)
318340 17:02:50.757329 openat2(AT_FDCWD, ".", {flags=O_RDONLY|O_CLOEXEC|O_PATH, resolve=RESOLVE_NO_SYMLINKS|RESOLVE_IN_ROOT}, 24) = 11
318340 17:02:50.757511 close(11)        = 0
318340 17:02:50.757692 close(8)         = 0
318340 17:02:50.757876 newfstatat(AT_FDCWD, "/home/sh1rogane/Anolix/rootfs//dev", {st_mode=S_IFDIR|0755, st_size=80, ...}, AT_SYMLINK_NOFOLLOW) = 0
318340 17:02:50.758050 newfstatat(AT_FDCWD, "/home/sh1rogane/Anolix/rootfs//dev/mqueue", 0xc0000c5b08, AT_SYMLINK_NOFOLLOW) = -1 ENOENT (No such file or directory)
318340 17:02:50.758228 openat(AT_FDCWD, "/home/sh1rogane/Anolix/rootfs", O_RDONLY|O_CLOEXEC|O_DIRECTORY) = 8
318340 17:02:50.758390 fcntl(8, F_GETFL) = 0x18000 (flags O_RDONLY|O_LARGEFILE|O_DIRECTORY)
318340 17:02:50.758558 fcntl(8, F_SETFL, O_RDONLY|O_NONBLOCK|O_LARGEFILE|O_DIRECTORY) = 0
318340 17:02:50.758728 epoll_ctl(9, EPOLL_CTL_ADD, 8, {events=EPOLLIN|EPOLLOUT|EPOLLRDHUP|EPOLLET, data={u32=787480584, u64=9037941901288800264}}) = -1 EPERM (Operation not permitted)
318340 17:02:50.758890 fcntl(8, F_GETFL) = 0x18800 (flags O_RDONLY|O_NONBLOCK|O_LARGEFILE|O_DIRECTORY)
318340 17:02:50.759046 fcntl(8, F_SETFL, O_RDONLY|O_LARGEFILE|O_DIRECTORY) = 0
318340 17:02:50.759210 openat2(8, "/dev/mqueue", {flags=O_RDONLY|O_CLOEXEC|O_PATH, resolve=RESOLVE_NO_MAGICLINKS|RESOLVE_IN_ROOT}, 24) = -1 ENOENT (No such file or directory)
318340 17:02:50.759396 openat2(8, "/dev", {flags=O_RDONLY|O_CLOEXEC|O_PATH, resolve=RESOLVE_NO_MAGICLINKS|RESOLVE_IN_ROOT}, 24) = 11
318340 17:02:50.759572 fcntl(11, F_GETFL) = 0x200000 (flags O_RDONLY|O_PATH)
318340 17:02:50.759727 fstatfs(13, {f_type=PROC_SUPER_MAGIC, f_bsize=4096, f_blocks=0, f_bfree=0, f_bavail=0, f_files=0, f_ffree=0, f_fsid={val=[0x5c, 0]}, f_namelen=255, f_frsize=4096, f_flags=ST_VALID|ST_NOSUID|ST_NODEV|ST_NOEXEC|ST_RELATIME}) = 0
318340 17:02:50.759904 fstat(13, {st_mode=S_IFDIR|0555, st_size=0, ...}) = 0
318340 17:02:50.760075 openat2(AT_FDCWD, ".", {flags=O_RDONLY|O_CLOEXEC|O_PATH, resolve=RESOLVE_NO_SYMLINKS|RESOLVE_IN_ROOT}, 24) = 12
318340 17:02:50.760247 close(12)        = 0
318340 17:02:50.760472 openat2(13, "thread-self/fd/11", {flags=O_RDONLY|O_NOFOLLOW|O_CLOEXEC|O_PATH, resolve=RESOLVE_NO_XDEV|RESOLVE_NO_MAGICLINKS|RESOLVE_BENEATH}, 24) = 12
318340 17:02:50.760765 fcntl(12, F_GETFL) = 0x220000 (flags O_RDONLY|O_NOFOLLOW|O_PATH)
318340 17:02:50.760933 statx(13, "", AT_STATX_SYNC_AS_STAT|AT_SYMLINK_NOFOLLOW|AT_EMPTY_PATH, STATX_MNT_ID|STATX_MNT_ID_UNIQUE, {stx_mask=STATX_BASIC_STATS|STATX_MNT_ID_UNIQUE, stx_attributes=STATX_ATTR_MOUNT_ROOT, stx_mode=S_IFDIR|0555, stx_size=0, ...}) = 0
318340 17:02:50.761121 statx(12, "", AT_STATX_SYNC_AS_STAT|AT_SYMLINK_NOFOLLOW|AT_EMPTY_PATH, STATX_MNT_ID|STATX_MNT_ID_UNIQUE, {stx_mask=STATX_BASIC_STATS|STATX_MNT_ID_UNIQUE, stx_attributes=0, stx_mode=S_IFLNK|000, stx_size=64, ...}) = 0
318340 17:02:50.761332 readlinkat(12, "", "/home/sh1rogane/Anolix/rootfs/de"..., 4096) = 33
318340 17:02:50.761545 close(12)        = 0
318340 17:02:50.761714 fcntl(11, F_DUPFD_CLOEXEC, 0) = 12
318340 17:02:50.761855 fcntl(12, F_GETFL) = 0x200000 (flags O_RDONLY|O_PATH)
318340 17:02:50.761990 close(11)        = 0
318340 17:02:50.762166 openat2(AT_FDCWD, ".", {flags=O_RDONLY|O_CLOEXEC|O_PATH, resolve=RESOLVE_NO_SYMLINKS|RESOLVE_IN_ROOT}, 24) = 11
318340 17:02:50.762379 close(11)        = 0
318342 17:02:50.762596 <... nanosleep resumed>NULL) = 0
318340 17:02:50.762663 fstat(12,  <unfinished ...>
318342 17:02:50.762691 epoll_pwait(9,  <unfinished ...>
318340 17:02:50.762728 <... fstat resumed>{st_mode=S_IFDIR|0755, st_size=80, ...}) = 0
318342 17:02:50.762781 <... epoll_pwait resumed>[], 128, 0, NULL, 0) = 0
318340 17:02:50.762818 fstatfs(13,  <unfinished ...>
318342 17:02:50.762843 futex(0xc00006d148, FUTEX_WAKE_PRIVATE, 1 <unfinished ...>
318340 17:02:50.762883 <... fstatfs resumed>{f_type=PROC_SUPER_MAGIC, f_bsize=4096, f_blocks=0, f_bfree=0, f_bavail=0, f_files=0, f_ffree=0, f_fsid={val=[0x5c, 0]}, f_namelen=255, f_frsize=4096, f_flags=ST_VALID|ST_NOSUID|ST_NODEV|ST_NOEXEC|ST_RELATIME}) = 0
318343 17:02:50.762946 <... futex resumed>) = 0
318342 17:02:50.762996 <... futex resumed>) = 1
318343 17:02:50.763023 futex(0xeeaf80, FUTEX_WAKE_PRIVATE, 1 <unfinished ...>
318340 17:02:50.763059 futex(0xeeaf80, FUTEX_WAIT_PRIVATE, 0, NULL <unfinished ...>
318343 17:02:50.763108 <... futex resumed>) = 0
318342 17:02:50.763148 nanosleep({tv_sec=0, tv_nsec=20000},  <unfinished ...>
318343 17:02:50.763204 futex(0xc00006d148, FUTEX_WAIT_PRIVATE, 0, NULL <unfinished ...>
318340 17:02:50.763231 <... futex resumed>) = -1 EAGAIN (Resource temporarily unavailable)
318342 17:02:50.763328 <... nanosleep resumed>NULL) = 0
318340 17:02:50.763379 fstat(13,  <unfinished ...>
318342 17:02:50.763402 nanosleep({tv_sec=0, tv_nsec=20000},  <unfinished ...>
318340 17:02:50.763440 <... fstat resumed>{st_mode=S_IFDIR|0555, st_size=0, ...}) = 0
318340 17:02:50.763510 openat2(AT_FDCWD, ".", {flags=O_RDONLY|O_CLOEXEC|O_PATH, resolve=RESOLVE_NO_SYMLINKS|RESOLVE_IN_ROOT}, 24 <unfinished ...>
318342 17:02:50.763549 <... nanosleep resumed>NULL) = 0
318342 17:02:50.763611 nanosleep({tv_sec=0, tv_nsec=20000},  <unfinished ...>
318340 17:02:50.763654 <... openat2 resumed>) = 11
318340 17:02:50.763703 close(11 <unfinished ...>
318342 17:02:50.763749 <... nanosleep resumed>NULL) = 0
318340 17:02:50.763774 <... close resumed>) = 0
318342 17:02:50.763794 nanosleep({tv_sec=0, tv_nsec=20000},  <unfinished ...>
318340 17:02:50.763829 openat2(13, "thread-self/fd/", {flags=O_RDONLY|O_NOFOLLOW|O_CLOEXEC|O_PATH, resolve=RESOLVE_NO_XDEV|RESOLVE_NO_MAGICLINKS|RESOLVE_BENEATH}, 24 <unfinished ...>
318342 17:02:50.763929 <... nanosleep resumed>NULL) = 0
318340 17:02:50.763984 <... openat2 resumed>) = 11
318342 17:02:50.764009 nanosleep({tv_sec=0, tv_nsec=20000},  <unfinished ...>
318340 17:02:50.764051 fcntl(11, F_GETFL) = 0x220000 (flags O_RDONLY|O_NOFOLLOW|O_PATH)
318342 17:02:50.764175 <... nanosleep resumed>NULL) = 0
318340 17:02:50.764222 statx(13, "", AT_STATX_SYNC_AS_STAT|AT_SYMLINK_NOFOLLOW|AT_EMPTY_PATH, STATX_MNT_ID|STATX_MNT_ID_UNIQUE,  <unfinished ...>
318342 17:02:50.764259 nanosleep({tv_sec=0, tv_nsec=20000},  <unfinished ...>
318340 17:02:50.764282 <... statx resumed>{stx_mask=STATX_BASIC_STATS|STATX_MNT_ID_UNIQUE, stx_attributes=STATX_ATTR_MOUNT_ROOT, stx_mode=S_IFDIR|0555, stx_size=0, ...}) = 0
318340 17:02:50.764345 statx(11, "12", AT_STATX_SYNC_AS_STAT|AT_SYMLINK_NOFOLLOW|AT_EMPTY_PATH, STATX_MNT_ID|STATX_MNT_ID_UNIQUE,  <unfinished ...>
318342 17:02:50.764394 <... nanosleep resumed>NULL) = 0
318340 17:02:50.764414 <... statx resumed>{stx_mask=STATX_BASIC_STATS|STATX_MNT_ID_UNIQUE, stx_attributes=0, stx_mode=S_IFLNK|000, stx_size=64, ...}) = 0
318342 17:02:50.764449 nanosleep({tv_sec=0, tv_nsec=20000},  <unfinished ...>
318340 17:02:50.764491 openat(11, "12", O_RDONLY|O_CLOEXEC|O_DIRECTORY) = 14
318342 17:02:50.764596 <... nanosleep resumed>NULL) = 0
318340 17:02:50.764625 fcntl(14, F_GETFL <unfinished ...>
318342 17:02:50.764661 nanosleep({tv_sec=0, tv_nsec=20000},  <unfinished ...>
318340 17:02:50.764712 <... fcntl resumed>) = 0x18000 (flags O_RDONLY|O_LARGEFILE|O_DIRECTORY)
318340 17:02:50.764768 close(11 <unfinished ...>
318342 17:02:50.764830 <... nanosleep resumed>NULL) = 0
318340 17:02:50.764851 <... close resumed>) = 0
318342 17:02:50.764884 nanosleep({tv_sec=0, tv_nsec=20000},  <unfinished ...>
318340 17:02:50.764933 close(12)        = 0
318342 17:02:50.765046 <... nanosleep resumed>NULL) = 0
318340 17:02:50.765086 mkdirat(14, "mqueue", 0755 <unfinished ...>
318342 17:02:50.765108 nanosleep({tv_sec=0, tv_nsec=20000},  <unfinished ...>
318340 17:02:50.765143 <... mkdirat resumed>) = 0
318340 17:02:50.765195 openat2(AT_FDCWD, ".", {flags=O_RDONLY|O_CLOEXEC|O_PATH, resolve=RESOLVE_NO_SYMLINKS|RESOLVE_IN_ROOT}, 24 <unfinished ...>
318342 17:02:50.765248 <... nanosleep resumed>NULL) = 0
318340 17:02:50.765269 <... openat2 resumed>) = 11
318342 17:02:50.765298 nanosleep({tv_sec=0, tv_nsec=20000},  <unfinished ...>
318340 17:02:50.765321 close(11)        = 0
318342 17:02:50.765412 <... nanosleep resumed>NULL) = 0
318340 17:02:50.765434 openat2(14, "mqueue", {flags=O_RDONLY|O_NOFOLLOW|O_CLOEXEC|O_DIRECTORY, resolve=RESOLVE_NO_XDEV|RESOLVE_NO_SYMLINKS|RESOLVE_BENEATH}, 24 <unfinished ...>
318342 17:02:50.765470 nanosleep({tv_sec=0, tv_nsec=20000},  <unfinished ...>
318340 17:02:50.765503 <... openat2 resumed>) = 11
318340 17:02:50.765554 fcntl(11, F_GETFL <unfinished ...>
318342 17:02:50.765613 <... nanosleep resumed>NULL) = 0
318340 17:02:50.765656 <... fcntl resumed>) = 0x38000 (flags O_RDONLY|O_LARGEFILE|O_NOFOLLOW|O_DIRECTORY)
318342 17:02:50.765705 nanosleep({tv_sec=0, tv_nsec=20000},  <unfinished ...>
318340 17:02:50.765761 close(14)        = 0
318342 17:02:50.765886 <... nanosleep resumed>NULL) = 0
318340 17:02:50.765935 close(8 <unfinished ...>
318342 17:02:50.765985 nanosleep({tv_sec=0, tv_nsec=20000},  <unfinished ...>
318340 17:02:50.766041 <... close resumed>) = 0
318340 17:02:50.766126 fstatfs(13,  <unfinished ...>
318342 17:02:50.766183 <... nanosleep resumed>NULL) = 0
318340 17:02:50.766225 <... fstatfs resumed>{f_type=PROC_SUPER_MAGIC, f_bsize=4096, f_blocks=0, f_bfree=0, f_bavail=0, f_files=0, f_ffree=0, f_fsid={val=[0x5c, 0]}, f_namelen=255, f_frsize=4096, f_flags=ST_VALID|ST_NOSUID|ST_NODEV|ST_NOEXEC|ST_RELATIME}) = 0
318342 17:02:50.766263 nanosleep({tv_sec=0, tv_nsec=20000},  <unfinished ...>
318340 17:02:50.766287 fstat(13, {st_mode=S_IFDIR|0555, st_size=0, ...}) = 0
318342 17:02:50.766396 <... nanosleep resumed>NULL) = 0
318340 17:02:50.766431 openat2(AT_FDCWD, ".", {flags=O_RDONLY|O_CLOEXEC|O_PATH, resolve=RESOLVE_NO_SYMLINKS|RESOLVE_IN_ROOT}, 24 <unfinished ...>
318342 17:02:50.766477 nanosleep({tv_sec=0, tv_nsec=20000},  <unfinished ...>
318340 17:02:50.766499 <... openat2 resumed>) = 8
318340 17:02:50.766572 close(8 <unfinished ...>
318342 17:02:50.766621 <... nanosleep resumed>NULL) = 0
318340 17:02:50.766665 <... close resumed>) = 0
318342 17:02:50.766695 nanosleep({tv_sec=0, tv_nsec=20000},  <unfinished ...>
318340 17:02:50.766731 openat2(13, "thread-self/fd/11", {flags=O_RDONLY|O_NOFOLLOW|O_CLOEXEC|O_PATH, resolve=RESOLVE_NO_XDEV|RESOLVE_NO_MAGICLINKS|RESOLVE_BENEATH}, 24) = 8
318342 17:02:50.766852 <... nanosleep resumed>NULL) = 0
318340 17:02:50.766899 fcntl(8, F_GETFL <unfinished ...>
318342 17:02:50.766930 nanosleep({tv_sec=0, tv_nsec=20000},  <unfinished ...>
318340 17:02:50.766954 <... fcntl resumed>) = 0x220000 (flags O_RDONLY|O_NOFOLLOW|O_PATH)
318340 17:02:50.767021 statx(13, "", AT_STATX_SYNC_AS_STAT|AT_SYMLINK_NOFOLLOW|AT_EMPTY_PATH, STATX_MNT_ID|STATX_MNT_ID_UNIQUE,  <unfinished ...>
318342 17:02:50.767068 <... nanosleep resumed>NULL) = 0
318340 17:02:50.767112 <... statx resumed>{stx_mask=STATX_BASIC_STATS|STATX_MNT_ID_UNIQUE, stx_attributes=STATX_ATTR_MOUNT_ROOT, stx_mode=S_IFDIR|0555, stx_size=0, ...}) = 0
318342 17:02:50.767158 nanosleep({tv_sec=0, tv_nsec=20000},  <unfinished ...>
318340 17:02:50.767184 statx(8, "", AT_STATX_SYNC_AS_STAT|AT_SYMLINK_NOFOLLOW|AT_EMPTY_PATH, STATX_MNT_ID|STATX_MNT_ID_UNIQUE, {stx_mask=STATX_BASIC_STATS|STATX_MNT_ID_UNIQUE, stx_attributes=0, stx_mode=S_IFLNK|0500, stx_size=64, ...}) = 0
318342 17:02:50.767301 <... nanosleep resumed>NULL) = 0
318340 17:02:50.767338 readlinkat(8, "",  <unfinished ...>
318342 17:02:50.767374 nanosleep({tv_sec=0, tv_nsec=20000},  <unfinished ...>
318340 17:02:50.767416 <... readlinkat resumed>"/home/sh1rogane/Anolix/rootfs/de"..., 4096) = 40
318340 17:02:50.767471 close(8 <unfinished ...>
318342 17:02:50.767550 <... nanosleep resumed>NULL) = 0
318340 17:02:50.767622 <... close resumed>) = 0
318342 17:02:50.767658 nanosleep({tv_sec=0, tv_nsec=20000},  <unfinished ...>
318340 17:02:50.767699 mount("mqueue", "/proc/thread-self/fd/11", "mqueue", MS_NOSUID|MS_NODEV|MS_NOEXEC, NULL <unfinished ...>
318342 17:02:50.767831 <... nanosleep resumed>NULL) = 0
318340 17:02:50.767903 <... mount resumed>) = 0
318342 17:02:50.767929 nanosleep({tv_sec=0, tv_nsec=20000},  <unfinished ...>
318340 17:02:50.767969 fstatfs(13, {f_type=PROC_SUPER_MAGIC, f_bsize=4096, f_blocks=0, f_bfree=0, f_bavail=0, f_files=0, f_ffree=0, f_fsid={val=[0x5c, 0]}, f_namelen=255, f_frsize=4096, f_flags=ST_VALID|ST_NOSUID|ST_NODEV|ST_NOEXEC|ST_RELATIME}) = 0
318342 17:02:50.768124 <... nanosleep resumed>NULL) = 0
318340 17:02:50.768166 fstat(13,  <unfinished ...>
318342 17:02:50.768190 nanosleep({tv_sec=0, tv_nsec=20000},  <unfinished ...>
318340 17:02:50.768217 <... fstat resumed>{st_mode=S_IFDIR|0555, st_size=0, ...}) = 0
318340 17:02:50.768275 openat2(AT_FDCWD, ".", {flags=O_RDONLY|O_CLOEXEC|O_PATH, resolve=RESOLVE_NO_SYMLINKS|RESOLVE_IN_ROOT}, 24 <unfinished ...>
318342 17:02:50.768332 <... nanosleep resumed>NULL) = 0
318340 17:02:50.768369 <... openat2 resumed>) = 8
318342 17:02:50.768399 nanosleep({tv_sec=0, tv_nsec=20000},  <unfinished ...>
318340 17:02:50.768421 close(8)         = 0
318342 17:02:50.768534 <... nanosleep resumed>NULL) = 0
318340 17:02:50.768583 openat2(13, "thread-self/fd/11", {flags=O_RDONLY|O_NOFOLLOW|O_CLOEXEC|O_PATH, resolve=RESOLVE_NO_XDEV|RESOLVE_NO_MAGICLINKS|RESOLVE_BENEATH}, 24 <unfinished ...>
318342 17:02:50.768607 nanosleep({tv_sec=0, tv_nsec=20000},  <unfinished ...>
318340 17:02:50.768627 <... openat2 resumed>) = 8
318340 17:02:50.768681 fcntl(8, F_GETFL <unfinished ...>
318342 17:02:50.768728 <... nanosleep resumed>NULL) = 0
318340 17:02:50.768747 <... fcntl resumed>) = 0x220000 (flags O_RDONLY|O_NOFOLLOW|O_PATH)
318342 17:02:50.768776 nanosleep({tv_sec=0, tv_nsec=20000},  <unfinished ...>
318340 17:02:50.768818 statx(13, "", AT_STATX_SYNC_AS_STAT|AT_SYMLINK_NOFOLLOW|AT_EMPTY_PATH, STATX_MNT_ID|STATX_MNT_ID_UNIQUE, {stx_mask=STATX_BASIC_STATS|STATX_MNT_ID_UNIQUE, stx_attributes=STATX_ATTR_MOUNT_ROOT, stx_mode=S_IFDIR|0555, stx_size=0, ...}) = 0
318342 17:02:50.768923 <... nanosleep resumed>NULL) = 0
318340 17:02:50.768953 statx(8, "", AT_STATX_SYNC_AS_STAT|AT_SYMLINK_NOFOLLOW|AT_EMPTY_PATH, STATX_MNT_ID|STATX_MNT_ID_UNIQUE,  <unfinished ...>
318342 17:02:50.768999 nanosleep({tv_sec=0, tv_nsec=20000},  <unfinished ...>
318340 17:02:50.769021 <... statx resumed>{stx_mask=STATX_BASIC_STATS|STATX_MNT_ID_UNIQUE, stx_attributes=0, stx_mode=S_IFLNK|0500, stx_size=64, ...}) = 0
318340 17:02:50.769084 readlinkat(8, "",  <unfinished ...>
318342 17:02:50.769141 <... nanosleep resumed>NULL) = 0
318340 17:02:50.769172 <... readlinkat resumed>"/home/sh1rogane/Anolix/rootfs/de"..., 4096) = 40
318342 17:02:50.769196 nanosleep({tv_sec=0, tv_nsec=20000},  <unfinished ...>
318340 17:02:50.769231 close(8)         = 0
318342 17:02:50.769315 <... nanosleep resumed>NULL) = 0
318340 17:02:50.769359 openat(AT_FDCWD, "/home/sh1rogane/Anolix/rootfs", O_RDONLY|O_CLOEXEC|O_PATH|O_DIRECTORY <unfinished ...>
318342 17:02:50.769400 nanosleep({tv_sec=0, tv_nsec=20000},  <unfinished ...>
318340 17:02:50.769422 <... openat resumed>) = 8
318340 17:02:50.769478 fcntl(8, F_GETFL <unfinished ...>
318342 17:02:50.769556 <... nanosleep resumed>NULL) = 0
318340 17:02:50.769601 <... fcntl resumed>) = 0x210000 (flags O_RDONLY|O_PATH|O_DIRECTORY)
318342 17:02:50.769624 nanosleep({tv_sec=0, tv_nsec=20000},  <unfinished ...>
318340 17:02:50.769671 fcntl(8, F_SETFL, O_RDONLY|O_NONBLOCK|O_PATH|O_DIRECTORY) = -1 EBADF (Bad file descriptor)
318342 17:02:50.769773 <... nanosleep resumed>NULL) = 0
318340 17:02:50.769794 openat2(8, "/dev/mqueue", {flags=O_RDONLY|O_CLOEXEC|O_PATH, resolve=RESOLVE_NO_MAGICLINKS|RESOLVE_IN_ROOT}, 24 <unfinished ...>
318342 17:02:50.769834 nanosleep({tv_sec=0, tv_nsec=20000},  <unfinished ...>
318340 17:02:50.769876 <... openat2 resumed>) = 12
318340 17:02:50.769935 fcntl(12, F_GETFL <unfinished ...>
318342 17:02:50.769988 <... nanosleep resumed>NULL) = 0
318340 17:02:50.770030 <... fcntl resumed>) = 0x200000 (flags O_RDONLY|O_PATH)
318342 17:02:50.770061 nanosleep({tv_sec=0, tv_nsec=20000},  <unfinished ...>
318340 17:02:50.770086 fstatfs(13, {f_type=PROC_SUPER_MAGIC, f_bsize=4096, f_blocks=0, f_bfree=0, f_bavail=0, f_files=0, f_ffree=0, f_fsid={val=[0x5c, 0]}, f_namelen=255, f_frsize=4096, f_flags=ST_VALID|ST_NOSUID|ST_NODEV|ST_NOEXEC|ST_RELATIME}) = 0
318342 17:02:50.770185 <... nanosleep resumed>NULL) = 0
318340 17:02:50.770222 fstat(13,  <unfinished ...>
318342 17:02:50.770279 nanosleep({tv_sec=0, tv_nsec=20000},  <unfinished ...>
318340 17:02:50.770327 <... fstat resumed>{st_mode=S_IFDIR|0555, st_size=0, ...}) = 0
318340 17:02:50.770387 openat2(AT_FDCWD, ".", {flags=O_RDONLY|O_CLOEXEC|O_PATH, resolve=RESOLVE_NO_SYMLINKS|RESOLVE_IN_ROOT}, 24 <unfinished ...>
318342 17:02:50.770454 <... nanosleep resumed>NULL) = 0
318340 17:02:50.770477 <... openat2 resumed>) = 14
318342 17:02:50.770512 nanosleep({tv_sec=0, tv_nsec=20000},  <unfinished ...>
318340 17:02:50.770553 close(14)        = 0
318342 17:02:50.770658 <... nanosleep resumed>NULL) = 0
318340 17:02:50.770683 openat2(13, "thread-self/fd/12", {flags=O_RDONLY|O_NOFOLLOW|O_CLOEXEC|O_PATH, resolve=RESOLVE_NO_XDEV|RESOLVE_NO_MAGICLINKS|RESOLVE_BENEATH}, 24 <unfinished ...>
318342 17:02:50.770724 nanosleep({tv_sec=0, tv_nsec=20000},  <unfinished ...>
318340 17:02:50.770774 <... openat2 resumed>) = 14
318340 17:02:50.770832 fcntl(14, F_GETFL <unfinished ...>
318342 17:02:50.770881 <... nanosleep resumed>NULL) = 0
318340 17:02:50.770902 <... fcntl resumed>) = 0x220000 (flags O_RDONLY|O_NOFOLLOW|O_PATH)
318342 17:02:50.770933 nanosleep({tv_sec=0, tv_nsec=20000},  <unfinished ...>
318340 17:02:50.770972 statx(13, "", AT_STATX_SYNC_AS_STAT|AT_SYMLINK_NOFOLLOW|AT_EMPTY_PATH, STATX_MNT_ID|STATX_MNT_ID_UNIQUE, {stx_mask=STATX_BASIC_STATS|STATX_MNT_ID_UNIQUE, stx_attributes=STATX_ATTR_MOUNT_ROOT, stx_mode=S_IFDIR|0555, stx_size=0, ...}) = 0
318342 17:02:50.771092 <... nanosleep resumed>NULL) = 0
318340 17:02:50.771133 statx(14, "", AT_STATX_SYNC_AS_STAT|AT_SYMLINK_NOFOLLOW|AT_EMPTY_PATH, STATX_MNT_ID|STATX_MNT_ID_UNIQUE,  <unfinished ...>
318342 17:02:50.771178 nanosleep({tv_sec=0, tv_nsec=20000},  <unfinished ...>
318340 17:02:50.771217 <... statx resumed>{stx_mask=STATX_BASIC_STATS|STATX_MNT_ID_UNIQUE, stx_attributes=0, stx_mode=S_IFLNK|000, stx_size=64, ...}) = 0
318340 17:02:50.771288 readlinkat(14, "",  <unfinished ...>
318342 17:02:50.771333 <... nanosleep resumed>NULL) = 0
318342 17:02:50.771387 nanosleep({tv_sec=0, tv_nsec=20000},  <unfinished ...>
318340 17:02:50.771434 <... readlinkat resumed>"/home/sh1rogane/Anolix/rootfs/de"..., 4096) = 40
318340 17:02:50.771524 close(14 <unfinished ...>
318342 17:02:50.771595 <... nanosleep resumed>NULL) = 0
318340 17:02:50.771619 <... close resumed>) = 0
318342 17:02:50.771647 nanosleep({tv_sec=0, tv_nsec=20000},  <unfinished ...>
318340 17:02:50.771689 fcntl(12, F_DUPFD_CLOEXEC, 0) = 14
318342 17:02:50.771797 <... nanosleep resumed>NULL) = 0
318340 17:02:50.771857 fcntl(14, F_GETFL <unfinished ...>
318342 17:02:50.771921 nanosleep({tv_sec=0, tv_nsec=20000},  <unfinished ...>
318340 17:02:50.771977 <... fcntl resumed>) = 0x200000 (flags O_RDONLY|O_PATH)
318340 17:02:50.772038 close(12 <unfinished ...>
318342 17:02:50.772103 <... nanosleep resumed>NULL) = 0
318340 17:02:50.772144 <... close resumed>) = 0
318342 17:02:50.772163 nanosleep({tv_sec=0, tv_nsec=20000},  <unfinished ...>
318340 17:02:50.772186 close(8)         = 0
318342 17:02:50.772312 <... nanosleep resumed>NULL) = 0
318340 17:02:50.772354 fstatfs(13,  <unfinished ...>
318342 17:02:50.772399 nanosleep({tv_sec=0, tv_nsec=20000},  <unfinished ...>
318340 17:02:50.772447 <... fstatfs resumed>{f_type=PROC_SUPER_MAGIC, f_bsize=4096, f_blocks=0, f_bfree=0, f_bavail=0, f_files=0, f_ffree=0, f_fsid={val=[0x5c, 0]}, f_namelen=255, f_frsize=4096, f_flags=ST_VALID|ST_NOSUID|ST_NODEV|ST_NOEXEC|ST_RELATIME}) = 0
318340 17:02:50.772527 fstat(13,  <unfinished ...>
318342 17:02:50.772579 <... nanosleep resumed>NULL) = 0
318340 17:02:50.772600 <... fstat resumed>{st_mode=S_IFDIR|0555, st_size=0, ...}) = 0
318342 17:02:50.772635 nanosleep({tv_sec=0, tv_nsec=20000},  <unfinished ...>
318340 17:02:50.772656 openat2(AT_FDCWD, ".", {flags=O_RDONLY|O_CLOEXEC|O_PATH, resolve=RESOLVE_NO_SYMLINKS|RESOLVE_IN_ROOT}, 24) = 8
318342 17:02:50.772745 <... nanosleep resumed>NULL) = 0
318340 17:02:50.772768 close(8 <unfinished ...>
318342 17:02:50.772798 epoll_pwait(9,  <unfinished ...>
318340 17:02:50.772817 <... close resumed>) = 0
318342 17:02:50.772847 <... epoll_pwait resumed>[], 128, 0, NULL, 0) = 0
318340 17:02:50.772873 openat2(13, "thread-self/fd/", {flags=O_RDONLY|O_NOFOLLOW|O_CLOEXEC|O_PATH, resolve=RESOLVE_NO_XDEV|RESOLVE_NO_MAGICLINKS|RESOLVE_BENEATH}, 24 <unfinished ...>
318342 17:02:50.772926 nanosleep({tv_sec=0, tv_nsec=20000},  <unfinished ...>
318340 17:02:50.772984 <... openat2 resumed>) = 8
318340 17:02:50.773037 fcntl(8, F_GETFL <unfinished ...>
318342 17:02:50.773087 <... nanosleep resumed>NULL) = 0
318340 17:02:50.773107 <... fcntl resumed>) = 0x220000 (flags O_RDONLY|O_NOFOLLOW|O_PATH)
318342 17:02:50.773169 nanosleep({tv_sec=0, tv_nsec=20000},  <unfinished ...>
318340 17:02:50.773244 statx(13, "", AT_STATX_SYNC_AS_STAT|AT_SYMLINK_NOFOLLOW|AT_EMPTY_PATH, STATX_MNT_ID|STATX_MNT_ID_UNIQUE,  <unfinished ...>
318342 17:02:50.773343 <... nanosleep resumed>NULL) = 0
318340 17:02:50.773393 <... statx resumed>{stx_mask=STATX_BASIC_STATS|STATX_MNT_ID_UNIQUE, stx_attributes=STATX_ATTR_MOUNT_ROOT, stx_mode=S_IFDIR|0555, stx_size=0, ...}) = 0
318342 17:02:50.773436 futex(0xc00006d148, FUTEX_WAKE_PRIVATE, 1 <unfinished ...>
318340 17:02:50.773466 futex(0xeeaf80, FUTEX_WAIT_PRIVATE, 0, NULL <unfinished ...>
318342 17:02:50.773488 <... futex resumed>) = 1
318343 17:02:50.773520 <... futex resumed>) = 0
318342 17:02:50.773567 nanosleep({tv_sec=0, tv_nsec=20000},  <unfinished ...>
318343 17:02:50.773621 futex(0xeeaf80, FUTEX_WAKE_PRIVATE, 1) = 1
318340 17:02:50.773744 <... futex resumed>) = 0
318343 17:02:50.773808 futex(0xc00006d148, FUTEX_WAIT_PRIVATE, 0, NULL <unfinished ...>
318340 17:02:50.773858 statx(8, "14", AT_STATX_SYNC_AS_STAT|AT_SYMLINK_NOFOLLOW|AT_EMPTY_PATH, STATX_MNT_ID|STATX_MNT_ID_UNIQUE,  <unfinished ...>
318342 17:02:50.773928 <... nanosleep resumed>NULL) = 0
318340 17:02:50.773979 <... statx resumed>{stx_mask=STATX_BASIC_STATS|STATX_MNT_ID_UNIQUE, stx_attributes=0, stx_mode=S_IFLNK|000, stx_size=64, ...}) = 0
318342 17:02:50.774035 nanosleep({tv_sec=0, tv_nsec=20000},  <unfinished ...>
318340 17:02:50.774096 openat(8, "14", O_RDONLY|O_CLOEXEC|O_PATH <unfinished ...>
318342 17:02:50.774185 <... nanosleep resumed>NULL) = 0
318340 17:02:50.774236 <... openat resumed>) = 12
318342 17:02:50.774286 nanosleep({tv_sec=0, tv_nsec=20000},  <unfinished ...>
318340 17:02:50.774338 fcntl(12, F_GETFL) = 0x200000 (flags O_RDONLY|O_PATH)
318342 17:02:50.774436 <... nanosleep resumed>NULL) = 0
318340 17:02:50.774475 close(8 <unfinished ...>
318342 17:02:50.774537 nanosleep({tv_sec=0, tv_nsec=20000},  <unfinished ...>
318340 17:02:50.774583 <... close resumed>) = 0
318340 17:02:50.774652 close(14 <unfinished ...>
318342 17:02:50.774703 <... nanosleep resumed>NULL) = 0
318340 17:02:50.774726 <... close resumed>) = 0
318342 17:02:50.774758 nanosleep({tv_sec=0, tv_nsec=20000},  <unfinished ...>
318340 17:02:50.774783 fstatfs(13, {f_type=PROC_SUPER_MAGIC, f_bsize=4096, f_blocks=0, f_bfree=0, f_bavail=0, f_files=0, f_ffree=0, f_fsid={val=[0x5c, 0]}, f_namelen=255, f_frsize=4096, f_flags=ST_VALID|ST_NOSUID|ST_NODEV|ST_NOEXEC|ST_RELATIME}) = 0
318342 17:02:50.774909 <... nanosleep resumed>NULL) = 0
318340 17:02:50.774935 fstat(13,  <unfinished ...>
318342 17:02:50.774971 nanosleep({tv_sec=0, tv_nsec=20000},  <unfinished ...>
318340 17:02:50.775011 <... fstat resumed>{st_mode=S_IFDIR|0555, st_size=0, ...}) = 0
318340 17:02:50.775081 openat2(AT_FDCWD, ".", {flags=O_RDONLY|O_CLOEXEC|O_PATH, resolve=RESOLVE_NO_SYMLINKS|RESOLVE_IN_ROOT}, 24 <unfinished ...>
318342 17:02:50.775134 <... nanosleep resumed>NULL) = 0
318340 17:02:50.775155 <... openat2 resumed>) = 8
318342 17:02:50.775188 nanosleep({tv_sec=0, tv_nsec=20000},  <unfinished ...>
318340 17:02:50.775212 close(8)         = 0
318342 17:02:50.775316 <... nanosleep resumed>NULL) = 0
318340 17:02:50.775340 openat2(13, "thread-self/fd/12", {flags=O_RDONLY|O_NOFOLLOW|O_CLOEXEC|O_PATH, resolve=RESOLVE_NO_XDEV|RESOLVE_NO_MAGICLINKS|RESOLVE_BENEATH}, 24 <unfinished ...>
318342 17:02:50.775403 nanosleep({tv_sec=0, tv_nsec=20000},  <unfinished ...>
318340 17:02:50.775449 <... openat2 resumed>) = 8
318340 17:02:50.775510 fcntl(8, F_GETFL <unfinished ...>
318342 17:02:50.775554 <... nanosleep resumed>NULL) = 0
318340 17:02:50.775574 <... fcntl resumed>) = 0x220000 (flags O_RDONLY|O_NOFOLLOW|O_PATH)
318342 17:02:50.775605 nanosleep({tv_sec=0, tv_nsec=20000},  <unfinished ...>
318340 17:02:50.775628 statx(13, "", AT_STATX_SYNC_AS_STAT|AT_SYMLINK_NOFOLLOW|AT_EMPTY_PATH, STATX_MNT_ID|STATX_MNT_ID_UNIQUE, {stx_mask=STATX_BASIC_STATS|STATX_MNT_ID_UNIQUE, stx_attributes=STATX_ATTR_MOUNT_ROOT, stx_mode=S_IFDIR|0555, stx_size=0, ...}) = 0
318342 17:02:50.775759 <... nanosleep resumed>NULL) = 0
318340 17:02:50.775805 statx(8, "", AT_STATX_SYNC_AS_STAT|AT_SYMLINK_NOFOLLOW|AT_EMPTY_PATH, STATX_MNT_ID|STATX_MNT_ID_UNIQUE,  <unfinished ...>
318342 17:02:50.775839 nanosleep({tv_sec=0, tv_nsec=20000},  <unfinished ...>
318340 17:02:50.775866 <... statx resumed>{stx_mask=STATX_BASIC_STATS|STATX_MNT_ID_UNIQUE, stx_attributes=0, stx_mode=S_IFLNK|000, stx_size=64, ...}) = 0
318340 17:02:50.775931 readlinkat(8, "",  <unfinished ...>
318342 17:02:50.775995 <... nanosleep resumed>NULL) = 0
318340 17:02:50.776025 <... readlinkat resumed>"/home/sh1rogane/Anolix/rootfs/de"..., 4096) = 40
318342 17:02:50.776061 nanosleep({tv_sec=0, tv_nsec=20000},  <unfinished ...>
318340 17:02:50.776082 close(8)         = 0
318342 17:02:50.776202 <... nanosleep resumed>NULL) = 0
318340 17:02:50.776231 close(11 <unfinished ...>
318342 17:02:50.776274 nanosleep({tv_sec=0, tv_nsec=20000},  <unfinished ...>
318340 17:02:50.776320 <... close resumed>) = 0
318340 17:02:50.776373 close(12 <unfinished ...>
318342 17:02:50.776426 <... nanosleep resumed>NULL) = 0
318340 17:02:50.776457 <... close resumed>) = 0
318342 17:02:50.776487 nanosleep({tv_sec=0, tv_nsec=20000},  <unfinished ...>
318340 17:02:50.776530 newfstatat(AT_FDCWD, "/home/sh1rogane/Anolix/rootfs/sys", {st_mode=S_IFDIR|0755, st_size=4096, ...}, AT_SYMLINK_NOFOLLOW) = 0
318342 17:02:50.776624 <... nanosleep resumed>NULL) = 0
318340 17:02:50.776656 openat(AT_FDCWD, "/home/sh1rogane/Anolix/rootfs", O_RDONLY|O_CLOEXEC|O_DIRECTORY <unfinished ...>
318342 17:02:50.776688 nanosleep({tv_sec=0, tv_nsec=20000},  <unfinished ...>
318340 17:02:50.776720 <... openat resumed>) = 8
318340 17:02:50.776777 fcntl(8, F_GETFL <unfinished ...>
318342 17:02:50.776826 <... nanosleep resumed>NULL) = 0
318340 17:02:50.776864 <... fcntl resumed>) = 0x18000 (flags O_RDONLY|O_LARGEFILE|O_DIRECTORY)
318342 17:02:50.776904 nanosleep({tv_sec=0, tv_nsec=20000},  <unfinished ...>
318340 17:02:50.776947 fcntl(8, F_SETFL, O_RDONLY|O_NONBLOCK|O_LARGEFILE|O_DIRECTORY) = 0
318342 17:02:50.777048 <... nanosleep resumed>NULL) = 0
318340 17:02:50.777092 epoll_ctl(9, EPOLL_CTL_ADD, 8, {events=EPOLLIN|EPOLLOUT|EPOLLRDHUP|EPOLLET, data={u32=787480585, u64=9037941901288800265}} <unfinished ...>
318342 17:02:50.777156 nanosleep({tv_sec=0, tv_nsec=20000},  <unfinished ...>
318340 17:02:50.777178 <... epoll_ctl resumed>) = -1 EPERM (Operation not permitted)
318340 17:02:50.777239 fcntl(8, F_GETFL <unfinished ...>
318342 17:02:50.777293 <... nanosleep resumed>NULL) = 0
318340 17:02:50.777312 <... fcntl resumed>) = 0x18800 (flags O_RDONLY|O_NONBLOCK|O_LARGEFILE|O_DIRECTORY)
318342 17:02:50.777345 nanosleep({tv_sec=0, tv_nsec=20000},  <unfinished ...>
318340 17:02:50.777366 fcntl(8, F_SETFL, O_RDONLY|O_LARGEFILE|O_DIRECTORY) = 0
318342 17:02:50.777466 <... nanosleep resumed>NULL) = 0
318340 17:02:50.777498 openat2(8, "sys", {flags=O_RDONLY|O_CLOEXEC|O_PATH, resolve=RESOLVE_NO_MAGICLINKS|RESOLVE_IN_ROOT}, 24 <unfinished ...>
318342 17:02:50.777523 nanosleep({tv_sec=0, tv_nsec=20000},  <unfinished ...>
318340 17:02:50.777544 <... openat2 resumed>) = 11
318340 17:02:50.777615 fcntl(11, F_GETFL <unfinished ...>
318342 17:02:50.777668 <... nanosleep resumed>NULL) = 0
318340 17:02:50.777689 <... fcntl resumed>) = 0x200000 (flags O_RDONLY|O_PATH)
318342 17:02:50.777719 nanosleep({tv_sec=0, tv_nsec=20000},  <unfinished ...>
318340 17:02:50.777752 fstatfs(13, {f_type=PROC_SUPER_MAGIC, f_bsize=4096, f_blocks=0, f_bfree=0, f_bavail=0, f_files=0, f_ffree=0, f_fsid={val=[0x5c, 0]}, f_namelen=255, f_frsize=4096, f_flags=ST_VALID|ST_NOSUID|ST_NODEV|ST_NOEXEC|ST_RELATIME}) = 0
318342 17:02:50.777864 <... nanosleep resumed>NULL) = 0
318340 17:02:50.777902 fstat(13,  <unfinished ...>
318342 17:02:50.777927 nanosleep({tv_sec=0, tv_nsec=20000},  <unfinished ...>
318340 17:02:50.777961 <... fstat resumed>{st_mode=S_IFDIR|0555, st_size=0, ...}) = 0
318340 17:02:50.778014 openat2(AT_FDCWD, ".", {flags=O_RDONLY|O_CLOEXEC|O_PATH, resolve=RESOLVE_NO_SYMLINKS|RESOLVE_IN_ROOT}, 24 <unfinished ...>
318342 17:02:50.778065 <... nanosleep resumed>NULL) = 0
318340 17:02:50.778085 <... openat2 resumed>) = 12
318342 17:02:50.778115 nanosleep({tv_sec=0, tv_nsec=20000},  <unfinished ...>
318340 17:02:50.778158 close(12)        = 0
318342 17:02:50.778283 <... nanosleep resumed>NULL) = 0
318340 17:02:50.778330 openat2(13, "thread-self/fd/11", {flags=O_RDONLY|O_NOFOLLOW|O_CLOEXEC|O_PATH, resolve=RESOLVE_NO_XDEV|RESOLVE_NO_MAGICLINKS|RESOLVE_BENEATH}, 24 <unfinished ...>
318342 17:02:50.778376 nanosleep({tv_sec=0, tv_nsec=20000},  <unfinished ...>
318340 17:02:50.778410 <... openat2 resumed>) = 12
318340 17:02:50.778459 fcntl(12, F_GETFL <unfinished ...>
318342 17:02:50.778509 <... nanosleep resumed>NULL) = 0
318340 17:02:50.778528 <... fcntl resumed>) = 0x220000 (flags O_RDONLY|O_NOFOLLOW|O_PATH)
318342 17:02:50.778547 nanosleep({tv_sec=0, tv_nsec=20000},  <unfinished ...>
318340 17:02:50.778569 statx(13, "", AT_STATX_SYNC_AS_STAT|AT_SYMLINK_NOFOLLOW|AT_EMPTY_PATH, STATX_MNT_ID|STATX_MNT_ID_UNIQUE, {stx_mask=STATX_BASIC_STATS|STATX_MNT_ID_UNIQUE, stx_attributes=STATX_ATTR_MOUNT_ROOT, stx_mode=S_IFDIR|0555, stx_size=0, ...}) = 0
318342 17:02:50.778675 <... nanosleep resumed>NULL) = 0
318340 17:02:50.778698 statx(12, "", AT_STATX_SYNC_AS_STAT|AT_SYMLINK_NOFOLLOW|AT_EMPTY_PATH, STATX_MNT_ID|STATX_MNT_ID_UNIQUE,  <unfinished ...>
318342 17:02:50.778729 nanosleep({tv_sec=0, tv_nsec=20000},  <unfinished ...>
318340 17:02:50.778759 <... statx resumed>{stx_mask=STATX_BASIC_STATS|STATX_MNT_ID_UNIQUE, stx_attributes=0, stx_mode=S_IFLNK|000, stx_size=64, ...}) = 0
318340 17:02:50.778812 readlinkat(12, "",  <unfinished ...>
318342 17:02:50.778874 <... nanosleep resumed>NULL) = 0
318340 17:02:50.778933 <... readlinkat resumed>"/home/sh1rogane/Anolix/rootfs/sy"..., 4096) = 33
318342 17:02:50.778961 nanosleep({tv_sec=0, tv_nsec=20000},  <unfinished ...>
318340 17:02:50.779004 close(12)        = 0
318342 17:02:50.779116 <... nanosleep resumed>NULL) = 0
318340 17:02:50.779137 fcntl(11, F_DUPFD_CLOEXEC, 0 <unfinished ...>
318342 17:02:50.779166 nanosleep({tv_sec=0, tv_nsec=20000},  <unfinished ...>
318340 17:02:50.779216 <... fcntl resumed>) = 12
318340 17:02:50.779272 fcntl(12, F_GETFL <unfinished ...>
318342 17:02:50.779312 <... nanosleep resumed>NULL) = 0
318340 17:02:50.779331 <... fcntl resumed>) = 0x200000 (flags O_RDONLY|O_PATH)
318342 17:02:50.779350 nanosleep({tv_sec=0, tv_nsec=20000},  <unfinished ...>
318340 17:02:50.779382 close(11)        = 0
318342 17:02:50.779480 <... nanosleep resumed>NULL) = 0
318340 17:02:50.779521 fstat(12,  <unfinished ...>
318342 17:02:50.779550 nanosleep({tv_sec=0, tv_nsec=20000},  <unfinished ...>
318340 17:02:50.779571 <... fstat resumed>{st_mode=S_IFDIR|0755, st_size=4096, ...}) = 0
318340 17:02:50.779633 fstatfs(13,  <unfinished ...>
318342 17:02:50.779685 <... nanosleep resumed>NULL) = 0
318340 17:02:50.779735 <... fstatfs resumed>{f_type=PROC_SUPER_MAGIC, f_bsize=4096, f_blocks=0, f_bfree=0, f_bavail=0, f_files=0, f_ffree=0, f_fsid={val=[0x5c, 0]}, f_namelen=255, f_frsize=4096, f_flags=ST_VALID|ST_NOSUID|ST_NODEV|ST_NOEXEC|ST_RELATIME}) = 0
318342 17:02:50.779782 nanosleep({tv_sec=0, tv_nsec=20000},  <unfinished ...>
318340 17:02:50.779803 fstat(13, {st_mode=S_IFDIR|0555, st_size=0, ...}) = 0
318342 17:02:50.779925 <... nanosleep resumed>NULL) = 0
318340 17:02:50.779968 openat2(AT_FDCWD, ".", {flags=O_RDONLY|O_CLOEXEC|O_PATH, resolve=RESOLVE_NO_SYMLINKS|RESOLVE_IN_ROOT}, 24 <unfinished ...>
318342 17:02:50.780007 nanosleep({tv_sec=0, tv_nsec=20000},  <unfinished ...>
318340 17:02:50.780051 <... openat2 resumed>) = 11
318340 17:02:50.780099 close(11 <unfinished ...>
318342 17:02:50.780150 <... nanosleep resumed>NULL) = 0
318340 17:02:50.780170 <... close resumed>) = 0
318342 17:02:50.780202 nanosleep({tv_sec=0, tv_nsec=20000},  <unfinished ...>
318340 17:02:50.780236 openat2(13, "thread-self/fd/", {flags=O_RDONLY|O_NOFOLLOW|O_CLOEXEC|O_PATH, resolve=RESOLVE_NO_XDEV|RESOLVE_NO_MAGICLINKS|RESOLVE_BENEATH}, 24) = 11
318342 17:02:50.780378 <... nanosleep resumed>NULL) = 0
318340 17:02:50.780406 fcntl(11, F_GETFL <unfinished ...>
318342 17:02:50.780440 nanosleep({tv_sec=0, tv_nsec=20000},  <unfinished ...>
318340 17:02:50.780486 <... fcntl resumed>) = 0x220000 (flags O_RDONLY|O_NOFOLLOW|O_PATH)
318340 17:02:50.780548 statx(13, "", AT_STATX_SYNC_AS_STAT|AT_SYMLINK_NOFOLLOW|AT_EMPTY_PATH, STATX_MNT_ID|STATX_MNT_ID_UNIQUE,  <unfinished ...>
318342 17:02:50.780619 <... nanosleep resumed>NULL) = 0
318340 17:02:50.780672 <... statx resumed>{stx_mask=STATX_BASIC_STATS|STATX_MNT_ID_UNIQUE, stx_attributes=STATX_ATTR_MOUNT_ROOT, stx_mode=S_IFDIR|0555, stx_size=0, ...}) = 0
318342 17:02:50.780716 nanosleep({tv_sec=0, tv_nsec=20000},  <unfinished ...>
318340 17:02:50.780755 statx(11, "12", AT_STATX_SYNC_AS_STAT|AT_SYMLINK_NOFOLLOW|AT_EMPTY_PATH, STATX_MNT_ID|STATX_MNT_ID_UNIQUE, {stx_mask=STATX_BASIC_STATS|STATX_MNT_ID_UNIQUE, stx_attributes=0, stx_mode=S_IFLNK|000, stx_size=64, ...}) = 0
318342 17:02:50.780871 <... nanosleep resumed>NULL) = 0
318340 17:02:50.780897 openat(11, "12", O_RDONLY|O_CLOEXEC|O_DIRECTORY <unfinished ...>
318342 17:02:50.780935 nanosleep({tv_sec=0, tv_nsec=20000},  <unfinished ...>
318340 17:02:50.780966 <... openat resumed>) = 14
318340 17:02:50.781027 fcntl(14, F_GETFL <unfinished ...>
318342 17:02:50.781070 <... nanosleep resumed>NULL) = 0
318340 17:02:50.781090 <... fcntl resumed>) = 0x18000 (flags O_RDONLY|O_LARGEFILE|O_DIRECTORY)
318342 17:02:50.781121 nanosleep({tv_sec=0, tv_nsec=20000},  <unfinished ...>
318340 17:02:50.781144 close(11)        = 0
318342 17:02:50.781271 <... nanosleep resumed>NULL) = 0
318340 17:02:50.781299 close(12 <unfinished ...>
318342 17:02:50.781328 nanosleep({tv_sec=0, tv_nsec=20000},  <unfinished ...>
318340 17:02:50.781373 <... close resumed>) = 0
318340 17:02:50.781427 close(8 <unfinished ...>
318342 17:02:50.781479 <... nanosleep resumed>NULL) = 0
318340 17:02:50.781500 <... close resumed>) = 0
318342 17:02:50.781529 nanosleep({tv_sec=0, tv_nsec=20000},  <unfinished ...>
318340 17:02:50.781574 mount("sysfs", "/proc/thread-self/fd/14", "sysfs", MS_RDONLY|MS_NOSUID|MS_NODEV|MS_NOEXEC, NULL <unfinished ...>
318342 17:02:50.781678 <... nanosleep resumed>NULL) = 0
318340 17:02:50.781727 <... mount resumed>) = 0
318342 17:02:50.781759 nanosleep({tv_sec=0, tv_nsec=20000},  <unfinished ...>
318340 17:02:50.781797 fstatfs(13, {f_type=PROC_SUPER_MAGIC, f_bsize=4096, f_blocks=0, f_bfree=0, f_bavail=0, f_files=0, f_ffree=0, f_fsid={val=[0x5c, 0]}, f_namelen=255, f_frsize=4096, f_flags=ST_VALID|ST_NOSUID|ST_NODEV|ST_NOEXEC|ST_RELATIME}) = 0
318342 17:02:50.782083 <... nanosleep resumed>NULL) = 0
318340 17:02:50.782129 fstat(13,  <unfinished ...>
318342 17:02:50.782149 nanosleep({tv_sec=0, tv_nsec=20000},  <unfinished ...>
318340 17:02:50.782189 <... fstat resumed>{st_mode=S_IFDIR|0555, st_size=0, ...}) = 0
318340 17:02:50.782248 openat2(AT_FDCWD, ".", {flags=O_RDONLY|O_CLOEXEC|O_PATH, resolve=RESOLVE_NO_SYMLINKS|RESOLVE_IN_ROOT}, 24 <unfinished ...>
318342 17:02:50.782314 <... nanosleep resumed>NULL) = 0
318342 17:02:50.782364 nanosleep({tv_sec=0, tv_nsec=20000},  <unfinished ...>
318340 17:02:50.782416 <... openat2 resumed>) = 8
318340 17:02:50.782465 close(8 <unfinished ...>
318342 17:02:50.782511 <... nanosleep resumed>NULL) = 0
318340 17:02:50.782553 <... close resumed>) = 0
318342 17:02:50.782575 nanosleep({tv_sec=0, tv_nsec=20000},  <unfinished ...>
318340 17:02:50.782608 openat2(13, "thread-self/fd/14", {flags=O_RDONLY|O_NOFOLLOW|O_CLOEXEC|O_PATH, resolve=RESOLVE_NO_XDEV|RESOLVE_NO_MAGICLINKS|RESOLVE_BENEATH}, 24) = 8
318342 17:02:50.782742 <... nanosleep resumed>NULL) = 0
318340 17:02:50.782767 fcntl(8, F_GETFL <unfinished ...>
318342 17:02:50.782801 epoll_pwait(9,  <unfinished ...>
318340 17:02:50.782843 <... fcntl resumed>) = 0x220000 (flags O_RDONLY|O_NOFOLLOW|O_PATH)
318342 17:02:50.782877 <... epoll_pwait resumed>[], 128, 0, NULL, 0) = 0
318340 17:02:50.782900 statx(13, "", AT_STATX_SYNC_AS_STAT|AT_SYMLINK_NOFOLLOW|AT_EMPTY_PATH, STATX_MNT_ID|STATX_MNT_ID_UNIQUE,  <unfinished ...>
318342 17:02:50.782937 nanosleep({tv_sec=0, tv_nsec=20000},  <unfinished ...>
318340 17:02:50.782963 <... statx resumed>{stx_mask=STATX_BASIC_STATS|STATX_MNT_ID_UNIQUE, stx_attributes=STATX_ATTR_MOUNT_ROOT, stx_mode=S_IFDIR|0555, stx_size=0, ...}) = 0
318340 17:02:50.783032 statx(8, "", AT_STATX_SYNC_AS_STAT|AT_SYMLINK_NOFOLLOW|AT_EMPTY_PATH, STATX_MNT_ID|STATX_MNT_ID_UNIQUE,  <unfinished ...>
318342 17:02:50.783098 <... nanosleep resumed>NULL) = 0
318340 17:02:50.783120 <... statx resumed>{stx_mask=STATX_BASIC_STATS|STATX_MNT_ID_UNIQUE, stx_attributes=0, stx_mode=S_IFLNK|0500, stx_size=64, ...}) = 0
318342 17:02:50.783161 nanosleep({tv_sec=0, tv_nsec=20000},  <unfinished ...>
318340 17:02:50.783206 readlinkat(8, "", "/home/sh1rogane/Anolix/rootfs/sy"..., 4096) = 33
318342 17:02:50.783360 <... nanosleep resumed>NULL) = 0
318340 17:02:50.783403 close(8 <unfinished ...>
318342 17:02:50.783428 nanosleep({tv_sec=0, tv_nsec=20000},  <unfinished ...>
318340 17:02:50.783467 <... close resumed>) = 0
318342 17:02:50.783566 <... nanosleep resumed>NULL) = 0
318340 17:02:50.783593 openat(AT_FDCWD, "/home/sh1rogane/Anolix/rootfs", O_RDONLY|O_CLOEXEC|O_PATH|O_DIRECTORY <unfinished ...>
318342 17:02:50.783638 nanosleep({tv_sec=0, tv_nsec=20000},  <unfinished ...>
318340 17:02:50.783690 <... openat resumed>) = 8
318340 17:02:50.783749 fcntl(8, F_GETFL <unfinished ...>
318342 17:02:50.783814 <... nanosleep resumed>NULL) = 0
318340 17:02:50.783839 <... fcntl resumed>) = 0x210000 (flags O_RDONLY|O_PATH|O_DIRECTORY)
318342 17:02:50.783876 nanosleep({tv_sec=0, tv_nsec=20000},  <unfinished ...>
318340 17:02:50.783928 fcntl(8, F_SETFL, O_RDONLY|O_NONBLOCK|O_PATH|O_DIRECTORY) = -1 EBADF (Bad file descriptor)
318342 17:02:50.784041 <... nanosleep resumed>NULL) = 0
318340 17:02:50.784076 openat2(8, "/sys", {flags=O_RDONLY|O_CLOEXEC|O_PATH, resolve=RESOLVE_NO_MAGICLINKS|RESOLVE_IN_ROOT}, 24 <unfinished ...>
318342 17:02:50.784113 futex(0xc00006d148, FUTEX_WAKE_PRIVATE, 1 <unfinished ...>
318340 17:02:50.784136 <... openat2 resumed>) = 11
318342 17:02:50.784171 <... futex resumed>) = 1
318343 17:02:50.784211 <... futex resumed>) = 0
318340 17:02:50.784232 futex(0xeeaf80, FUTEX_WAIT_PRIVATE, 0, NULL <unfinished ...>
318343 17:02:50.784253 futex(0xeeaf80, FUTEX_WAKE_PRIVATE, 1 <unfinished ...>
318342 17:02:50.784288 nanosleep({tv_sec=0, tv_nsec=20000},  <unfinished ...>
318343 17:02:50.784331 <... futex resumed>) = 0
318340 17:02:50.784363 <... futex resumed>) = -1 EAGAIN (Resource temporarily unavailable)
318343 17:02:50.784386 futex(0xc00006d148, FUTEX_WAIT_PRIVATE, 0, NULL <unfinished ...>
318342 17:02:50.784425 <... nanosleep resumed>NULL) = 0
318340 17:02:50.784469 fcntl(11, F_GETFL <unfinished ...>
318342 17:02:50.784492 nanosleep({tv_sec=0, tv_nsec=20000},  <unfinished ...>
318340 17:02:50.784514 <... fcntl resumed>) = 0x200000 (flags O_RDONLY|O_PATH)
318340 17:02:50.784592 fstatfs(13,  <unfinished ...>
318342 17:02:50.784661 <... nanosleep resumed>NULL) = 0
318340 17:02:50.784705 <... fstatfs resumed>{f_type=PROC_SUPER_MAGIC, f_bsize=4096, f_blocks=0, f_bfree=0, f_bavail=0, f_files=0, f_ffree=0, f_fsid={val=[0x5c, 0]}, f_namelen=255, f_frsize=4096, f_flags=ST_VALID|ST_NOSUID|ST_NODEV|ST_NOEXEC|ST_RELATIME}) = 0
318342 17:02:50.784743 nanosleep({tv_sec=0, tv_nsec=20000},  <unfinished ...>
318340 17:02:50.784765 fstat(13, {st_mode=S_IFDIR|0555, st_size=0, ...}) = 0
318342 17:02:50.784901 <... nanosleep resumed>NULL) = 0
318340 17:02:50.784967 openat2(AT_FDCWD, ".", {flags=O_RDONLY|O_CLOEXEC|O_PATH, resolve=RESOLVE_NO_SYMLINKS|RESOLVE_IN_ROOT}, 24 <unfinished ...>
318342 17:02:50.785020 nanosleep({tv_sec=0, tv_nsec=20000},  <unfinished ...>
318340 17:02:50.785045 <... openat2 resumed>) = 12
318340 17:02:50.785115 close(12 <unfinished ...>
318342 17:02:50.785167 <... nanosleep resumed>NULL) = 0
318342 17:02:50.785211 nanosleep({tv_sec=0, tv_nsec=20000},  <unfinished ...>
318340 17:02:50.785258 <... close resumed>) = 0
318340 17:02:50.785345 openat2(13, "thread-self/fd/11", {flags=O_RDONLY|O_NOFOLLOW|O_CLOEXEC|O_PATH, resolve=RESOLVE_NO_XDEV|RESOLVE_NO_MAGICLINKS|RESOLVE_BENEATH}, 24 <unfinished ...>
318342 17:02:50.785401 <... nanosleep resumed>NULL) = 0
318340 17:02:50.785425 <... openat2 resumed>) = 12
318342 17:02:50.785460 nanosleep({tv_sec=0, tv_nsec=20000},  <unfinished ...>
318340 17:02:50.785514 fcntl(12, F_GETFL) = 0x220000 (flags O_RDONLY|O_NOFOLLOW|O_PATH)
318342 17:02:50.785626 <... nanosleep resumed>NULL) = 0
318340 17:02:50.785660 statx(13, "", AT_STATX_SYNC_AS_STAT|AT_SYMLINK_NOFOLLOW|AT_EMPTY_PATH, STATX_MNT_ID|STATX_MNT_ID_UNIQUE,  <unfinished ...>
318342 17:02:50.785712 nanosleep({tv_sec=0, tv_nsec=20000},  <unfinished ...>
318340 17:02:50.785758 <... statx resumed>{stx_mask=STATX_BASIC_STATS|STATX_MNT_ID_UNIQUE, stx_attributes=STATX_ATTR_MOUNT_ROOT, stx_mode=S_IFDIR|0555, stx_size=0, ...}) = 0
318340 17:02:50.785831 statx(12, "", AT_STATX_SYNC_AS_STAT|AT_SYMLINK_NOFOLLOW|AT_EMPTY_PATH, STATX_MNT_ID|STATX_MNT_ID_UNIQUE,  <unfinished ...>
318342 17:02:50.785885 <... nanosleep resumed>NULL) = 0
318340 17:02:50.785904 <... statx resumed>{stx_mask=STATX_BASIC_STATS|STATX_MNT_ID_UNIQUE, stx_attributes=0, stx_mode=S_IFLNK|000, stx_size=64, ...}) = 0
318342 17:02:50.785935 nanosleep({tv_sec=0, tv_nsec=20000},  <unfinished ...>
318340 17:02:50.785975 readlinkat(12, "", "/home/sh1rogane/Anolix/rootfs/sy"..., 4096) = 33
318342 17:02:50.786083 <... nanosleep resumed>NULL) = 0
318340 17:02:50.786126 close(12 <unfinished ...>
318342 17:02:50.786145 nanosleep({tv_sec=0, tv_nsec=20000},  <unfinished ...>
318340 17:02:50.786175 <... close resumed>) = 0
318340 17:02:50.786216 fcntl(11, F_DUPFD_CLOEXEC, 0 <unfinished ...>
318342 17:02:50.786259 <... nanosleep resumed>NULL) = 0
318340 17:02:50.786278 <... fcntl resumed>) = 12
318342 17:02:50.786299 nanosleep({tv_sec=0, tv_nsec=20000},  <unfinished ...>
318340 17:02:50.786321 fcntl(12, F_GETFL) = 0x200000 (flags O_RDONLY|O_PATH)
318342 17:02:50.786430 <... nanosleep resumed>NULL) = 0
318340 17:02:50.786466 close(11 <unfinished ...>
318342 17:02:50.786484 nanosleep({tv_sec=0, tv_nsec=20000},  <unfinished ...>
318340 17:02:50.786517 <... close resumed>) = 0
318340 17:02:50.786590 close(8 <unfinished ...>
318342 17:02:50.786640 <... nanosleep resumed>NULL) = 0
318340 17:02:50.786676 <... close resumed>) = 0
318342 17:02:50.786715 nanosleep({tv_sec=0, tv_nsec=20000},  <unfinished ...>
318340 17:02:50.786772 fstatfs(13, {f_type=PROC_SUPER_MAGIC, f_bsize=4096, f_blocks=0, f_bfree=0, f_bavail=0, f_files=0, f_ffree=0, f_fsid={val=[0x5c, 0]}, f_namelen=255, f_frsize=4096, f_flags=ST_VALID|ST_NOSUID|ST_NODEV|ST_NOEXEC|ST_RELATIME}) = 0
318342 17:02:50.786882 <... nanosleep resumed>NULL) = 0
318340 17:02:50.786906 fstat(13,  <unfinished ...>
318342 17:02:50.786929 nanosleep({tv_sec=0, tv_nsec=20000},  <unfinished ...>
318340 17:02:50.786965 <... fstat resumed>{st_mode=S_IFDIR|0555, st_size=0, ...}) = 0
318340 17:02:50.787028 openat2(AT_FDCWD, ".", {flags=O_RDONLY|O_CLOEXEC|O_PATH, resolve=RESOLVE_NO_SYMLINKS|RESOLVE_IN_ROOT}, 24 <unfinished ...>
318342 17:02:50.787099 <... nanosleep resumed>NULL) = 0
318340 17:02:50.787123 <... openat2 resumed>) = 8
318342 17:02:50.787157 nanosleep({tv_sec=0, tv_nsec=20000},  <unfinished ...>
318340 17:02:50.787200 close(8)         = 0
318342 17:02:50.787310 <... nanosleep resumed>NULL) = 0
318340 17:02:50.787359 openat2(13, "thread-self/fd/", {flags=O_RDONLY|O_NOFOLLOW|O_CLOEXEC|O_PATH, resolve=RESOLVE_NO_XDEV|RESOLVE_NO_MAGICLINKS|RESOLVE_BENEATH}, 24 <unfinished ...>
318342 17:02:50.787385 nanosleep({tv_sec=0, tv_nsec=20000},  <unfinished ...>
318340 17:02:50.787405 <... openat2 resumed>) = 8
318340 17:02:50.787467 fcntl(8, F_GETFL <unfinished ...>
318342 17:02:50.787519 <... nanosleep resumed>NULL) = 0
318340 17:02:50.787543 <... fcntl resumed>) = 0x220000 (flags O_RDONLY|O_NOFOLLOW|O_PATH)
318342 17:02:50.787567 nanosleep({tv_sec=0, tv_nsec=20000},  <unfinished ...>
318340 17:02:50.787607 statx(13, "", AT_STATX_SYNC_AS_STAT|AT_SYMLINK_NOFOLLOW|AT_EMPTY_PATH, STATX_MNT_ID|STATX_MNT_ID_UNIQUE, {stx_mask=STATX_BASIC_STATS|STATX_MNT_ID_UNIQUE, stx_attributes=STATX_ATTR_MOUNT_ROOT, stx_mode=S_IFDIR|0555, stx_size=0, ...}) = 0
318342 17:02:50.787742 <... nanosleep resumed>NULL) = 0
318340 17:02:50.787766 statx(8, "12", AT_STATX_SYNC_AS_STAT|AT_SYMLINK_NOFOLLOW|AT_EMPTY_PATH, STATX_MNT_ID|STATX_MNT_ID_UNIQUE,  <unfinished ...>
318342 17:02:50.787803 nanosleep({tv_sec=0, tv_nsec=20000},  <unfinished ...>
318340 17:02:50.787852 <... statx resumed>{stx_mask=STATX_BASIC_STATS|STATX_MNT_ID_UNIQUE, stx_attributes=0, stx_mode=S_IFLNK|000, stx_size=64, ...}) = 0
318340 17:02:50.787930 openat(8, "12", O_RDONLY|O_CLOEXEC|O_PATH <unfinished ...>
318342 17:02:50.787982 <... nanosleep resumed>NULL) = 0
318340 17:02:50.788029 <... openat resumed>) = 11
318342 17:02:50.788053 nanosleep({tv_sec=0, tv_nsec=20000},  <unfinished ...>
318340 17:02:50.788094 fcntl(11, F_GETFL) = 0x200000 (flags O_RDONLY|O_PATH)
318342 17:02:50.788214 <... nanosleep resumed>NULL) = 0
318340 17:02:50.788258 close(8 <unfinished ...>
318342 17:02:50.788277 nanosleep({tv_sec=0, tv_nsec=20000},  <unfinished ...>
318340 17:02:50.788311 <... close resumed>) = 0
318340 17:02:50.788370 close(12 <unfinished ...>
318342 17:02:50.788419 <... nanosleep resumed>NULL) = 0
318340 17:02:50.788439 <... close resumed>) = 0
318342 17:02:50.788468 nanosleep({tv_sec=0, tv_nsec=20000},  <unfinished ...>
318340 17:02:50.788512 fstatfs(13, {f_type=PROC_SUPER_MAGIC, f_bsize=4096, f_blocks=0, f_bfree=0, f_bavail=0, f_files=0, f_ffree=0, f_fsid={val=[0x5c, 0]}, f_namelen=255, f_frsize=4096, f_flags=ST_VALID|ST_NOSUID|ST_NODEV|ST_NOEXEC|ST_RELATIME}) = 0
318342 17:02:50.788648 <... nanosleep resumed>NULL) = 0
318340 17:02:50.788686 fstat(13,  <unfinished ...>
318342 17:02:50.788732 nanosleep({tv_sec=0, tv_nsec=20000},  <unfinished ...>
318340 17:02:50.788780 <... fstat resumed>{st_mode=S_IFDIR|0555, st_size=0, ...}) = 0
318340 17:02:50.788858 openat2(AT_FDCWD, ".", {flags=O_RDONLY|O_CLOEXEC|O_PATH, resolve=RESOLVE_NO_SYMLINKS|RESOLVE_IN_ROOT}, 24 <unfinished ...>
318342 17:02:50.788910 <... nanosleep resumed>NULL) = 0
318342 17:02:50.788961 nanosleep({tv_sec=0, tv_nsec=20000},  <unfinished ...>
318340 17:02:50.789016 <... openat2 resumed>) = 8
318340 17:02:50.789075 close(8 <unfinished ...>
318342 17:02:50.789122 <... nanosleep resumed>NULL) = 0
318340 17:02:50.789163 <... close resumed>) = 0
318342 17:02:50.789200 nanosleep({tv_sec=0, tv_nsec=20000},  <unfinished ...>
318340 17:02:50.789246 openat2(13, "thread-self/fd/11", {flags=O_RDONLY|O_NOFOLLOW|O_CLOEXEC|O_PATH, resolve=RESOLVE_NO_XDEV|RESOLVE_NO_MAGICLINKS|RESOLVE_BENEATH}, 24) = 8
318342 17:02:50.789349 <... nanosleep resumed>NULL) = 0
318340 17:02:50.789395 fcntl(8, F_GETFL <unfinished ...>
318342 17:02:50.789414 nanosleep({tv_sec=0, tv_nsec=20000},  <unfinished ...>
318340 17:02:50.789446 <... fcntl resumed>) = 0x220000 (flags O_RDONLY|O_NOFOLLOW|O_PATH)
318340 17:02:50.789517 statx(13, "", AT_STATX_SYNC_AS_STAT|AT_SYMLINK_NOFOLLOW|AT_EMPTY_PATH, STATX_MNT_ID|STATX_MNT_ID_UNIQUE,  <unfinished ...>
318342 17:02:50.789693 <... nanosleep resumed>NULL) = 0
318340 17:02:50.789756 <... statx resumed>{stx_mask=STATX_BASIC_STATS|STATX_MNT_ID_UNIQUE, stx_attributes=STATX_ATTR_MOUNT_ROOT, stx_mode=S_IFDIR|0555, stx_size=0, ...}) = 0
318342 17:02:50.789847 nanosleep({tv_sec=0, tv_nsec=20000},  <unfinished ...>
318340 17:02:50.789954 statx(8, "", AT_STATX_SYNC_AS_STAT|AT_SYMLINK_NOFOLLOW|AT_EMPTY_PATH, STATX_MNT_ID|STATX_MNT_ID_UNIQUE,  <unfinished ...>
318342 17:02:50.790062 <... nanosleep resumed>NULL) = 0
318340 17:02:50.790110 <... statx resumed>{stx_mask=STATX_BASIC_STATS|STATX_MNT_ID_UNIQUE, stx_attributes=0, stx_mode=S_IFLNK|000, stx_size=64, ...}) = 0
318342 17:02:50.790145 nanosleep({tv_sec=0, tv_nsec=20000},  <unfinished ...>
318340 17:02:50.790191 readlinkat(8, "", "/home/sh1rogane/Anolix/rootfs/sy"..., 4096) = 33
318342 17:02:50.790318 <... nanosleep resumed>NULL) = 0
318340 17:02:50.790344 close(8 <unfinished ...>
318342 17:02:50.790378 nanosleep({tv_sec=0, tv_nsec=20000},  <unfinished ...>
318340 17:02:50.790417 <... close resumed>) = 0
318340 17:02:50.790504 close(14 <unfinished ...>
318342 17:02:50.790565 <... nanosleep resumed>NULL) = 0
318340 17:02:50.790612 <... close resumed>) = 0
318342 17:02:50.790677 nanosleep({tv_sec=0, tv_nsec=20000},  <unfinished ...>
318340 17:02:50.790728 close(11)        = 0
318342 17:02:50.790865 <... nanosleep resumed>NULL) = 0
318340 17:02:50.790915 openat(AT_FDCWD, "/proc/self/uid_map", O_RDONLY|O_CLOEXEC <unfinished ...>
318342 17:02:50.790954 nanosleep({tv_sec=0, tv_nsec=20000},  <unfinished ...>
318340 17:02:50.791002 <... openat resumed>) = 8
318342 17:02:50.791089 <... nanosleep resumed>NULL) = 0
318340 17:02:50.791150 fcntl(8, F_GETFL <unfinished ...>
318342 17:02:50.791196 nanosleep({tv_sec=0, tv_nsec=20000},  <unfinished ...>
318340 17:02:50.791223 <... fcntl resumed>) = 0x8000 (flags O_RDONLY|O_LARGEFILE)
318340 17:02:50.791294 fcntl(8, F_SETFL, O_RDONLY|O_NONBLOCK|O_LARGEFILE <unfinished ...>
318342 17:02:50.791351 <... nanosleep resumed>NULL) = 0
318340 17:02:50.791428 <... fcntl resumed>) = 0
318342 17:02:50.791455 nanosleep({tv_sec=0, tv_nsec=20000},  <unfinished ...>
318340 17:02:50.791537 epoll_ctl(9, EPOLL_CTL_ADD, 8, {events=EPOLLIN|EPOLLOUT|EPOLLRDHUP|EPOLLET, data={u32=787480586, u64=9037941901288800266}} <unfinished ...>
318342 17:02:50.791630 <... nanosleep resumed>NULL) = 0
318340 17:02:50.791679 <... epoll_ctl resumed>) = -1 EPERM (Operation not permitted)
318342 17:02:50.791701 nanosleep({tv_sec=0, tv_nsec=20000},  <unfinished ...>
318340 17:02:50.791742 fcntl(8, F_GETFL) = 0x8800 (flags O_RDONLY|O_NONBLOCK|O_LARGEFILE)
318342 17:02:50.791843 <... nanosleep resumed>NULL) = 0
318340 17:02:50.791893 fcntl(8, F_SETFL, O_RDONLY|O_LARGEFILE <unfinished ...>
318342 17:02:50.791929 nanosleep({tv_sec=0, tv_nsec=20000},  <unfinished ...>
318340 17:02:50.791979 <... fcntl resumed>) = 0
318340 17:02:50.792071 read(8,  <unfinished ...>
318342 17:02:50.792117 <... nanosleep resumed>NULL) = 0
318340 17:02:50.792137 <... read resumed>"         0          0 4294967295"..., 4096) = 33
318342 17:02:50.792170 nanosleep({tv_sec=0, tv_nsec=20000},  <unfinished ...>
318340 17:02:50.792213 close(8)         = 0
318342 17:02:50.792333 <... nanosleep resumed>NULL) = 0
318340 17:02:50.792383 newfstatat(AT_FDCWD, "/home/sh1rogane/Anolix/rootfs//dev",  <unfinished ...>
318342 17:02:50.792435 nanosleep({tv_sec=0, tv_nsec=20000},  <unfinished ...>
318340 17:02:50.792485 <... newfstatat resumed>{st_mode=S_IFDIR|0755, st_size=100, ...}, AT_SYMLINK_NOFOLLOW) = 0
318340 17:02:50.792578 newfstatat(AT_FDCWD, "/home/sh1rogane/Anolix/rootfs//dev/null",  <unfinished ...>
318342 17:02:50.792631 <... nanosleep resumed>NULL) = 0
318340 17:02:50.792680 <... newfstatat resumed>0xc0000c5d78, AT_SYMLINK_NOFOLLOW) = -1 ENOENT (No such file or directory)
318342 17:02:50.792722 nanosleep({tv_sec=0, tv_nsec=20000},  <unfinished ...>
318340 17:02:50.792744 openat(AT_FDCWD, "/home/sh1rogane/Anolix/rootfs", O_RDONLY|O_CLOEXEC|O_DIRECTORY) = 8
318342 17:02:50.792877 <... nanosleep resumed>NULL) = 0
318340 17:02:50.792924 fcntl(8, F_GETFL <unfinished ...>
318342 17:02:50.792953 epoll_pwait(9,  <unfinished ...>
318340 17:02:50.792983 <... fcntl resumed>) = 0x18000 (flags O_RDONLY|O_LARGEFILE|O_DIRECTORY)
318342 17:02:50.793019 <... epoll_pwait resumed>[], 128, 0, NULL, 0) = 0
318340 17:02:50.793067 fcntl(8, F_SETFL, O_RDONLY|O_NONBLOCK|O_LARGEFILE|O_DIRECTORY <unfinished ...>
318342 17:02:50.793117 nanosleep({tv_sec=0, tv_nsec=20000},  <unfinished ...>
318340 17:02:50.793171 <... fcntl resumed>) = 0
318340 17:02:50.793260 epoll_ctl(9, EPOLL_CTL_ADD, 8, {events=EPOLLIN|EPOLLOUT|EPOLLRDHUP|EPOLLET, data={u32=787480587, u64=9037941901288800267}} <unfinished ...>
318342 17:02:50.793311 <... nanosleep resumed>NULL) = 0
318340 17:02:50.793331 <... epoll_ctl resumed>) = -1 EPERM (Operation not permitted)
318342 17:02:50.793360 nanosleep({tv_sec=0, tv_nsec=20000},  <unfinished ...>
318340 17:02:50.793382 fcntl(8, F_GETFL) = 0x18800 (flags O_RDONLY|O_NONBLOCK|O_LARGEFILE|O_DIRECTORY)
318340 17:02:50.793480 fcntl(8, F_SETFL, O_RDONLY|O_LARGEFILE|O_DIRECTORY <unfinished ...>
318342 17:02:50.793538 <... nanosleep resumed>NULL) = 0
318340 17:02:50.793561 <... fcntl resumed>) = 0
318342 17:02:50.793596 nanosleep({tv_sec=0, tv_nsec=20000},  <unfinished ...>
318340 17:02:50.793649 openat2(8, "dev", {flags=O_RDONLY|O_CLOEXEC|O_PATH, resolve=RESOLVE_NO_MAGICLINKS|RESOLVE_IN_ROOT}, 24) = 11
318342 17:02:50.793773 <... nanosleep resumed>NULL) = 0
318340 17:02:50.793795 fcntl(11, F_GETFL <unfinished ...>
318342 17:02:50.793825 nanosleep({tv_sec=0, tv_nsec=20000},  <unfinished ...>
318340 17:02:50.793873 <... fcntl resumed>) = 0x200000 (flags O_RDONLY|O_PATH)
318340 17:02:50.793914 fstatfs(13,  <unfinished ...>
318342 17:02:50.793986 <... nanosleep resumed>NULL) = 0
318340 17:02:50.794035 <... fstatfs resumed>{f_type=PROC_SUPER_MAGIC, f_bsize=4096, f_blocks=0, f_bfree=0, f_bavail=0, f_files=0, f_ffree=0, f_fsid={val=[0x5c, 0]}, f_namelen=255, f_frsize=4096, f_flags=ST_VALID|ST_NOSUID|ST_NODEV|ST_NOEXEC|ST_RELATIME}) = 0
318342 17:02:50.794081 nanosleep({tv_sec=0, tv_nsec=20000},  <unfinished ...>
318340 17:02:50.794141 fstat(13, {st_mode=S_IFDIR|0555, st_size=0, ...}) = 0
318342 17:02:50.794250 <... nanosleep resumed>NULL) = 0
318340 17:02:50.794298 openat2(AT_FDCWD, ".", {flags=O_RDONLY|O_CLOEXEC|O_PATH, resolve=RESOLVE_NO_SYMLINKS|RESOLVE_IN_ROOT}, 24 <unfinished ...>
318342 17:02:50.794353 nanosleep({tv_sec=0, tv_nsec=20000},  <unfinished ...>
318340 17:02:50.794391 <... openat2 resumed>) = 12
318340 17:02:50.794441 close(12 <unfinished ...>
318342 17:02:50.794487 <... nanosleep resumed>NULL) = 0
318340 17:02:50.794506 <... close resumed>) = 0
318342 17:02:50.794535 futex(0xc00006d148, FUTEX_WAKE_PRIVATE, 1 <unfinished ...>
318340 17:02:50.794554 futex(0xeeaf80, FUTEX_WAIT_PRIVATE, 0, NULL <unfinished ...>
318342 17:02:50.794584 <... futex resumed>) = 1
318343 17:02:50.794626 <... futex resumed>) = 0
318342 17:02:50.794655 nanosleep({tv_sec=0, tv_nsec=20000},  <unfinished ...>
318343 17:02:50.794677 futex(0xeeaf80, FUTEX_WAKE_PRIVATE, 1) = 1
318340 17:02:50.794790 <... futex resumed>) = 0
318343 17:02:50.794814 futex(0xc00006d148, FUTEX_WAIT_PRIVATE, 0, NULL <unfinished ...>
318342 17:02:50.794843 <... nanosleep resumed>NULL) = 0
318340 17:02:50.794873 openat2(13, "thread-self/fd/11", {flags=O_RDONLY|O_NOFOLLOW|O_CLOEXEC|O_PATH, resolve=RESOLVE_NO_XDEV|RESOLVE_NO_MAGICLINKS|RESOLVE_BENEATH}, 24 <unfinished ...>
318342 17:02:50.794919 nanosleep({tv_sec=0, tv_nsec=20000},  <unfinished ...>
318340 17:02:50.794941 <... openat2 resumed>) = 12
318340 17:02:50.795002 fcntl(12, F_GETFL <unfinished ...>
318342 17:02:50.795058 <... nanosleep resumed>NULL) = 0
318342 17:02:50.795098 nanosleep({tv_sec=0, tv_nsec=20000},  <unfinished ...>
318340 17:02:50.795160 <... fcntl resumed>) = 0x220000 (flags O_RDONLY|O_NOFOLLOW|O_PATH)
318340 17:02:50.795238 statx(13, "", AT_STATX_SYNC_AS_STAT|AT_SYMLINK_NOFOLLOW|AT_EMPTY_PATH, STATX_MNT_ID|STATX_MNT_ID_UNIQUE,  <unfinished ...>
318342 17:02:50.795296 <... nanosleep resumed>NULL) = 0
318340 17:02:50.795333 <... statx resumed>{stx_mask=STATX_BASIC_STATS|STATX_MNT_ID_UNIQUE, stx_attributes=STATX_ATTR_MOUNT_ROOT, stx_mode=S_IFDIR|0555, stx_size=0, ...}) = 0
318342 17:02:50.795384 nanosleep({tv_sec=0, tv_nsec=20000},  <unfinished ...>
318340 17:02:50.795411 statx(12, "", AT_STATX_SYNC_AS_STAT|AT_SYMLINK_NOFOLLOW|AT_EMPTY_PATH, STATX_MNT_ID|STATX_MNT_ID_UNIQUE,  <unfinished ...>
318342 17:02:50.795521 <... nanosleep resumed>NULL) = 0
318340 17:02:50.795571 <... statx resumed>{stx_mask=STATX_BASIC_STATS|STATX_MNT_ID_UNIQUE, stx_attributes=0, stx_mode=S_IFLNK|000, stx_size=64, ...}) = 0
318342 17:02:50.795617 nanosleep({tv_sec=0, tv_nsec=20000},  <unfinished ...>
318340 17:02:50.795638 readlinkat(12, "", "/home/sh1rogane/Anolix/rootfs/de"..., 4096) = 33
318342 17:02:50.795758 <... nanosleep resumed>NULL) = 0
318340 17:02:50.795780 close(12 <unfinished ...>
318342 17:02:50.795799 nanosleep({tv_sec=0, tv_nsec=20000},  <unfinished ...>
318340 17:02:50.795821 <... close resumed>) = 0
318340 17:02:50.795887 fcntl(11, F_DUPFD_CLOEXEC, 0 <unfinished ...>
318342 17:02:50.795941 <... nanosleep resumed>NULL) = 0
318340 17:02:50.795981 <... fcntl resumed>) = 12
318342 17:02:50.796014 nanosleep({tv_sec=0, tv_nsec=20000},  <unfinished ...>
318340 17:02:50.796064 fcntl(12, F_GETFL) = 0x200000 (flags O_RDONLY|O_PATH)
318342 17:02:50.796208 <... nanosleep resumed>NULL) = 0
318340 17:02:50.796282 close(11 <unfinished ...>
318342 17:02:50.796334 nanosleep({tv_sec=0, tv_nsec=20000},  <unfinished ...>
318340 17:02:50.796388 <... close resumed>) = 0
318340 17:02:50.796480 fstat(12,  <unfinished ...>
318342 17:02:50.796532 <... nanosleep resumed>NULL) = 0
318340 17:02:50.796551 <... fstat resumed>{st_mode=S_IFDIR|0755, st_size=100, ...}) = 0
318342 17:02:50.796586 nanosleep({tv_sec=0, tv_nsec=20000},  <unfinished ...>
318340 17:02:50.796645 fstatfs(13, {f_type=PROC_SUPER_MAGIC, f_bsize=4096, f_blocks=0, f_bfree=0, f_bavail=0, f_files=0, f_ffree=0, f_fsid={val=[0x5c, 0]}, f_namelen=255, f_frsize=4096, f_flags=ST_VALID|ST_NOSUID|ST_NODEV|ST_NOEXEC|ST_RELATIME}) = 0
318342 17:02:50.796780 <... nanosleep resumed>NULL) = 0
318340 17:02:50.796833 fstat(13,  <unfinished ...>
318342 17:02:50.796895 nanosleep({tv_sec=0, tv_nsec=20000},  <unfinished ...>
318340 17:02:50.796947 <... fstat resumed>{st_mode=S_IFDIR|0555, st_size=0, ...}) = 0
318340 17:02:50.797018 openat2(AT_FDCWD, ".", {flags=O_RDONLY|O_CLOEXEC|O_PATH, resolve=RESOLVE_NO_SYMLINKS|RESOLVE_IN_ROOT}, 24 <unfinished ...>
318342 17:02:50.797074 <... nanosleep resumed>NULL) = 0
318340 17:02:50.797097 <... openat2 resumed>) = 11
318342 17:02:50.797131 nanosleep({tv_sec=0, tv_nsec=20000},  <unfinished ...>
318340 17:02:50.797176 close(11)        = 0
318342 17:02:50.797280 <... nanosleep resumed>NULL) = 0
318340 17:02:50.797324 openat2(13, "thread-self/fd/", {flags=O_RDONLY|O_NOFOLLOW|O_CLOEXEC|O_PATH, resolve=RESOLVE_NO_XDEV|RESOLVE_NO_MAGICLINKS|RESOLVE_BENEATH}, 24 <unfinished ...>
318342 17:02:50.797364 nanosleep({tv_sec=0, tv_nsec=20000},  <unfinished ...>
318340 17:02:50.797409 <... openat2 resumed>) = 11
318340 17:02:50.797486 fcntl(11, F_GETFL <unfinished ...>
318342 17:02:50.797555 <... nanosleep resumed>NULL) = 0
318340 17:02:50.797608 <... fcntl resumed>) = 0x220000 (flags O_RDONLY|O_NOFOLLOW|O_PATH)
318342 17:02:50.797649 nanosleep({tv_sec=0, tv_nsec=20000},  <unfinished ...>
318340 17:02:50.797704 statx(13, "", AT_STATX_SYNC_AS_STAT|AT_SYMLINK_NOFOLLOW|AT_EMPTY_PATH, STATX_MNT_ID|STATX_MNT_ID_UNIQUE, {stx_mask=STATX_BASIC_STATS|STATX_MNT_ID_UNIQUE, stx_attributes=STATX_ATTR_MOUNT_ROOT, stx_mode=S_IFDIR|0555, stx_size=0, ...}) = 0
318342 17:02:50.797846 <... nanosleep resumed>NULL) = 0
318340 17:02:50.797884 statx(11, "12", AT_STATX_SYNC_AS_STAT|AT_SYMLINK_NOFOLLOW|AT_EMPTY_PATH, STATX_MNT_ID|STATX_MNT_ID_UNIQUE,  <unfinished ...>
318342 17:02:50.797933 nanosleep({tv_sec=0, tv_nsec=20000},  <unfinished ...>
318340 17:02:50.797956 <... statx resumed>{stx_mask=STATX_BASIC_STATS|STATX_MNT_ID_UNIQUE, stx_attributes=0, stx_mode=S_IFLNK|000, stx_size=64, ...}) = 0
318340 17:02:50.798021 openat(11, "12", O_RDONLY|O_CLOEXEC|O_DIRECTORY <unfinished ...>
318342 17:02:50.798078 <... nanosleep resumed>NULL) = 0
318340 17:02:50.798101 <... openat resumed>) = 14
318342 17:02:50.798130 nanosleep({tv_sec=0, tv_nsec=20000},  <unfinished ...>
318340 17:02:50.798151 fcntl(14, F_GETFL) = 0x18000 (flags O_RDONLY|O_LARGEFILE|O_DIRECTORY)
318342 17:02:50.798251 <... nanosleep resumed>NULL) = 0
318340 17:02:50.798272 close(11 <unfinished ...>
318342 17:02:50.798304 nanosleep({tv_sec=0, tv_nsec=20000},  <unfinished ...>
318340 17:02:50.798349 <... close resumed>) = 0
318340 17:02:50.798417 close(12 <unfinished ...>
318342 17:02:50.798473 <... nanosleep resumed>NULL) = 0
318340 17:02:50.798493 <... close resumed>) = 0
318342 17:02:50.798523 nanosleep({tv_sec=0, tv_nsec=20000},  <unfinished ...>
318340 17:02:50.798566 close(8)         = 0
318342 17:02:50.798700 <... nanosleep resumed>NULL) = 0
318340 17:02:50.798769 mknodat(14, "null", S_IFCHR|0666, makedev(0x1, 0x3) <unfinished ...>
318342 17:02:50.798825 nanosleep({tv_sec=0, tv_nsec=20000},  <unfinished ...>
318340 17:02:50.798874 <... mknodat resumed>) = 0
318340 17:02:50.798928 openat(14, "null", O_RDONLY|O_NOFOLLOW|O_CLOEXEC|O_PATH <unfinished ...>
318342 17:02:50.799009 <... nanosleep resumed>NULL) = 0
318340 17:02:50.799054 <... openat resumed>) = 8
318342 17:02:50.799074 nanosleep({tv_sec=0, tv_nsec=20000},  <unfinished ...>
318340 17:02:50.799106 fcntl(8, F_GETFL) = 0x220000 (flags O_RDONLY|O_NOFOLLOW|O_PATH)
318342 17:02:50.799222 <... nanosleep resumed>NULL) = 0
318340 17:02:50.799267 fstat(8,  <unfinished ...>
318342 17:02:50.799290 nanosleep({tv_sec=0, tv_nsec=20000},  <unfinished ...>
318340 17:02:50.799326 <... fstat resumed>{st_mode=S_IFCHR|0644, st_rdev=makedev(0x1, 0x3), ...}) = 0
318340 17:02:50.799403 fstatfs(8,  <unfinished ...>
318342 17:02:50.799452 <... nanosleep resumed>NULL) = 0
318340 17:02:50.799479 <... fstatfs resumed>{f_type=TMPFS_MAGIC, f_bsize=4096, f_blocks=16384, f_bfree=16384, f_bavail=16384, f_files=993235, f_ffree=993230, f_fsid={val=[0x2167f333, 0x80e3f27e]}, f_namelen=255, f_frsize=4096, f_flags=ST_VALID|ST_NOSUID}) = 0
318342 17:02:50.799513 nanosleep({tv_sec=0, tv_nsec=20000},  <unfinished ...>
318340 17:02:50.799536 fchmodat2(8, "", 020666, AT_EMPTY_PATH) = 0
318342 17:02:50.799656 <... nanosleep resumed>NULL) = 0
318340 17:02:50.799678 fchownat(8, "", 0, 0, AT_EMPTY_PATH <unfinished ...>
318342 17:02:50.799717 nanosleep({tv_sec=0, tv_nsec=20000},  <unfinished ...>
318340 17:02:50.799738 <... fchownat resumed>) = 0
318340 17:02:50.799795 close(8 <unfinished ...>
318342 17:02:50.799840 <... nanosleep resumed>NULL) = 0
318340 17:02:50.799859 <... close resumed>) = 0
318342 17:02:50.799887 nanosleep({tv_sec=0, tv_nsec=20000},  <unfinished ...>
318340 17:02:50.799932 close(14)        = 0
318342 17:02:50.800019 <... nanosleep resumed>NULL) = 0
318340 17:02:50.800061 newfstatat(AT_FDCWD, "/home/sh1rogane/Anolix/rootfs//dev",  <unfinished ...>
318342 17:02:50.800102 nanosleep({tv_sec=0, tv_nsec=20000},  <unfinished ...>
318340 17:02:50.800143 <... newfstatat resumed>{st_mode=S_IFDIR|0755, st_size=120, ...}, AT_SYMLINK_NOFOLLOW) = 0
318340 17:02:50.800233 newfstatat(AT_FDCWD, "/home/sh1rogane/Anolix/rootfs//dev/random",  <unfinished ...>
318342 17:02:50.800280 <... nanosleep resumed>NULL) = 0
318340 17:02:50.800300 <... newfstatat resumed>0xc0001f2038, AT_SYMLINK_NOFOLLOW) = -1 ENOENT (No such file or directory)
318342 17:02:50.800334 nanosleep({tv_sec=0, tv_nsec=20000},  <unfinished ...>
318340 17:02:50.800380 openat(AT_FDCWD, "/home/sh1rogane/Anolix/rootfs", O_RDONLY|O_CLOEXEC|O_DIRECTORY) = 8
318342 17:02:50.800482 <... nanosleep resumed>NULL) = 0
318340 17:02:50.800504 fcntl(8, F_GETFL <unfinished ...>
318342 17:02:50.800549 nanosleep({tv_sec=0, tv_nsec=20000},  <unfinished ...>
318340 17:02:50.800592 <... fcntl resumed>) = 0x18000 (flags O_RDONLY|O_LARGEFILE|O_DIRECTORY)
318340 17:02:50.800651 fcntl(8, F_SETFL, O_RDONLY|O_NONBLOCK|O_LARGEFILE|O_DIRECTORY <unfinished ...>
318342 17:02:50.800697 <... nanosleep resumed>NULL) = 0
318340 17:02:50.800715 <... fcntl resumed>) = 0
318342 17:02:50.800743 nanosleep({tv_sec=0, tv_nsec=20000},  <unfinished ...>
318340 17:02:50.800775 epoll_ctl(9, EPOLL_CTL_ADD, 8, {events=EPOLLIN|EPOLLOUT|EPOLLRDHUP|EPOLLET, data={u32=787480588, u64=9037941901288800268}}) = -1 EPERM (Operation not permitted)
318342 17:02:50.800880 <... nanosleep resumed>NULL) = 0
318340 17:02:50.800919 fcntl(8, F_GETFL <unfinished ...>
318342 17:02:50.800965 nanosleep({tv_sec=0, tv_nsec=20000},  <unfinished ...>
318340 17:02:50.801010 <... fcntl resumed>) = 0x18800 (flags O_RDONLY|O_NONBLOCK|O_LARGEFILE|O_DIRECTORY)
318340 17:02:50.801075 fcntl(8, F_SETFL, O_RDONLY|O_LARGEFILE|O_DIRECTORY <unfinished ...>
318342 17:02:50.801127 <... nanosleep resumed>NULL) = 0
318340 17:02:50.801149 <... fcntl resumed>) = 0
318342 17:02:50.801180 nanosleep({tv_sec=0, tv_nsec=20000},  <unfinished ...>
318340 17:02:50.801227 openat2(8, "dev", {flags=O_RDONLY|O_CLOEXEC|O_PATH, resolve=RESOLVE_NO_MAGICLINKS|RESOLVE_IN_ROOT}, 24) = 11
318342 17:02:50.801356 <... nanosleep resumed>NULL) = 0
318340 17:02:50.801394 fcntl(11, F_GETFL <unfinished ...>
318342 17:02:50.801417 nanosleep({tv_sec=0, tv_nsec=20000},  <unfinished ...>
318340 17:02:50.801454 <... fcntl resumed>) = 0x200000 (flags O_RDONLY|O_PATH)
318340 17:02:50.801540 fstatfs(13,  <unfinished ...>
318342 17:02:50.801604 <... nanosleep resumed>NULL) = 0
318340 17:02:50.801654 <... fstatfs resumed>{f_type=PROC_SUPER_MAGIC, f_bsize=4096, f_blocks=0, f_bfree=0, f_bavail=0, f_files=0, f_ffree=0, f_fsid={val=[0x5c, 0]}, f_namelen=255, f_frsize=4096, f_flags=ST_VALID|ST_NOSUID|ST_NODEV|ST_NOEXEC|ST_RELATIME}) = 0
318342 17:02:50.801699 nanosleep({tv_sec=0, tv_nsec=20000},  <unfinished ...>
318340 17:02:50.801738 fstat(13, {st_mode=S_IFDIR|0555, st_size=0, ...}) = 0
318342 17:02:50.801877 <... nanosleep resumed>NULL) = 0
318340 17:02:50.801925 openat2(AT_FDCWD, ".", {flags=O_RDONLY|O_CLOEXEC|O_PATH, resolve=RESOLVE_NO_SYMLINKS|RESOLVE_IN_ROOT}, 24 <unfinished ...>
318342 17:02:50.801985 nanosleep({tv_sec=0, tv_nsec=20000},  <unfinished ...>
318340 17:02:50.802035 <... openat2 resumed>) = 12
318340 17:02:50.802114 close(12 <unfinished ...>
318342 17:02:50.802178 <... nanosleep resumed>NULL) = 0
318340 17:02:50.802200 <... close resumed>) = 0
318342 17:02:50.802228 nanosleep({tv_sec=0, tv_nsec=20000},  <unfinished ...>
318340 17:02:50.802262 openat2(13, "thread-self/fd/11", {flags=O_RDONLY|O_NOFOLLOW|O_CLOEXEC|O_PATH, resolve=RESOLVE_NO_XDEV|RESOLVE_NO_MAGICLINKS|RESOLVE_BENEATH}, 24) = 12
318342 17:02:50.802377 <... nanosleep resumed>NULL) = 0
318340 17:02:50.802412 fcntl(12, F_GETFL <unfinished ...>
318342 17:02:50.802452 nanosleep({tv_sec=0, tv_nsec=20000},  <unfinished ...>
318340 17:02:50.802476 <... fcntl resumed>) = 0x220000 (flags O_RDONLY|O_NOFOLLOW|O_PATH)
318340 17:02:50.802534 statx(13, "", AT_STATX_SYNC_AS_STAT|AT_SYMLINK_NOFOLLOW|AT_EMPTY_PATH, STATX_MNT_ID|STATX_MNT_ID_UNIQUE,  <unfinished ...>
318342 17:02:50.802582 <... nanosleep resumed>NULL) = 0
318340 17:02:50.802601 <... statx resumed>{stx_mask=STATX_BASIC_STATS|STATX_MNT_ID_UNIQUE, stx_attributes=STATX_ATTR_MOUNT_ROOT, stx_mode=S_IFDIR|0555, stx_size=0, ...}) = 0
318342 17:02:50.802632 nanosleep({tv_sec=0, tv_nsec=20000},  <unfinished ...>
318340 17:02:50.802651 statx(12, "", AT_STATX_SYNC_AS_STAT|AT_SYMLINK_NOFOLLOW|AT_EMPTY_PATH, STATX_MNT_ID|STATX_MNT_ID_UNIQUE, {stx_mask=STATX_BASIC_STATS|STATX_MNT_ID_UNIQUE, stx_attributes=0, stx_mode=S_IFLNK|000, stx_size=64, ...}) = 0
318342 17:02:50.802757 <... nanosleep resumed>NULL) = 0
318340 17:02:50.802781 readlinkat(12, "",  <unfinished ...>
318342 17:02:50.802813 nanosleep({tv_sec=0, tv_nsec=20000},  <unfinished ...>
318340 17:02:50.802856 <... readlinkat resumed>"/home/sh1rogane/Anolix/rootfs/de"..., 4096) = 33
318340 17:02:50.802930 close(12 <unfinished ...>
318342 17:02:50.802972 <... nanosleep resumed>NULL) = 0
318340 17:02:50.802991 <... close resumed>) = 0
318342 17:02:50.803018 epoll_pwait(9,  <unfinished ...>
318340 17:02:50.803037 fcntl(11, F_DUPFD_CLOEXEC, 0 <unfinished ...>
318342 17:02:50.803069 <... epoll_pwait resumed>[], 128, 0, NULL, 0) = 0
318340 17:02:50.803088 <... fcntl resumed>) = 12
318342 17:02:50.803116 nanosleep({tv_sec=0, tv_nsec=20000},  <unfinished ...>
318340 17:02:50.803146 fcntl(12, F_GETFL) = 0x200000 (flags O_RDONLY|O_PATH)
318342 17:02:50.803276 <... nanosleep resumed>NULL) = 0
318340 17:02:50.803318 close(11 <unfinished ...>
318342 17:02:50.803350 nanosleep({tv_sec=0, tv_nsec=20000},  <unfinished ...>
318340 17:02:50.803396 <... close resumed>) = 0
318340 17:02:50.803489 fstat(12,  <unfinished ...>
318342 17:02:50.803530 <... nanosleep resumed>NULL) = 0
318340 17:02:50.803550 <... fstat resumed>{st_mode=S_IFDIR|0755, st_size=120, ...}) = 0
318342 17:02:50.803582 nanosleep({tv_sec=0, tv_nsec=20000},  <unfinished ...>
318340 17:02:50.803613 fstatfs(13, {f_type=PROC_SUPER_MAGIC, f_bsize=4096, f_blocks=0, f_bfree=0, f_bavail=0, f_files=0, f_ffree=0, f_fsid={val=[0x5c, 0]}, f_namelen=255, f_frsize=4096, f_flags=ST_VALID|ST_NOSUID|ST_NODEV|ST_NOEXEC|ST_RELATIME}) = 0
318342 17:02:50.803713 <... nanosleep resumed>NULL) = 0
318340 17:02:50.803734 fstat(13,  <unfinished ...>
318342 17:02:50.803765 nanosleep({tv_sec=0, tv_nsec=20000},  <unfinished ...>
318340 17:02:50.803806 <... fstat resumed>{st_mode=S_IFDIR|0555, st_size=0, ...}) = 0
318340 17:02:50.803871 openat2(AT_FDCWD, ".", {flags=O_RDONLY|O_CLOEXEC|O_PATH, resolve=RESOLVE_NO_SYMLINKS|RESOLVE_IN_ROOT}, 24 <unfinished ...>
318342 17:02:50.803922 <... nanosleep resumed>NULL) = 0
318340 17:02:50.803943 <... openat2 resumed>) = 11
318342 17:02:50.803972 nanosleep({tv_sec=0, tv_nsec=20000},  <unfinished ...>
318340 17:02:50.804006 close(11)        = 0
318342 17:02:50.804108 <... nanosleep resumed>NULL) = 0
318340 17:02:50.804128 openat2(13, "thread-self/fd/", {flags=O_RDONLY|O_NOFOLLOW|O_CLOEXEC|O_PATH, resolve=RESOLVE_NO_XDEV|RESOLVE_NO_MAGICLINKS|RESOLVE_BENEATH}, 24 <unfinished ...>
318342 17:02:50.804162 nanosleep({tv_sec=0, tv_nsec=20000},  <unfinished ...>
318340 17:02:50.804183 <... openat2 resumed>) = 11
318340 17:02:50.804253 fcntl(11, F_GETFL <unfinished ...>
318342 17:02:50.804319 <... nanosleep resumed>NULL) = 0
318340 17:02:50.804355 <... fcntl resumed>) = 0x220000 (flags O_RDONLY|O_NOFOLLOW|O_PATH)
318342 17:02:50.804391 nanosleep({tv_sec=0, tv_nsec=20000},  <unfinished ...>
318340 17:02:50.804428 statx(13, "", AT_STATX_SYNC_AS_STAT|AT_SYMLINK_NOFOLLOW|AT_EMPTY_PATH, STATX_MNT_ID|STATX_MNT_ID_UNIQUE, {stx_mask=STATX_BASIC_STATS|STATX_MNT_ID_UNIQUE, stx_attributes=STATX_ATTR_MOUNT_ROOT, stx_mode=S_IFDIR|0555, stx_size=0, ...}) = 0
318342 17:02:50.804553 <... nanosleep resumed>NULL) = 0
318340 17:02:50.804576 statx(11, "12", AT_STATX_SYNC_AS_STAT|AT_SYMLINK_NOFOLLOW|AT_EMPTY_PATH, STATX_MNT_ID|STATX_MNT_ID_UNIQUE,  <unfinished ...>
318342 17:02:50.804609 nanosleep({tv_sec=0, tv_nsec=20000},  <unfinished ...>
318340 17:02:50.804649 <... statx resumed>{stx_mask=STATX_BASIC_STATS|STATX_MNT_ID_UNIQUE, stx_attributes=0, stx_mode=S_IFLNK|000, stx_size=64, ...}) = 0
318340 17:02:50.804702 openat(11, "12", O_RDONLY|O_CLOEXEC|O_DIRECTORY <unfinished ...>
318342 17:02:50.804756 <... nanosleep resumed>NULL) = 0
318340 17:02:50.804779 <... openat resumed>) = 14
318342 17:02:50.804807 nanosleep({tv_sec=0, tv_nsec=20000},  <unfinished ...>
318340 17:02:50.804835 fcntl(14, F_GETFL) = 0x18000 (flags O_RDONLY|O_LARGEFILE|O_DIRECTORY)
318342 17:02:50.804958 <... nanosleep resumed>NULL) = 0
318340 17:02:50.805020 close(11 <unfinished ...>
318342 17:02:50.805068 futex(0xc00006d148, FUTEX_WAKE_PRIVATE, 1 <unfinished ...>
318340 17:02:50.805121 <... close resumed>) = 0
318342 17:02:50.805144 <... futex resumed>) = 1
318343 17:02:50.805188 <... futex resumed>) = 0
318340 17:02:50.805234 futex(0xeeaf80, FUTEX_WAIT_PRIVATE, 0, NULL <unfinished ...>
318343 17:02:50.805305 futex(0xeeaf80, FUTEX_WAKE_PRIVATE, 1 <unfinished ...>
318342 17:02:50.805353 nanosleep({tv_sec=0, tv_nsec=20000},  <unfinished ...>
318343 17:02:50.805379 <... futex resumed>) = 0
318340 17:02:50.805410 <... futex resumed>) = -1 EAGAIN (Resource temporarily unavailable)
318343 17:02:50.805445 futex(0xc00006d148, FUTEX_WAIT_PRIVATE, 0, NULL <unfinished ...>
318342 17:02:50.805478 <... nanosleep resumed>NULL) = 0
318340 17:02:50.805499 close(12 <unfinished ...>
318342 17:02:50.805520 nanosleep({tv_sec=0, tv_nsec=20000},  <unfinished ...>
318340 17:02:50.805544 <... close resumed>) = 0
318340 17:02:50.805597 close(8 <unfinished ...>
318342 17:02:50.805661 <... nanosleep resumed>NULL) = 0
318340 17:02:50.805701 <... close resumed>) = 0
318342 17:02:50.805720 nanosleep({tv_sec=0, tv_nsec=20000},  <unfinished ...>
318340 17:02:50.805753 mknodat(14, "random", S_IFCHR|0666, makedev(0x1, 0x8) <unfinished ...>
318342 17:02:50.805845 <... nanosleep resumed>NULL) = 0
318340 17:02:50.805886 <... mknodat resumed>) = 0
318342 17:02:50.805908 nanosleep({tv_sec=0, tv_nsec=20000},  <unfinished ...>
318340 17:02:50.805938 openat(14, "random", O_RDONLY|O_NOFOLLOW|O_CLOEXEC|O_PATH) = 8
318342 17:02:50.806053 <... nanosleep resumed>NULL) = 0
318340 17:02:50.806075 fcntl(8, F_GETFL <unfinished ...>
318342 17:02:50.806104 nanosleep({tv_sec=0, tv_nsec=20000},  <unfinished ...>
318340 17:02:50.806182 <... fcntl resumed>) = 0x220000 (flags O_RDONLY|O_NOFOLLOW|O_PATH)
318340 17:02:50.806256 fstat(8,  <unfinished ...>
318342 17:02:50.806300 <... nanosleep resumed>NULL) = 0
318340 17:02:50.806320 <... fstat resumed>{st_mode=S_IFCHR|0644, st_rdev=makedev(0x1, 0x8), ...}) = 0
318342 17:02:50.806355 nanosleep({tv_sec=0, tv_nsec=20000},  <unfinished ...>
318340 17:02:50.806390 fstatfs(8, {f_type=TMPFS_MAGIC, f_bsize=4096, f_blocks=16384, f_bfree=16384, f_bavail=16384, f_files=993235, f_ffree=993229, f_fsid={val=[0x2167f333, 0x80e3f27e]}, f_namelen=255, f_frsize=4096, f_flags=ST_VALID|ST_NOSUID}) = 0
318342 17:02:50.806502 <... nanosleep resumed>NULL) = 0
318340 17:02:50.806537 fchmodat2(8, "", 020666, AT_EMPTY_PATH <unfinished ...>
318342 17:02:50.806568 nanosleep({tv_sec=0, tv_nsec=20000},  <unfinished ...>
318340 17:02:50.806610 <... fchmodat2 resumed>) = 0
318340 17:02:50.806656 fchownat(8, "", 0, 0, AT_EMPTY_PATH <unfinished ...>
318342 17:02:50.806707 <... nanosleep resumed>NULL) = 0
318340 17:02:50.806734 <... fchownat resumed>) = 0
318342 17:02:50.806772 nanosleep({tv_sec=0, tv_nsec=20000},  <unfinished ...>
318340 17:02:50.806800 close(8)         = 0
318342 17:02:50.806908 <... nanosleep resumed>NULL) = 0
318340 17:02:50.806963 close(14 <unfinished ...>
318342 17:02:50.806986 nanosleep({tv_sec=0, tv_nsec=20000},  <unfinished ...>
318340 17:02:50.807045 <... close resumed>) = 0
318340 17:02:50.807120 newfstatat(AT_FDCWD, "/home/sh1rogane/Anolix/rootfs//dev",  <unfinished ...>
318342 17:02:50.807171 <... nanosleep resumed>NULL) = 0
318340 17:02:50.807225 <... newfstatat resumed>{st_mode=S_IFDIR|0755, st_size=140, ...}, AT_SYMLINK_NOFOLLOW) = 0
318342 17:02:50.807270 nanosleep({tv_sec=0, tv_nsec=20000},  <unfinished ...>
318340 17:02:50.807304 newfstatat(AT_FDCWD, "/home/sh1rogane/Anolix/rootfs//dev/full", 0xc0001f21d8, AT_SYMLINK_NOFOLLOW) = -1 ENOENT (No such file or directory)
318342 17:02:50.807413 <... nanosleep resumed>NULL) = 0
318340 17:02:50.807452 openat(AT_FDCWD, "/home/sh1rogane/Anolix/rootfs", O_RDONLY|O_CLOEXEC|O_DIRECTORY <unfinished ...>
318342 17:02:50.807481 nanosleep({tv_sec=0, tv_nsec=20000},  <unfinished ...>
318340 17:02:50.807522 <... openat resumed>) = 8
318340 17:02:50.807568 fcntl(8, F_GETFL <unfinished ...>
318342 17:02:50.807614 <... nanosleep resumed>NULL) = 0
318340 17:02:50.807637 <... fcntl resumed>) = 0x18000 (flags O_RDONLY|O_LARGEFILE|O_DIRECTORY)
318342 17:02:50.807656 nanosleep({tv_sec=0, tv_nsec=20000},  <unfinished ...>
318340 17:02:50.807688 fcntl(8, F_SETFL, O_RDONLY|O_NONBLOCK|O_LARGEFILE|O_DIRECTORY) = 0
318342 17:02:50.807792 <... nanosleep resumed>NULL) = 0
318340 17:02:50.807842 epoll_ctl(9, EPOLL_CTL_ADD, 8, {events=EPOLLIN|EPOLLOUT|EPOLLRDHUP|EPOLLET, data={u32=787480589, u64=9037941901288800269}} <unfinished ...>
318342 17:02:50.807869 nanosleep({tv_sec=0, tv_nsec=20000},  <unfinished ...>
318340 17:02:50.807899 <... epoll_ctl resumed>) = -1 EPERM (Operation not permitted)
318340 17:02:50.807947 fcntl(8, F_GETFL <unfinished ...>
318342 17:02:50.808008 <... nanosleep resumed>NULL) = 0
318340 17:02:50.808026 <... fcntl resumed>) = 0x18800 (flags O_RDONLY|O_NONBLOCK|O_LARGEFILE|O_DIRECTORY)
318342 17:02:50.808055 nanosleep({tv_sec=0, tv_nsec=20000},  <unfinished ...>
318340 17:02:50.808085 fcntl(8, F_SETFL, O_RDONLY|O_LARGEFILE|O_DIRECTORY) = 0
318342 17:02:50.808199 <... nanosleep resumed>NULL) = 0
318340 17:02:50.808255 openat2(8, "dev", {flags=O_RDONLY|O_CLOEXEC|O_PATH, resolve=RESOLVE_NO_MAGICLINKS|RESOLVE_IN_ROOT}, 24 <unfinished ...>
318342 17:02:50.808311 nanosleep({tv_sec=0, tv_nsec=20000},  <unfinished ...>
318340 17:02:50.808359 <... openat2 resumed>) = 11
318340 17:02:50.808414 fcntl(11, F_GETFL <unfinished ...>
318342 17:02:50.808462 <... nanosleep resumed>NULL) = 0
318340 17:02:50.808485 <... fcntl resumed>) = 0x200000 (flags O_RDONLY|O_PATH)
318342 17:02:50.808509 nanosleep({tv_sec=0, tv_nsec=20000},  <unfinished ...>
318340 17:02:50.808548 fstatfs(13, {f_type=PROC_SUPER_MAGIC, f_bsize=4096, f_blocks=0, f_bfree=0, f_bavail=0, f_files=0, f_ffree=0, f_fsid={val=[0x5c, 0]}, f_namelen=255, f_frsize=4096, f_flags=ST_VALID|ST_NOSUID|ST_NODEV|ST_NOEXEC|ST_RELATIME}) = 0
318342 17:02:50.808661 <... nanosleep resumed>NULL) = 0
318340 17:02:50.808683 fstat(13,  <unfinished ...>
318342 17:02:50.808711 nanosleep({tv_sec=0, tv_nsec=20000},  <unfinished ...>
318340 17:02:50.808731 <... fstat resumed>{st_mode=S_IFDIR|0555, st_size=0, ...}) = 0
318340 17:02:50.808789 openat2(AT_FDCWD, ".", {flags=O_RDONLY|O_CLOEXEC|O_PATH, resolve=RESOLVE_NO_SYMLINKS|RESOLVE_IN_ROOT}, 24 <unfinished ...>
318342 17:02:50.808842 <... nanosleep resumed>NULL) = 0
318340 17:02:50.808893 <... openat2 resumed>) = 12
318342 17:02:50.808915 nanosleep({tv_sec=0, tv_nsec=20000},  <unfinished ...>
318340 17:02:50.808940 close(12)        = 0
318342 17:02:50.809054 <... nanosleep resumed>NULL) = 0
318340 17:02:50.809107 openat2(13, "thread-self/fd/11", {flags=O_RDONLY|O_NOFOLLOW|O_CLOEXEC|O_PATH, resolve=RESOLVE_NO_XDEV|RESOLVE_NO_MAGICLINKS|RESOLVE_BENEATH}, 24 <unfinished ...>
318342 17:02:50.809161 nanosleep({tv_sec=0, tv_nsec=20000},  <unfinished ...>
318340 17:02:50.809208 <... openat2 resumed>) = 12
318340 17:02:50.809258 fcntl(12, F_GETFL <unfinished ...>
318342 17:02:50.809309 <... nanosleep resumed>NULL) = 0
318340 17:02:50.809347 <... fcntl resumed>) = 0x220000 (flags O_RDONLY|O_NOFOLLOW|O_PATH)
318342 17:02:50.809375 nanosleep({tv_sec=0, tv_nsec=20000},  <unfinished ...>
318340 17:02:50.809417 statx(13, "", AT_STATX_SYNC_AS_STAT|AT_SYMLINK_NOFOLLOW|AT_EMPTY_PATH, STATX_MNT_ID|STATX_MNT_ID_UNIQUE, {stx_mask=STATX_BASIC_STATS|STATX_MNT_ID_UNIQUE, stx_attributes=STATX_ATTR_MOUNT_ROOT, stx_mode=S_IFDIR|0555, stx_size=0, ...}) = 0
318342 17:02:50.809537 <... nanosleep resumed>NULL) = 0
318340 17:02:50.809578 statx(12, "", AT_STATX_SYNC_AS_STAT|AT_SYMLINK_NOFOLLOW|AT_EMPTY_PATH, STATX_MNT_ID|STATX_MNT_ID_UNIQUE,  <unfinished ...>
318342 17:02:50.809620 nanosleep({tv_sec=0, tv_nsec=20000},  <unfinished ...>
318340 17:02:50.809669 <... statx resumed>{stx_mask=STATX_BASIC_STATS|STATX_MNT_ID_UNIQUE, stx_attributes=0, stx_mode=S_IFLNK|000, stx_size=64, ...}) = 0
318340 17:02:50.809747 readlinkat(12, "",  <unfinished ...>
318342 17:02:50.809803 <... nanosleep resumed>NULL) = 0
318340 17:02:50.809824 <... readlinkat resumed>"/home/sh1rogane/Anolix/rootfs/de"..., 4096) = 33
318342 17:02:50.809855 nanosleep({tv_sec=0, tv_nsec=20000},  <unfinished ...>
318340 17:02:50.809896 close(12)        = 0
318342 17:02:50.809989 <... nanosleep resumed>NULL) = 0
318340 17:02:50.810036 fcntl(11, F_DUPFD_CLOEXEC, 0 <unfinished ...>
318342 17:02:50.810055 nanosleep({tv_sec=0, tv_nsec=20000},  <unfinished ...>
318340 17:02:50.810087 <... fcntl resumed>) = 12
318340 17:02:50.810159 fcntl(12, F_GETFL <unfinished ...>
318342 17:02:50.810201 <... nanosleep resumed>NULL) = 0
318340 17:02:50.810220 <... fcntl resumed>) = 0x200000 (flags O_RDONLY|O_PATH)
318342 17:02:50.810252 nanosleep({tv_sec=0, tv_nsec=20000},  <unfinished ...>
318340 17:02:50.810294 close(11)        = 0
318342 17:02:50.810402 <... nanosleep resumed>NULL) = 0
318340 17:02:50.810447 fstat(12,  <unfinished ...>
318342 17:02:50.810468 nanosleep({tv_sec=0, tv_nsec=20000},  <unfinished ...>
318340 17:02:50.810502 <... fstat resumed>{st_mode=S_IFDIR|0755, st_size=140, ...}) = 0
318340 17:02:50.810572 fstatfs(13,  <unfinished ...>
318342 17:02:50.810614 <... nanosleep resumed>NULL) = 0
318340 17:02:50.810633 <... fstatfs resumed>{f_type=PROC_SUPER_MAGIC, f_bsize=4096, f_blocks=0, f_bfree=0, f_bavail=0, f_files=0, f_ffree=0, f_fsid={val=[0x5c, 0]}, f_namelen=255, f_frsize=4096, f_flags=ST_VALID|ST_NOSUID|ST_NODEV|ST_NOEXEC|ST_RELATIME}) = 0
318342 17:02:50.810667 nanosleep({tv_sec=0, tv_nsec=20000},  <unfinished ...>
318340 17:02:50.810699 fstat(13, {st_mode=S_IFDIR|0555, st_size=0, ...}) = 0
318342 17:02:50.810828 <... nanosleep resumed>NULL) = 0
318340 17:02:50.810878 openat2(AT_FDCWD, ".", {flags=O_RDONLY|O_CLOEXEC|O_PATH, resolve=RESOLVE_NO_SYMLINKS|RESOLVE_IN_ROOT}, 24 <unfinished ...>
318342 17:02:50.810929 nanosleep({tv_sec=0, tv_nsec=20000},  <unfinished ...>
318340 17:02:50.810967 <... openat2 resumed>) = 11
318340 17:02:50.811046 close(11 <unfinished ...>
318342 17:02:50.811086 <... nanosleep resumed>NULL) = 0
318340 17:02:50.811108 <... close resumed>) = 0
318342 17:02:50.811141 nanosleep({tv_sec=0, tv_nsec=20000},  <unfinished ...>
318340 17:02:50.811180 openat2(13, "thread-self/fd/", {flags=O_RDONLY|O_NOFOLLOW|O_CLOEXEC|O_PATH, resolve=RESOLVE_NO_XDEV|RESOLVE_NO_MAGICLINKS|RESOLVE_BENEATH}, 24) = 11
318342 17:02:50.811268 <... nanosleep resumed>NULL) = 0
318340 17:02:50.811291 fcntl(11, F_GETFL <unfinished ...>
318342 17:02:50.811319 nanosleep({tv_sec=0, tv_nsec=20000},  <unfinished ...>
318340 17:02:50.811341 <... fcntl resumed>) = 0x220000 (flags O_RDONLY|O_NOFOLLOW|O_PATH)
318340 17:02:50.811404 statx(13, "", AT_STATX_SYNC_AS_STAT|AT_SYMLINK_NOFOLLOW|AT_EMPTY_PATH, STATX_MNT_ID|STATX_MNT_ID_UNIQUE,  <unfinished ...>
318342 17:02:50.811461 <... nanosleep resumed>NULL) = 0
318342 17:02:50.811522 nanosleep({tv_sec=0, tv_nsec=20000},  <unfinished ...>
318340 17:02:50.811564 <... statx resumed>{stx_mask=STATX_BASIC_STATS|STATX_MNT_ID_UNIQUE, stx_attributes=STATX_ATTR_MOUNT_ROOT, stx_mode=S_IFDIR|0555, stx_size=0, ...}) = 0
318340 17:02:50.811614 statx(11, "12", AT_STATX_SYNC_AS_STAT|AT_SYMLINK_NOFOLLOW|AT_EMPTY_PATH, STATX_MNT_ID|STATX_MNT_ID_UNIQUE,  <unfinished ...>
318342 17:02:50.811659 <... nanosleep resumed>NULL) = 0
318340 17:02:50.811682 <... statx resumed>{stx_mask=STATX_BASIC_STATS|STATX_MNT_ID_UNIQUE, stx_attributes=0, stx_mode=S_IFLNK|000, stx_size=64, ...}) = 0
318342 17:02:50.811711 nanosleep({tv_sec=0, tv_nsec=20000},  <unfinished ...>
318340 17:02:50.811736 openat(11, "12", O_RDONLY|O_CLOEXEC|O_DIRECTORY) = 14
318342 17:02:50.811849 <... nanosleep resumed>NULL) = 0
318340 17:02:50.811875 fcntl(14, F_GETFL <unfinished ...>
318342 17:02:50.811916 nanosleep({tv_sec=0, tv_nsec=20000},  <unfinished ...>
318340 17:02:50.811957 <... fcntl resumed>) = 0x18000 (flags O_RDONLY|O_LARGEFILE|O_DIRECTORY)
318340 17:02:50.812002 close(11 <unfinished ...>
318342 17:02:50.812067 <... nanosleep resumed>NULL) = 0
318340 17:02:50.812110 <... close resumed>) = 0
318342 17:02:50.812133 nanosleep({tv_sec=0, tv_nsec=20000},  <unfinished ...>
318340 17:02:50.812162 close(12)        = 0
318342 17:02:50.812266 <... nanosleep resumed>NULL) = 0
318340 17:02:50.812306 close(8 <unfinished ...>
318342 17:02:50.812324 nanosleep({tv_sec=0, tv_nsec=20000},  <unfinished ...>
318340 17:02:50.812354 <... close resumed>) = 0
318340 17:02:50.812394 mknodat(14, "full", S_IFCHR|0666, makedev(0x1, 0x7) <unfinished ...>
318342 17:02:50.812463 <... nanosleep resumed>NULL) = 0
318340 17:02:50.812514 <... mknodat resumed>) = 0
318342 17:02:50.812534 nanosleep({tv_sec=0, tv_nsec=20000},  <unfinished ...>
318340 17:02:50.812556 openat(14, "full", O_RDONLY|O_NOFOLLOW|O_CLOEXEC|O_PATH) = 8
318342 17:02:50.812668 <... nanosleep resumed>NULL) = 0
318340 17:02:50.812690 fcntl(8, F_GETFL <unfinished ...>
318342 17:02:50.812717 nanosleep({tv_sec=0, tv_nsec=20000},  <unfinished ...>
318340 17:02:50.812752 <... fcntl resumed>) = 0x220000 (flags O_RDONLY|O_NOFOLLOW|O_PATH)
318340 17:02:50.812819 fstat(8,  <unfinished ...>
318342 17:02:50.812871 <... nanosleep resumed>NULL) = 0
318340 17:02:50.812889 <... fstat resumed>{st_mode=S_IFCHR|0644, st_rdev=makedev(0x1, 0x7), ...}) = 0
318342 17:02:50.812920 nanosleep({tv_sec=0, tv_nsec=20000},  <unfinished ...>
318340 17:02:50.812958 fstatfs(8, {f_type=TMPFS_MAGIC, f_bsize=4096, f_blocks=16384, f_bfree=16384, f_bavail=16384, f_files=993235, f_ffree=993228, f_fsid={val=[0x2167f333, 0x80e3f27e]}, f_namelen=255, f_frsize=4096, f_flags=ST_VALID|ST_NOSUID}) = 0
318342 17:02:50.813050 <... nanosleep resumed>NULL) = 0
318342 17:02:50.813094 epoll_pwait(9,  <unfinished ...>
318340 17:02:50.813130 fchmodat2(8, "", 020666, AT_EMPTY_PATH <unfinished ...>
318342 17:02:50.813151 <... epoll_pwait resumed>[], 128, 0, NULL, 0) = 0
318340 17:02:50.813179 <... fchmodat2 resumed>) = 0
318342 17:02:50.813216 nanosleep({tv_sec=0, tv_nsec=20000},  <unfinished ...>
318340 17:02:50.813250 fchownat(8, "", 0, 0, AT_EMPTY_PATH) = 0
318342 17:02:50.813362 <... nanosleep resumed>NULL) = 0
318340 17:02:50.813411 close(8 <unfinished ...>
318342 17:02:50.813448 nanosleep({tv_sec=0, tv_nsec=20000},  <unfinished ...>
318340 17:02:50.813493 <... close resumed>) = 0
318340 17:02:50.813537 close(14 <unfinished ...>
318342 17:02:50.813602 <... nanosleep resumed>NULL) = 0
318340 17:02:50.813644 <... close resumed>) = 0
318342 17:02:50.813664 nanosleep({tv_sec=0, tv_nsec=20000},  <unfinished ...>
318340 17:02:50.813696 newfstatat(AT_FDCWD, "/home/sh1rogane/Anolix/rootfs//dev",  <unfinished ...>
318342 17:02:50.813783 <... nanosleep resumed>NULL) = 0
318340 17:02:50.813823 <... newfstatat resumed>{st_mode=S_IFDIR|0755, st_size=160, ...}, AT_SYMLINK_NOFOLLOW) = 0
318342 17:02:50.813845 nanosleep({tv_sec=0, tv_nsec=20000},  <unfinished ...>
318340 17:02:50.813874 newfstatat(AT_FDCWD, "/home/sh1rogane/Anolix/rootfs//dev/tty", 0xc0001f2378, AT_SYMLINK_NOFOLLOW) = -1 ENOENT (No such file or directory)
318342 17:02:50.813967 <... nanosleep resumed>NULL) = 0
318340 17:02:50.813994 openat(AT_FDCWD, "/home/sh1rogane/Anolix/rootfs", O_RDONLY|O_CLOEXEC|O_DIRECTORY <unfinished ...>
318342 17:02:50.814033 nanosleep({tv_sec=0, tv_nsec=20000},  <unfinished ...>
318340 17:02:50.814061 <... openat resumed>) = 8
318340 17:02:50.814125 fcntl(8, F_GETFL <unfinished ...>
318342 17:02:50.814162 <... nanosleep resumed>NULL) = 0
318342 17:02:50.814198 nanosleep({tv_sec=0, tv_nsec=20000},  <unfinished ...>
318340 17:02:50.814236 <... fcntl resumed>) = 0x18000 (flags O_RDONLY|O_LARGEFILE|O_DIRECTORY)
318340 17:02:50.814277 fcntl(8, F_SETFL, O_RDONLY|O_NONBLOCK|O_LARGEFILE|O_DIRECTORY <unfinished ...>
318342 17:02:50.814343 <... nanosleep resumed>NULL) = 0
318340 17:02:50.814388 <... fcntl resumed>) = 0
318342 17:02:50.814406 nanosleep({tv_sec=0, tv_nsec=20000},  <unfinished ...>
318340 17:02:50.814437 epoll_ctl(9, EPOLL_CTL_ADD, 8, {events=EPOLLIN|EPOLLOUT|EPOLLRDHUP|EPOLLET, data={u32=787480590, u64=9037941901288800270}}) = -1 EPERM (Operation not permitted)
318342 17:02:50.814540 <... nanosleep resumed>NULL) = 0
318340 17:02:50.814583 fcntl(8, F_GETFL <unfinished ...>
318342 17:02:50.814604 nanosleep({tv_sec=0, tv_nsec=20000},  <unfinished ...>
318340 17:02:50.814626 <... fcntl resumed>) = 0x18800 (flags O_RDONLY|O_NONBLOCK|O_LARGEFILE|O_DIRECTORY)
318340 17:02:50.814680 fcntl(8, F_SETFL, O_RDONLY|O_LARGEFILE|O_DIRECTORY <unfinished ...>
318342 17:02:50.814779 <... nanosleep resumed>NULL) = 0
318340 17:02:50.814817 <... fcntl resumed>) = 0
318342 17:02:50.814858 nanosleep({tv_sec=0, tv_nsec=20000},  <unfinished ...>
318340 17:02:50.814884 openat2(8, "dev", {flags=O_RDONLY|O_CLOEXEC|O_PATH, resolve=RESOLVE_NO_MAGICLINKS|RESOLVE_IN_ROOT}, 24) = 11
318342 17:02:50.815039 <... nanosleep resumed>NULL) = 0
318340 17:02:50.815080 fcntl(11, F_GETFL <unfinished ...>
318342 17:02:50.815134 nanosleep({tv_sec=0, tv_nsec=20000},  <unfinished ...>
318340 17:02:50.815189 <... fcntl resumed>) = 0x200000 (flags O_RDONLY|O_PATH)
318340 17:02:50.815247 fstatfs(13,  <unfinished ...>
318342 17:02:50.815302 <... nanosleep resumed>NULL) = 0
318340 17:02:50.815349 <... fstatfs resumed>{f_type=PROC_SUPER_MAGIC, f_bsize=4096, f_blocks=0, f_bfree=0, f_bavail=0, f_files=0, f_ffree=0, f_fsid={val=[0x5c, 0]}, f_namelen=255, f_frsize=4096, f_flags=ST_VALID|ST_NOSUID|ST_NODEV|ST_NOEXEC|ST_RELATIME}) = 0
318342 17:02:50.815400 nanosleep({tv_sec=0, tv_nsec=20000},  <unfinished ...>
318340 17:02:50.815421 fstat(13, {st_mode=S_IFDIR|0555, st_size=0, ...}) = 0
318342 17:02:50.815512 <... nanosleep resumed>NULL) = 0
318340 17:02:50.815555 openat2(AT_FDCWD, ".", {flags=O_RDONLY|O_CLOEXEC|O_PATH, resolve=RESOLVE_NO_SYMLINKS|RESOLVE_IN_ROOT}, 24 <unfinished ...>
318342 17:02:50.815588 futex(0xc00006d148, FUTEX_WAKE_PRIVATE, 1 <unfinished ...>
318340 17:02:50.815608 <... openat2 resumed>) = 12
318343 17:02:50.815643 <... futex resumed>) = 0
318342 17:02:50.815683 <... futex resumed>) = 1
318343 17:02:50.815703 futex(0xeeaf80, FUTEX_WAKE_PRIVATE, 1 <unfinished ...>
318340 17:02:50.815719 futex(0xeeaf80, FUTEX_WAIT_PRIVATE, 0, NULL <unfinished ...>
318343 17:02:50.815739 <... futex resumed>) = 0
318342 17:02:50.815769 nanosleep({tv_sec=0, tv_nsec=20000},  <unfinished ...>
318343 17:02:50.815793 futex(0xc00006d148, FUTEX_WAIT_PRIVATE, 0, NULL <unfinished ...>
318340 17:02:50.815813 <... futex resumed>) = -1 EAGAIN (Resource temporarily unavailable)
318340 17:02:50.815859 close(12 <unfinished ...>
318342 17:02:50.815900 <... nanosleep resumed>NULL) = 0
318340 17:02:50.815918 <... close resumed>) = 0
318342 17:02:50.815936 nanosleep({tv_sec=0, tv_nsec=20000},  <unfinished ...>
318340 17:02:50.815966 openat2(13, "thread-self/fd/11", {flags=O_RDONLY|O_NOFOLLOW|O_CLOEXEC|O_PATH, resolve=RESOLVE_NO_XDEV|RESOLVE_NO_MAGICLINKS|RESOLVE_BENEATH}, 24) = 12
318342 17:02:50.816064 <... nanosleep resumed>NULL) = 0
318340 17:02:50.816082 fcntl(12, F_GETFL <unfinished ...>
318342 17:02:50.816110 nanosleep({tv_sec=0, tv_nsec=20000},  <unfinished ...>
318340 17:02:50.816129 <... fcntl resumed>) = 0x220000 (flags O_RDONLY|O_NOFOLLOW|O_PATH)
318340 17:02:50.816183 statx(13, "", AT_STATX_SYNC_AS_STAT|AT_SYMLINK_NOFOLLOW|AT_EMPTY_PATH, STATX_MNT_ID|STATX_MNT_ID_UNIQUE,  <unfinished ...>
318342 17:02:50.816225 <... nanosleep resumed>NULL) = 0
318340 17:02:50.816244 <... statx resumed>{stx_mask=STATX_BASIC_STATS|STATX_MNT_ID_UNIQUE, stx_attributes=STATX_ATTR_MOUNT_ROOT, stx_mode=S_IFDIR|0555, stx_size=0, ...}) = 0
318342 17:02:50.816286 nanosleep({tv_sec=0, tv_nsec=20000},  <unfinished ...>
318340 17:02:50.816331 statx(12, "", AT_STATX_SYNC_AS_STAT|AT_SYMLINK_NOFOLLOW|AT_EMPTY_PATH, STATX_MNT_ID|STATX_MNT_ID_UNIQUE, {stx_mask=STATX_BASIC_STATS|STATX_MNT_ID_UNIQUE, stx_attributes=0, stx_mode=S_IFLNK|000, stx_size=64, ...}) = 0
318342 17:02:50.816458 <... nanosleep resumed>NULL) = 0
318340 17:02:50.816500 readlinkat(12, "",  <unfinished ...>
318342 17:02:50.816523 nanosleep({tv_sec=0, tv_nsec=20000},  <unfinished ...>
318340 17:02:50.816544 <... readlinkat resumed>"/home/sh1rogane/Anolix/rootfs/de"..., 4096) = 33
318340 17:02:50.816597 close(12 <unfinished ...>
318342 17:02:50.816677 <... nanosleep resumed>NULL) = 0
318340 17:02:50.816745 <... close resumed>) = 0
318342 17:02:50.816791 nanosleep({tv_sec=0, tv_nsec=20000},  <unfinished ...>
318340 17:02:50.816841 fcntl(11, F_DUPFD_CLOEXEC, 0) = 12
318342 17:02:50.816945 <... nanosleep resumed>NULL) = 0
318340 17:02:50.816965 fcntl(12, F_GETFL <unfinished ...>
318342 17:02:50.816994 nanosleep({tv_sec=0, tv_nsec=20000},  <unfinished ...>
318340 17:02:50.817017 <... fcntl resumed>) = 0x200000 (flags O_RDONLY|O_PATH)
318340 17:02:50.817072 close(11 <unfinished ...>
318342 17:02:50.817120 <... nanosleep resumed>NULL) = 0
318340 17:02:50.817163 <... close resumed>) = 0
318342 17:02:50.817190 nanosleep({tv_sec=0, tv_nsec=20000},  <unfinished ...>
318340 17:02:50.817221 fstat(12, {st_mode=S_IFDIR|0755, st_size=160, ...}) = 0
318342 17:02:50.817308 <... nanosleep resumed>NULL) = 0
318340 17:02:50.817329 fstatfs(13,  <unfinished ...>
318342 17:02:50.817360 nanosleep({tv_sec=0, tv_nsec=20000},  <unfinished ...>
318340 17:02:50.817399 <... fstatfs resumed>{f_type=PROC_SUPER_MAGIC, f_bsize=4096, f_blocks=0, f_bfree=0, f_bavail=0, f_files=0, f_ffree=0, f_fsid={val=[0x5c, 0]}, f_namelen=255, f_frsize=4096, f_flags=ST_VALID|ST_NOSUID|ST_NODEV|ST_NOEXEC|ST_RELATIME}) = 0
318340 17:02:50.817466 fstat(13,  <unfinished ...>
318342 17:02:50.817504 <... nanosleep resumed>NULL) = 0
318340 17:02:50.817522 <... fstat resumed>{st_mode=S_IFDIR|0555, st_size=0, ...}) = 0
318342 17:02:50.817552 nanosleep({tv_sec=0, tv_nsec=20000},  <unfinished ...>
318340 17:02:50.817583 openat2(AT_FDCWD, ".", {flags=O_RDONLY|O_CLOEXEC|O_PATH, resolve=RESOLVE_NO_SYMLINKS|RESOLVE_IN_ROOT}, 24) = 11
318342 17:02:50.817689 <... nanosleep resumed>NULL) = 0
318340 17:02:50.817708 close(11 <unfinished ...>
318342 17:02:50.817736 nanosleep({tv_sec=0, tv_nsec=20000},  <unfinished ...>
318340 17:02:50.817775 <... close resumed>) = 0
318340 17:02:50.817815 openat2(13, "thread-self/fd/", {flags=O_RDONLY|O_NOFOLLOW|O_CLOEXEC|O_PATH, resolve=RESOLVE_NO_XDEV|RESOLVE_NO_MAGICLINKS|RESOLVE_BENEATH}, 24 <unfinished ...>
318342 17:02:50.817885 <... nanosleep resumed>NULL) = 0
318340 17:02:50.817930 <... openat2 resumed>) = 11
318342 17:02:50.817949 nanosleep({tv_sec=0, tv_nsec=20000},  <unfinished ...>
318340 17:02:50.817979 fcntl(11, F_GETFL) = 0x220000 (flags O_RDONLY|O_NOFOLLOW|O_PATH)
318342 17:02:50.818068 <... nanosleep resumed>NULL) = 0
318340 17:02:50.818090 statx(13, "", AT_STATX_SYNC_AS_STAT|AT_SYMLINK_NOFOLLOW|AT_EMPTY_PATH, STATX_MNT_ID|STATX_MNT_ID_UNIQUE,  <unfinished ...>
318342 17:02:50.818125 nanosleep({tv_sec=0, tv_nsec=20000},  <unfinished ...>
318340 17:02:50.818169 <... statx resumed>{stx_mask=STATX_BASIC_STATS|STATX_MNT_ID_UNIQUE, stx_attributes=STATX_ATTR_MOUNT_ROOT, stx_mode=S_IFDIR|0555, stx_size=0, ...}) = 0
318340 17:02:50.818237 statx(11, "12", AT_STATX_SYNC_AS_STAT|AT_SYMLINK_NOFOLLOW|AT_EMPTY_PATH, STATX_MNT_ID|STATX_MNT_ID_UNIQUE,  <unfinished ...>
318342 17:02:50.818293 <... nanosleep resumed>NULL) = 0
318340 17:02:50.818311 <... statx resumed>{stx_mask=STATX_BASIC_STATS|STATX_MNT_ID_UNIQUE, stx_attributes=0, stx_mode=S_IFLNK|000, stx_size=64, ...}) = 0
318342 17:02:50.818342 nanosleep({tv_sec=0, tv_nsec=20000},  <unfinished ...>
318340 17:02:50.818381 openat(11, "12", O_RDONLY|O_CLOEXEC|O_DIRECTORY) = 14
318342 17:02:50.818508 <... nanosleep resumed>NULL) = 0
318342 17:02:50.818582 nanosleep({tv_sec=0, tv_nsec=20000},  <unfinished ...>
318340 17:02:50.818642 fcntl(14, F_GETFL) = 0x18000 (flags O_RDONLY|O_LARGEFILE|O_DIRECTORY)
318342 17:02:50.818883 <... nanosleep resumed>NULL) = 0
318340 17:02:50.818929 close(11 <unfinished ...>
318342 17:02:50.818950 nanosleep({tv_sec=0, tv_nsec=20000},  <unfinished ...>
318340 17:02:50.818989 <... close resumed>) = 0
318340 17:02:50.819039 close(12 <unfinished ...>
318342 17:02:50.819084 <... nanosleep resumed>NULL) = 0
318340 17:02:50.819127 <... close resumed>) = 0
318342 17:02:50.819149 nanosleep({tv_sec=0, tv_nsec=20000},  <unfinished ...>
318340 17:02:50.819188 close(8)         = 0
318342 17:02:50.819301 <... nanosleep resumed>NULL) = 0
318340 17:02:50.819350 mknodat(14, "tty", S_IFCHR|0666, makedev(0x5, 0) <unfinished ...>
318342 17:02:50.819391 nanosleep({tv_sec=0, tv_nsec=20000},  <unfinished ...>
318340 17:02:50.819452 <... mknodat resumed>) = 0
318342 17:02:50.819529 <... nanosleep resumed>NULL) = 0
318340 17:02:50.819566 openat(14, "tty", O_RDONLY|O_NOFOLLOW|O_CLOEXEC|O_PATH <unfinished ...>
318342 17:02:50.819589 nanosleep({tv_sec=0, tv_nsec=20000},  <unfinished ...>
318340 17:02:50.819621 <... openat resumed>) = 8
318340 17:02:50.819674 fcntl(8, F_GETFL <unfinished ...>
318342 17:02:50.819715 <... nanosleep resumed>NULL) = 0
318340 17:02:50.819758 <... fcntl resumed>) = 0x220000 (flags O_RDONLY|O_NOFOLLOW|O_PATH)
318342 17:02:50.819776 nanosleep({tv_sec=0, tv_nsec=20000},  <unfinished ...>
318340 17:02:50.819808 fstat(8, {st_mode=S_IFCHR|0644, st_rdev=makedev(0x5, 0), ...}) = 0
318342 17:02:50.819906 <... nanosleep resumed>NULL) = 0
318340 17:02:50.819948 fstatfs(8,  <unfinished ...>
318342 17:02:50.819979 nanosleep({tv_sec=0, tv_nsec=20000},  <unfinished ...>
318340 17:02:50.820021 <... fstatfs resumed>{f_type=TMPFS_MAGIC, f_bsize=4096, f_blocks=16384, f_bfree=16384, f_bavail=16384, f_files=993235, f_ffree=993227, f_fsid={val=[0x2167f333, 0x80e3f27e]}, f_namelen=255, f_frsize=4096, f_flags=ST_VALID|ST_NOSUID}) = 0
318340 17:02:50.820069 fchmodat2(8, "", 020666, AT_EMPTY_PATH <unfinished ...>
318342 17:02:50.820133 <... nanosleep resumed>NULL) = 0
318340 17:02:50.820177 <... fchmodat2 resumed>) = 0
318342 17:02:50.820195 nanosleep({tv_sec=0, tv_nsec=20000},  <unfinished ...>
318340 17:02:50.820224 fchownat(8, "", 0, 0, AT_EMPTY_PATH) = 0
318342 17:02:50.820333 <... nanosleep resumed>NULL) = 0
318340 17:02:50.820354 close(8 <unfinished ...>
318342 17:02:50.820384 nanosleep({tv_sec=0, tv_nsec=20000},  <unfinished ...>
318340 17:02:50.820406 <... close resumed>) = 0
318340 17:02:50.820466 close(14 <unfinished ...>
318342 17:02:50.820510 <... nanosleep resumed>NULL) = 0
318340 17:02:50.820529 <... close resumed>) = 0
318342 17:02:50.820556 nanosleep({tv_sec=0, tv_nsec=20000},  <unfinished ...>
318340 17:02:50.820578 newfstatat(AT_FDCWD, "/home/sh1rogane/Anolix/rootfs//dev", {st_mode=S_IFDIR|0755, st_size=180, ...}, AT_SYMLINK_NOFOLLOW) = 0
318342 17:02:50.820727 <... nanosleep resumed>NULL) = 0
318340 17:02:50.820770 newfstatat(AT_FDCWD, "/home/sh1rogane/Anolix/rootfs//dev/zero",  <unfinished ...>
318342 17:02:50.820811 nanosleep({tv_sec=0, tv_nsec=20000},  <unfinished ...>
318340 17:02:50.820847 <... newfstatat resumed>0xc0001f2518, AT_SYMLINK_NOFOLLOW) = -1 ENOENT (No such file or directory)
318340 17:02:50.820931 openat(AT_FDCWD, "/home/sh1rogane/Anolix/rootfs", O_RDONLY|O_CLOEXEC|O_DIRECTORY <unfinished ...>
318342 17:02:50.820977 <... nanosleep resumed>NULL) = 0
318340 17:02:50.820996 <... openat resumed>) = 8
318342 17:02:50.821024 nanosleep({tv_sec=0, tv_nsec=20000},  <unfinished ...>
318340 17:02:50.821044 fcntl(8, F_GETFL) = 0x18000 (flags O_RDONLY|O_LARGEFILE|O_DIRECTORY)
318342 17:02:50.821144 <... nanosleep resumed>NULL) = 0
318340 17:02:50.821164 fcntl(8, F_SETFL, O_RDONLY|O_NONBLOCK|O_LARGEFILE|O_DIRECTORY <unfinished ...>
318342 17:02:50.821192 nanosleep({tv_sec=0, tv_nsec=20000},  <unfinished ...>
318340 17:02:50.821212 <... fcntl resumed>) = 0
318340 17:02:50.821273 epoll_ctl(9, EPOLL_CTL_ADD, 8, {events=EPOLLIN|EPOLLOUT|EPOLLRDHUP|EPOLLET, data={u32=787480591, u64=9037941901288800271}} <unfinished ...>
318342 17:02:50.821331 <... nanosleep resumed>NULL) = 0
318340 17:02:50.821349 <... epoll_ctl resumed>) = -1 EPERM (Operation not permitted)
318342 17:02:50.821376 nanosleep({tv_sec=0, tv_nsec=20000},  <unfinished ...>
318340 17:02:50.821395 fcntl(8, F_GETFL) = 0x18800 (flags O_RDONLY|O_NONBLOCK|O_LARGEFILE|O_DIRECTORY)
318342 17:02:50.821482 <... nanosleep resumed>NULL) = 0
318340 17:02:50.821501 fcntl(8, F_SETFL, O_RDONLY|O_LARGEFILE|O_DIRECTORY <unfinished ...>
318342 17:02:50.821528 nanosleep({tv_sec=0, tv_nsec=20000},  <unfinished ...>
318340 17:02:50.821559 <... fcntl resumed>) = 0
318340 17:02:50.821614 openat2(8, "dev", {flags=O_RDONLY|O_CLOEXEC|O_PATH, resolve=RESOLVE_NO_MAGICLINKS|RESOLVE_IN_ROOT}, 24 <unfinished ...>
318342 17:02:50.821663 <... nanosleep resumed>NULL) = 0
318340 17:02:50.821682 <... openat2 resumed>) = 11
318342 17:02:50.821709 nanosleep({tv_sec=0, tv_nsec=20000},  <unfinished ...>
318340 17:02:50.821750 fcntl(11, F_GETFL) = 0x200000 (flags O_RDONLY|O_PATH)
318342 17:02:50.821858 <... nanosleep resumed>NULL) = 0
318340 17:02:50.821899 fstatfs(13,  <unfinished ...>
318342 17:02:50.821918 nanosleep({tv_sec=0, tv_nsec=20000},  <unfinished ...>
318340 17:02:50.821948 <... fstatfs resumed>{f_type=PROC_SUPER_MAGIC, f_bsize=4096, f_blocks=0, f_bfree=0, f_bavail=0, f_files=0, f_ffree=0, f_fsid={val=[0x5c, 0]}, f_namelen=255, f_frsize=4096, f_flags=ST_VALID|ST_NOSUID|ST_NODEV|ST_NOEXEC|ST_RELATIME}) = 0
318340 17:02:50.822027 fstat(13,  <unfinished ...>
318342 17:02:50.822066 <... nanosleep resumed>NULL) = 0
318340 17:02:50.822084 <... fstat resumed>{st_mode=S_IFDIR|0555, st_size=0, ...}) = 0
318342 17:02:50.822125 nanosleep({tv_sec=0, tv_nsec=20000},  <unfinished ...>
318340 17:02:50.822144 openat2(AT_FDCWD, ".", {flags=O_RDONLY|O_CLOEXEC|O_PATH, resolve=RESOLVE_NO_SYMLINKS|RESOLVE_IN_ROOT}, 24) = 12
318342 17:02:50.822262 <... nanosleep resumed>NULL) = 0
318340 17:02:50.822284 close(12 <unfinished ...>
318342 17:02:50.822302 nanosleep({tv_sec=0, tv_nsec=20000},  <unfinished ...>
318340 17:02:50.822334 <... close resumed>) = 0
318340 17:02:50.822388 openat2(13, "thread-self/fd/11", {flags=O_RDONLY|O_NOFOLLOW|O_CLOEXEC|O_PATH, resolve=RESOLVE_NO_XDEV|RESOLVE_NO_MAGICLINKS|RESOLVE_BENEATH}, 24 <unfinished ...>
318342 17:02:50.822439 <... nanosleep resumed>NULL) = 0
318340 17:02:50.822461 <... openat2 resumed>) = 12
318342 17:02:50.822504 nanosleep({tv_sec=0, tv_nsec=20000},  <unfinished ...>
318340 17:02:50.822543 fcntl(12, F_GETFL) = 0x220000 (flags O_RDONLY|O_NOFOLLOW|O_PATH)
318342 17:02:50.822650 <... nanosleep resumed>NULL) = 0
318340 17:02:50.822694 statx(13, "", AT_STATX_SYNC_AS_STAT|AT_SYMLINK_NOFOLLOW|AT_EMPTY_PATH, STATX_MNT_ID|STATX_MNT_ID_UNIQUE,  <unfinished ...>
318342 17:02:50.822739 nanosleep({tv_sec=0, tv_nsec=20000},  <unfinished ...>
318340 17:02:50.822791 <... statx resumed>{stx_mask=STATX_BASIC_STATS|STATX_MNT_ID_UNIQUE, stx_attributes=STATX_ATTR_MOUNT_ROOT, stx_mode=S_IFDIR|0555, stx_size=0, ...}) = 0
318340 17:02:50.822843 statx(12, "", AT_STATX_SYNC_AS_STAT|AT_SYMLINK_NOFOLLOW|AT_EMPTY_PATH, STATX_MNT_ID|STATX_MNT_ID_UNIQUE,  <unfinished ...>
318342 17:02:50.822902 <... nanosleep resumed>NULL) = 0
318340 17:02:50.822922 <... statx resumed>{stx_mask=STATX_BASIC_STATS|STATX_MNT_ID_UNIQUE, stx_attributes=0, stx_mode=S_IFLNK|000, stx_size=64, ...}) = 0
318342 17:02:50.822955 nanosleep({tv_sec=0, tv_nsec=20000},  <unfinished ...>
318340 17:02:50.823000 readlinkat(12, "", "/home/sh1rogane/Anolix/rootfs/de"..., 4096) = 33
318342 17:02:50.823112 <... nanosleep resumed>NULL) = 0
318340 17:02:50.823141 close(12 <unfinished ...>
318342 17:02:50.823168 epoll_pwait(9,  <unfinished ...>
318340 17:02:50.823218 <... close resumed>) = 0
318342 17:02:50.823240 <... epoll_pwait resumed>[], 128, 0, NULL, 0) = 0
318340 17:02:50.823269 fcntl(11, F_DUPFD_CLOEXEC, 0 <unfinished ...>
318342 17:02:50.823297 nanosleep({tv_sec=0, tv_nsec=20000},  <unfinished ...>
318340 17:02:50.823325 <... fcntl resumed>) = 12
318340 17:02:50.823363 fcntl(12, F_GETFL <unfinished ...>
318342 17:02:50.823430 <... nanosleep resumed>NULL) = 0
318340 17:02:50.823482 <... fcntl resumed>) = 0x200000 (flags O_RDONLY|O_PATH)
318342 17:02:50.823505 nanosleep({tv_sec=0, tv_nsec=20000},  <unfinished ...>
318340 17:02:50.823528 close(11)        = 0
318342 17:02:50.823632 <... nanosleep resumed>NULL) = 0
318340 17:02:50.823673 fstat(12,  <unfinished ...>
318342 17:02:50.823718 nanosleep({tv_sec=0, tv_nsec=20000},  <unfinished ...>
318340 17:02:50.823760 <... fstat resumed>{st_mode=S_IFDIR|0755, st_size=180, ...}) = 0
318340 17:02:50.823838 fstatfs(13,  <unfinished ...>
318342 17:02:50.823879 <... nanosleep resumed>NULL) = 0
318340 17:02:50.823897 <... fstatfs resumed>{f_type=PROC_SUPER_MAGIC, f_bsize=4096, f_blocks=0, f_bfree=0, f_bavail=0, f_files=0, f_ffree=0, f_fsid={val=[0x5c, 0]}, f_namelen=255, f_frsize=4096, f_flags=ST_VALID|ST_NOSUID|ST_NODEV|ST_NOEXEC|ST_RELATIME}) = 0
318342 17:02:50.823924 nanosleep({tv_sec=0, tv_nsec=20000},  <unfinished ...>
318340 17:02:50.823953 fstat(13, {st_mode=S_IFDIR|0555, st_size=0, ...}) = 0
318342 17:02:50.824076 <... nanosleep resumed>NULL) = 0
318340 17:02:50.824121 openat2(AT_FDCWD, ".", {flags=O_RDONLY|O_CLOEXEC|O_PATH, resolve=RESOLVE_NO_SYMLINKS|RESOLVE_IN_ROOT}, 24 <unfinished ...>
318342 17:02:50.824170 nanosleep({tv_sec=0, tv_nsec=20000},  <unfinished ...>
318340 17:02:50.824232 <... openat2 resumed>) = 11
318340 17:02:50.824287 close(11 <unfinished ...>
318342 17:02:50.824330 <... nanosleep resumed>NULL) = 0
318340 17:02:50.824348 <... close resumed>) = 0
318342 17:02:50.824375 nanosleep({tv_sec=0, tv_nsec=20000},  <unfinished ...>
318340 17:02:50.824406 openat2(13, "thread-self/fd/", {flags=O_RDONLY|O_NOFOLLOW|O_CLOEXEC|O_PATH, resolve=RESOLVE_NO_XDEV|RESOLVE_NO_MAGICLINKS|RESOLVE_BENEATH}, 24) = 11
318342 17:02:50.824515 <... nanosleep resumed>NULL) = 0
318340 17:02:50.824533 fcntl(11, F_GETFL <unfinished ...>
318342 17:02:50.824561 nanosleep({tv_sec=0, tv_nsec=20000},  <unfinished ...>
318340 17:02:50.824600 <... fcntl resumed>) = 0x220000 (flags O_RDONLY|O_NOFOLLOW|O_PATH)
318340 17:02:50.824644 statx(13, "", AT_STATX_SYNC_AS_STAT|AT_SYMLINK_NOFOLLOW|AT_EMPTY_PATH, STATX_MNT_ID|STATX_MNT_ID_UNIQUE,  <unfinished ...>
318342 17:02:50.824685 <... nanosleep resumed>NULL) = 0
318340 17:02:50.824703 <... statx resumed>{stx_mask=STATX_BASIC_STATS|STATX_MNT_ID_UNIQUE, stx_attributes=STATX_ATTR_MOUNT_ROOT, stx_mode=S_IFDIR|0555, stx_size=0, ...}) = 0
318342 17:02:50.824736 nanosleep({tv_sec=0, tv_nsec=20000},  <unfinished ...>
318340 17:02:50.824756 statx(11, "12", AT_STATX_SYNC_AS_STAT|AT_SYMLINK_NOFOLLOW|AT_EMPTY_PATH, STATX_MNT_ID|STATX_MNT_ID_UNIQUE, {stx_mask=STATX_BASIC_STATS|STATX_MNT_ID_UNIQUE, stx_attributes=0, stx_mode=S_IFLNK|000, stx_size=64, ...}) = 0
318342 17:02:50.824851 <... nanosleep resumed>NULL) = 0
318340 17:02:50.824888 openat(11, "12", O_RDONLY|O_CLOEXEC|O_DIRECTORY <unfinished ...>
318342 17:02:50.824908 nanosleep({tv_sec=0, tv_nsec=20000},  <unfinished ...>
318340 17:02:50.824937 <... openat resumed>) = 14
318340 17:02:50.824982 fcntl(14, F_GETFL <unfinished ...>
318342 17:02:50.825047 <... nanosleep resumed>NULL) = 0
318340 17:02:50.825093 <... fcntl resumed>) = 0x18000 (flags O_RDONLY|O_LARGEFILE|O_DIRECTORY)
318342 17:02:50.825113 nanosleep({tv_sec=0, tv_nsec=20000},  <unfinished ...>
318340 17:02:50.825145 close(11)        = 0
318342 17:02:50.825250 <... nanosleep resumed>NULL) = 0
318340 17:02:50.825291 close(12 <unfinished ...>
318342 17:02:50.825309 nanosleep({tv_sec=0, tv_nsec=20000},  <unfinished ...>
318340 17:02:50.825340 <... close resumed>) = 0
318340 17:02:50.825384 close(8 <unfinished ...>
318342 17:02:50.825422 <... nanosleep resumed>NULL) = 0
318340 17:02:50.825440 <... close resumed>) = 0
318342 17:02:50.825468 nanosleep({tv_sec=0, tv_nsec=20000},  <unfinished ...>
318340 17:02:50.825487 mknodat(14, "zero", S_IFCHR|0666, makedev(0x1, 0x5)) = 0
318342 17:02:50.825596 <... nanosleep resumed>NULL) = 0
318340 17:02:50.825615 openat(14, "zero", O_RDONLY|O_NOFOLLOW|O_CLOEXEC|O_PATH <unfinished ...>
318342 17:02:50.825645 nanosleep({tv_sec=0, tv_nsec=20000},  <unfinished ...>
318340 17:02:50.825665 <... openat resumed>) = 8
318340 17:02:50.825724 fcntl(8, F_GETFL <unfinished ...>
318342 17:02:50.825771 <... nanosleep resumed>NULL) = 0
318340 17:02:50.825790 <... fcntl resumed>) = 0x220000 (flags O_RDONLY|O_NOFOLLOW|O_PATH)
318342 17:02:50.825819 nanosleep({tv_sec=0, tv_nsec=20000},  <unfinished ...>
318340 17:02:50.825859 fstat(8, {st_mode=S_IFCHR|0644, st_rdev=makedev(0x1, 0x5), ...}) = 0
318342 17:02:50.825955 <... nanosleep resumed>NULL) = 0
318340 17:02:50.825996 fstatfs(8,  <unfinished ...>
318342 17:02:50.826013 futex(0xc00006d148, FUTEX_WAKE_PRIVATE, 1 <unfinished ...>
318340 17:02:50.826042 <... fstatfs resumed>{f_type=TMPFS_MAGIC, f_bsize=4096, f_blocks=16384, f_bfree=16384, f_bavail=16384, f_files=993235, f_ffree=993226, f_fsid={val=[0x2167f333, 0x80e3f27e]}, f_namelen=255, f_frsize=4096, f_flags=ST_VALID|ST_NOSUID}) = 0
318343 17:02:50.826086 <... futex resumed>) = 0
318342 17:02:50.826112 <... futex resumed>) = 1
318343 17:02:50.826132 futex(0xeeaf80, FUTEX_WAKE_PRIVATE, 1 <unfinished ...>
318340 17:02:50.826158 futex(0xeeaf80, FUTEX_WAIT_PRIVATE, 0, NULL <unfinished ...>
318343 17:02:50.826177 <... futex resumed>) = 0
318342 17:02:50.826203 nanosleep({tv_sec=0, tv_nsec=20000},  <unfinished ...>
318343 17:02:50.826246 futex(0xc00006d148, FUTEX_WAIT_PRIVATE, 0, NULL <unfinished ...>
318340 17:02:50.826263 <... futex resumed>) = -1 EAGAIN (Resource temporarily unavailable)
318340 17:02:50.826315 fchmodat2(8, "", 020666, AT_EMPTY_PATH <unfinished ...>
318342 17:02:50.826358 <... nanosleep resumed>NULL) = 0
318340 17:02:50.826376 <... fchmodat2 resumed>) = 0
318342 17:02:50.826404 nanosleep({tv_sec=0, tv_nsec=20000},  <unfinished ...>
318340 17:02:50.826423 fchownat(8, "", 0, 0, AT_EMPTY_PATH) = 0
318342 17:02:50.826518 <... nanosleep resumed>NULL) = 0
318340 17:02:50.826538 close(8 <unfinished ...>
318342 17:02:50.826566 nanosleep({tv_sec=0, tv_nsec=20000},  <unfinished ...>
318340 17:02:50.826609 <... close resumed>) = 0
318340 17:02:50.826661 close(14 <unfinished ...>
318342 17:02:50.826700 <... nanosleep resumed>NULL) = 0
318340 17:02:50.826718 <... close resumed>) = 0
318342 17:02:50.826746 nanosleep({tv_sec=0, tv_nsec=20000},  <unfinished ...>
318340 17:02:50.826766 newfstatat(AT_FDCWD, "/home/sh1rogane/Anolix/rootfs//dev", {st_mode=S_IFDIR|0755, st_size=200, ...}, AT_SYMLINK_NOFOLLOW) = 0
318342 17:02:50.826875 <... nanosleep resumed>NULL) = 0
318340 17:02:50.826896 newfstatat(AT_FDCWD, "/home/sh1rogane/Anolix/rootfs//dev/urandom",  <unfinished ...>
318342 17:02:50.826925 nanosleep({tv_sec=0, tv_nsec=20000},  <unfinished ...>
318340 17:02:50.826947 <... newfstatat resumed>0xc0001f26b8, AT_SYMLINK_NOFOLLOW) = -1 ENOENT (No such file or directory)
318340 17:02:50.826997 openat(AT_FDCWD, "/home/sh1rogane/Anolix/rootfs", O_RDONLY|O_CLOEXEC|O_DIRECTORY <unfinished ...>
318342 17:02:50.827040 <... nanosleep resumed>NULL) = 0
318340 17:02:50.827059 <... openat resumed>) = 8
318342 17:02:50.827087 nanosleep({tv_sec=0, tv_nsec=20000},  <unfinished ...>
318340 17:02:50.827126 fcntl(8, F_GETFL) = 0x18000 (flags O_RDONLY|O_LARGEFILE|O_DIRECTORY)
318342 17:02:50.827209 <... nanosleep resumed>NULL) = 0
318340 17:02:50.827248 fcntl(8, F_SETFL, O_RDONLY|O_NONBLOCK|O_LARGEFILE|O_DIRECTORY <unfinished ...>
318342 17:02:50.827269 nanosleep({tv_sec=0, tv_nsec=20000},  <unfinished ...>
318340 17:02:50.827300 <... fcntl resumed>) = 0
318340 17:02:50.827357 epoll_ctl(9, EPOLL_CTL_ADD, 8, {events=EPOLLIN|EPOLLOUT|EPOLLRDHUP|EPOLLET, data={u32=787480592, u64=9037941901288800272}} <unfinished ...>
318342 17:02:50.827400 <... nanosleep resumed>NULL) = 0
318340 17:02:50.827418 <... epoll_ctl resumed>) = -1 EPERM (Operation not permitted)
318342 17:02:50.827447 nanosleep({tv_sec=0, tv_nsec=20000},  <unfinished ...>
318340 17:02:50.827471 fcntl(8, F_GETFL) = 0x18800 (flags O_RDONLY|O_NONBLOCK|O_LARGEFILE|O_DIRECTORY)
318342 17:02:50.827579 <... nanosleep resumed>NULL) = 0
318340 17:02:50.827612 fcntl(8, F_SETFL, O_RDONLY|O_LARGEFILE|O_DIRECTORY <unfinished ...>
318342 17:02:50.827652 nanosleep({tv_sec=0, tv_nsec=20000},  <unfinished ...>
318340 17:02:50.827674 <... fcntl resumed>) = 0
318340 17:02:50.827747 openat2(8, "dev", {flags=O_RDONLY|O_CLOEXEC|O_PATH, resolve=RESOLVE_NO_MAGICLINKS|RESOLVE_IN_ROOT}, 24 <unfinished ...>
318342 17:02:50.827795 <... nanosleep resumed>NULL) = 0
318340 17:02:50.827814 <... openat2 resumed>) = 11
318342 17:02:50.827843 nanosleep({tv_sec=0, tv_nsec=20000},  <unfinished ...>
318340 17:02:50.827882 fcntl(11, F_GETFL) = 0x200000 (flags O_RDONLY|O_PATH)
318342 17:02:50.827982 <... nanosleep resumed>NULL) = 0
318340 17:02:50.828015 fstatfs(13,  <unfinished ...>
318342 17:02:50.828054 nanosleep({tv_sec=0, tv_nsec=20000},  <unfinished ...>
318340 17:02:50.828096 <... fstatfs resumed>{f_type=PROC_SUPER_MAGIC, f_bsize=4096, f_blocks=0, f_bfree=0, f_bavail=0, f_files=0, f_ffree=0, f_fsid={val=[0x5c, 0]}, f_namelen=255, f_frsize=4096, f_flags=ST_VALID|ST_NOSUID|ST_NODEV|ST_NOEXEC|ST_RELATIME}) = 0
318340 17:02:50.828196 fstat(13,  <unfinished ...>
318342 17:02:50.828246 <... nanosleep resumed>NULL) = 0
318340 17:02:50.828285 <... fstat resumed>{st_mode=S_IFDIR|0555, st_size=0, ...}) = 0
318342 17:02:50.828328 nanosleep({tv_sec=0, tv_nsec=20000},  <unfinished ...>
318340 17:02:50.828373 openat2(AT_FDCWD, ".", {flags=O_RDONLY|O_CLOEXEC|O_PATH, resolve=RESOLVE_NO_SYMLINKS|RESOLVE_IN_ROOT}, 24) = 12
318342 17:02:50.828484 <... nanosleep resumed>NULL) = 0
318340 17:02:50.828503 close(12 <unfinished ...>
318342 17:02:50.828532 nanosleep({tv_sec=0, tv_nsec=20000},  <unfinished ...>
318340 17:02:50.828574 <... close resumed>) = 0
318340 17:02:50.828618 openat2(13, "thread-self/fd/11", {flags=O_RDONLY|O_NOFOLLOW|O_CLOEXEC|O_PATH, resolve=RESOLVE_NO_XDEV|RESOLVE_NO_MAGICLINKS|RESOLVE_BENEATH}, 24 <unfinished ...>
318342 17:02:50.828668 <... nanosleep resumed>NULL) = 0
318340 17:02:50.828687 <... openat2 resumed>) = 12
318342 17:02:50.828715 nanosleep({tv_sec=0, tv_nsec=20000},  <unfinished ...>
318340 17:02:50.828746 fcntl(12, F_GETFL) = 0x220000 (flags O_RDONLY|O_NOFOLLOW|O_PATH)
318342 17:02:50.828841 <... nanosleep resumed>NULL) = 0
318340 17:02:50.828860 statx(13, "", AT_STATX_SYNC_AS_STAT|AT_SYMLINK_NOFOLLOW|AT_EMPTY_PATH, STATX_MNT_ID|STATX_MNT_ID_UNIQUE,  <unfinished ...>
318342 17:02:50.828890 nanosleep({tv_sec=0, tv_nsec=20000},  <unfinished ...>
318340 17:02:50.828930 <... statx resumed>{stx_mask=STATX_BASIC_STATS|STATX_MNT_ID_UNIQUE, stx_attributes=STATX_ATTR_MOUNT_ROOT, stx_mode=S_IFDIR|0555, stx_size=0, ...}) = 0
318340 17:02:50.828996 statx(12, "", AT_STATX_SYNC_AS_STAT|AT_SYMLINK_NOFOLLOW|AT_EMPTY_PATH, STATX_MNT_ID|STATX_MNT_ID_UNIQUE,  <unfinished ...>
318342 17:02:50.829036 <... nanosleep resumed>NULL) = 0
318340 17:02:50.829054 <... statx resumed>{stx_mask=STATX_BASIC_STATS|STATX_MNT_ID_UNIQUE, stx_attributes=0, stx_mode=S_IFLNK|000, stx_size=64, ...}) = 0
318342 17:02:50.829085 nanosleep({tv_sec=0, tv_nsec=20000},  <unfinished ...>
318340 17:02:50.829119 readlinkat(12, "", "/home/sh1rogane/Anolix/rootfs/de"..., 4096) = 33
318342 17:02:50.829226 <... nanosleep resumed>NULL) = 0
318340 17:02:50.829245 close(12 <unfinished ...>
318342 17:02:50.829273 nanosleep({tv_sec=0, tv_nsec=20000},  <unfinished ...>
318340 17:02:50.829292 <... close resumed>) = 0
318340 17:02:50.829359 fcntl(11, F_DUPFD_CLOEXEC, 0 <unfinished ...>
318342 17:02:50.829418 <... nanosleep resumed>NULL) = 0
318340 17:02:50.829449 <... fcntl resumed>) = 12
318342 17:02:50.829492 nanosleep({tv_sec=0, tv_nsec=20000},  <unfinished ...>
318340 17:02:50.829534 fcntl(12, F_GETFL) = 0x200000 (flags O_RDONLY|O_PATH)
318342 17:02:50.829643 <... nanosleep resumed>NULL) = 0
318340 17:02:50.829686 close(11 <unfinished ...>
318342 17:02:50.829705 nanosleep({tv_sec=0, tv_nsec=20000},  <unfinished ...>
318340 17:02:50.829736 <... close resumed>) = 0
318340 17:02:50.829810 fstat(12,  <unfinished ...>
318342 17:02:50.829852 <... nanosleep resumed>NULL) = 0
318340 17:02:50.829871 <... fstat resumed>{st_mode=S_IFDIR|0755, st_size=200, ...}) = 0
318342 17:02:50.829902 nanosleep({tv_sec=0, tv_nsec=20000},  <unfinished ...>
318340 17:02:50.829942 fstatfs(13, {f_type=PROC_SUPER_MAGIC, f_bsize=4096, f_blocks=0, f_bfree=0, f_bavail=0, f_files=0, f_ffree=0, f_fsid={val=[0x5c, 0]}, f_namelen=255, f_frsize=4096, f_flags=ST_VALID|ST_NOSUID|ST_NODEV|ST_NOEXEC|ST_RELATIME}) = 0
318342 17:02:50.830031 <... nanosleep resumed>NULL) = 0
318340 17:02:50.830072 fstat(13,  <unfinished ...>
318342 17:02:50.830090 nanosleep({tv_sec=0, tv_nsec=20000},  <unfinished ...>
318340 17:02:50.830120 <... fstat resumed>{st_mode=S_IFDIR|0555, st_size=0, ...}) = 0
318340 17:02:50.830185 openat2(AT_FDCWD, ".", {flags=O_RDONLY|O_CLOEXEC|O_PATH, resolve=RESOLVE_NO_SYMLINKS|RESOLVE_IN_ROOT}, 24 <unfinished ...>
318342 17:02:50.830228 <... nanosleep resumed>NULL) = 0
318340 17:02:50.830246 <... openat2 resumed>) = 11
318342 17:02:50.830278 nanosleep({tv_sec=0, tv_nsec=20000},  <unfinished ...>
318340 17:02:50.830318 close(11)        = 0
318342 17:02:50.830424 <... nanosleep resumed>NULL) = 0
318340 17:02:50.830467 openat2(13, "thread-self/fd/", {flags=O_RDONLY|O_NOFOLLOW|O_CLOEXEC|O_PATH, resolve=RESOLVE_NO_XDEV|RESOLVE_NO_MAGICLINKS|RESOLVE_BENEATH}, 24 <unfinished ...>
318342 17:02:50.830498 nanosleep({tv_sec=0, tv_nsec=20000},  <unfinished ...>
318340 17:02:50.830528 <... openat2 resumed>) = 11
318340 17:02:50.830599 fcntl(11, F_GETFL <unfinished ...>
318342 17:02:50.830654 <... nanosleep resumed>NULL) = 0
318340 17:02:50.830673 <... fcntl resumed>) = 0x220000 (flags O_RDONLY|O_NOFOLLOW|O_PATH)
318342 17:02:50.830702 nanosleep({tv_sec=0, tv_nsec=20000},  <unfinished ...>
318340 17:02:50.830745 statx(13, "", AT_STATX_SYNC_AS_STAT|AT_SYMLINK_NOFOLLOW|AT_EMPTY_PATH, STATX_MNT_ID|STATX_MNT_ID_UNIQUE, {stx_mask=STATX_BASIC_STATS|STATX_MNT_ID_UNIQUE, stx_attributes=STATX_ATTR_MOUNT_ROOT, stx_mode=S_IFDIR|0555, stx_size=0, ...}) = 0
318342 17:02:50.830851 <... nanosleep resumed>NULL) = 0
318340 17:02:50.830883 statx(11, "12", AT_STATX_SYNC_AS_STAT|AT_SYMLINK_NOFOLLOW|AT_EMPTY_PATH, STATX_MNT_ID|STATX_MNT_ID_UNIQUE,  <unfinished ...>
318342 17:02:50.830923 nanosleep({tv_sec=0, tv_nsec=20000},  <unfinished ...>
318340 17:02:50.830945 <... statx resumed>{stx_mask=STATX_BASIC_STATS|STATX_MNT_ID_UNIQUE, stx_attributes=0, stx_mode=S_IFLNK|000, stx_size=64, ...}) = 0
318340 17:02:50.831002 openat(11, "12", O_RDONLY|O_CLOEXEC|O_DIRECTORY <unfinished ...>
318342 17:02:50.831043 <... nanosleep resumed>NULL) = 0
318340 17:02:50.831061 <... openat resumed>) = 14
318342 17:02:50.831090 nanosleep({tv_sec=0, tv_nsec=20000},  <unfinished ...>
318340 17:02:50.831109 fcntl(14, F_GETFL) = 0x18000 (flags O_RDONLY|O_LARGEFILE|O_DIRECTORY)
318342 17:02:50.831225 <... nanosleep resumed>NULL) = 0
318340 17:02:50.831264 close(11 <unfinished ...>
318342 17:02:50.831284 nanosleep({tv_sec=0, tv_nsec=20000},  <unfinished ...>
318340 17:02:50.831314 <... close resumed>) = 0
318340 17:02:50.831356 close(12 <unfinished ...>
318342 17:02:50.831410 <... nanosleep resumed>NULL) = 0
318340 17:02:50.831455 <... close resumed>) = 0
318342 17:02:50.831488 nanosleep({tv_sec=0, tv_nsec=20000},  <unfinished ...>
318340 17:02:50.831586 close(8 <unfinished ...>
318342 17:02:50.831641 <... nanosleep resumed>NULL) = 0
318340 17:02:50.831662 <... close resumed>) = 0
318342 17:02:50.831692 nanosleep({tv_sec=0, tv_nsec=20000},  <unfinished ...>
318340 17:02:50.831714 mknodat(14, "urandom", S_IFCHR|0666, makedev(0x1, 0x9)) = 0
318342 17:02:50.831823 <... nanosleep resumed>NULL) = 0
318340 17:02:50.831844 openat(14, "urandom", O_RDONLY|O_NOFOLLOW|O_CLOEXEC|O_PATH <unfinished ...>
318342 17:02:50.831879 nanosleep({tv_sec=0, tv_nsec=20000},  <unfinished ...>
318340 17:02:50.831918 <... openat resumed>) = 8
318340 17:02:50.831963 fcntl(8, F_GETFL <unfinished ...>
318342 17:02:50.832026 <... nanosleep resumed>NULL) = 0
318340 17:02:50.832067 <... fcntl resumed>) = 0x220000 (flags O_RDONLY|O_NOFOLLOW|O_PATH)
318342 17:02:50.832086 nanosleep({tv_sec=0, tv_nsec=20000},  <unfinished ...>
318340 17:02:50.832119 fstat(8, {st_mode=S_IFCHR|0644, st_rdev=makedev(0x1, 0x9), ...}) = 0
318342 17:02:50.832225 <... nanosleep resumed>NULL) = 0
318340 17:02:50.832269 fstatfs(8,  <unfinished ...>
318342 17:02:50.832290 nanosleep({tv_sec=0, tv_nsec=20000},  <unfinished ...>
318340 17:02:50.832334 <... fstatfs resumed>{f_type=TMPFS_MAGIC, f_bsize=4096, f_blocks=16384, f_bfree=16384, f_bavail=16384, f_files=993235, f_ffree=993225, f_fsid={val=[0x2167f333, 0x80e3f27e]}, f_namelen=255, f_frsize=4096, f_flags=ST_VALID|ST_NOSUID}) = 0
318340 17:02:50.832410 fchmodat2(8, "", 020666, AT_EMPTY_PATH <unfinished ...>
318342 17:02:50.832458 <... nanosleep resumed>NULL) = 0
318340 17:02:50.832478 <... fchmodat2 resumed>) = 0
318342 17:02:50.832512 nanosleep({tv_sec=0, tv_nsec=20000},  <unfinished ...>
318340 17:02:50.832552 fchownat(8, "", 0, 0, AT_EMPTY_PATH) = 0
318342 17:02:50.832643 <... nanosleep resumed>NULL) = 0
318340 17:02:50.832666 close(8 <unfinished ...>
318342 17:02:50.832693 nanosleep({tv_sec=0, tv_nsec=20000},  <unfinished ...>
318340 17:02:50.832737 <... close resumed>) = 0
318340 17:02:50.832780 close(14 <unfinished ...>
318342 17:02:50.832851 <... nanosleep resumed>NULL) = 0
318340 17:02:50.832895 <... close resumed>) = 0
318342 17:02:50.832913 nanosleep({tv_sec=0, tv_nsec=20000},  <unfinished ...>
318340 17:02:50.832947 unlinkat(AT_FDCWD, "/home/sh1rogane/Anolix/rootfs/dev/ptmx", 0) = -1 ENOENT (No such file or directory)
318342 17:02:50.833060 <... nanosleep resumed>NULL) = 0
318340 17:02:50.833100 unlinkat(AT_FDCWD, "/home/sh1rogane/Anolix/rootfs/dev/ptmx", AT_REMOVEDIR <unfinished ...>
318342 17:02:50.833142 nanosleep({tv_sec=0, tv_nsec=20000},  <unfinished ...>
318340 17:02:50.833162 <... unlinkat resumed>) = -1 ENOENT (No such file or directory)
318340 17:02:50.833207 symlinkat("pts/ptmx", AT_FDCWD, "/home/sh1rogane/Anolix/rootfs/dev/ptmx") = 0
318342 17:02:50.833350 <... nanosleep resumed>NULL) = 0
318340 17:02:50.833378 newfstatat(AT_FDCWD, "/proc/kcore",  <unfinished ...>
318342 17:02:50.833418 epoll_pwait(9,  <unfinished ...>
318340 17:02:50.833459 <... newfstatat resumed>{st_mode=S_IFREG|0400, st_size=140737471598592, ...}, 0) = 0
318342 17:02:50.833495 <... epoll_pwait resumed>[], 128, 0, NULL, 0) = 0
318340 17:02:50.833516 symlinkat("/proc/self/fd", AT_FDCWD, "/home/sh1rogane/Anolix/rootfs/dev/fd" <unfinished ...>
318342 17:02:50.833548 nanosleep({tv_sec=0, tv_nsec=20000},  <unfinished ...>
318340 17:02:50.833595 <... symlinkat resumed>) = 0
318340 17:02:50.833653 symlinkat("/proc/self/fd/0", AT_FDCWD, "/home/sh1rogane/Anolix/rootfs/dev/stdin" <unfinished ...>
318342 17:02:50.833709 <... nanosleep resumed>NULL) = 0
318340 17:02:50.833740 <... symlinkat resumed>) = 0
318342 17:02:50.833761 nanosleep({tv_sec=0, tv_nsec=20000},  <unfinished ...>
318340 17:02:50.833786 symlinkat("/proc/self/fd/1", AT_FDCWD, "/home/sh1rogane/Anolix/rootfs/dev/stdout") = 0
318342 17:02:50.833897 <... nanosleep resumed>NULL) = 0
318340 17:02:50.833920 symlinkat("/proc/self/fd/2", AT_FDCWD, "/home/sh1rogane/Anolix/rootfs/dev/stderr" <unfinished ...>
318342 17:02:50.833954 nanosleep({tv_sec=0, tv_nsec=20000},  <unfinished ...>
318340 17:02:50.833980 <... symlinkat resumed>) = 0
318340 17:02:50.834030 symlinkat("/proc/kcore", AT_FDCWD, "/home/sh1rogane/Anolix/rootfs/dev/core" <unfinished ...>
318342 17:02:50.834108 <... nanosleep resumed>NULL) = 0
318340 17:02:50.834170 <... symlinkat resumed>) = 0
318342 17:02:50.834189 nanosleep({tv_sec=0, tv_nsec=20000},  <unfinished ...>
318340 17:02:50.834258 write(4, "{\"type\":\"procHooks\",\"flags\":0}", 30 <unfinished ...>
318342 17:02:50.834348 <... nanosleep resumed>NULL) = 0
318340 17:02:50.834406 <... write resumed>) = 30
318342 17:02:50.834431 nanosleep({tv_sec=0, tv_nsec=20000},  <unfinished ...>
318327 17:02:50.834467 <... recvfrom resumed>"", 0, MSG_PEEK|MSG_TRUNC, 0xc00051a0e0, [112 => 0]) = 30
318340 17:02:50.834544 recvfrom(4,  <unfinished ...>
318342 17:02:50.834565 <... nanosleep resumed>NULL) = 0
318327 17:02:50.834583 futex(0xeec8c0, FUTEX_WAKE_PRIVATE, 1 <unfinished ...>
318342 17:02:50.834603 nanosleep({tv_sec=0, tv_nsec=20000},  <unfinished ...>
318327 17:02:50.834658 <... futex resumed>) = 1
318326 17:02:50.834695 <... futex resumed>) = 0
318342 17:02:50.834767 <... nanosleep resumed>NULL) = 0
318327 17:02:50.834813 read(17,  <unfinished ...>
318326 17:02:50.834842 sched_yield( <unfinished ...>
318342 17:02:50.834870 futex(0xc00006d148, FUTEX_WAKE_PRIVATE, 1 <unfinished ...>
318327 17:02:50.834887 <... read resumed>"{\"type\":\"procHooks\",\"flags\":0}", 30) = 30
318342 17:02:50.834911 <... futex resumed>) = 1
318326 17:02:50.834939 <... sched_yield resumed>) = 0
318343 17:02:50.834965 <... futex resumed>) = 0
318342 17:02:50.834992 nanosleep({tv_sec=0, tv_nsec=20000},  <unfinished ...>
318343 17:02:50.835029 futex(0xc00006d148, FUTEX_WAIT_PRIVATE, 0, NULL <unfinished ...>
318327 17:02:50.835053 futex(0xc000524148, FUTEX_WAKE_PRIVATE, 1 <unfinished ...>
318326 17:02:50.835068 getpid( <unfinished ...>
318341 17:02:50.835120 <... futex resumed>) = 0
318327 17:02:50.835147 <... futex resumed>) = 1
318342 17:02:50.835166 <... nanosleep resumed>NULL) = 0
318341 17:02:50.835200 futex(0xc000100148, FUTEX_WAKE_PRIVATE, 1 <unfinished ...>
318326 17:02:50.835236 <... getpid resumed>) = 318325
318342 17:02:50.835255 futex(0xeec8c0, FUTEX_WAIT_PRIVATE, 0, {tv_sec=60, tv_nsec=0} <unfinished ...>
318341 17:02:50.835274 <... futex resumed>) = 1
318327 17:02:50.835305 futex(0xc000073148, FUTEX_WAIT_PRIVATE, 0, NULL <unfinished ...>
318341 17:02:50.835346 futex(0xc000073148, FUTEX_WAKE_PRIVATE, 1 <unfinished ...>
318329 17:02:50.835390 <... futex resumed>) = 0
318326 17:02:50.835434 tgkill(318325, 318327, SIGURG <unfinished ...>
318341 17:02:50.835464 <... futex resumed>) = 0
318329 17:02:50.835479 futex(0xc000100148, FUTEX_WAIT_PRIVATE, 0, NULL <unfinished ...>
318327 17:02:50.835507 <... futex resumed>) = -1 EAGAIN (Resource temporarily unavailable)
318341 17:02:50.835543 futex(0xc000524148, FUTEX_WAIT_PRIVATE, 0, NULL <unfinished ...>
318326 17:02:50.835579 <... tgkill resumed>) = 0
318327 17:02:50.835597 --- SIGURG {si_signo=SIGURG, si_code=SI_TKILL, si_pid=318325, si_uid=0} ---
318326 17:02:50.835616 nanosleep({tv_sec=0, tv_nsec=20000},  <unfinished ...>
318327 17:02:50.835636 futex(0xf0b780, FUTEX_WAKE_PRIVATE, 1 <unfinished ...>
318332 17:02:50.835693 <... futex resumed>) = 0
318327 17:02:50.835742 <... futex resumed>) = 1
318332 17:02:50.835772 futex(0xf0b780, FUTEX_WAIT_PRIVATE, 0, NULL <unfinished ...>
318326 17:02:50.835800 <... nanosleep resumed>NULL) = 0
318327 17:02:50.835841 rt_sigreturn({mask=[]} <unfinished ...>
318326 17:02:50.835883 nanosleep({tv_sec=0, tv_nsec=20000},  <unfinished ...>
318327 17:02:50.835904 <... rt_sigreturn resumed>) = -1 EAGAIN (Resource temporarily unavailable)
318327 17:02:50.835965 openat2(3, "anolix-07e208e041f2/cgroup.controllers", {flags=O_RDONLY|O_CLOEXEC, resolve=RESOLVE_NO_XDEV|RESOLVE_NO_MAGICLINKS|RESOLVE_NO_SYMLINKS|RESOLVE_BENEATH}, 24 <unfinished ...>
318326 17:02:50.836023 <... nanosleep resumed>NULL) = 0
318326 17:02:50.836084 nanosleep({tv_sec=0, tv_nsec=20000},  <unfinished ...>
318327 17:02:50.836220 <... openat2 resumed>) = 20
318326 17:02:50.836261 <... nanosleep resumed>NULL) = 0
318327 17:02:50.836316 fcntl(20, F_GETFL <unfinished ...>
318326 17:02:50.836357 nanosleep({tv_sec=0, tv_nsec=20000},  <unfinished ...>
318327 17:02:50.836432 <... fcntl resumed>) = 0x8000 (flags O_RDONLY|O_LARGEFILE)
318327 17:02:50.836507 read(20,  <unfinished ...>
318326 17:02:50.836550 <... nanosleep resumed>NULL) = 0
318327 17:02:50.836570 <... read resumed>"cpuset cpu io memory hugetlb pid"..., 512) = 39
318326 17:02:50.836602 nanosleep({tv_sec=0, tv_nsec=20000},  <unfinished ...>
318327 17:02:50.836645 read(20, "", 985) = 0
318326 17:02:50.836737 <... nanosleep resumed>NULL) = 0
318327 17:02:50.836759 close(20 <unfinished ...>
318326 17:02:50.836787 nanosleep({tv_sec=0, tv_nsec=20000},  <unfinished ...>
318327 17:02:50.836818 <... close resumed>) = 0
318327 17:02:50.836904 openat2(3, "anolix-07e208e041f2/pids.max", {flags=O_WRONLY|O_CLOEXEC, resolve=RESOLVE_NO_XDEV|RESOLVE_NO_MAGICLINKS|RESOLVE_NO_SYMLINKS|RESOLVE_BENEATH}, 24 <unfinished ...>
318326 17:02:50.836970 <... nanosleep resumed>NULL) = 0
318327 17:02:50.836991 <... openat2 resumed>) = 20
318326 17:02:50.837019 nanosleep({tv_sec=0, tv_nsec=20000},  <unfinished ...>
318327 17:02:50.837060 fcntl(20, F_GETFL) = 0x8001 (flags O_WRONLY|O_LARGEFILE)
318327 17:02:50.837183 write(20, "20", 2 <unfinished ...>
318326 17:02:50.837250 <... nanosleep resumed>NULL) = 0
318327 17:02:50.837301 <... write resumed>) = 2
318326 17:02:50.837350 nanosleep({tv_sec=0, tv_nsec=20000},  <unfinished ...>
318327 17:02:50.837409 close(20)        = 0
318326 17:02:50.837519 <... nanosleep resumed>NULL) = 0
318327 17:02:50.837558 openat2(3, "anolix-07e208e041f2/memory.max", {flags=O_WRONLY|O_CLOEXEC, resolve=RESOLVE_NO_XDEV|RESOLVE_NO_MAGICLINKS|RESOLVE_NO_SYMLINKS|RESOLVE_BENEATH}, 24 <unfinished ...>
318326 17:02:50.837600 nanosleep({tv_sec=0, tv_nsec=20000},  <unfinished ...>
318327 17:02:50.837639 <... openat2 resumed>) = 20
318327 17:02:50.837678 fcntl(20, F_GETFL) = 0x8001 (flags O_WRONLY|O_LARGEFILE)
318326 17:02:50.837767 <... nanosleep resumed>NULL) = 0
318327 17:02:50.837788 write(20, "67108864", 8 <unfinished ...>
318326 17:02:50.837818 nanosleep({tv_sec=0, tv_nsec=20000},  <unfinished ...>
318327 17:02:50.837846 <... write resumed>) = 8
318327 17:02:50.837910 close(20 <unfinished ...>
318326 17:02:50.837972 <... nanosleep resumed>NULL) = 0
318327 17:02:50.838017 <... close resumed>) = 0
318326 17:02:50.838061 nanosleep({tv_sec=0, tv_nsec=20000},  <unfinished ...>
318327 17:02:50.838112 openat2(3, "anolix-07e208e041f2/cpu.max", {flags=O_WRONLY|O_CLOEXEC, resolve=RESOLVE_NO_XDEV|RESOLVE_NO_MAGICLINKS|RESOLVE_NO_SYMLINKS|RESOLVE_BENEATH}, 24) = 20
318326 17:02:50.838236 <... nanosleep resumed>NULL) = 0
318327 17:02:50.838256 fcntl(20, F_GETFL <unfinished ...>
318326 17:02:50.838284 nanosleep({tv_sec=0, tv_nsec=20000},  <unfinished ...>
318327 17:02:50.838325 <... fcntl resumed>) = 0x8001 (flags O_WRONLY|O_LARGEFILE)
318327 17:02:50.838369 write(20, "20000 100000", 12 <unfinished ...>
318326 17:02:50.838409 <... nanosleep resumed>NULL) = 0
318327 17:02:50.838427 <... write resumed>) = 12
318326 17:02:50.838455 nanosleep({tv_sec=0, tv_nsec=20000},  <unfinished ...>
318327 17:02:50.838485 close(20)        = 0
318326 17:02:50.838593 <... nanosleep resumed>NULL) = 0
318326 17:02:50.838639 nanosleep({tv_sec=0, tv_nsec=20000},  <unfinished ...>
318327 17:02:50.838681 openat(AT_FDCWD, "/sys/fs/cgroup/anolix-07e208e041f2", O_RDONLY|O_DIRECTORY) = 20
318326 17:02:50.838791 <... nanosleep resumed>NULL) = 0
318327 17:02:50.838815 prlimit64(0, RLIMIT_MEMLOCK, {rlim_cur=RLIM64_INFINITY, rlim_max=RLIM64_INFINITY},  <unfinished ...>
318326 17:02:50.838848 nanosleep({tv_sec=0, tv_nsec=20000},  <unfinished ...>
318327 17:02:50.838889 <... prlimit64 resumed>NULL) = 0
318327 17:02:50.838941 bpf(BPF_PROG_QUERY, {query={target_fd=20, attach_type=BPF_CGROUP_DEVICE, query_flags=0, attach_flags=0, prog_ids= <unfinished ...>
318326 17:02:50.838982 <... nanosleep resumed>NULL) = 0
318327 17:02:50.839005 <... bpf resumed>[], prog_cnt=64 => 0}}, 32) = 0
318326 17:02:50.839035 nanosleep({tv_sec=0, tv_nsec=20000},  <unfinished ...>
318327 17:02:50.839056 bpf(BPF_MAP_CREATE, {map_type=BPF_MAP_TYPE_ARRAY, key_size=4, value_size=4, max_entries=1, map_flags=0, inner_map_fd=0, map_name="feature_test", map_ifindex=0, btf_fd=0, btf_key_type_id=0, btf_value_type_id=0, btf_vmlinux_value_type_id=0, map_extra=0}, 80) = 21
318326 17:02:50.839201 <... nanosleep resumed>NULL) = 0
318327 17:02:50.839242 close(21 <unfinished ...>
318326 17:02:50.839278 nanosleep({tv_sec=0, tv_nsec=20000},  <unfinished ...>
318327 17:02:50.839304 <... close resumed>) = 0
318327 17:02:50.839359 rt_sigprocmask(SIG_BLOCK, [PROF],  <unfinished ...>
318326 17:02:50.839401 <... nanosleep resumed>NULL) = 0
318327 17:02:50.839419 <... rt_sigprocmask resumed>NULL, 8) = 0
318326 17:02:50.839449 nanosleep({tv_sec=0, tv_nsec=20000},  <unfinished ...>
318327 17:02:50.839505 bpf(BPF_PROG_LOAD, {prog_type=BPF_PROG_TYPE_SOCKET_FILTER, insn_cnt=2, insns=0xc0002e70c0, license="MIT", log_level=0, log_size=0, log_buf=NULL, kern_version=KERNEL_VERSION(0, 0, 0), prog_flags=0, prog_name="", prog_ifindex=0, expected_attach_type=BPF_CGROUP_INET_INGRESS, prog_btf_fd=-1, func_info_rec_size=0, func_info=NULL, func_info_cnt=1, line_info_rec_size=0, line_info=NULL, line_info_cnt=0, attach_btf_id=0, attach_prog_fd=0, fd_array=NULL}, 152) = -1 EBADF (Bad file descriptor)
318326 17:02:50.839648 <... nanosleep resumed>NULL) = 0
318327 17:02:50.839672 rt_sigprocmask(SIG_UNBLOCK, [PROF],  <unfinished ...>
318326 17:02:50.839719 nanosleep({tv_sec=0, tv_nsec=20000},  <unfinished ...>
318327 17:02:50.839738 <... rt_sigprocmask resumed>NULL, 8) = 0
318327 17:02:50.839794 rt_sigprocmask(SIG_BLOCK, [PROF],  <unfinished ...>
318326 17:02:50.839834 <... nanosleep resumed>NULL) = 0
318327 17:02:50.839851 <... rt_sigprocmask resumed>NULL, 8) = 0
318326 17:02:50.839878 nanosleep({tv_sec=0, tv_nsec=20000},  <unfinished ...>
318327 17:02:50.839901 bpf(BPF_PROG_LOAD, {prog_type=BPF_PROG_TYPE_CGROUP_DEVICE, insn_cnt=2, insns=0xc0002e70f0, license="MIT", log_level=0, log_size=0, log_buf=NULL, kern_version=KERNEL_VERSION(0, 0, 0), prog_flags=0, prog_name="", prog_ifindex=0, expected_attach_type=BPF_CGROUP_INET_INGRESS, prog_btf_fd=0, func_info_rec_size=8, func_info=NULL, func_info_cnt=0, line_info_rec_size=16, line_info=NULL, line_info_cnt=0, attach_btf_id=0, attach_prog_fd=0, fd_array=NULL}, 152 <unfinished ...>
318326 17:02:50.839996 <... nanosleep resumed>NULL) = 0
318327 17:02:50.840033 <... bpf resumed>) = 21
318326 17:02:50.840051 nanosleep({tv_sec=0, tv_nsec=20000},  <unfinished ...>
318327 17:02:50.840080 rt_sigprocmask(SIG_UNBLOCK, [PROF], NULL, 8) = 0
318327 17:02:50.840175 openat(AT_FDCWD, "/dev/null", O_RDONLY|O_CLOEXEC <unfinished ...>
318326 17:02:50.840219 <... nanosleep resumed>NULL) = 0
318327 17:02:50.840237 <... openat resumed>) = 23
318326 17:02:50.840264 nanosleep({tv_sec=0, tv_nsec=20000},  <unfinished ...>
318327 17:02:50.840284 fcntl(23, F_GETFL) = 0x8000 (flags O_RDONLY|O_LARGEFILE)
318326 17:02:50.840381 <... nanosleep resumed>NULL) = 0
318327 17:02:50.840419 fcntl(23, F_SETFL, O_RDONLY|O_NONBLOCK|O_LARGEFILE <unfinished ...>
318326 17:02:50.840447 nanosleep({tv_sec=0, tv_nsec=20000},  <unfinished ...>
318327 17:02:50.840497 <... fcntl resumed>) = 0
318327 17:02:50.840565 epoll_ctl(4, EPOLL_CTL_ADD, 23, {events=EPOLLIN|EPOLLOUT|EPOLLRDHUP|EPOLLET, data={u32=1446510596, u64=8340029791024971780}} <unfinished ...>
318326 17:02:50.840613 <... nanosleep resumed>NULL) = 0
318327 17:02:50.840631 <... epoll_ctl resumed>) = -1 EPERM (Operation not permitted)
318326 17:02:50.840668 nanosleep({tv_sec=0, tv_nsec=20000},  <unfinished ...>
318327 17:02:50.840711 fcntl(23, F_GETFL) = 0x8800 (flags O_RDONLY|O_NONBLOCK|O_LARGEFILE)
318327 17:02:50.840819 fcntl(23, F_SETFL, O_RDONLY|O_LARGEFILE <unfinished ...>
318326 17:02:50.840872 <... nanosleep resumed>NULL) = 0
318327 17:02:50.840901 <... fcntl resumed>) = 0
318326 17:02:50.840929 nanosleep({tv_sec=0, tv_nsec=20000},  <unfinished ...>
318327 17:02:50.840971 bpf(BPF_PROG_ATTACH, {target_fd=23, attach_bpf_fd=21, attach_type=BPF_CGROUP_DEVICE, attach_flags=BPF_F_ALLOW_MULTI, replace_bpf_fd=21}, 32) = -1 EBADF (Bad file descriptor)
318326 17:02:50.841063 <... nanosleep resumed>NULL) = 0
318327 17:02:50.841088 rt_sigprocmask(SIG_BLOCK, [PROF],  <unfinished ...>
318326 17:02:50.841122 nanosleep({tv_sec=0, tv_nsec=20000},  <unfinished ...>
318327 17:02:50.841162 <... rt_sigprocmask resumed>NULL, 8) = 0
318327 17:02:50.841204 bpf(BPF_PROG_LOAD, {prog_type=BPF_PROG_TYPE_CGROUP_SKB, insn_cnt=2, insns=0xc0002e7120, license="MIT", log_level=0, log_size=0, log_buf=NULL, kern_version=KERNEL_VERSION(0, 0, 0), prog_flags=0, prog_name="", prog_ifindex=0, expected_attach_type=BPF_CGROUP_INET_INGRESS, prog_btf_fd=0, func_info_rec_size=8, func_info=NULL, func_info_cnt=0, line_info_rec_size=16, line_info=NULL, line_info_cnt=0, attach_btf_id=0, attach_prog_fd=0, fd_array=NULL}, 152 <unfinished ...>
318326 17:02:50.841259 <... nanosleep resumed>NULL) = 0
318327 17:02:50.841317 <... bpf resumed>) = 24
318326 17:02:50.841355 nanosleep({tv_sec=0, tv_nsec=20000},  <unfinished ...>
318327 17:02:50.841375 rt_sigprocmask(SIG_UNBLOCK, [PROF], NULL, 8) = 0
318326 17:02:50.841473 <... nanosleep resumed>NULL) = 0
318327 17:02:50.841503 close(24 <unfinished ...>
318326 17:02:50.841542 nanosleep({tv_sec=0, tv_nsec=20000},  <unfinished ...>
318327 17:02:50.841583 <... close resumed>) = 0
318327 17:02:50.841634 close(23 <unfinished ...>
318326 17:02:50.841676 <... nanosleep resumed>NULL) = 0
318327 17:02:50.841694 <... close resumed>) = 0
318326 17:02:50.841721 nanosleep({tv_sec=0, tv_nsec=20000},  <unfinished ...>
318327 17:02:50.841760 close(21)        = 0
318327 17:02:50.841866 rt_sigprocmask(SIG_BLOCK, [PROF],  <unfinished ...>
318326 17:02:50.841908 <... nanosleep resumed>NULL) = 0
318327 17:02:50.841929 <... rt_sigprocmask resumed>NULL, 8) = 0
318326 17:02:50.841957 nanosleep({tv_sec=0, tv_nsec=20000},  <unfinished ...>
318327 17:02:50.841987 bpf(BPF_PROG_LOAD, {prog_type=BPF_PROG_TYPE_CGROUP_DEVICE, insn_cnt=64, insns=0xc0002b2a00, license="Apache", log_level=0, log_size=0, log_buf=NULL, kern_version=KERNEL_VERSION(0, 0, 0), prog_flags=0, prog_name="", prog_ifindex=0, expected_attach_type=BPF_CGROUP_INET_INGRESS, prog_btf_fd=0, func_info_rec_size=8, func_info=NULL, func_info_cnt=0, line_info_rec_size=16, line_info=NULL, line_info_cnt=0, attach_btf_id=0, attach_prog_fd=0, fd_array=NULL}, 152 <unfinished ...>
318326 17:02:50.842093 <... nanosleep resumed>NULL) = 0
318326 17:02:50.842165 nanosleep({tv_sec=0, tv_nsec=20000},  <unfinished ...>
318327 17:02:50.842210 <... bpf resumed>) = 21
318327 17:02:50.842253 rt_sigprocmask(SIG_UNBLOCK, [PROF],  <unfinished ...>
318326 17:02:50.842296 <... nanosleep resumed>NULL) = 0
318327 17:02:50.842314 <... rt_sigprocmask resumed>NULL, 8) = 0
318326 17:02:50.842342 nanosleep({tv_sec=0, tv_nsec=20000},  <unfinished ...>
318327 17:02:50.842362 bpf(BPF_PROG_ATTACH, {target_fd=20, attach_bpf_fd=21, attach_type=BPF_CGROUP_DEVICE, attach_flags=BPF_F_ALLOW_MULTI, replace_bpf_fd=0}, 32) = 0
318326 17:02:50.842469 <... nanosleep resumed>NULL) = 0
318327 17:02:50.842509 close(20 <unfinished ...>
318326 17:02:50.842537 nanosleep({tv_sec=0, tv_nsec=20000},  <unfinished ...>
318327 17:02:50.842577 <... close resumed>) = 0
318327 17:02:50.842644 write(17, "{\"type\":\"procHooksDone\",\"flags\":"..., 34 <unfinished ...>
318326 17:02:50.842689 <... nanosleep resumed>NULL) = 0
318327 17:02:50.842719 <... write resumed>) = 34
318340 17:02:50.842750 <... recvfrom resumed>"", 0, MSG_PEEK|MSG_TRUNC, 0xc000118310, [112 => 0]) = 34
318326 17:02:50.842802 nanosleep({tv_sec=0, tv_nsec=20000},  <unfinished ...>
318340 17:02:50.842822 futex(0xeec8c0, FUTEX_WAKE_PRIVATE, 1 <unfinished ...>
318327 17:02:50.842859 recvfrom(17,  <unfinished ...>
318342 17:02:50.842899 <... futex resumed>) = 0
318340 17:02:50.842916 <... futex resumed>) = 1
318342 17:02:50.842936 sched_yield( <unfinished ...>
318326 17:02:50.842964 <... nanosleep resumed>NULL) = 0
318342 17:02:50.842984 <... sched_yield resumed>) = 0
318340 17:02:50.843011 read(4,  <unfinished ...>
318342 17:02:50.843038 futex(0xc00006d148, FUTEX_WAKE_PRIVATE, 1 <unfinished ...>
318326 17:02:50.843065 nanosleep({tv_sec=0, tv_nsec=20000},  <unfinished ...>
318343 17:02:50.843113 <... futex resumed>) = 0
318342 17:02:50.843142 <... futex resumed>) = 1
318340 17:02:50.843170 <... read resumed>"{\"type\":\"procHooksDone\",\"flags\":"..., 34) = 34
318343 17:02:50.843199 futex(0xc00006d148, FUTEX_WAIT_PRIVATE, 0, NULL <unfinished ...>
318342 17:02:50.843227 nanosleep({tv_sec=0, tv_nsec=20000},  <unfinished ...>
318340 17:02:50.843263 chdir("/home/sh1rogane/Anolix/rootfs" <unfinished ...>
318326 17:02:50.843293 <... nanosleep resumed>NULL) = 0
318340 17:02:50.843332 <... chdir resumed>) = 0
318326 17:02:50.843350 nanosleep({tv_sec=0, tv_nsec=20000},  <unfinished ...>
318342 17:02:50.843381 <... nanosleep resumed>NULL) = 0
318340 17:02:50.843398 openat(AT_FDCWD, "/", O_RDONLY|O_DIRECTORY <unfinished ...>
318342 17:02:50.843429 epoll_pwait(9,  <unfinished ...>
318340 17:02:50.843448 <... openat resumed>) = 8
318342 17:02:50.843481 <... epoll_pwait resumed>[], 128, 0, NULL, 0) = 0
318326 17:02:50.843505 <... nanosleep resumed>NULL) = 0
318342 17:02:50.843531 futex(0xc00006d148, FUTEX_WAKE_PRIVATE, 1 <unfinished ...>
318340 17:02:50.843549 openat(AT_FDCWD, "/home/sh1rogane/Anolix/rootfs", O_RDONLY|O_DIRECTORY <unfinished ...>
318343 17:02:50.843581 <... futex resumed>) = 0
318342 17:02:50.843619 <... futex resumed>) = 1
318326 17:02:50.843637 nanosleep({tv_sec=0, tv_nsec=20000},  <unfinished ...>
318343 17:02:50.843668 futex(0xc00006d148, FUTEX_WAIT_PRIVATE, 0, NULL <unfinished ...>
318342 17:02:50.843686 nanosleep({tv_sec=0, tv_nsec=20000},  <unfinished ...>
318340 17:02:50.843722 <... openat resumed>) = 11
318340 17:02:50.843765 fchdir(11 <unfinished ...>
318326 17:02:50.843803 <... nanosleep resumed>NULL) = 0
318342 17:02:50.843822 <... nanosleep resumed>NULL) = 0
318340 17:02:50.843849 <... fchdir resumed>) = 0
318342 17:02:50.843868 futex(0xc00006d148, FUTEX_WAKE_PRIVATE, 1 <unfinished ...>
318326 17:02:50.843896 nanosleep({tv_sec=0, tv_nsec=20000},  <unfinished ...>
318342 17:02:50.843916 <... futex resumed>) = 1
318340 17:02:50.843943 futex(0xeeaf80, FUTEX_WAIT_PRIVATE, 0, NULL <unfinished ...>
318343 17:02:50.843962 <... futex resumed>) = 0
318342 17:02:50.843993 nanosleep({tv_sec=0, tv_nsec=20000},  <unfinished ...>
318343 17:02:50.844028 futex(0xeeaf80, FUTEX_WAKE_PRIVATE, 1 <unfinished ...>
318326 17:02:50.844057 <... nanosleep resumed>NULL) = 0
318343 17:02:50.844100 <... futex resumed>) = 1
318340 17:02:50.844130 <... futex resumed>) = 0
318343 17:02:50.844166 futex(0xc00006d148, FUTEX_WAIT_PRIVATE, 0, NULL <unfinished ...>
318342 17:02:50.844204 <... nanosleep resumed>NULL) = 0
318326 17:02:50.844222 nanosleep({tv_sec=0, tv_nsec=20000},  <unfinished ...>
318342 17:02:50.844252 nanosleep({tv_sec=0, tv_nsec=20000},  <unfinished ...>
318340 17:02:50.844271 pivot_root(".", "." <unfinished ...>
318326 17:02:50.844358 <... nanosleep resumed>NULL) = 0
318342 17:02:50.844397 <... nanosleep resumed>NULL) = 0
318326 17:02:50.844415 nanosleep({tv_sec=0, tv_nsec=20000},  <unfinished ...>
318342 17:02:50.844444 futex(0xc00006d148, FUTEX_WAKE_PRIVATE, 1 <unfinished ...>
318340 17:02:50.844462 <... pivot_root resumed>) = 0
318343 17:02:50.844493 <... futex resumed>) = 0
318342 17:02:50.844521 <... futex resumed>) = 1
318343 17:02:50.844559 futex(0xeeaf80, FUTEX_WAKE_PRIVATE, 1 <unfinished ...>
318340 17:02:50.844576 futex(0xeeaf80, FUTEX_WAIT_PRIVATE, 0, NULL <unfinished ...>
318326 17:02:50.844602 <... nanosleep resumed>NULL) = 0
318343 17:02:50.844639 <... futex resumed>) = 0
318342 17:02:50.844656 nanosleep({tv_sec=0, tv_nsec=20000},  <unfinished ...>
318340 17:02:50.844684 <... futex resumed>) = -1 EAGAIN (Resource temporarily unavailable)
318343 17:02:50.844729 futex(0xc00006d148, FUTEX_WAIT_PRIVATE, 0, NULL <unfinished ...>
318326 17:02:50.844746 nanosleep({tv_sec=0, tv_nsec=20000},  <unfinished ...>
318342 17:02:50.844775 <... nanosleep resumed>NULL) = 0
318340 17:02:50.844792 fchdir(8 <unfinished ...>
318342 17:02:50.844825 nanosleep({tv_sec=0, tv_nsec=20000},  <unfinished ...>
318340 17:02:50.844846 <... fchdir resumed>) = 0
318326 17:02:50.844873 <... nanosleep resumed>NULL) = 0
318340 17:02:50.844891 mount("", ".", 0xc0000cf338, MS_REC|MS_SLAVE, NULL <unfinished ...>
318326 17:02:50.844922 nanosleep({tv_sec=0, tv_nsec=20000},  <unfinished ...>
318342 17:02:50.844959 <... nanosleep resumed>NULL) = 0
318340 17:02:50.844996 <... mount resumed>) = 0
318342 17:02:50.845014 nanosleep({tv_sec=0, tv_nsec=20000},  <unfinished ...>
318340 17:02:50.845044 umount2(".", MNT_DETACH <unfinished ...>
318326 17:02:50.845073 <... nanosleep resumed>NULL) = 0
318342 17:02:50.845139 <... nanosleep resumed>NULL) = 0
318326 17:02:50.845190 nanosleep({tv_sec=0, tv_nsec=20000},  <unfinished ...>
318342 17:02:50.845240 nanosleep({tv_sec=0, tv_nsec=20000},  <unfinished ...>
318340 17:02:50.845273 <... umount2 resumed>) = 0
318340 17:02:50.845338 chdir("/" <unfinished ...>
318326 17:02:50.845382 <... nanosleep resumed>NULL) = 0
318342 17:02:50.845401 <... nanosleep resumed>NULL) = 0
318340 17:02:50.845429 <... chdir resumed>) = 0
318342 17:02:50.845448 nanosleep({tv_sec=0, tv_nsec=20000},  <unfinished ...>
318326 17:02:50.845476 nanosleep({tv_sec=0, tv_nsec=20000},  <unfinished ...>
318340 17:02:50.845496 close(11)        = 0
318342 17:02:50.845596 <... nanosleep resumed>NULL) = 0
318326 17:02:50.845636 <... nanosleep resumed>NULL) = 0
318342 17:02:50.845655 nanosleep({tv_sec=0, tv_nsec=20000},  <unfinished ...>
318340 17:02:50.845684 close(8 <unfinished ...>
318326 17:02:50.845702 nanosleep({tv_sec=0, tv_nsec=20000},  <unfinished ...>
318340 17:02:50.845731 <... close resumed>) = 0
318342 17:02:50.845784 <... nanosleep resumed>NULL) = 0
318340 17:02:50.845839 openat(AT_FDCWD, "/dev/null", O_RDWR|O_CLOEXEC <unfinished ...>
318342 17:02:50.845884 nanosleep({tv_sec=0, tv_nsec=20000},  <unfinished ...>
318326 17:02:50.845931 <... nanosleep resumed>NULL) = 0
318340 17:02:50.845950 <... openat resumed>) = 8
318326 17:02:50.845978 nanosleep({tv_sec=0, tv_nsec=20000},  <unfinished ...>
318340 17:02:50.845998 fcntl(8, F_GETFL <unfinished ...>
318342 17:02:50.846026 <... nanosleep resumed>NULL) = 0
318340 17:02:50.846044 <... fcntl resumed>) = 0x8002 (flags O_RDWR|O_LARGEFILE)
318342 17:02:50.846077 nanosleep({tv_sec=0, tv_nsec=20000},  <unfinished ...>
318340 17:02:50.846118 fcntl(8, F_SETFL, O_RDWR|O_NONBLOCK|O_LARGEFILE <unfinished ...>
318326 17:02:50.846168 <... nanosleep resumed>NULL) = 0
318340 17:02:50.846185 <... fcntl resumed>) = 0
318326 17:02:50.846202 nanosleep({tv_sec=0, tv_nsec=20000},  <unfinished ...>
318340 17:02:50.846221 epoll_ctl(9, EPOLL_CTL_ADD, 8, {events=EPOLLIN|EPOLLOUT|EPOLLRDHUP|EPOLLET, data={u32=787480593, u64=9037941901288800273}} <unfinished ...>
318342 17:02:50.846252 <... nanosleep resumed>NULL) = 0
318340 17:02:50.846289 <... epoll_ctl resumed>) = -1 EPERM (Operation not permitted)
318342 17:02:50.846320 nanosleep({tv_sec=0, tv_nsec=20000},  <unfinished ...>
318340 17:02:50.846360 fcntl(8, F_GETFL <unfinished ...>
318326 17:02:50.846378 <... nanosleep resumed>NULL) = 0
318340 17:02:50.846414 <... fcntl resumed>) = 0x8802 (flags O_RDWR|O_NONBLOCK|O_LARGEFILE)
318326 17:02:50.846431 nanosleep({tv_sec=0, tv_nsec=20000},  <unfinished ...>
318342 17:02:50.846460 <... nanosleep resumed>NULL) = 0
318340 17:02:50.846478 fcntl(8, F_SETFL, O_RDWR|O_LARGEFILE <unfinished ...>
318342 17:02:50.846508 nanosleep({tv_sec=0, tv_nsec=20000},  <unfinished ...>
318340 17:02:50.846529 <... fcntl resumed>) = 0
318326 17:02:50.846561 <... nanosleep resumed>NULL) = 0
318340 17:02:50.846581 fstat(8,  <unfinished ...>
318326 17:02:50.846609 nanosleep({tv_sec=0, tv_nsec=20000},  <unfinished ...>
318342 17:02:50.846649 <... nanosleep resumed>NULL) = 0
318340 17:02:50.846676 <... fstat resumed>{st_mode=S_IFCHR|0666, st_rdev=makedev(0x1, 0x3), ...}) = 0
318342 17:02:50.846716 nanosleep({tv_sec=0, tv_nsec=20000},  <unfinished ...>
318340 17:02:50.846763 fstatfs(8,  <unfinished ...>
318326 17:02:50.846812 <... nanosleep resumed>NULL) = 0
318342 17:02:50.846832 <... nanosleep resumed>NULL) = 0
318340 17:02:50.846869 <... fstatfs resumed>{f_type=TMPFS_MAGIC, f_bsize=4096, f_blocks=16384, f_bfree=16384, f_bavail=16384, f_files=993235, f_ffree=993219, f_fsid={val=[0x2167f333, 0x80e3f27e]}, f_namelen=255, f_frsize=4096, f_flags=ST_VALID|ST_NOSUID}) = 0
318342 17:02:50.846905 nanosleep({tv_sec=0, tv_nsec=20000},  <unfinished ...>
318326 17:02:50.846937 nanosleep({tv_sec=0, tv_nsec=20000},  <unfinished ...>
318340 17:02:50.846959 fstat(0, {st_mode=S_IFIFO|0600, st_size=0, ...}) = 0
318342 17:02:50.847096 <... nanosleep resumed>NULL) = 0
318340 17:02:50.847152 fstat(1,  <unfinished ...>
318326 17:02:50.847172 <... nanosleep resumed>NULL) = 0
318342 17:02:50.847209 nanosleep({tv_sec=0, tv_nsec=20000},  <unfinished ...>
318340 17:02:50.847231 <... fstat resumed>{st_mode=S_IFIFO|0600, st_size=0, ...}) = 0
318326 17:02:50.847265 nanosleep({tv_sec=0, tv_nsec=40000},  <unfinished ...>
318340 17:02:50.847290 fstat(2,  <unfinished ...>
318342 17:02:50.847360 <... nanosleep resumed>NULL) = 0
318340 17:02:50.847422 <... fstat resumed>{st_mode=S_IFIFO|0600, st_size=0, ...}) = 0
318342 17:02:50.847483 nanosleep({tv_sec=0, tv_nsec=20000},  <unfinished ...>
318326 17:02:50.847511 <... nanosleep resumed>NULL) = 0
318340 17:02:50.847533 close(8 <unfinished ...>
318326 17:02:50.847569 nanosleep({tv_sec=0, tv_nsec=80000},  <unfinished ...>
318342 17:02:50.847617 <... nanosleep resumed>NULL) = 0
318340 17:02:50.847638 <... close resumed>) = 0
318342 17:02:50.847674 nanosleep({tv_sec=0, tv_nsec=20000},  <unfinished ...>
318340 17:02:50.847724 newfstatat(AT_FDCWD, "/",  <unfinished ...>
318326 17:02:50.847764 <... nanosleep resumed>NULL) = 0
318340 17:02:50.847811 <... newfstatat resumed>{st_mode=S_IFDIR|0755, st_size=4096, ...}, 0) = 0
318342 17:02:50.847864 <... nanosleep resumed>NULL) = 0
318326 17:02:50.847900 nanosleep({tv_sec=0, tv_nsec=160000},  <unfinished ...>
318342 17:02:50.847953 nanosleep({tv_sec=0, tv_nsec=20000},  <unfinished ...>
318340 17:02:50.848007 umask(022)       = 022
318342 17:02:50.848106 <... nanosleep resumed>NULL) = 0
318340 17:02:50.848134 sethostname("anolix", 6 <unfinished ...>
318342 17:02:50.848172 nanosleep({tv_sec=0, tv_nsec=20000},  <unfinished ...>
318326 17:02:50.848220 <... nanosleep resumed>NULL) = 0
318340 17:02:50.848260 <... sethostname resumed>) = 0
318326 17:02:50.848304 nanosleep({tv_sec=0, tv_nsec=320000},  <unfinished ...>
318342 17:02:50.848351 <... nanosleep resumed>NULL) = 0
318340 17:02:50.848395 fsopen("proc", FSOPEN_CLOEXEC <unfinished ...>
318342 17:02:50.848432 nanosleep({tv_sec=0, tv_nsec=20000},  <unfinished ...>
318340 17:02:50.848480 <... fsopen resumed>) = 8
318340 17:02:50.848537 fcntl(8, F_GETFL <unfinished ...>
318342 17:02:50.848587 <... nanosleep resumed>NULL) = 0
318340 17:02:50.848606 <... fcntl resumed>) = 0x2 (flags O_RDWR)
318342 17:02:50.848635 nanosleep({tv_sec=0, tv_nsec=20000},  <unfinished ...>
318340 17:02:50.848669 fsconfig(8, FSCONFIG_CMD_CREATE, NULL, NULL, 0) = 0
318326 17:02:50.848779 <... nanosleep resumed>NULL) = 0
318342 17:02:50.848813 <... nanosleep resumed>NULL) = 0
318340 17:02:50.848851 fsmount(8, FSMOUNT_CLOEXEC, MOUNT_ATTR_NOSUID|MOUNT_ATTR_NODEV|MOUNT_ATTR_NOEXEC <unfinished ...>
318342 17:02:50.848882 nanosleep({tv_sec=0, tv_nsec=20000},  <unfinished ...>
318326 17:02:50.848925 nanosleep({tv_sec=0, tv_nsec=640000},  <unfinished ...>
318340 17:02:50.848966 <... fsmount resumed>) = 11
318342 17:02:50.849010 <... nanosleep resumed>NULL) = 0
318340 17:02:50.849045 fcntl(11, F_GETFL <unfinished ...>
318342 17:02:50.849064 nanosleep({tv_sec=0, tv_nsec=20000},  <unfinished ...>
318340 17:02:50.849097 <... fcntl resumed>) = 0x200000 (flags O_RDONLY|O_PATH)
318340 17:02:50.849165 fstatfs(11,  <unfinished ...>
318342 17:02:50.849202 <... nanosleep resumed>NULL) = 0
318340 17:02:50.849219 <... fstatfs resumed>{f_type=PROC_SUPER_MAGIC, f_bsize=4096, f_blocks=0, f_bfree=0, f_bavail=0, f_files=0, f_ffree=0, f_fsid={val=[0x62, 0]}, f_namelen=255, f_frsize=4096, f_flags=ST_VALID|ST_NOSUID|ST_NODEV|ST_NOEXEC|ST_RELATIME}) = 0
318342 17:02:50.849253 nanosleep({tv_sec=0, tv_nsec=20000},  <unfinished ...>
318340 17:02:50.849273 fstat(11, {st_mode=S_IFDIR|0555, st_size=0, ...}) = 0
318342 17:02:50.849367 <... nanosleep resumed>NULL) = 0
318340 17:02:50.849386 faccessat2(11, "uptime", F_OK, AT_SYMLINK_NOFOLLOW <unfinished ...>
318342 17:02:50.849417 nanosleep({tv_sec=0, tv_nsec=20000},  <unfinished ...>
318340 17:02:50.849439 <... faccessat2 resumed>) = 0
318340 17:02:50.849495 close(8 <unfinished ...>
318342 17:02:50.849532 <... nanosleep resumed>NULL) = 0
318340 17:02:50.849554 <... close resumed>) = 0
318342 17:02:50.849581 nanosleep({tv_sec=0, tv_nsec=20000},  <unfinished ...>
318340 17:02:50.849619 close(11 <unfinished ...>
318326 17:02:50.849647 <... nanosleep resumed>NULL) = 0
318342 17:02:50.849711 <... nanosleep resumed>NULL) = 0
318326 17:02:50.849748 nanosleep({tv_sec=0, tv_nsec=1280000},  <unfinished ...>
318342 17:02:50.849768 nanosleep({tv_sec=0, tv_nsec=20000},  <unfinished ...>
318340 17:02:50.849806 <... close resumed>) = 0
318340 17:02:50.849868 mount("/proc/asound", "/proc/asound", 0xc0000cf35c, MS_BIND|MS_REC, NULL <unfinished ...>
318342 17:02:50.849909 <... nanosleep resumed>NULL) = 0
318340 17:02:50.849927 <... mount resumed>) = -1 ENOENT (No such file or directory)
318342 17:02:50.849956 nanosleep({tv_sec=0, tv_nsec=20000},  <unfinished ...>
318340 17:02:50.849976 mount("/proc/bus", "/proc/bus", 0xc0000cf39a, MS_BIND|MS_REC, NULL <unfinished ...>
318342 17:02:50.850078 <... nanosleep resumed>NULL) = 0
318342 17:02:50.850138 nanosleep({tv_sec=0, tv_nsec=20000}, NULL) = 0
318342 17:02:50.850359 futex(0xc00006d148, FUTEX_WAKE_PRIVATE, 1 <unfinished ...>
318340 17:02:50.850415 <... mount resumed>) = 0
318342 17:02:50.850435 <... futex resumed>) = 1
318343 17:02:50.850464 <... futex resumed>) = 0
318340 17:02:50.850482 futex(0xeeaf80, FUTEX_WAIT_PRIVATE, 0, NULL <unfinished ...>
318343 17:02:50.850510 futex(0xeeaf80, FUTEX_WAKE_PRIVATE, 1 <unfinished ...>
318342 17:02:50.850528 nanosleep({tv_sec=0, tv_nsec=20000},  <unfinished ...>
318343 17:02:50.850560 <... futex resumed>) = 0
318340 17:02:50.850577 <... futex resumed>) = -1 EAGAIN (Resource temporarily unavailable)
318343 17:02:50.850607 futex(0xc00006d148, FUTEX_WAIT_PRIVATE, 0, NULL <unfinished ...>
318340 17:02:50.850626 statfs("/proc/bus",  <unfinished ...>
318342 17:02:50.850661 <... nanosleep resumed>NULL) = 0
318340 17:02:50.850680 <... statfs resumed>{f_type=PROC_SUPER_MAGIC, f_bsize=4096, f_blocks=0, f_bfree=0, f_bavail=0, f_files=0, f_ffree=0, f_fsid={val=[0x5d, 0]}, f_namelen=255, f_frsize=4096, f_flags=ST_VALID|ST_NOSUID|ST_NODEV|ST_NOEXEC|ST_RELATIME}) = 0
318342 17:02:50.850713 nanosleep({tv_sec=0, tv_nsec=20000},  <unfinished ...>
318340 17:02:50.850757 mount("/proc/bus", "/proc/bus", 0xc0000cf3ba, MS_RDONLY|MS_NOSUID|MS_NODEV|MS_NOEXEC|MS_REMOUNT|MS_BIND, NULL) = 0
318342 17:02:50.850858 <... nanosleep resumed>NULL) = 0
318340 17:02:50.850902 mount("/proc/fs", "/proc/fs", 0xc0000cf3e9, MS_BIND|MS_REC, NULL <unfinished ...>
318342 17:02:50.850942 nanosleep({tv_sec=0, tv_nsec=20000},  <unfinished ...>
318340 17:02:50.850963 <... mount resumed>) = 0
318340 17:02:50.851020 statfs("/proc/fs",  <unfinished ...>
318342 17:02:50.851068 <... nanosleep resumed>NULL) = 0
318340 17:02:50.851086 <... statfs resumed>{f_type=PROC_SUPER_MAGIC, f_bsize=4096, f_blocks=0, f_bfree=0, f_bavail=0, f_files=0, f_ffree=0, f_fsid={val=[0x5d, 0]}, f_namelen=255, f_frsize=4096, f_flags=ST_VALID|ST_NOSUID|ST_NODEV|ST_NOEXEC|ST_RELATIME}) = 0
318342 17:02:50.851119 nanosleep({tv_sec=0, tv_nsec=20000},  <unfinished ...>
318326 17:02:50.851161 <... nanosleep resumed>NULL) = 0
318340 17:02:50.851203 mount("/proc/fs", "/proc/fs", 0xc0000cf409, MS_RDONLY|MS_NOSUID|MS_NODEV|MS_NOEXEC|MS_REMOUNT|MS_BIND, NULL <unfinished ...>
318326 17:02:50.851234 nanosleep({tv_sec=0, tv_nsec=2560000},  <unfinished ...>
318342 17:02:50.851264 <... nanosleep resumed>NULL) = 0
318340 17:02:50.851280 <... mount resumed>) = 0
318342 17:02:50.851298 nanosleep({tv_sec=0, tv_nsec=20000},  <unfinished ...>
318340 17:02:50.851330 mount("/proc/irq", "/proc/irq", 0xc0000cf40a, MS_BIND|MS_REC, NULL) = 0
318342 17:02:50.851457 <... nanosleep resumed>NULL) = 0
318340 17:02:50.851545 statfs("/proc/irq",  <unfinished ...>
318342 17:02:50.851590 nanosleep({tv_sec=0, tv_nsec=20000},  <unfinished ...>
318340 17:02:50.851616 <... statfs resumed>{f_type=PROC_SUPER_MAGIC, f_bsize=4096, f_blocks=0, f_bfree=0, f_bavail=0, f_files=0, f_ffree=0, f_fsid={val=[0x5d, 0]}, f_namelen=255, f_frsize=4096, f_flags=ST_VALID|ST_NOSUID|ST_NODEV|ST_NOEXEC|ST_RELATIME}) = 0
318340 17:02:50.851706 mount("/proc/irq", "/proc/irq", 0xc0000cf45a, MS_RDONLY|MS_NOSUID|MS_NODEV|MS_NOEXEC|MS_REMOUNT|MS_BIND, NULL <unfinished ...>
318342 17:02:50.851756 <... nanosleep resumed>NULL) = 0
318340 17:02:50.851775 <... mount resumed>) = 0
318342 17:02:50.851793 nanosleep({tv_sec=0, tv_nsec=20000},  <unfinished ...>
318340 17:02:50.851822 mount("/proc/sys", "/proc/sys", 0xc0000cf48a, MS_BIND|MS_REC, NULL) = 0
318342 17:02:50.851954 <... nanosleep resumed>NULL) = 0
318340 17:02:50.851980 statfs("/proc/sys",  <unfinished ...>
318342 17:02:50.852013 nanosleep({tv_sec=0, tv_nsec=20000},  <unfinished ...>
318340 17:02:50.852042 <... statfs resumed>{f_type=PROC_SUPER_MAGIC, f_bsize=4096, f_blocks=0, f_bfree=0, f_bavail=0, f_files=0, f_ffree=0, f_fsid={val=[0x5d, 0]}, f_namelen=255, f_frsize=4096, f_flags=ST_VALID|ST_NOSUID|ST_NODEV|ST_NOEXEC|ST_RELATIME}) = 0
318340 17:02:50.852117 mount("/proc/sys", "/proc/sys", 0xc0000cf4aa, MS_RDONLY|MS_NOSUID|MS_NODEV|MS_NOEXEC|MS_REMOUNT|MS_BIND, NULL <unfinished ...>
318342 17:02:50.852170 <... nanosleep resumed>NULL) = 0
318340 17:02:50.852189 <... mount resumed>) = 0
318342 17:02:50.852216 nanosleep({tv_sec=0, tv_nsec=20000},  <unfinished ...>
318340 17:02:50.852238 mount("/proc/sysrq-trigger", "/proc/sysrq-trigger", 0xc0000cf4ab, MS_BIND|MS_REC, NULL) = 0
318342 17:02:50.852338 <... nanosleep resumed>NULL) = 0
318340 17:02:50.852356 statfs("/proc/sysrq-trigger",  <unfinished ...>
318342 17:02:50.852385 nanosleep({tv_sec=0, tv_nsec=20000},  <unfinished ...>
318340 17:02:50.852424 <... statfs resumed>{f_type=PROC_SUPER_MAGIC, f_bsize=4096, f_blocks=0, f_bfree=0, f_bavail=0, f_files=0, f_ffree=0, f_fsid={val=[0x5d, 0]}, f_namelen=255, f_frsize=4096, f_flags=ST_VALID|ST_NOSUID|ST_NODEV|ST_NOEXEC|ST_RELATIME}) = 0
318340 17:02:50.852493 mount("/proc/sysrq-trigger", "/proc/sysrq-trigger", 0xc0000cf4ac, MS_RDONLY|MS_NOSUID|MS_NODEV|MS_NOEXEC|MS_REMOUNT|MS_BIND, NULL <unfinished ...>
318342 17:02:50.852533 <... nanosleep resumed>NULL) = 0
318342 17:02:50.852575 nanosleep({tv_sec=0, tv_nsec=20000},  <unfinished ...>
318340 17:02:50.852614 <... mount resumed>) = 0
318340 17:02:50.852673 openat(AT_FDCWD, "/dev/null", O_RDONLY|O_CLOEXEC|O_PATH <unfinished ...>
318342 17:02:50.852730 <... nanosleep resumed>NULL) = 0
318340 17:02:50.852751 <... openat resumed>) = 8
318342 17:02:50.852774 nanosleep({tv_sec=0, tv_nsec=20000},  <unfinished ...>
318340 17:02:50.852812 fcntl(8, F_GETFL) = 0x200000 (flags O_RDONLY|O_PATH)
318342 17:02:50.852920 <... nanosleep resumed>NULL) = 0
318340 17:02:50.852973 fcntl(8, F_SETFL, O_RDONLY|O_NONBLOCK|O_PATH <unfinished ...>
318342 17:02:50.852995 nanosleep({tv_sec=0, tv_nsec=20000},  <unfinished ...>
318340 17:02:50.853027 <... fcntl resumed>) = -1 EBADF (Bad file descriptor)
318340 17:02:50.853101 fstat(8,  <unfinished ...>
318342 17:02:50.853145 <... nanosleep resumed>NULL) = 0
318340 17:02:50.853164 <... fstat resumed>{st_mode=S_IFCHR|0666, st_rdev=makedev(0x1, 0x3), ...}) = 0
318342 17:02:50.853197 nanosleep({tv_sec=0, tv_nsec=20000},  <unfinished ...>
318340 17:02:50.853220 fstatfs(8, {f_type=TMPFS_MAGIC, f_bsize=4096, f_blocks=16384, f_bfree=16384, f_bavail=16384, f_files=993235, f_ffree=993219, f_fsid={val=[0x2167f333, 0x80e3f27e]}, f_namelen=255, f_frsize=4096, f_flags=ST_VALID|ST_NOSUID}) = 0
318342 17:02:50.853311 <... nanosleep resumed>NULL) = 0
318340 17:02:50.853329 openat(AT_FDCWD, "/proc/acpi", O_RDONLY|O_CLOEXEC|O_PATH <unfinished ...>
318342 17:02:50.853360 nanosleep({tv_sec=0, tv_nsec=20000},  <unfinished ...>
318340 17:02:50.853400 <... openat resumed>) = 11
318340 17:02:50.853461 fcntl(11, F_GETFL <unfinished ...>
318342 17:02:50.853511 <... nanosleep resumed>NULL) = 0
318340 17:02:50.853531 <... fcntl resumed>) = 0x200000 (flags O_RDONLY|O_PATH)
318342 17:02:50.853558 epoll_pwait(9,  <unfinished ...>
318340 17:02:50.853576 fcntl(11, F_SETFL, O_RDONLY|O_NONBLOCK|O_PATH <unfinished ...>
318342 17:02:50.853604 <... epoll_pwait resumed>[], 128, 0, NULL, 0) = 0
318340 17:02:50.853641 <... fcntl resumed>) = -1 EBADF (Bad file descriptor)
318342 17:02:50.853660 nanosleep({tv_sec=0, tv_nsec=20000},  <unfinished ...>
318340 17:02:50.853688 fstat(11, {st_mode=S_IFDIR|0555, st_size=0, ...}) = 0
318342 17:02:50.853801 <... nanosleep resumed>NULL) = 0
318340 17:02:50.853861 mount("tmpfs", "/proc/acpi", "tmpfs", MS_RDONLY, NULL <unfinished ...>
318342 17:02:50.853922 nanosleep({tv_sec=0, tv_nsec=20000},  <unfinished ...>
318326 17:02:50.853970 <... nanosleep resumed>NULL) = 0
318340 17:02:50.854018 <... mount resumed>) = 0
318342 17:02:50.854065 <... nanosleep resumed>NULL) = 0
318326 17:02:50.854111 nanosleep({tv_sec=0, tv_nsec=20000},  <unfinished ...>
318342 17:02:50.854164 nanosleep({tv_sec=0, tv_nsec=20000},  <unfinished ...>
318340 17:02:50.854210 close(11 <unfinished ...>
318326 17:02:50.854257 <... nanosleep resumed>NULL) = 0
318342 17:02:50.854306 <... nanosleep resumed>NULL) = 0
318340 17:02:50.854352 <... close resumed>) = 0
318342 17:02:50.854412 futex(0xc00006d148, FUTEX_WAKE_PRIVATE, 1 <unfinished ...>
318326 17:02:50.854460 futex(0xeec8c0, FUTEX_WAIT_PRIVATE, 0, {tv_sec=59, tv_nsec=786278736} <unfinished ...>
318340 17:02:50.854511 futex(0xeeaf80, FUTEX_WAIT_PRIVATE, 0, NULL <unfinished ...>
318343 17:02:50.854559 <... futex resumed>) = 0
318342 17:02:50.854605 <... futex resumed>) = 1
318343 17:02:50.854656 futex(0xeeaf80, FUTEX_WAKE_PRIVATE, 1 <unfinished ...>
318342 17:02:50.854705 nanosleep({tv_sec=0, tv_nsec=20000},  <unfinished ...>
318343 17:02:50.854756 <... futex resumed>) = 1
318340 17:02:50.854807 <... futex resumed>) = 0
318343 17:02:50.854857 futex(0xc00006d148, FUTEX_WAIT_PRIVATE, 0, NULL <unfinished ...>
318342 17:02:50.854905 <... nanosleep resumed>NULL) = 0
318340 17:02:50.854953 openat(AT_FDCWD, "/proc/asound", O_RDONLY|O_CLOEXEC|O_PATH <unfinished ...>
318342 17:02:50.855012 nanosleep({tv_sec=0, tv_nsec=20000},  <unfinished ...>
318340 17:02:50.855062 <... openat resumed>) = -1 ENOENT (No such file or directory)
318342 17:02:50.855189 <... nanosleep resumed>NULL) = 0
318340 17:02:50.855237 openat(AT_FDCWD, "/proc/kcore", O_RDONLY|O_CLOEXEC|O_PATH <unfinished ...>
318342 17:02:50.855275 nanosleep({tv_sec=0, tv_nsec=20000},  <unfinished ...>
318340 17:02:50.855325 <... openat resumed>) = 11
318340 17:02:50.855402 fcntl(11, F_GETFL <unfinished ...>
318342 17:02:50.855450 <... nanosleep resumed>NULL) = 0
318340 17:02:50.855498 <... fcntl resumed>) = 0x200000 (flags O_RDONLY|O_PATH)
318342 17:02:50.855530 nanosleep({tv_sec=0, tv_nsec=20000},  <unfinished ...>
318340 17:02:50.855572 fcntl(11, F_SETFL, O_RDONLY|O_NONBLOCK|O_PATH) = -1 EBADF (Bad file descriptor)
318342 17:02:50.855665 <... nanosleep resumed>NULL) = 0
318340 17:02:50.855696 fstat(11,  <unfinished ...>
318342 17:02:50.855733 nanosleep({tv_sec=0, tv_nsec=20000},  <unfinished ...>
318340 17:02:50.855767 <... fstat resumed>{st_mode=S_IFREG|0400, st_size=140737471598592, ...}) = 0
318340 17:02:50.855842 mount("/proc/thread-self/fd/8", "/proc/thread-self/fd/11", 0xc0000cf506, MS_BIND, NULL <unfinished ...>
318342 17:02:50.855892 <... nanosleep resumed>NULL) = 0
318342 17:02:50.855947 nanosleep({tv_sec=0, tv_nsec=20000},  <unfinished ...>
318340 17:02:50.856025 <... mount resumed>) = 0
318342 17:02:50.856104 <... nanosleep resumed>NULL) = 0
318340 17:02:50.856178 close(11 <unfinished ...>
318342 17:02:50.856233 nanosleep({tv_sec=0, tv_nsec=20000},  <unfinished ...>
318340 17:02:50.856297 <... close resumed>) = 0
318340 17:02:50.856374 openat(AT_FDCWD, "/proc/keys", O_RDONLY|O_CLOEXEC|O_PATH <unfinished ...>
318342 17:02:50.856422 <... nanosleep resumed>NULL) = 0
318340 17:02:50.856442 <... openat resumed>) = 11
318342 17:02:50.856471 nanosleep({tv_sec=0, tv_nsec=20000},  <unfinished ...>
318340 17:02:50.856514 fcntl(11, F_GETFL) = 0x200000 (flags O_RDONLY|O_PATH)
318342 17:02:50.856630 <... nanosleep resumed>NULL) = 0
318340 17:02:50.856693 fcntl(11, F_SETFL, O_RDONLY|O_NONBLOCK|O_PATH <unfinished ...>
318342 17:02:50.856748 nanosleep({tv_sec=0, tv_nsec=20000},  <unfinished ...>
318340 17:02:50.856822 <... fcntl resumed>) = -1 EBADF (Bad file descriptor)
318340 17:02:50.856907 fstat(11,  <unfinished ...>
318342 17:02:50.856952 <... nanosleep resumed>NULL) = 0
318340 17:02:50.856971 <... fstat resumed>{st_mode=S_IFREG|0444, st_size=0, ...}) = 0
318342 17:02:50.857004 nanosleep({tv_sec=0, tv_nsec=20000},  <unfinished ...>
318340 17:02:50.857026 mount("/proc/thread-self/fd/8", "/proc/thread-self/fd/11", 0xc0000cf507, MS_BIND, NULL) = 0
318342 17:02:50.857131 <... nanosleep resumed>NULL) = 0
318340 17:02:50.857151 close(11 <unfinished ...>
318342 17:02:50.857188 nanosleep({tv_sec=0, tv_nsec=20000},  <unfinished ...>
318340 17:02:50.857230 <... close resumed>) = 0
318340 17:02:50.857273 openat(AT_FDCWD, "/proc/latency_stats", O_RDONLY|O_CLOEXEC|O_PATH <unfinished ...>
318342 17:02:50.857349 <... nanosleep resumed>NULL) = 0
318340 17:02:50.857399 <... openat resumed>) = 11
318342 17:02:50.857439 nanosleep({tv_sec=0, tv_nsec=20000},  <unfinished ...>
318340 17:02:50.857482 fcntl(11, F_GETFL) = 0x200000 (flags O_RDONLY|O_PATH)
318342 17:02:50.857578 <... nanosleep resumed>NULL) = 0
318340 17:02:50.857623 fcntl(11, F_SETFL, O_RDONLY|O_NONBLOCK|O_PATH <unfinished ...>
318342 17:02:50.857642 nanosleep({tv_sec=0, tv_nsec=20000},  <unfinished ...>
318340 17:02:50.857674 <... fcntl resumed>) = -1 EBADF (Bad file descriptor)
318340 17:02:50.857737 fstat(11,  <unfinished ...>
318342 17:02:50.857777 <... nanosleep resumed>NULL) = 0
318340 17:02:50.857795 <... fstat resumed>{st_mode=S_IFREG|0644, st_size=0, ...}) = 0
318342 17:02:50.857827 nanosleep({tv_sec=0, tv_nsec=20000},  <unfinished ...>
318340 17:02:50.857851 mount("/proc/thread-self/fd/8", "/proc/thread-self/fd/11", 0xc0000cf508, MS_BIND, NULL) = 0
318342 17:02:50.857954 <... nanosleep resumed>NULL) = 0
318340 17:02:50.857973 close(11 <unfinished ...>
318342 17:02:50.858002 nanosleep({tv_sec=0, tv_nsec=20000},  <unfinished ...>
318340 17:02:50.858047 <... close resumed>) = 0
318340 17:02:50.858111 openat(AT_FDCWD, "/proc/timer_list", O_RDONLY|O_CLOEXEC|O_PATH <unfinished ...>
318342 17:02:50.858162 <... nanosleep resumed>NULL) = 0
318340 17:02:50.858182 <... openat resumed>) = 11
318342 17:02:50.858212 nanosleep({tv_sec=0, tv_nsec=20000},  <unfinished ...>
318340 17:02:50.858255 fcntl(11, F_GETFL) = 0x200000 (flags O_RDONLY|O_PATH)
318342 17:02:50.858361 <... nanosleep resumed>NULL) = 0
318340 17:02:50.858416 fcntl(11, F_SETFL, O_RDONLY|O_NONBLOCK|O_PATH <unfinished ...>
318342 17:02:50.858437 nanosleep({tv_sec=0, tv_nsec=20000},  <unfinished ...>
318340 17:02:50.858469 <... fcntl resumed>) = -1 EBADF (Bad file descriptor)
318340 17:02:50.858542 fstat(11,  <unfinished ...>
318342 17:02:50.858586 <... nanosleep resumed>NULL) = 0
318340 17:02:50.858606 <... fstat resumed>{st_mode=S_IFREG|0400, st_size=0, ...}) = 0
318342 17:02:50.858641 nanosleep({tv_sec=0, tv_nsec=20000},  <unfinished ...>
318340 17:02:50.858684 mount("/proc/thread-self/fd/8", "/proc/thread-self/fd/11", 0xc0000cf509, MS_BIND, NULL <unfinished ...>
318342 17:02:50.858783 <... nanosleep resumed>NULL) = 0
318340 17:02:50.858823 <... mount resumed>) = 0
318342 17:02:50.858843 nanosleep({tv_sec=0, tv_nsec=20000},  <unfinished ...>
318340 17:02:50.858874 close(11)        = 0
318342 17:02:50.858959 <... nanosleep resumed>NULL) = 0
318340 17:02:50.858980 openat(AT_FDCWD, "/proc/timer_stats", O_RDONLY|O_CLOEXEC|O_PATH <unfinished ...>
318342 17:02:50.859027 nanosleep({tv_sec=0, tv_nsec=20000},  <unfinished ...>
318340 17:02:50.859050 <... openat resumed>) = -1 ENOENT (No such file or directory)
318340 17:02:50.859105 openat(AT_FDCWD, "/proc/sched_debug", O_RDONLY|O_CLOEXEC|O_PATH <unfinished ...>
318342 17:02:50.859149 <... nanosleep resumed>NULL) = 0
318340 17:02:50.859169 <... openat resumed>) = -1 ENOENT (No such file or directory)
318342 17:02:50.859222 nanosleep({tv_sec=0, tv_nsec=20000},  <unfinished ...>
318340 17:02:50.859254 openat(AT_FDCWD, "/proc/scsi", O_RDONLY|O_CLOEXEC|O_PATH) = 11
318342 17:02:50.859354 <... nanosleep resumed>NULL) = 0
318340 17:02:50.859386 fcntl(11, F_GETFL <unfinished ...>
318342 17:02:50.859425 nanosleep({tv_sec=0, tv_nsec=20000},  <unfinished ...>
318340 17:02:50.859446 <... fcntl resumed>) = 0x200000 (flags O_RDONLY|O_PATH)
318342 17:02:50.859512 <... nanosleep resumed>NULL) = 0
318340 17:02:50.859555 fcntl(11, F_SETFL, O_RDONLY|O_NONBLOCK|O_PATH <unfinished ...>
318342 17:02:50.859575 nanosleep({tv_sec=0, tv_nsec=20000},  <unfinished ...>
318340 17:02:50.859606 <... fcntl resumed>) = -1 EBADF (Bad file descriptor)
318340 17:02:50.859668 fstat(11,  <unfinished ...>
318342 17:02:50.859713 <... nanosleep resumed>NULL) = 0
318340 17:02:50.859732 <... fstat resumed>{st_mode=S_IFDIR|0555, st_size=0, ...}) = 0
318342 17:02:50.859765 nanosleep({tv_sec=0, tv_nsec=20000},  <unfinished ...>
318340 17:02:50.859786 mount("tmpfs", "/proc/scsi", "tmpfs", MS_RDONLY, NULL) = 0
318342 17:02:50.859912 <... nanosleep resumed>NULL) = 0
318340 17:02:50.859970 close(11 <unfinished ...>
318342 17:02:50.860011 nanosleep({tv_sec=0, tv_nsec=20000},  <unfinished ...>
318340 17:02:50.860055 <... close resumed>) = 0
318340 17:02:50.860106 openat(AT_FDCWD, "/sys/firmware", O_RDONLY|O_CLOEXEC|O_PATH <unfinished ...>
318342 17:02:50.860153 <... nanosleep resumed>NULL) = 0
318340 17:02:50.860177 <... openat resumed>) = 11
318342 17:02:50.860206 nanosleep({tv_sec=0, tv_nsec=20000},  <unfinished ...>
318340 17:02:50.860226 fcntl(11, F_GETFL) = 0x200000 (flags O_RDONLY|O_PATH)
318342 17:02:50.860329 <... nanosleep resumed>NULL) = 0
318340 17:02:50.860366 fcntl(11, F_SETFL, O_RDONLY|O_NONBLOCK|O_PATH <unfinished ...>
318342 17:02:50.860385 nanosleep({tv_sec=0, tv_nsec=20000},  <unfinished ...>
318340 17:02:50.860414 <... fcntl resumed>) = -1 EBADF (Bad file descriptor)
318340 17:02:50.860474 fstat(11,  <unfinished ...>
318342 17:02:50.860512 <... nanosleep resumed>NULL) = 0
318340 17:02:50.860531 <... fstat resumed>{st_mode=S_IFDIR|0755, st_size=0, ...}) = 0
318342 17:02:50.860565 nanosleep({tv_sec=0, tv_nsec=20000},  <unfinished ...>
318340 17:02:50.860596 mount("tmpfs", "/sys/firmware", "tmpfs", MS_RDONLY, NULL) = 0
318342 17:02:50.860718 <... nanosleep resumed>NULL) = 0
318340 17:02:50.860761 close(11 <unfinished ...>
318342 17:02:50.860779 nanosleep({tv_sec=0, tv_nsec=20000},  <unfinished ...>
318340 17:02:50.860810 <... close resumed>) = 0
318340 17:02:50.860872 openat(AT_FDCWD, "/sys/devices/virtual/powercap", O_RDONLY|O_CLOEXEC|O_PATH <unfinished ...>
318342 17:02:50.860924 <... nanosleep resumed>NULL) = 0
318340 17:02:50.860943 <... openat resumed>) = -1 ENOENT (No such file or directory)
318342 17:02:50.860972 nanosleep({tv_sec=0, tv_nsec=20000},  <unfinished ...>
318340 17:02:50.861012 close(8)         = 0
318342 17:02:50.861108 <... nanosleep resumed>NULL) = 0
318340 17:02:50.861149 prctl(PR_GET_PDEATHSIG,  <unfinished ...>
318342 17:02:50.861169 nanosleep({tv_sec=0, tv_nsec=20000},  <unfinished ...>
318340 17:02:50.861199 <... prctl resumed>[0]) = 0
318340 17:02:50.861264 prctl(PR_SET_NO_NEW_PRIVS, 1, 0, 0, 0 <unfinished ...>
318342 17:02:50.861313 <... nanosleep resumed>NULL) = 0
318340 17:02:50.861360 <... prctl resumed>) = 0
318342 17:02:50.861379 nanosleep({tv_sec=0, tv_nsec=20000},  <unfinished ...>
318340 17:02:50.861410 write(4, "{\"type\":\"procReady\",\"flags\":0}", 30) = 30
318327 17:02:50.861530 <... recvfrom resumed>"", 0, MSG_PEEK|MSG_TRUNC, 0xc00049e000, [112 => 0]) = 30
318342 17:02:50.861587 <... nanosleep resumed>NULL) = 0
318340 17:02:50.861607 recvfrom(4,  <unfinished ...>
318342 17:02:50.861637 nanosleep({tv_sec=0, tv_nsec=20000},  <unfinished ...>
318327 17:02:50.861657 futex(0xeec8c0, FUTEX_WAKE_PRIVATE, 1) = 1
318326 17:02:50.861783 <... futex resumed>) = 0
318342 17:02:50.861816 <... nanosleep resumed>NULL) = 0
318327 17:02:50.861838 read(17,  <unfinished ...>
318342 17:02:50.861869 futex(0xc00006d148, FUTEX_WAKE_PRIVATE, 1 <unfinished ...>
318326 17:02:50.861902 nanosleep({tv_sec=0, tv_nsec=20000},  <unfinished ...>
318342 17:02:50.861931 <... futex resumed>) = 1
318327 17:02:50.861962 <... read resumed>"{\"type\":\"procReady\",\"flags\":0}", 30) = 30
318343 17:02:50.862018 <... futex resumed>) = 0
318342 17:02:50.862057 nanosleep({tv_sec=0, tv_nsec=20000},  <unfinished ...>
318343 17:02:50.862084 futex(0xc00006d148, FUTEX_WAIT_PRIVATE, 0, NULL <unfinished ...>
318327 17:02:50.862115 prlimit64(318340, RLIMIT_NOFILE, {rlim_cur=1024, rlim_max=1024},  <unfinished ...>
318326 17:02:50.862148 <... nanosleep resumed>NULL) = 0
318342 17:02:50.862168 <... nanosleep resumed>NULL) = 0
318327 17:02:50.862186 <... prlimit64 resumed>NULL) = 0
318342 17:02:50.862215 futex(0xeec8c0, FUTEX_WAIT_PRIVATE, 0, {tv_sec=60, tv_nsec=0} <unfinished ...>
318326 17:02:50.862236 getpid( <unfinished ...>
318327 17:02:50.862265 getpid( <unfinished ...>
318326 17:02:50.862284 <... getpid resumed>) = 318325
318327 17:02:50.862312 <... getpid resumed>) = 318325
318326 17:02:50.862331 tgkill(318325, 318327, SIGURG <unfinished ...>
318327 17:02:50.862369 futex(0xc000524148, FUTEX_WAKE_PRIVATE, 1 <unfinished ...>
318326 17:02:50.862392 <... tgkill resumed>) = 0
318341 17:02:50.862425 <... futex resumed>) = 0
318327 17:02:50.862443 <... futex resumed>) = 1
318341 17:02:50.862473 futex(0xc000100148, FUTEX_WAKE_PRIVATE, 1 <unfinished ...>
318326 17:02:50.862495 nanosleep({tv_sec=0, tv_nsec=20000},  <unfinished ...>
318341 17:02:50.862527 <... futex resumed>) = 1
318327 17:02:50.862544 --- SIGURG {si_signo=SIGURG, si_code=SI_TKILL, si_pid=318325, si_uid=0} ---
318329 17:02:50.862571 <... futex resumed>) = 0
318341 17:02:50.862590 futex(0xc000073148, FUTEX_WAKE_PRIVATE, 1 <unfinished ...>
318327 17:02:50.862617 futex(0xf0b780, FUTEX_WAKE_PRIVATE, 1 <unfinished ...>
318341 17:02:50.862636 <... futex resumed>) = 0
318329 17:02:50.862664 futex(0xc000100148, FUTEX_WAIT_PRIVATE, 0, NULL <unfinished ...>
318326 17:02:50.862681 <... nanosleep resumed>NULL) = 0
318341 17:02:50.862716 futex(0xc000524148, FUTEX_WAIT_PRIVATE, 0, NULL <unfinished ...>
318332 17:02:50.862756 <... futex resumed>) = 0
318327 17:02:50.862773 <... futex resumed>) = 1
318332 17:02:50.862801 futex(0xf0b780, FUTEX_WAIT_PRIVATE, 0, NULL <unfinished ...>
318326 17:02:50.862827 nanosleep({tv_sec=0, tv_nsec=20000},  <unfinished ...>
318327 17:02:50.862847 rt_sigreturn({mask=[]}) = 1
318326 17:02:50.862957 <... nanosleep resumed>NULL) = 0
318327 17:02:50.863002 fstatfs(7,  <unfinished ...>
318326 17:02:50.863021 nanosleep({tv_sec=0, tv_nsec=20000},  <unfinished ...>
318327 17:02:50.863051 <... fstatfs resumed>{f_type=PROC_SUPER_MAGIC, f_bsize=4096, f_blocks=0, f_bfree=0, f_bavail=0, f_files=0, f_ffree=0, f_fsid={val=[0x56, 0]}, f_namelen=255, f_frsize=4096, f_flags=ST_VALID|ST_NOSUID|ST_NODEV|ST_NOEXEC|ST_RELATIME}) = 0
318327 17:02:50.863124 fstat(7,  <unfinished ...>
318326 17:02:50.863178 <... nanosleep resumed>NULL) = 0
318327 17:02:50.863200 <... fstat resumed>{st_mode=S_IFDIR|0555, st_size=0, ...}) = 0
318326 17:02:50.863232 nanosleep({tv_sec=0, tv_nsec=20000},  <unfinished ...>
318327 17:02:50.863278 openat2(AT_FDCWD, ".", {flags=O_RDONLY|O_CLOEXEC|O_PATH, resolve=RESOLVE_NO_SYMLINKS|RESOLVE_IN_ROOT}, 24) = 20
318326 17:02:50.863388 <... nanosleep resumed>NULL) = 0
318327 17:02:50.863424 close(20 <unfinished ...>
318326 17:02:50.863462 nanosleep({tv_sec=0, tv_nsec=20000},  <unfinished ...>
318327 17:02:50.863488 <... close resumed>) = 0
318327 17:02:50.863606 openat2(7, "./318340/stat", {flags=O_RDONLY|O_NOFOLLOW|O_CLOEXEC|O_PATH, resolve=RESOLVE_NO_XDEV|RESOLVE_NO_MAGICLINKS|RESOLVE_BENEATH}, 24 <unfinished ...>
318326 17:02:50.863655 <... nanosleep resumed>NULL) = 0
318327 17:02:50.863675 <... openat2 resumed>) = 20
318326 17:02:50.863703 nanosleep({tv_sec=0, tv_nsec=20000},  <unfinished ...>
318327 17:02:50.863746 fcntl(20, F_GETFL) = 0x220000 (flags O_RDONLY|O_NOFOLLOW|O_PATH)
318326 17:02:50.863852 <... nanosleep resumed>NULL) = 0
318327 17:02:50.863885 fstatfs(7,  <unfinished ...>
318326 17:02:50.863914 nanosleep({tv_sec=0, tv_nsec=20000},  <unfinished ...>
318327 17:02:50.863956 <... fstatfs resumed>{f_type=PROC_SUPER_MAGIC, f_bsize=4096, f_blocks=0, f_bfree=0, f_bavail=0, f_files=0, f_ffree=0, f_fsid={val=[0x56, 0]}, f_namelen=255, f_frsize=4096, f_flags=ST_VALID|ST_NOSUID|ST_NODEV|ST_NOEXEC|ST_RELATIME}) = 0
318327 17:02:50.864008 fstat(7,  <unfinished ...>
318326 17:02:50.864048 <... nanosleep resumed>NULL) = 0
318327 17:02:50.864067 <... fstat resumed>{st_mode=S_IFDIR|0555, st_size=0, ...}) = 0
318326 17:02:50.864098 nanosleep({tv_sec=0, tv_nsec=20000},  <unfinished ...>
318327 17:02:50.864119 openat2(AT_FDCWD, ".", {flags=O_RDONLY|O_CLOEXEC|O_PATH, resolve=RESOLVE_NO_SYMLINKS|RESOLVE_IN_ROOT}, 24) = 23
318326 17:02:50.864215 <... nanosleep resumed>NULL) = 0
318327 17:02:50.864234 close(23 <unfinished ...>
318326 17:02:50.864263 nanosleep({tv_sec=0, tv_nsec=20000},  <unfinished ...>
318327 17:02:50.864284 <... close resumed>) = 0
318327 17:02:50.864337 openat2(7, "thread-self/fd/", {flags=O_RDONLY|O_NOFOLLOW|O_CLOEXEC|O_PATH, resolve=RESOLVE_NO_XDEV|RESOLVE_NO_MAGICLINKS|RESOLVE_BENEATH}, 24 <unfinished ...>
318326 17:02:50.864381 <... nanosleep resumed>NULL) = 0
318327 17:02:50.864400 <... openat2 resumed>) = 23
318326 17:02:50.864428 nanosleep({tv_sec=0, tv_nsec=20000},  <unfinished ...>
318327 17:02:50.864468 fcntl(23, F_GETFL) = 0x220000 (flags O_RDONLY|O_NOFOLLOW|O_PATH)
318326 17:02:50.864552 <... nanosleep resumed>NULL) = 0
318327 17:02:50.864580 statx(7, "", AT_STATX_SYNC_AS_STAT|AT_SYMLINK_NOFOLLOW|AT_EMPTY_PATH, STATX_MNT_ID|STATX_MNT_ID_UNIQUE,  <unfinished ...>
318326 17:02:50.864614 nanosleep({tv_sec=0, tv_nsec=20000},  <unfinished ...>
318327 17:02:50.864635 <... statx resumed>{stx_mask=STATX_BASIC_STATS|STATX_MNT_ID_UNIQUE, stx_attributes=STATX_ATTR_MOUNT_ROOT, stx_mode=S_IFDIR|0555, stx_size=0, ...}) = 0
318327 17:02:50.864692 statx(23, "20", AT_STATX_SYNC_AS_STAT|AT_SYMLINK_NOFOLLOW|AT_EMPTY_PATH, STATX_MNT_ID|STATX_MNT_ID_UNIQUE,  <unfinished ...>
318326 17:02:50.864734 <... nanosleep resumed>NULL) = 0
318327 17:02:50.864826 <... statx resumed>{stx_mask=STATX_BASIC_STATS|STATX_MNT_ID_UNIQUE, stx_attributes=0, stx_mode=S_IFLNK|000, stx_size=64, ...}) = 0
318326 17:02:50.864874 nanosleep({tv_sec=0, tv_nsec=20000},  <unfinished ...>
318327 17:02:50.864894 openat(23, "20", O_RDONLY|O_CLOEXEC) = 24
318326 17:02:50.865001 <... nanosleep resumed>NULL) = 0
318327 17:02:50.865042 fcntl(24, F_GETFL <unfinished ...>
318326 17:02:50.865063 nanosleep({tv_sec=0, tv_nsec=20000},  <unfinished ...>
318327 17:02:50.865096 <... fcntl resumed>) = 0x8000 (flags O_RDONLY|O_LARGEFILE)
318327 17:02:50.865150 close(23 <unfinished ...>
318326 17:02:50.865200 <... nanosleep resumed>NULL) = 0
318327 17:02:50.865220 <... close resumed>) = 0
318326 17:02:50.865249 nanosleep({tv_sec=0, tv_nsec=20000},  <unfinished ...>
318327 17:02:50.865294 close(20)        = 0
318326 17:02:50.865382 <... nanosleep resumed>NULL) = 0
318327 17:02:50.865401 read(24,  <unfinished ...>
318326 17:02:50.865430 nanosleep({tv_sec=0, tv_nsec=20000},  <unfinished ...>
318327 17:02:50.865457 <... read resumed>"318340 (runc:[2:INIT]) S 318325 "..., 512) = 299
318327 17:02:50.865520 read(24,  <unfinished ...>
318326 17:02:50.865567 <... nanosleep resumed>NULL) = 0
318327 17:02:50.865586 <... read resumed>"", 213) = 0
318326 17:02:50.865615 nanosleep({tv_sec=0, tv_nsec=20000},  <unfinished ...>
318327 17:02:50.865647 close(24)        = 0
318326 17:02:50.865756 <... nanosleep resumed>NULL) = 0
318327 17:02:50.865811 openat(AT_FDCWD, "/run/runc/anolix-07e208e041f2/state-990600613", O_RDWR|O_CREAT|O_EXCL|O_CLOEXEC, 0600 <unfinished ...>
318326 17:02:50.865854 nanosleep({tv_sec=0, tv_nsec=20000},  <unfinished ...>
318327 17:02:50.865885 <... openat resumed>) = 20
318327 17:02:50.865966 fcntl(20, F_GETFL <unfinished ...>
318326 17:02:50.866016 <... nanosleep resumed>NULL) = 0
318327 17:02:50.866045 <... fcntl resumed>) = 0x8002 (flags O_RDWR|O_LARGEFILE)
318326 17:02:50.866084 nanosleep({tv_sec=0, tv_nsec=20000},  <unfinished ...>
318327 17:02:50.866119 fcntl(20, F_SETFL, O_RDWR|O_NONBLOCK|O_LARGEFILE) = 0
318326 17:02:50.866216 <... nanosleep resumed>NULL) = 0
318327 17:02:50.866235 epoll_ctl(4, EPOLL_CTL_ADD, 20, {events=EPOLLIN|EPOLLOUT|EPOLLRDHUP|EPOLLET, data={u32=1446510597, u64=8340029791024971781}} <unfinished ...>
318326 17:02:50.866268 nanosleep({tv_sec=0, tv_nsec=20000},  <unfinished ...>
318327 17:02:50.866315 <... epoll_ctl resumed>) = -1 EPERM (Operation not permitted)
318327 17:02:50.866356 fcntl(20, F_GETFL) = 0x8802 (flags O_RDWR|O_NONBLOCK|O_LARGEFILE)
318326 17:02:50.866450 <... nanosleep resumed>NULL) = 0
318327 17:02:50.866473 fcntl(20, F_SETFL, O_RDWR|O_LARGEFILE <unfinished ...>
318326 17:02:50.866502 nanosleep({tv_sec=0, tv_nsec=20000},  <unfinished ...>
318327 17:02:50.866523 <... fcntl resumed>) = 0
318326 17:02:50.866635 <... nanosleep resumed>NULL) = 0
318327 17:02:50.866675 write(20, "{\"id\":\"anolix-07e208e041f2\",\"ini"..., 9842 <unfinished ...>
318326 17:02:50.866717 nanosleep({tv_sec=0, tv_nsec=20000},  <unfinished ...>
318327 17:02:50.866744 <... write resumed>) = 9842
318327 17:02:50.866799 close(20 <unfinished ...>
318326 17:02:50.866846 <... nanosleep resumed>NULL) = 0
318327 17:02:50.866876 <... close resumed>) = 0
318326 17:02:50.866905 nanosleep({tv_sec=0, tv_nsec=20000},  <unfinished ...>
318327 17:02:50.866940 newfstatat(AT_FDCWD, "/run/runc/anolix-07e208e041f2/state.json", {st_mode=S_IFREG|0600, st_size=9756, ...}, AT_SYMLINK_NOFOLLOW) = 0
318326 17:02:50.867042 <... nanosleep resumed>NULL) = 0
318327 17:02:50.867062 renameat(AT_FDCWD, "/run/runc/anolix-07e208e041f2/state-990600613", AT_FDCWD, "/run/runc/anolix-07e208e041f2/state.json" <unfinished ...>
318326 17:02:50.867106 nanosleep({tv_sec=0, tv_nsec=20000},  <unfinished ...>
318327 17:02:50.867176 <... renameat resumed>) = 0
318327 17:02:50.867247 write(17, "{\"type\":\"procRun\",\"flags\":0}", 28 <unfinished ...>
318326 17:02:50.867292 <... nanosleep resumed>NULL) = 0
318340 17:02:50.867338 <... recvfrom resumed>"", 0, MSG_PEEK|MSG_TRUNC, 0xc000118380, [112 => 0]) = 28
318327 17:02:50.867393 <... write resumed>) = 28
318326 17:02:50.867412 nanosleep({tv_sec=0, tv_nsec=20000},  <unfinished ...>
318340 17:02:50.867456 futex(0xeec8c0, FUTEX_WAKE_PRIVATE, 1 <unfinished ...>
318327 17:02:50.867520 recvfrom(17,  <unfinished ...>
318342 17:02:50.867541 <... futex resumed>) = 0
318340 17:02:50.867569 <... futex resumed>) = 1
318326 17:02:50.867596 <... nanosleep resumed>NULL) = 0
318342 17:02:50.867634 sched_yield( <unfinished ...>
318340 17:02:50.867651 read(4,  <unfinished ...>
318342 17:02:50.867679 <... sched_yield resumed>) = 0
318326 17:02:50.867696 nanosleep({tv_sec=0, tv_nsec=20000},  <unfinished ...>
318342 17:02:50.867726 epoll_pwait(9,  <unfinished ...>
318340 17:02:50.867744 <... read resumed>"{\"type\":\"procRun\",\"flags\":0}", 28) = 28
318342 17:02:50.867775 <... epoll_pwait resumed>[], 128, 0, NULL, 0) = 0
318342 17:02:50.867820 futex(0xc00006d148, FUTEX_WAKE_PRIVATE, 1 <unfinished ...>
318340 17:02:50.867865 fcntl(0, F_DUPFD_CLOEXEC, 0 <unfinished ...>
318326 17:02:50.867885 <... nanosleep resumed>NULL) = 0
318343 17:02:50.867914 <... futex resumed>) = 0
318342 17:02:50.867935 <... futex resumed>) = 1
318340 17:02:50.867962 <... fcntl resumed>) = 8
318343 17:02:50.867981 futex(0xc00006d148, FUTEX_WAIT_PRIVATE, 0, NULL <unfinished ...>
318342 17:02:50.868009 nanosleep({tv_sec=0, tv_nsec=20000},  <unfinished ...>
318326 17:02:50.868050 nanosleep({tv_sec=0, tv_nsec=20000},  <unfinished ...>
318340 17:02:50.868071 close_range(8, 8, CLOSE_RANGE_CLOEXEC) = 0
318342 17:02:50.868175 <... nanosleep resumed>NULL) = 0
318326 17:02:50.868194 <... nanosleep resumed>NULL) = 0
318342 17:02:50.868224 futex(0xc00006d148, FUTEX_WAKE_PRIVATE, 1 <unfinished ...>
318340 17:02:50.868262 close(8 <unfinished ...>
318326 17:02:50.868281 nanosleep({tv_sec=0, tv_nsec=20000},  <unfinished ...>
318342 17:02:50.868312 <... futex resumed>) = 1
318343 17:02:50.868331 <... futex resumed>) = 0
318340 17:02:50.868359 <... close resumed>) = 0
318343 17:02:50.868396 futex(0xc00006d148, FUTEX_WAIT_PRIVATE, 0, NULL <unfinished ...>
318342 17:02:50.868417 nanosleep({tv_sec=0, tv_nsec=20000},  <unfinished ...>
318340 17:02:50.868449 close_range(3, 2147483647, CLOSE_RANGE_CLOEXEC <unfinished ...>
318326 17:02:50.868467 <... nanosleep resumed>NULL) = 0
318340 17:02:50.868496 <... close_range resumed>) = 0
318326 17:02:50.868535 nanosleep({tv_sec=0, tv_nsec=20000},  <unfinished ...>
318342 17:02:50.868566 <... nanosleep resumed>NULL) = 0
318340 17:02:50.868604 chdir("/" <unfinished ...>
318342 17:02:50.868626 futex(0xc00006d148, FUTEX_WAKE_PRIVATE, 1 <unfinished ...>
318340 17:02:50.868657 <... chdir resumed>) = 0
318326 17:02:50.868677 <... nanosleep resumed>NULL) = 0
318343 17:02:50.868717 <... futex resumed>) = 0
318342 17:02:50.868758 <... futex resumed>) = 1
318340 17:02:50.868786 futex(0xeeaf80, FUTEX_WAIT_PRIVATE, 0, NULL <unfinished ...>
318343 17:02:50.868817 futex(0xeeaf80, FUTEX_WAKE_PRIVATE, 1 <unfinished ...>
318342 17:02:50.868836 nanosleep({tv_sec=0, tv_nsec=20000},  <unfinished ...>
318326 17:02:50.868865 nanosleep({tv_sec=0, tv_nsec=20000},  <unfinished ...>
318343 17:02:50.868907 <... futex resumed>) = 0
318340 17:02:50.868925 <... futex resumed>) = -1 EAGAIN (Resource temporarily unavailable)
318343 17:02:50.868955 futex(0xc00006d148, FUTEX_WAIT_PRIVATE, 0, NULL <unfinished ...>
318342 17:02:50.868974 <... nanosleep resumed>NULL) = 0
318340 17:02:50.869008 openat(AT_FDCWD, "/etc/passwd", O_RDONLY|O_CLOEXEC <unfinished ...>
318326 17:02:50.869049 <... nanosleep resumed>NULL) = 0
318342 17:02:50.869069 nanosleep({tv_sec=0, tv_nsec=20000},  <unfinished ...>
318340 17:02:50.869099 <... openat resumed>) = -1 ENOENT (No such file or directory)
318326 17:02:50.869118 nanosleep({tv_sec=0, tv_nsec=20000},  <unfinished ...>
318340 17:02:50.869168 openat(AT_FDCWD, "/proc/sys/kernel/cap_last_cap", O_RDONLY|O_CLOEXEC <unfinished ...>
318342 17:02:50.869208 <... nanosleep resumed>NULL) = 0
318340 17:02:50.869232 <... openat resumed>) = 8
318342 17:02:50.869261 nanosleep({tv_sec=0, tv_nsec=20000},  <unfinished ...>
318326 17:02:50.869280 <... nanosleep resumed>NULL) = 0
318340 17:02:50.869322 fcntl(8, F_GETFL <unfinished ...>
318326 17:02:50.869340 nanosleep({tv_sec=0, tv_nsec=20000},  <unfinished ...>
318340 17:02:50.869374 <... fcntl resumed>) = 0x8000 (flags O_RDONLY|O_LARGEFILE)
318342 17:02:50.869414 <... nanosleep resumed>NULL) = 0
318340 17:02:50.869442 fcntl(8, F_SETFL, O_RDONLY|O_NONBLOCK|O_LARGEFILE <unfinished ...>
318342 17:02:50.869473 nanosleep({tv_sec=0, tv_nsec=20000},  <unfinished ...>
318326 17:02:50.869506 <... nanosleep resumed>NULL) = 0
318340 17:02:50.869534 <... fcntl resumed>) = 0
318326 17:02:50.869572 nanosleep({tv_sec=0, tv_nsec=20000},  <unfinished ...>
318340 17:02:50.869597 epoll_ctl(9, EPOLL_CTL_ADD, 8, {events=EPOLLIN|EPOLLOUT|EPOLLRDHUP|EPOLLET, data={u32=787480594, u64=9037941901288800274}} <unfinished ...>
318342 17:02:50.869640 <... nanosleep resumed>NULL) = 0
318340 17:02:50.869659 <... epoll_ctl resumed>) = 0
318342 17:02:50.869688 nanosleep({tv_sec=0, tv_nsec=20000},  <unfinished ...>
318326 17:02:50.869729 <... nanosleep resumed>NULL) = 0
318340 17:02:50.869748 read(8,  <unfinished ...>
318326 17:02:50.869776 nanosleep({tv_sec=0, tv_nsec=20000},  <unfinished ...>
318340 17:02:50.869797 <... read resumed>"40\n", 11) = 3
318342 17:02:50.869831 <... nanosleep resumed>NULL) = 0
318340 17:02:50.869871 epoll_ctl(9, EPOLL_CTL_DEL, 8, 0xc0001a111c <unfinished ...>
318342 17:02:50.869890 nanosleep({tv_sec=0, tv_nsec=20000},  <unfinished ...>
318326 17:02:50.869921 <... nanosleep resumed>NULL) = 0
318340 17:02:50.869950 <... epoll_ctl resumed>) = 0
318326 17:02:50.869990 nanosleep({tv_sec=0, tv_nsec=20000},  <unfinished ...>
318342 17:02:50.870033 <... nanosleep resumed>NULL) = 0
318340 17:02:50.870051 close(8 <unfinished ...>
318342 17:02:50.870087 nanosleep({tv_sec=0, tv_nsec=20000},  <unfinished ...>
318340 17:02:50.870112 <... close resumed>) = 0
318326 17:02:50.870141 <... nanosleep resumed>NULL) = 0
318340 17:02:50.870187 capget({version=0 /* _LINUX_CAPABILITY_VERSION_??? */, pid=0},  <unfinished ...>
318326 17:02:50.870230 nanosleep({tv_sec=0, tv_nsec=20000},  <unfinished ...>
318342 17:02:50.870252 <... nanosleep resumed>NULL) = 0
318340 17:02:50.870281 <... capget resumed>NULL) = 0
318342 17:02:50.870323 nanosleep({tv_sec=0, tv_nsec=20000},  <unfinished ...>
318340 17:02:50.870344 capget({version=_LINUX_CAPABILITY_VERSION_3, pid=0},  <unfinished ...>
318326 17:02:50.870375 <... nanosleep resumed>NULL) = 0
318340 17:02:50.870405 <... capget resumed>{effective=1<<CAP_CHOWN|1<<CAP_DAC_OVERRIDE|1<<CAP_DAC_READ_SEARCH|1<<CAP_FOWNER|1<<CAP_FSETID|1<<CAP_KILL|1<<CAP_SETGID|1<<CAP_SETUID|1<<CAP_SETPCAP|1<<CAP_LINUX_IMMUTABLE|1<<CAP_NET_BIND_SERVICE|1<<CAP_NET_BROADCAST|1<<CAP_NET_ADMIN|1<<CAP_NET_RAW|1<<CAP_IPC_LOCK|1<<CAP_IPC_OWNER|1<<CAP_SYS_MODULE|1<<CAP_SYS_RAWIO|1<<CAP_SYS_CHROOT|1<<CAP_SYS_PTRACE|1<<CAP_SYS_PACCT|1<<CAP_SYS_ADMIN|1<<CAP_SYS_BOOT|1<<CAP_SYS_NICE|1<<CAP_SYS_RESOURCE|1<<CAP_SYS_TIME|1<<CAP_SYS_TTY_CONFIG|1<<CAP_MKNOD|1<<CAP_LEASE|1<<CAP_AUDIT_WRITE|1<<CAP_AUDIT_CONTROL|1<<CAP_SETFCAP|1<<CAP_MAC_OVERRIDE|1<<CAP_MAC_ADMIN|1<<CAP_SYSLOG|1<<CAP_WAKE_ALARM|1<<CAP_BLOCK_SUSPEND|1<<CAP_AUDIT_READ|1<<CAP_PERFMON|1<<CAP_BPF|1<<CAP_CHECKPOINT_RESTORE, permitted=1<<CAP_CHOWN|1<<CAP_DAC_OVERRIDE|1<<CAP_DAC_READ_SEARCH|1<<CAP_FOWNER|1<<CAP_FSETID|1<<CAP_KILL|1<<CAP_SETGID|1<<CAP_SETUID|1<<CAP_SETPCAP|1<<CAP_LINUX_IMMUTABLE|1<<CAP_NET_BIND_SERVICE|1<<CAP_NET_BROADCAST|1<<CAP_NET_ADMIN|1<<CAP_NET_RAW|1<<CAP_IPC_LOCK|1<<CAP_IPC_OWNER|1<<CAP_SYS_MODULE|1<<CAP_SYS_RAWIO|1<<CAP_SYS_CHROOT|1<<CAP_SYS_PTRACE|1<<CAP_SYS_PACCT|1<<CAP_SYS_ADMIN|1<<CAP_SYS_BOOT|1<<CAP_SYS_NICE|1<<CAP_SYS_RESOURCE|1<<CAP_SYS_TIME|1<<CAP_SYS_TTY_CONFIG|1<<CAP_MKNOD|1<<CAP_LEASE|1<<CAP_AUDIT_WRITE|1<<CAP_AUDIT_CONTROL|1<<CAP_SETFCAP|1<<CAP_MAC_OVERRIDE|1<<CAP_MAC_ADMIN|1<<CAP_SYSLOG|1<<CAP_WAKE_ALARM|1<<CAP_BLOCK_SUSPEND|1<<CAP_AUDIT_READ|1<<CAP_PERFMON|1<<CAP_BPF|1<<CAP_CHECKPOINT_RESTORE, inheritable=0}) = 0
318342 17:02:50.870451 <... nanosleep resumed>NULL) = 0
318326 17:02:50.870469 nanosleep({tv_sec=0, tv_nsec=20000},  <unfinished ...>
318342 17:02:50.870501 nanosleep({tv_sec=0, tv_nsec=20000},  <unfinished ...>
318340 17:02:50.870546 prctl(PR_CAPBSET_DROP, CAP_CHOWN) = 0
318326 17:02:50.870629 <... nanosleep resumed>NULL) = 0
318342 17:02:50.870649 <... nanosleep resumed>NULL) = 0
318340 17:02:50.870677 prctl(PR_CAPBSET_DROP, CAP_DAC_OVERRIDE <unfinished ...>
318342 17:02:50.870718 nanosleep({tv_sec=0, tv_nsec=20000},  <unfinished ...>
318326 17:02:50.870750 nanosleep({tv_sec=0, tv_nsec=20000},  <unfinished ...>
318340 17:02:50.870792 <... prctl resumed>) = 0
318342 17:02:50.870844 <... nanosleep resumed>NULL) = 0
318340 17:02:50.870884 prctl(PR_CAPBSET_DROP, CAP_DAC_READ_SEARCH <unfinished ...>
318342 17:02:50.870904 nanosleep({tv_sec=0, tv_nsec=20000},  <unfinished ...>
318326 17:02:50.870935 <... nanosleep resumed>NULL) = 0
318340 17:02:50.870954 <... prctl resumed>) = 0
318326 17:02:50.870983 nanosleep({tv_sec=0, tv_nsec=20000},  <unfinished ...>
318340 17:02:50.871006 prctl(PR_CAPBSET_DROP, CAP_FOWNER <unfinished ...>
318342 17:02:50.871035 <... nanosleep resumed>NULL) = 0
318340 17:02:50.871075 <... prctl resumed>) = 0
318342 17:02:50.871095 nanosleep({tv_sec=0, tv_nsec=20000},  <unfinished ...>
318326 17:02:50.871125 <... nanosleep resumed>NULL) = 0
318340 17:02:50.871144 prctl(PR_CAPBSET_DROP, CAP_FSETID <unfinished ...>
318326 17:02:50.871177 nanosleep({tv_sec=0, tv_nsec=20000},  <unfinished ...>
318342 17:02:50.871219 <... nanosleep resumed>NULL) = 0
318340 17:02:50.871237 <... prctl resumed>) = 0
318342 17:02:50.871266 nanosleep({tv_sec=0, tv_nsec=20000},  <unfinished ...>
318340 17:02:50.871287 prctl(PR_CAPBSET_DROP, CAP_KILL <unfinished ...>
318326 17:02:50.871325 <... nanosleep resumed>NULL) = 0
318340 17:02:50.871344 <... prctl resumed>) = 0
318326 17:02:50.871374 nanosleep({tv_sec=0, tv_nsec=20000},  <unfinished ...>
318342 17:02:50.871414 <... nanosleep resumed>NULL) = 0
318340 17:02:50.871433 prctl(PR_CAPBSET_DROP, CAP_SETGID <unfinished ...>
318342 17:02:50.871462 nanosleep({tv_sec=0, tv_nsec=20000},  <unfinished ...>
318340 17:02:50.871507 <... prctl resumed>) = 0
318326 17:02:50.871547 <... nanosleep resumed>NULL) = 0
318340 17:02:50.871565 prctl(PR_CAPBSET_DROP, CAP_SETUID <unfinished ...>
318326 17:02:50.871594 nanosleep({tv_sec=0, tv_nsec=20000},  <unfinished ...>
318342 17:02:50.871614 <... nanosleep resumed>NULL) = 0
318340 17:02:50.871641 <... prctl resumed>) = 0
318342 17:02:50.871660 nanosleep({tv_sec=0, tv_nsec=20000},  <unfinished ...>
318340 17:02:50.871691 prctl(PR_CAPBSET_DROP, CAP_SETPCAP <unfinished ...>
318326 17:02:50.871709 <... nanosleep resumed>NULL) = 0
318340 17:02:50.871737 <... prctl resumed>) = 0
318326 17:02:50.871777 nanosleep({tv_sec=0, tv_nsec=20000},  <unfinished ...>
318342 17:02:50.871820 <... nanosleep resumed>NULL) = 0
318340 17:02:50.871837 prctl(PR_CAPBSET_DROP, CAP_LINUX_IMMUTABLE <unfinished ...>
318342 17:02:50.871865 nanosleep({tv_sec=0, tv_nsec=20000},  <unfinished ...>
318340 17:02:50.871885 <... prctl resumed>) = 0
318326 17:02:50.871925 <... nanosleep resumed>NULL) = 0
318340 17:02:50.871957 prctl(PR_CAPBSET_DROP, CAP_NET_BIND_SERVICE <unfinished ...>
318342 17:02:50.871996 <... nanosleep resumed>NULL) = 0
318326 17:02:50.872014 nanosleep({tv_sec=0, tv_nsec=20000},  <unfinished ...>
318342 17:02:50.872045 nanosleep({tv_sec=0, tv_nsec=20000},  <unfinished ...>
318340 17:02:50.872066 <... prctl resumed>) = 0
318340 17:02:50.872117 prctl(PR_CAPBSET_DROP, CAP_NET_BROADCAST <unfinished ...>
318342 17:02:50.872161 <... nanosleep resumed>NULL) = 0
318326 17:02:50.872179 <... nanosleep resumed>NULL) = 0
318342 17:02:50.872208 nanosleep({tv_sec=0, tv_nsec=20000},  <unfinished ...>
318340 17:02:50.872248 <... prctl resumed>) = 0
318326 17:02:50.872267 nanosleep({tv_sec=0, tv_nsec=20000},  <unfinished ...>
318340 17:02:50.872297 prctl(PR_CAPBSET_DROP, CAP_NET_ADMIN <unfinished ...>
318342 17:02:50.872353 <... nanosleep resumed>NULL) = 0
318340 17:02:50.872405 <... prctl resumed>) = 0
318342 17:02:50.872426 nanosleep({tv_sec=0, tv_nsec=20000},  <unfinished ...>
318326 17:02:50.872459 <... nanosleep resumed>NULL) = 0
318340 17:02:50.872478 prctl(PR_CAPBSET_DROP, CAP_NET_RAW <unfinished ...>
318326 17:02:50.872512 nanosleep({tv_sec=0, tv_nsec=20000},  <unfinished ...>
318342 17:02:50.872545 <... nanosleep resumed>NULL) = 0
318340 17:02:50.872583 <... prctl resumed>) = 0
318342 17:02:50.872602 nanosleep({tv_sec=0, tv_nsec=20000},  <unfinished ...>
318340 17:02:50.872633 prctl(PR_CAPBSET_DROP, CAP_IPC_LOCK <unfinished ...>
318326 17:02:50.872651 <... nanosleep resumed>NULL) = 0
318340 17:02:50.872679 <... prctl resumed>) = 0
318326 17:02:50.872698 nanosleep({tv_sec=0, tv_nsec=20000},  <unfinished ...>
318342 17:02:50.872729 <... nanosleep resumed>NULL) = 0
318340 17:02:50.872767 prctl(PR_CAPBSET_DROP, CAP_IPC_OWNER <unfinished ...>
318342 17:02:50.872796 nanosleep({tv_sec=0, tv_nsec=20000},  <unfinished ...>
318340 17:02:50.872816 <... prctl resumed>) = 0
318326 17:02:50.872847 <... nanosleep resumed>NULL) = 0
318340 17:02:50.872875 prctl(PR_CAPBSET_DROP, CAP_SYS_MODULE <unfinished ...>
318342 17:02:50.872914 <... nanosleep resumed>NULL) = 0
318326 17:02:50.872931 nanosleep({tv_sec=0, tv_nsec=20000},  <unfinished ...>
318342 17:02:50.872961 nanosleep({tv_sec=0, tv_nsec=20000},  <unfinished ...>
318340 17:02:50.872980 <... prctl resumed>) = 0
318340 17:02:50.873033 prctl(PR_CAPBSET_DROP, CAP_SYS_RAWIO <unfinished ...>
318342 17:02:50.873072 <... nanosleep resumed>NULL) = 0
318326 17:02:50.873090 <... nanosleep resumed>NULL) = 0
318342 17:02:50.873118 nanosleep({tv_sec=0, tv_nsec=20000},  <unfinished ...>
318340 17:02:50.873157 <... prctl resumed>) = 0
318326 17:02:50.873185 nanosleep({tv_sec=0, tv_nsec=20000},  <unfinished ...>
318340 17:02:50.873217 prctl(PR_CAPBSET_DROP, CAP_SYS_CHROOT <unfinished ...>
318342 17:02:50.873277 <... nanosleep resumed>NULL) = 0
318340 17:02:50.873325 <... prctl resumed>) = 0
318342 17:02:50.873350 nanosleep({tv_sec=0, tv_nsec=20000},  <unfinished ...>
318340 17:02:50.873382 prctl(PR_CAPBSET_DROP, CAP_SYS_PTRACE) = 0
318342 17:02:50.873478 <... nanosleep resumed>NULL) = 0
318340 17:02:50.873497 prctl(PR_CAPBSET_DROP, CAP_SYS_PACCT <unfinished ...>
318342 17:02:50.873525 nanosleep({tv_sec=0, tv_nsec=20000},  <unfinished ...>
318340 17:02:50.873577 <... prctl resumed>) = 0
318326 17:02:50.873605 <... nanosleep resumed>NULL) = 0
318340 17:02:50.873625 prctl(PR_CAPBSET_DROP, CAP_SYS_ADMIN <unfinished ...>
318326 17:02:50.873657 nanosleep({tv_sec=0, tv_nsec=20000},  <unfinished ...>
318342 17:02:50.873698 <... nanosleep resumed>NULL) = 0
318340 17:02:50.873725 <... prctl resumed>) = 0
318342 17:02:50.873744 nanosleep({tv_sec=0, tv_nsec=20000},  <unfinished ...>
318340 17:02:50.873817 prctl(PR_CAPBSET_DROP, CAP_SYS_BOOT <unfinished ...>
318326 17:02:50.873845 <... nanosleep resumed>NULL) = 0
318340 17:02:50.873885 <... prctl resumed>) = 0
318326 17:02:50.873903 nanosleep({tv_sec=0, tv_nsec=20000},  <unfinished ...>
318342 17:02:50.873934 <... nanosleep resumed>NULL) = 0
318340 17:02:50.873951 prctl(PR_CAPBSET_DROP, CAP_SYS_NICE <unfinished ...>
318342 17:02:50.873979 nanosleep({tv_sec=0, tv_nsec=20000},  <unfinished ...>
318340 17:02:50.874003 <... prctl resumed>) = 0
318326 17:02:50.874036 <... nanosleep resumed>NULL) = 0
318340 17:02:50.874055 prctl(PR_CAPBSET_DROP, CAP_SYS_RESOURCE <unfinished ...>
318326 17:02:50.874086 nanosleep({tv_sec=0, tv_nsec=40000},  <unfinished ...>
318342 17:02:50.874107 <... nanosleep resumed>NULL) = 0
318340 17:02:50.874128 <... prctl resumed>) = 0
318342 17:02:50.874156 nanosleep({tv_sec=0, tv_nsec=20000},  <unfinished ...>
318340 17:02:50.874192 prctl(PR_CAPBSET_DROP, CAP_SYS_TIME) = 0
318326 17:02:50.874304 <... nanosleep resumed>NULL) = 0
318342 17:02:50.874361 <... nanosleep resumed>NULL) = 0
318340 17:02:50.874412 prctl(PR_CAPBSET_DROP, CAP_SYS_TTY_CONFIG <unfinished ...>
318342 17:02:50.874452 nanosleep({tv_sec=0, tv_nsec=20000},  <unfinished ...>
318326 17:02:50.874509 nanosleep({tv_sec=0, tv_nsec=80000},  <unfinished ...>
318340 17:02:50.874549 <... prctl resumed>) = 0
318342 17:02:50.874615 <... nanosleep resumed>NULL) = 0
318340 17:02:50.874659 prctl(PR_CAPBSET_DROP, CAP_MKNOD <unfinished ...>
318342 17:02:50.874687 nanosleep({tv_sec=0, tv_nsec=20000},  <unfinished ...>
318340 17:02:50.874726 <... prctl resumed>) = 0
318326 17:02:50.874744 <... nanosleep resumed>NULL) = 0
318340 17:02:50.874771 prctl(PR_CAPBSET_DROP, CAP_LEASE <unfinished ...>
318326 17:02:50.874790 nanosleep({tv_sec=0, tv_nsec=160000},  <unfinished ...>
318342 17:02:50.874820 <... nanosleep resumed>NULL) = 0
318340 17:02:50.874838 <... prctl resumed>) = 0
318342 17:02:50.874866 nanosleep({tv_sec=0, tv_nsec=20000},  <unfinished ...>
318340 17:02:50.874886 prctl(PR_CAPBSET_DROP, CAP_AUDIT_WRITE) = 0
318342 17:02:50.874983 <... nanosleep resumed>NULL) = 0
318340 17:02:50.875008 prctl(PR_CAPBSET_DROP, CAP_AUDIT_CONTROL <unfinished ...>
318342 17:02:50.875043 nanosleep({tv_sec=0, tv_nsec=20000},  <unfinished ...>
318326 17:02:50.875084 <... nanosleep resumed>NULL) = 0
318340 17:02:50.875112 <... prctl resumed>) = 0
318326 17:02:50.875133 nanosleep({tv_sec=0, tv_nsec=320000},  <unfinished ...>
318340 17:02:50.875163 prctl(PR_CAPBSET_DROP, CAP_SETFCAP <unfinished ...>
318342 17:02:50.875188 <... nanosleep resumed>NULL) = 0
318340 17:02:50.875218 <... prctl resumed>) = 0
318342 17:02:50.875236 nanosleep({tv_sec=0, tv_nsec=20000},  <unfinished ...>
318340 17:02:50.875266 prctl(PR_CAPBSET_DROP, CAP_MAC_OVERRIDE) = 0
318342 17:02:50.875394 <... nanosleep resumed>NULL) = 0
318340 17:02:50.875437 prctl(PR_CAPBSET_DROP, CAP_MAC_ADMIN <unfinished ...>
318342 17:02:50.875520 nanosleep({tv_sec=0, tv_nsec=20000},  <unfinished ...>
318340 17:02:50.875571 <... prctl resumed>) = 0
318326 17:02:50.875592 <... nanosleep resumed>NULL) = 0
318340 17:02:50.875629 prctl(PR_CAPBSET_DROP, CAP_SYSLOG <unfinished ...>
318326 17:02:50.875649 nanosleep({tv_sec=0, tv_nsec=640000},  <unfinished ...>
318342 17:02:50.875691 <... nanosleep resumed>NULL) = 0
318340 17:02:50.875710 <... prctl resumed>) = 0
318342 17:02:50.875739 nanosleep({tv_sec=0, tv_nsec=20000},  <unfinished ...>
318340 17:02:50.875784 prctl(PR_CAPBSET_DROP, CAP_WAKE_ALARM) = 0
318342 17:02:50.875883 <... nanosleep resumed>NULL) = 0
318340 17:02:50.875912 prctl(PR_CAPBSET_DROP, CAP_BLOCK_SUSPEND <unfinished ...>
318342 17:02:50.875941 nanosleep({tv_sec=0, tv_nsec=20000},  <unfinished ...>
318340 17:02:50.875986 <... prctl resumed>) = 0
318340 17:02:50.876036 prctl(PR_CAPBSET_DROP, CAP_AUDIT_READ <unfinished ...>
318342 17:02:50.876077 <... nanosleep resumed>NULL) = 0
318340 17:02:50.876096 <... prctl resumed>) = 0
318342 17:02:50.876125 nanosleep({tv_sec=0, tv_nsec=20000},  <unfinished ...>
318340 17:02:50.876147 prctl(PR_CAPBSET_DROP, CAP_PERFMON) = 0
318342 17:02:50.876236 <... nanosleep resumed>NULL) = 0
318340 17:02:50.876255 prctl(PR_CAPBSET_DROP, CAP_BPF <unfinished ...>
318342 17:02:50.876284 nanosleep({tv_sec=0, tv_nsec=20000},  <unfinished ...>
318340 17:02:50.876325 <... prctl resumed>) = 0
318340 17:02:50.876367 prctl(PR_CAPBSET_DROP, CAP_CHECKPOINT_RESTORE <unfinished ...>
318326 17:02:50.876407 <... nanosleep resumed>NULL) = 0
318342 17:02:50.876427 <... nanosleep resumed>NULL) = 0
318340 17:02:50.876455 <... prctl resumed>) = 0
318342 17:02:50.876495 nanosleep({tv_sec=0, tv_nsec=20000},  <unfinished ...>
318326 17:02:50.876540 nanosleep({tv_sec=0, tv_nsec=1280000},  <unfinished ...>
318340 17:02:50.876564 prctl(PR_SET_KEEPCAPS, 1 <unfinished ...>
318342 17:02:50.876737 <... nanosleep resumed>NULL) = 0
318340 17:02:50.876767 <... prctl resumed>) = 0
318342 17:02:50.876789 nanosleep({tv_sec=0, tv_nsec=20000},  <unfinished ...>
318340 17:02:50.876831 fstat(0, {st_mode=S_IFIFO|0600, st_size=0, ...}) = 0
318342 17:02:50.876941 <... nanosleep resumed>NULL) = 0
318340 17:02:50.876964 fstat(1,  <unfinished ...>
318342 17:02:50.877028 nanosleep({tv_sec=0, tv_nsec=20000},  <unfinished ...>
318340 17:02:50.877079 <... fstat resumed>{st_mode=S_IFIFO|0600, st_size=0, ...}) = 0
318340 17:02:50.877150 fstat(2,  <unfinished ...>
318342 17:02:50.877224 <... nanosleep resumed>NULL) = 0
318340 17:02:50.877272 <... fstat resumed>{st_mode=S_IFIFO|0600, st_size=0, ...}) = 0
318342 17:02:50.877352 nanosleep({tv_sec=0, tv_nsec=20000},  <unfinished ...>
318340 17:02:50.877405 fstatfs(13, {f_type=PROC_SUPER_MAGIC, f_bsize=4096, f_blocks=0, f_bfree=0, f_bavail=0, f_files=0, f_ffree=0, f_fsid={val=[0x5c, 0]}, f_namelen=255, f_frsize=4096, f_flags=ST_VALID|ST_NOSUID|ST_NODEV|ST_NOEXEC|ST_RELATIME}) = 0
318340 17:02:50.877519 fstat(13,  <unfinished ...>
318342 17:02:50.877563 <... nanosleep resumed>NULL) = 0
318340 17:02:50.877582 <... fstat resumed>{st_mode=S_IFDIR|0555, st_size=0, ...}) = 0
318342 17:02:50.877663 nanosleep({tv_sec=0, tv_nsec=20000},  <unfinished ...>
318340 17:02:50.877713 openat2(AT_FDCWD, ".", {flags=O_RDONLY|O_CLOEXEC|O_PATH, resolve=RESOLVE_NO_SYMLINKS|RESOLVE_IN_ROOT}, 24) = 8
318340 17:02:50.877831 close(8 <unfinished ...>
318342 17:02:50.877872 <... nanosleep resumed>NULL) = 0
318340 17:02:50.877894 <... close resumed>) = 0
318326 17:02:50.877937 <... nanosleep resumed>NULL) = 0
318342 17:02:50.877980 epoll_pwait(9,  <unfinished ...>
318340 17:02:50.877997 openat2(13, "self/setgroups", {flags=O_RDONLY|O_NOFOLLOW|O_CLOEXEC|O_PATH, resolve=RESOLVE_NO_XDEV|RESOLVE_NO_MAGICLINKS|RESOLVE_BENEATH}, 24 <unfinished ...>
318342 17:02:50.878031 <... epoll_pwait resumed>[], 128, 0, NULL, 0) = 0
318326 17:02:50.878087 nanosleep({tv_sec=0, tv_nsec=20000},  <unfinished ...>
318342 17:02:50.878127 nanosleep({tv_sec=0, tv_nsec=20000},  <unfinished ...>
318340 17:02:50.878150 <... openat2 resumed>) = 8
318340 17:02:50.878214 fcntl(8, F_GETFL <unfinished ...>
318342 17:02:50.878282 <... nanosleep resumed>NULL) = 0
318340 17:02:50.878326 <... fcntl resumed>) = 0x220000 (flags O_RDONLY|O_NOFOLLOW|O_PATH)
318326 17:02:50.878364 <... nanosleep resumed>NULL) = 0
318342 17:02:50.878403 nanosleep({tv_sec=0, tv_nsec=20000},  <unfinished ...>
318340 17:02:50.878423 fstatfs(13,  <unfinished ...>
318326 17:02:50.878452 futex(0xeec8c0, FUTEX_WAIT_PRIVATE, 0, {tv_sec=59, tv_nsec=762181083} <unfinished ...>
318340 17:02:50.878472 <... fstatfs resumed>{f_type=PROC_SUPER_MAGIC, f_bsize=4096, f_blocks=0, f_bfree=0, f_bavail=0, f_files=0, f_ffree=0, f_fsid={val=[0x5c, 0]}, f_namelen=255, f_frsize=4096, f_flags=ST_VALID|ST_NOSUID|ST_NODEV|ST_NOEXEC|ST_RELATIME}) = 0
318342 17:02:50.878533 <... nanosleep resumed>NULL) = 0
318340 17:02:50.878576 fstat(13,  <unfinished ...>
318342 17:02:50.878600 nanosleep({tv_sec=0, tv_nsec=20000},  <unfinished ...>
318340 17:02:50.878634 <... fstat resumed>{st_mode=S_IFDIR|0555, st_size=0, ...}) = 0
318340 17:02:50.878684 openat2(AT_FDCWD, ".", {flags=O_RDONLY|O_CLOEXEC|O_PATH, resolve=RESOLVE_NO_SYMLINKS|RESOLVE_IN_ROOT}, 24 <unfinished ...>
318342 17:02:50.878734 <... nanosleep resumed>NULL) = 0
318340 17:02:50.878753 <... openat2 resumed>) = 11
318342 17:02:50.878782 nanosleep({tv_sec=0, tv_nsec=20000},  <unfinished ...>
318340 17:02:50.878803 close(11)        = 0
318342 17:02:50.878900 <... nanosleep resumed>NULL) = 0
318340 17:02:50.878920 openat2(13, "thread-self/fd/", {flags=O_RDONLY|O_NOFOLLOW|O_CLOEXEC|O_PATH, resolve=RESOLVE_NO_XDEV|RESOLVE_NO_MAGICLINKS|RESOLVE_BENEATH}, 24 <unfinished ...>
318342 17:02:50.878953 nanosleep({tv_sec=0, tv_nsec=20000},  <unfinished ...>
318340 17:02:50.878994 <... openat2 resumed>) = 11
318340 17:02:50.879036 fcntl(11, F_GETFL <unfinished ...>
318342 17:02:50.879105 <... nanosleep resumed>NULL) = 0
318340 17:02:50.879145 <... fcntl resumed>) = 0x220000 (flags O_RDONLY|O_NOFOLLOW|O_PATH)
318342 17:02:50.879164 getpid( <unfinished ...>
318340 17:02:50.879197 futex(0xc00006d148, FUTEX_WAKE_PRIVATE, 1 <unfinished ...>
318342 17:02:50.879216 <... getpid resumed>) = 1
318343 17:02:50.879247 <... futex resumed>) = 0
318340 17:02:50.879291 <... futex resumed>) = 1
318343 17:02:50.879312 futex(0xeeaf80, FUTEX_WAKE_PRIVATE, 1 <unfinished ...>
318342 17:02:50.879349 tgkill(1, 1, SIGURG <unfinished ...>
318343 17:02:50.879369 <... futex resumed>) = 0
318340 17:02:50.879398 statx(13, "", AT_STATX_SYNC_AS_STAT|AT_SYMLINK_NOFOLLOW|AT_EMPTY_PATH, STATX_MNT_ID|STATX_MNT_ID_UNIQUE,  <unfinished ...>
318343 17:02:50.879421 futex(0xc00006d148, FUTEX_WAIT_PRIVATE, 0, NULL <unfinished ...>
318342 17:02:50.879449 <... tgkill resumed>) = 0
318340 17:02:50.879485 <... statx resumed>{stx_mask=STATX_BASIC_STATS|STATX_MNT_ID_UNIQUE, stx_attributes=STATX_ATTR_MOUNT_ROOT, stx_mode=S_IFDIR|0555, stx_size=0, ...}) = 0
318342 17:02:50.879548 nanosleep({tv_sec=0, tv_nsec=20000},  <unfinished ...>
318340 17:02:50.879580 --- SIGURG {si_signo=SIGURG, si_code=SI_TKILL, si_pid=1, si_uid=0} ---
318340 17:02:50.879656 rt_sigreturn({mask=[]} <unfinished ...>
318342 17:02:50.879714 <... nanosleep resumed>NULL) = 0
318340 17:02:50.879735 <... rt_sigreturn resumed>) = 0
318342 17:02:50.879769 nanosleep({tv_sec=0, tv_nsec=20000},  <unfinished ...>
318340 17:02:50.879820 statx(11, "8", AT_STATX_SYNC_AS_STAT|AT_SYMLINK_NOFOLLOW|AT_EMPTY_PATH, STATX_MNT_ID|STATX_MNT_ID_UNIQUE, {stx_mask=STATX_BASIC_STATS|STATX_MNT_ID_UNIQUE, stx_attributes=0, stx_mode=S_IFLNK|000, stx_size=64, ...}) = 0
318342 17:02:50.879951 <... nanosleep resumed>NULL) = 0
318340 17:02:50.879986 openat(11, "8", O_RDONLY|O_CLOEXEC <unfinished ...>
318342 17:02:50.880037 nanosleep({tv_sec=0, tv_nsec=20000},  <unfinished ...>
318340 17:02:50.880058 <... openat resumed>) = 12
318340 17:02:50.880123 fcntl(12, F_GETFL <unfinished ...>
318342 17:02:50.880170 <... nanosleep resumed>NULL) = 0
318340 17:02:50.880214 <... fcntl resumed>) = 0x8000 (flags O_RDONLY|O_LARGEFILE)
318342 17:02:50.880246 nanosleep({tv_sec=0, tv_nsec=40000},  <unfinished ...>
318340 17:02:50.880296 close(11)        = 0
318342 17:02:50.880689 <... nanosleep resumed>NULL) = 0
318342 17:02:50.880754 nanosleep({tv_sec=0, tv_nsec=80000},  <unfinished ...>
318340 17:02:50.880775 close(8)         = 0
318342 17:02:50.880943 <... nanosleep resumed>NULL) = 0
318340 17:02:50.880989 read(12,  <unfinished ...>
318342 17:02:50.881010 nanosleep({tv_sec=0, tv_nsec=160000},  <unfinished ...>
318340 17:02:50.881052 <... read resumed>"allow\n", 512) = 6
318340 17:02:50.881111 read(12, "", 506) = 0
318342 17:02:50.881281 <... nanosleep resumed>NULL) = 0
318340 17:02:50.881324 close(12 <unfinished ...>
318342 17:02:50.881343 nanosleep({tv_sec=0, tv_nsec=320000},  <unfinished ...>
318340 17:02:50.881375 <... close resumed>) = 0
318340 17:02:50.881452 setgroups(0, NULL) = 0
318340 17:02:50.881653 getpid()         = 1
318342 17:02:50.881762 <... nanosleep resumed>NULL) = 0
318340 17:02:50.881785 tgkill(1, 6, SIGRT_1 <unfinished ...>
318342 17:02:50.881819 nanosleep({tv_sec=0, tv_nsec=640000},  <unfinished ...>
318346 17:02:50.881856 <... futex resumed>) = ? ERESTARTSYS (To be restarted if SA_RESTART is set)
318340 17:02:50.881893 <... tgkill resumed>) = 0
318346 17:02:50.881944 --- SIGRT_1 {si_signo=SIGRT_1, si_code=SI_TKILL, si_pid=1, si_uid=0} ---
318340 17:02:50.881981 getpid( <unfinished ...>
318346 17:02:50.882030 getpid( <unfinished ...>
318340 17:02:50.882055 <... getpid resumed>) = 1
318346 17:02:50.882087 <... getpid resumed>) = 1
318340 17:02:50.882107 tgkill(1, 5, SIGRT_1 <unfinished ...>
318346 17:02:50.882140 setgid(0 <unfinished ...>
318345 17:02:50.882186 <... futex resumed>) = ? ERESTARTSYS (To be restarted if SA_RESTART is set)
318340 17:02:50.882208 <... tgkill resumed>) = 0
318346 17:02:50.882234 <... setgid resumed>) = 0
318345 17:02:50.882262 --- SIGRT_1 {si_signo=SIGRT_1, si_code=SI_TKILL, si_pid=1, si_uid=0} ---
318346 17:02:50.882293 futex(0x7d6d2bfffcdc, FUTEX_WAKE_PRIVATE, 1 <unfinished ...>
318340 17:02:50.882316 getpid( <unfinished ...>
318346 17:02:50.882345 <... futex resumed>) = 0
318345 17:02:50.882372 getpid( <unfinished ...>
318346 17:02:50.882409 rt_sigreturn({mask=[]} <unfinished ...>
318340 17:02:50.882440 <... getpid resumed>) = 1
318346 17:02:50.882478 <... rt_sigreturn resumed>) = 202
318345 17:02:50.882496 <... getpid resumed>) = 1
318346 17:02:50.882524 futex(0xf0b5d8, FUTEX_WAIT_PRIVATE, 0, NULL <unfinished ...>
318342 17:02:50.882546 <... nanosleep resumed>NULL) = 0
318340 17:02:50.882574 tgkill(1, 4, SIGRT_1 <unfinished ...>
318345 17:02:50.882594 setgid(0 <unfinished ...>
318342 17:02:50.882622 futex(0xc00006d148, FUTEX_WAKE_PRIVATE, 1 <unfinished ...>
318345 17:02:50.882642 <... setgid resumed>) = 0
318344 17:02:50.882675 <... futex resumed>) = ? ERESTARTSYS (To be restarted if SA_RESTART is set)
318340 17:02:50.882692 <... tgkill resumed>) = 0
318345 17:02:50.882723 futex(0x7d6d38c7ccdc, FUTEX_WAKE_PRIVATE, 1 <unfinished ...>
318344 17:02:50.882741 --- SIGRT_1 {si_signo=SIGRT_1, si_code=SI_TKILL, si_pid=1, si_uid=0} ---
318343 17:02:50.882760 <... futex resumed>) = 0
318342 17:02:50.882782 <... futex resumed>) = 1
318345 17:02:50.882811 <... futex resumed>) = 0
318344 17:02:50.882832 getpid( <unfinished ...>
318343 17:02:50.882850 futex(0xc00006d148, FUTEX_WAIT_PRIVATE, 0, NULL <unfinished ...>
318340 17:02:50.882868 getpid( <unfinished ...>
318345 17:02:50.882897 rt_sigreturn({mask=[]} <unfinished ...>
318344 17:02:50.882938 <... getpid resumed>) = 1
318342 17:02:50.882968 nanosleep({tv_sec=0, tv_nsec=20000},  <unfinished ...>
318345 17:02:50.882990 <... rt_sigreturn resumed>) = 202
318344 17:02:50.883022 setgid(0 <unfinished ...>
318340 17:02:50.883049 <... getpid resumed>) = 1
318345 17:02:50.883067 futex(0xc000100148, FUTEX_WAIT_PRIVATE, 0, NULL <unfinished ...>
318344 17:02:50.883086 <... setgid resumed>) = 0
318342 17:02:50.883119 <... nanosleep resumed>NULL) = 0
318340 17:02:50.883147 tgkill(1, 3, SIGRT_1 <unfinished ...>
318344 17:02:50.883196 futex(0x7d6d394bdcdc, FUTEX_WAKE_PRIVATE, 1 <unfinished ...>
318342 17:02:50.883239 futex(0xeec8c0, FUTEX_WAIT_PRIVATE, 0, {tv_sec=60, tv_nsec=0} <unfinished ...>
318344 17:02:50.883286 <... futex resumed>) = 0
318343 17:02:50.883305 <... futex resumed>) = ? ERESTARTSYS (To be restarted if SA_RESTART is set)
318340 17:02:50.883323 <... tgkill resumed>) = 0
318344 17:02:50.883342 futex(0x7fff56065110, FUTEX_WAKE_PRIVATE, 1 <unfinished ...>
318343 17:02:50.883370 --- SIGRT_1 {si_signo=SIGRT_1, si_code=SI_TKILL, si_pid=1, si_uid=0} ---
318344 17:02:50.883399 <... futex resumed>) = 0
318340 17:02:50.883449 getpid( <unfinished ...>
318344 17:02:50.883472 rt_sigreturn({mask=[]} <unfinished ...>
318343 17:02:50.883548 getpid( <unfinished ...>
318344 17:02:50.883589 <... rt_sigreturn resumed>) = 202
318340 17:02:50.883607 <... getpid resumed>) = 1
318344 17:02:50.883637 futex(0xc00006d948, FUTEX_WAIT_PRIVATE, 0, NULL <unfinished ...>
318343 17:02:50.883676 <... getpid resumed>) = 1
318340 17:02:50.883696 tgkill(1, 2, SIGRT_1 <unfinished ...>
318343 17:02:50.883726 setgid(0 <unfinished ...>
318340 17:02:50.883752 <... tgkill resumed>) = 0
318343 17:02:50.883782 <... setgid resumed>) = 0
318342 17:02:50.883824 <... futex resumed>) = ? ERESTART_RESTARTBLOCK (Interrupted by signal)
318343 17:02:50.883843 futex(0x7d6d39cbecdc, FUTEX_WAKE_PRIVATE, 1 <unfinished ...>
318340 17:02:50.883872 futex(0x7fff56065110, FUTEX_WAIT_PRIVATE, 2, NULL <unfinished ...>
318343 17:02:50.883891 <... futex resumed>) = 0
318342 17:02:50.883918 --- SIGRT_1 {si_signo=SIGRT_1, si_code=SI_TKILL, si_pid=1, si_uid=0} ---
318343 17:02:50.883938 rt_sigreturn({mask=[]} <unfinished ...>
318342 17:02:50.883968 getpid( <unfinished ...>
318343 17:02:50.883986 <... rt_sigreturn resumed>) = 202
318342 17:02:50.884015 <... getpid resumed>) = 1
318343 17:02:50.884034 futex(0xc00006d148, FUTEX_WAIT_PRIVATE, 0, NULL <unfinished ...>
318342 17:02:50.884062 setgid(0)        = 0
318342 17:02:50.884163 futex(0x7d6d3a4ffcdc, FUTEX_WAKE_PRIVATE, 1) = 0
318342 17:02:50.884272 futex(0x7fff56065110, FUTEX_WAKE_PRIVATE, 1) = 1
318340 17:02:50.884394 <... futex resumed>) = 0
318342 17:02:50.884416 rt_sigreturn({mask=[]} <unfinished ...>
318340 17:02:50.884447 setgid(0 <unfinished ...>
318342 17:02:50.884465 <... rt_sigreturn resumed>) = -1 EINTR (Interrupted system call)
318340 17:02:50.884494 <... setgid resumed>) = 0
318342 17:02:50.884531 futex(0xeec8c0, FUTEX_WAIT_PRIVATE, 0, {tv_sec=59, tv_nsec=998653033} <unfinished ...>
318340 17:02:50.884552 futex(0xeec8c0, FUTEX_WAKE_PRIVATE, 1 <unfinished ...>
318342 17:02:50.884579 <... futex resumed>) = -1 EAGAIN (Resource temporarily unavailable)
318340 17:02:50.884616 <... futex resumed>) = 0
318342 17:02:50.884643 sched_yield( <unfinished ...>
318340 17:02:50.884660 getpid( <unfinished ...>
318342 17:02:50.884692 <... sched_yield resumed>) = 0
318340 17:02:50.884719 <... getpid resumed>) = 1
318342 17:02:50.884736 nanosleep({tv_sec=0, tv_nsec=20000},  <unfinished ...>
318340 17:02:50.884765 tgkill(1, 6, SIGRT_1 <unfinished ...>
318346 17:02:50.884824 <... futex resumed>) = ? ERESTARTSYS (To be restarted if SA_RESTART is set)
318340 17:02:50.884870 <... tgkill resumed>) = 0
318346 17:02:50.884894 --- SIGRT_1 {si_signo=SIGRT_1, si_code=SI_TKILL, si_pid=1, si_uid=0} ---
318342 17:02:50.884923 <... nanosleep resumed>NULL) = 0
318346 17:02:50.884951 getpid( <unfinished ...>
318340 17:02:50.884977 getpid( <unfinished ...>
318346 17:02:50.885005 <... getpid resumed>) = 1
318342 17:02:50.885033 futex(0xc00006d148, FUTEX_WAKE_PRIVATE, 1 <unfinished ...>
318346 17:02:50.885083 setuid(0 <unfinished ...>
318340 17:02:50.885121 <... getpid resumed>) = 1
318346 17:02:50.885141 <... setuid resumed>) = 0
318343 17:02:50.885158 <... futex resumed>) = 0
318342 17:02:50.885188 <... futex resumed>) = 1
318346 17:02:50.885216 futex(0x7d6d2bfffcdc, FUTEX_WAKE_PRIVATE, 1 <unfinished ...>
318343 17:02:50.885245 futex(0xc00006d148, FUTEX_WAIT_PRIVATE, 0, NULL <unfinished ...>
318340 17:02:50.885263 tgkill(1, 5, SIGRT_1 <unfinished ...>
318346 17:02:50.885296 <... futex resumed>) = 0
318342 17:02:50.885327 nanosleep({tv_sec=0, tv_nsec=20000},  <unfinished ...>
318346 17:02:50.885370 futex(0x7fff56065110, FUTEX_WAKE_PRIVATE, 1 <unfinished ...>
318345 17:02:50.885388 <... futex resumed>) = ? ERESTARTSYS (To be restarted if SA_RESTART is set)
318340 17:02:50.885415 <... tgkill resumed>) = 0
318346 17:02:50.885437 <... futex resumed>) = 0
318345 17:02:50.885466 --- SIGRT_1 {si_signo=SIGRT_1, si_code=SI_TKILL, si_pid=1, si_uid=0} ---
318346 17:02:50.885535 rt_sigreturn({mask=[]} <unfinished ...>
318342 17:02:50.885586 <... nanosleep resumed>NULL) = 0
318340 17:02:50.885608 getpid( <unfinished ...>
318346 17:02:50.885645 <... rt_sigreturn resumed>) = 202
318345 17:02:50.885688 getpid( <unfinished ...>
318342 17:02:50.885705 futex(0xeec8c0, FUTEX_WAIT_PRIVATE, 0, {tv_sec=60, tv_nsec=0} <unfinished ...>
318346 17:02:50.885728 futex(0xf0b5d8, FUTEX_WAIT_PRIVATE, 0, NULL <unfinished ...>
318345 17:02:50.885758 <... getpid resumed>) = 1
318340 17:02:50.885786 <... getpid resumed>) = 1
318345 17:02:50.885816 setuid(0 <unfinished ...>
318340 17:02:50.885854 tgkill(1, 4, SIGRT_1 <unfinished ...>
318345 17:02:50.885882 <... setuid resumed>) = 0
318344 17:02:50.885921 <... futex resumed>) = ? ERESTARTSYS (To be restarted if SA_RESTART is set)
318340 17:02:50.885949 <... tgkill resumed>) = 0
318345 17:02:50.885969 futex(0x7d6d38c7ccdc, FUTEX_WAKE_PRIVATE, 1 <unfinished ...>
318344 17:02:50.885995 --- SIGRT_1 {si_signo=SIGRT_1, si_code=SI_TKILL, si_pid=1, si_uid=0} ---
318345 17:02:50.886015 <... futex resumed>) = 0
318340 17:02:50.886042 getpid( <unfinished ...>
318345 17:02:50.886060 rt_sigreturn({mask=[]} <unfinished ...>
318344 17:02:50.886090 getpid( <unfinished ...>
318345 17:02:50.886108 <... rt_sigreturn resumed>) = 202
318340 17:02:50.886135 <... getpid resumed>) = 1
318345 17:02:50.886174 futex(0xc000100148, FUTEX_WAIT_PRIVATE, 0, NULL <unfinished ...>
318344 17:02:50.886207 <... getpid resumed>) = 1
318340 17:02:50.886226 tgkill(1, 3, SIGRT_1 <unfinished ...>
318344 17:02:50.886254 setuid(0 <unfinished ...>
318343 17:02:50.886293 <... futex resumed>) = ? ERESTARTSYS (To be restarted if SA_RESTART is set)
318340 17:02:50.886320 <... tgkill resumed>) = 0
318344 17:02:50.886339 <... setuid resumed>) = 0
318343 17:02:50.886367 --- SIGRT_1 {si_signo=SIGRT_1, si_code=SI_TKILL, si_pid=1, si_uid=0} ---
318344 17:02:50.886395 futex(0x7d6d394bdcdc, FUTEX_WAKE_PRIVATE, 1 <unfinished ...>
318340 17:02:50.886424 getpid( <unfinished ...>
318344 17:02:50.886442 <... futex resumed>) = 0
318343 17:02:50.886469 getpid( <unfinished ...>
318344 17:02:50.886488 rt_sigreturn({mask=[]} <unfinished ...>
318340 17:02:50.886517 <... getpid resumed>) = 1
318344 17:02:50.886536 <... rt_sigreturn resumed>) = 202
318343 17:02:50.886563 <... getpid resumed>) = 1
318344 17:02:50.886595 futex(0xc00006d948, FUTEX_WAIT_PRIVATE, 0, NULL <unfinished ...>
318340 17:02:50.886633 tgkill(1, 2, SIGRT_1 <unfinished ...>
318343 17:02:50.886655 setuid(0 <unfinished ...>
318342 17:02:50.886691 <... futex resumed>) = ? ERESTART_RESTARTBLOCK (Interrupted by signal)
318340 17:02:50.886708 <... tgkill resumed>) = 0
318343 17:02:50.886737 <... setuid resumed>) = 0
318342 17:02:50.886774 --- SIGRT_1 {si_signo=SIGRT_1, si_code=SI_TKILL, si_pid=1, si_uid=0} ---
318343 17:02:50.886794 futex(0x7d6d39cbecdc, FUTEX_WAKE_PRIVATE, 1 <unfinished ...>
318340 17:02:50.886822 futex(0x7fff56065110, FUTEX_WAIT_PRIVATE, 2, NULL <unfinished ...>
318343 17:02:50.886840 <... futex resumed>) = 0
318342 17:02:50.886868 getpid( <unfinished ...>
318343 17:02:50.886906 rt_sigreturn({mask=[]} <unfinished ...>
318342 17:02:50.886926 <... getpid resumed>) = 1
318343 17:02:50.886954 <... rt_sigreturn resumed>) = 202
318342 17:02:50.886972 setuid(0 <unfinished ...>
318343 17:02:50.887000 futex(0xc00006d148, FUTEX_WAIT_PRIVATE, 0, NULL <unfinished ...>
318342 17:02:50.887019 <... setuid resumed>) = 0
318342 17:02:50.887077 futex(0x7d6d3a4ffcdc, FUTEX_WAKE_PRIVATE, 1) = 0
318342 17:02:50.887218 futex(0x7fff56065110, FUTEX_WAKE_PRIVATE, 1) = 1
318340 17:02:50.887332 <... futex resumed>) = 0
318342 17:02:50.887354 rt_sigreturn({mask=[]} <unfinished ...>
318340 17:02:50.887387 setuid(0 <unfinished ...>
318342 17:02:50.887426 <... rt_sigreturn resumed>) = -1 EINTR (Interrupted system call)
318340 17:02:50.887446 <... setuid resumed>) = 0
318342 17:02:50.887479 futex(0xeec8c0, FUTEX_WAIT_PRIVATE, 0, {tv_sec=59, tv_nsec=998170954} <unfinished ...>
318340 17:02:50.887512 futex(0xeec8c0, FUTEX_WAKE_PRIVATE, 1 <unfinished ...>
318342 17:02:50.887557 <... futex resumed>) = -1 EAGAIN (Resource temporarily unavailable)
318340 17:02:50.887603 <... futex resumed>) = 0
318342 17:02:50.887622 sched_yield( <unfinished ...>
318340 17:02:50.887649 getcwd( <unfinished ...>
318342 17:02:50.887677 <... sched_yield resumed>) = 0
318340 17:02:50.887695 <... getcwd resumed>"/", 4096) = 2
318342 17:02:50.887717 nanosleep({tv_sec=0, tv_nsec=20000},  <unfinished ...>
318340 17:02:50.887740 prctl(PR_SET_KEEPCAPS, 0) = 0
318342 17:02:50.887848 <... nanosleep resumed>NULL) = 0
318340 17:02:50.887889 capget({version=_LINUX_CAPABILITY_VERSION_3, pid=0},  <unfinished ...>
318342 17:02:50.887923 nanosleep({tv_sec=0, tv_nsec=20000},  <unfinished ...>
318340 17:02:50.887976 <... capget resumed>{effective=1<<CAP_CHOWN|1<<CAP_DAC_OVERRIDE|1<<CAP_DAC_READ_SEARCH|1<<CAP_FOWNER|1<<CAP_FSETID|1<<CAP_KILL|1<<CAP_SETGID|1<<CAP_SETUID|1<<CAP_SETPCAP|1<<CAP_LINUX_IMMUTABLE|1<<CAP_NET_BIND_SERVICE|1<<CAP_NET_BROADCAST|1<<CAP_NET_ADMIN|1<<CAP_NET_RAW|1<<CAP_IPC_LOCK|1<<CAP_IPC_OWNER|1<<CAP_SYS_MODULE|1<<CAP_SYS_RAWIO|1<<CAP_SYS_CHROOT|1<<CAP_SYS_PTRACE|1<<CAP_SYS_PACCT|1<<CAP_SYS_ADMIN|1<<CAP_SYS_BOOT|1<<CAP_SYS_NICE|1<<CAP_SYS_RESOURCE|1<<CAP_SYS_TIME|1<<CAP_SYS_TTY_CONFIG|1<<CAP_MKNOD|1<<CAP_LEASE|1<<CAP_AUDIT_WRITE|1<<CAP_AUDIT_CONTROL|1<<CAP_SETFCAP|1<<CAP_MAC_OVERRIDE|1<<CAP_MAC_ADMIN|1<<CAP_SYSLOG|1<<CAP_WAKE_ALARM|1<<CAP_BLOCK_SUSPEND|1<<CAP_AUDIT_READ|1<<CAP_PERFMON|1<<CAP_BPF|1<<CAP_CHECKPOINT_RESTORE, permitted=1<<CAP_CHOWN|1<<CAP_DAC_OVERRIDE|1<<CAP_DAC_READ_SEARCH|1<<CAP_FOWNER|1<<CAP_FSETID|1<<CAP_KILL|1<<CAP_SETGID|1<<CAP_SETUID|1<<CAP_SETPCAP|1<<CAP_LINUX_IMMUTABLE|1<<CAP_NET_BIND_SERVICE|1<<CAP_NET_BROADCAST|1<<CAP_NET_ADMIN|1<<CAP_NET_RAW|1<<CAP_IPC_LOCK|1<<CAP_IPC_OWNER|1<<CAP_SYS_MODULE|1<<CAP_SYS_RAWIO|1<<CAP_SYS_CHROOT|1<<CAP_SYS_PTRACE|1<<CAP_SYS_PACCT|1<<CAP_SYS_ADMIN|1<<CAP_SYS_BOOT|1<<CAP_SYS_NICE|1<<CAP_SYS_RESOURCE|1<<CAP_SYS_TIME|1<<CAP_SYS_TTY_CONFIG|1<<CAP_MKNOD|1<<CAP_LEASE|1<<CAP_AUDIT_WRITE|1<<CAP_AUDIT_CONTROL|1<<CAP_SETFCAP|1<<CAP_MAC_OVERRIDE|1<<CAP_MAC_ADMIN|1<<CAP_SYSLOG|1<<CAP_WAKE_ALARM|1<<CAP_BLOCK_SUSPEND|1<<CAP_AUDIT_READ|1<<CAP_PERFMON|1<<CAP_BPF|1<<CAP_CHECKPOINT_RESTORE, inheritable=0}) = 0
318340 17:02:50.888043 prctl(PR_CAPBSET_DROP, CAP_CHOWN <unfinished ...>
318342 17:02:50.888084 <... nanosleep resumed>NULL) = 0
318340 17:02:50.888117 <... prctl resumed>) = 0
318342 17:02:50.888156 epoll_pwait(9,  <unfinished ...>
318340 17:02:50.888179 prctl(PR_CAPBSET_DROP, CAP_DAC_OVERRIDE <unfinished ...>
318342 17:02:50.888207 <... epoll_pwait resumed>[], 128, 0, NULL, 0) = 0
318340 17:02:50.888247 <... prctl resumed>) = 0
318342 17:02:50.888266 nanosleep({tv_sec=0, tv_nsec=20000},  <unfinished ...>
318340 17:02:50.888297 prctl(PR_CAPBSET_DROP, CAP_DAC_READ_SEARCH) = 0
318342 17:02:50.888403 <... nanosleep resumed>NULL) = 0
318340 17:02:50.888429 prctl(PR_CAPBSET_DROP, CAP_FOWNER <unfinished ...>
318342 17:02:50.888459 nanosleep({tv_sec=0, tv_nsec=20000},  <unfinished ...>
318340 17:02:50.888501 <... prctl resumed>) = 0
318340 17:02:50.888556 prctl(PR_CAPBSET_DROP, CAP_FSETID <unfinished ...>
318342 17:02:50.888599 <... nanosleep resumed>NULL) = 0
318340 17:02:50.888640 <... prctl resumed>) = 0
318342 17:02:50.888659 nanosleep({tv_sec=0, tv_nsec=20000},  <unfinished ...>
318340 17:02:50.888690 prctl(PR_CAPBSET_DROP, CAP_KILL) = 0
318342 17:02:50.888795 <... nanosleep resumed>NULL) = 0
318340 17:02:50.888838 prctl(PR_CAPBSET_DROP, CAP_SETGID <unfinished ...>
318342 17:02:50.888858 nanosleep({tv_sec=0, tv_nsec=20000},  <unfinished ...>
318340 17:02:50.888891 <... prctl resumed>) = 0
318340 17:02:50.888937 prctl(PR_CAPBSET_DROP, CAP_SETUID <unfinished ...>
318342 17:02:50.888981 <... nanosleep resumed>NULL) = 0
318340 17:02:50.889000 <... prctl resumed>) = 0
318342 17:02:50.889029 nanosleep({tv_sec=0, tv_nsec=20000},  <unfinished ...>
318340 17:02:50.889072 prctl(PR_CAPBSET_DROP, CAP_SETPCAP) = 0
318342 17:02:50.889170 <... nanosleep resumed>NULL) = 0
318340 17:02:50.889189 prctl(PR_CAPBSET_DROP, CAP_LINUX_IMMUTABLE <unfinished ...>
318342 17:02:50.889218 nanosleep({tv_sec=0, tv_nsec=20000},  <unfinished ...>
318340 17:02:50.889239 <... prctl resumed>) = 0
318340 17:02:50.889291 prctl(PR_CAPBSET_DROP, CAP_NET_BIND_SERVICE <unfinished ...>
318342 17:02:50.889332 <... nanosleep resumed>NULL) = 0
318340 17:02:50.889351 <... prctl resumed>) = 0
318342 17:02:50.889381 nanosleep({tv_sec=0, tv_nsec=20000},  <unfinished ...>
318340 17:02:50.889422 prctl(PR_CAPBSET_DROP, CAP_NET_BROADCAST) = 0
318342 17:02:50.889517 <... nanosleep resumed>NULL) = 0
318340 17:02:50.889538 prctl(PR_CAPBSET_DROP, CAP_NET_ADMIN <unfinished ...>
318342 17:02:50.889567 nanosleep({tv_sec=0, tv_nsec=20000},  <unfinished ...>
318340 17:02:50.889599 <... prctl resumed>) = 0
318340 17:02:50.889662 prctl(PR_CAPBSET_DROP, CAP_NET_RAW <unfinished ...>
318342 17:02:50.889701 <... nanosleep resumed>NULL) = 0
318340 17:02:50.889720 <... prctl resumed>) = 0
318342 17:02:50.889748 nanosleep({tv_sec=0, tv_nsec=20000},  <unfinished ...>
318340 17:02:50.889768 prctl(PR_CAPBSET_DROP, CAP_IPC_LOCK) = 0
318342 17:02:50.889869 <... nanosleep resumed>NULL) = 0
318340 17:02:50.889916 prctl(PR_CAPBSET_DROP, CAP_IPC_OWNER <unfinished ...>
318342 17:02:50.889935 getpid( <unfinished ...>
318340 17:02:50.889964 <... prctl resumed>) = 0
318342 17:02:50.889982 <... getpid resumed>) = 1
318340 17:02:50.890011 futex(0xc00006d148, FUTEX_WAKE_PRIVATE, 1 <unfinished ...>
318342 17:02:50.890030 tgkill(1, 1, SIGURG <unfinished ...>
318343 17:02:50.890060 <... futex resumed>) = 0
318340 17:02:50.890099 <... futex resumed>) = 1
318343 17:02:50.890118 futex(0xeeaf80, FUTEX_WAKE_PRIVATE, 1 <unfinished ...>
318342 17:02:50.890149 <... tgkill resumed>) = 0
318343 17:02:50.890168 <... futex resumed>) = 0
318340 17:02:50.890195 --- SIGURG {si_signo=SIGURG, si_code=SI_TKILL, si_pid=1, si_uid=0} ---
318343 17:02:50.890216 futex(0xc00006d148, FUTEX_WAIT_PRIVATE, 0, NULL <unfinished ...>
318342 17:02:50.890245 nanosleep({tv_sec=0, tv_nsec=20000},  <unfinished ...>
318340 17:02:50.890288 rt_sigreturn({mask=[]}) = 1
318342 17:02:50.890399 <... nanosleep resumed>NULL) = 0
318340 17:02:50.890432 prctl(PR_CAPBSET_DROP, CAP_SYS_MODULE <unfinished ...>
318342 17:02:50.890471 nanosleep({tv_sec=0, tv_nsec=20000},  <unfinished ...>
318340 17:02:50.890515 <... prctl resumed>) = 0
318340 17:02:50.890558 prctl(PR_CAPBSET_DROP, CAP_SYS_RAWIO <unfinished ...>
318342 17:02:50.890605 <... nanosleep resumed>NULL) = 0
318340 17:02:50.890625 <... prctl resumed>) = 0
318342 17:02:50.890654 nanosleep({tv_sec=0, tv_nsec=20000},  <unfinished ...>
318340 17:02:50.890677 prctl(PR_CAPBSET_DROP, CAP_SYS_CHROOT) = 0
318342 17:02:50.890794 <... nanosleep resumed>NULL) = 0
318340 17:02:50.890818 prctl(PR_CAPBSET_DROP, CAP_SYS_PTRACE <unfinished ...>
318342 17:02:50.890848 nanosleep({tv_sec=0, tv_nsec=20000},  <unfinished ...>
318340 17:02:50.890871 <... prctl resumed>) = 0
318340 17:02:50.890928 prctl(PR_CAPBSET_DROP, CAP_SYS_PACCT <unfinished ...>
318342 17:02:50.890973 <... nanosleep resumed>NULL) = 0
318340 17:02:50.890992 <... prctl resumed>) = 0
318342 17:02:50.891022 nanosleep({tv_sec=0, tv_nsec=20000},  <unfinished ...>
318340 17:02:50.891065 prctl(PR_CAPBSET_DROP, CAP_SYS_ADMIN) = 0
318342 17:02:50.891162 <... nanosleep resumed>NULL) = 0
318340 17:02:50.891189 prctl(PR_CAPBSET_DROP, CAP_SYS_BOOT <unfinished ...>
318342 17:02:50.891217 nanosleep({tv_sec=0, tv_nsec=20000},  <unfinished ...>
318340 17:02:50.891237 <... prctl resumed>) = 0
318340 17:02:50.891302 prctl(PR_CAPBSET_DROP, CAP_SYS_NICE <unfinished ...>
318342 17:02:50.891353 <... nanosleep resumed>NULL) = 0
318340 17:02:50.891375 <... prctl resumed>) = 0
318342 17:02:50.891408 nanosleep({tv_sec=0, tv_nsec=20000},  <unfinished ...>
318340 17:02:50.891434 prctl(PR_CAPBSET_DROP, CAP_SYS_RESOURCE) = 0
318342 17:02:50.891555 <... nanosleep resumed>NULL) = 0
318340 17:02:50.891575 prctl(PR_CAPBSET_DROP, CAP_SYS_TIME <unfinished ...>
318342 17:02:50.891595 nanosleep({tv_sec=0, tv_nsec=20000},  <unfinished ...>
318340 17:02:50.891635 <... prctl resumed>) = 0
318340 17:02:50.891683 prctl(PR_CAPBSET_DROP, CAP_SYS_TTY_CONFIG <unfinished ...>
318342 17:02:50.891747 <... nanosleep resumed>NULL) = 0
318340 17:02:50.891766 <... prctl resumed>) = 0
318342 17:02:50.891794 nanosleep({tv_sec=0, tv_nsec=20000},  <unfinished ...>
318340 17:02:50.891835 prctl(PR_CAPBSET_DROP, CAP_MKNOD) = 0
318342 17:02:50.891925 <... nanosleep resumed>NULL) = 0
318340 17:02:50.891943 prctl(PR_CAPBSET_DROP, CAP_LEASE <unfinished ...>
318342 17:02:50.891970 nanosleep({tv_sec=0, tv_nsec=20000},  <unfinished ...>
318340 17:02:50.892008 <... prctl resumed>) = 0
318340 17:02:50.892060 prctl(PR_CAPBSET_DROP, CAP_AUDIT_WRITE <unfinished ...>
318342 17:02:50.892106 <... nanosleep resumed>NULL) = 0
318340 17:02:50.892125 <... prctl resumed>) = 0
318342 17:02:50.892143 nanosleep({tv_sec=0, tv_nsec=20000},  <unfinished ...>
318340 17:02:50.892167 prctl(PR_CAPBSET_DROP, CAP_AUDIT_CONTROL) = 0
318342 17:02:50.892268 <... nanosleep resumed>NULL) = 0
318340 17:02:50.892295 prctl(PR_CAPBSET_DROP, CAP_SETFCAP <unfinished ...>
318342 17:02:50.892325 nanosleep({tv_sec=0, tv_nsec=20000},  <unfinished ...>
318340 17:02:50.892350 <... prctl resumed>) = 0
318340 17:02:50.892409 prctl(PR_CAPBSET_DROP, CAP_MAC_OVERRIDE <unfinished ...>
318342 17:02:50.892462 <... nanosleep resumed>NULL) = 0
318340 17:02:50.892487 <... prctl resumed>) = 0
318342 17:02:50.892536 nanosleep({tv_sec=0, tv_nsec=20000},  <unfinished ...>
318340 17:02:50.892586 prctl(PR_CAPBSET_DROP, CAP_MAC_ADMIN) = 0
318342 17:02:50.892691 <... nanosleep resumed>NULL) = 0
318340 17:02:50.892735 prctl(PR_CAPBSET_DROP, CAP_SYSLOG <unfinished ...>
318342 17:02:50.892757 nanosleep({tv_sec=0, tv_nsec=20000},  <unfinished ...>
318340 17:02:50.892789 <... prctl resumed>) = 0
318340 17:02:50.892857 prctl(PR_CAPBSET_DROP, CAP_WAKE_ALARM <unfinished ...>
318342 17:02:50.892905 <... nanosleep resumed>NULL) = 0
318340 17:02:50.892930 <... prctl resumed>) = 0
318342 17:02:50.892963 nanosleep({tv_sec=0, tv_nsec=20000},  <unfinished ...>
318340 17:02:50.893007 prctl(PR_CAPBSET_DROP, CAP_BLOCK_SUSPEND) = 0
318342 17:02:50.893103 <... nanosleep resumed>NULL) = 0
318340 17:02:50.893128 prctl(PR_CAPBSET_DROP, CAP_AUDIT_READ <unfinished ...>
318342 17:02:50.893146 nanosleep({tv_sec=0, tv_nsec=20000},  <unfinished ...>
318340 17:02:50.893166 <... prctl resumed>) = 0
318340 17:02:50.893226 prctl(PR_CAPBSET_DROP, CAP_PERFMON <unfinished ...>
318342 17:02:50.893276 <... nanosleep resumed>NULL) = 0
318340 17:02:50.893295 <... prctl resumed>) = 0
318342 17:02:50.893324 nanosleep({tv_sec=0, tv_nsec=20000},  <unfinished ...>
318340 17:02:50.893371 prctl(PR_CAPBSET_DROP, CAP_BPF) = 0
318342 17:02:50.893463 <... nanosleep resumed>NULL) = 0
318340 17:02:50.893506 prctl(PR_CAPBSET_DROP, CAP_CHECKPOINT_RESTORE <unfinished ...>
318342 17:02:50.893535 nanosleep({tv_sec=0, tv_nsec=20000},  <unfinished ...>
318340 17:02:50.893577 <... prctl resumed>) = 0
318340 17:02:50.893632 capset({version=_LINUX_CAPABILITY_VERSION_3, pid=0}, {effective=0, permitted=0, inheritable=0} <unfinished ...>
318342 17:02:50.893680 <... nanosleep resumed>NULL) = 0
318340 17:02:50.893699 <... capset resumed>) = 0
318342 17:02:50.893727 nanosleep({tv_sec=0, tv_nsec=20000},  <unfinished ...>
318340 17:02:50.893768 prctl(PR_CAP_AMBIENT, PR_CAP_AMBIENT_CLEAR_ALL, 0, 0, 0) = 0
318342 17:02:50.893880 <... nanosleep resumed>NULL) = 0
318340 17:02:50.893923 getppid( <unfinished ...>
318342 17:02:50.893942 nanosleep({tv_sec=0, tv_nsec=20000},  <unfinished ...>
318340 17:02:50.893974 <... getppid resumed>) = 0
318340 17:02:50.894029 newfstatat(AT_FDCWD, "/bin/busybox",  <unfinished ...>
318342 17:02:50.894088 <... nanosleep resumed>NULL) = 0
318340 17:02:50.894111 <... newfstatat resumed>{st_mode=S_IFREG|0755, st_size=1131168, ...}, 0) = 0
318342 17:02:50.894158 nanosleep({tv_sec=0, tv_nsec=20000},  <unfinished ...>
318340 17:02:50.894179 faccessat2(AT_FDCWD, "/bin/busybox", X_OK, AT_EACCESS) = 0
318342 17:02:50.894271 <... nanosleep resumed>NULL) = 0
318342 17:02:50.894322 nanosleep({tv_sec=0, tv_nsec=20000},  <unfinished ...>
318340 17:02:50.894440 pipe2( <unfinished ...>
318342 17:02:50.894482 <... nanosleep resumed>NULL) = 0
318340 17:02:50.894505 <... pipe2 resumed>[8, 11], O_CLOEXEC) = 0
318342 17:02:50.894537 nanosleep({tv_sec=0, tv_nsec=20000},  <unfinished ...>
318340 17:02:50.894578 fcntl(8, F_GETFL) = 0 (flags O_RDONLY)
318342 17:02:50.894683 <... nanosleep resumed>NULL) = 0
318340 17:02:50.894704 fcntl(8, F_SETFL, O_RDONLY|O_NONBLOCK <unfinished ...>
318342 17:02:50.894736 nanosleep({tv_sec=0, tv_nsec=20000},  <unfinished ...>
318340 17:02:50.894781 <... fcntl resumed>) = 0
318340 17:02:50.894827 epoll_ctl(9, EPOLL_CTL_ADD, 8, {events=EPOLLIN|EPOLLOUT|EPOLLRDHUP|EPOLLET, data={u32=787480595, u64=9037941901288800275}} <unfinished ...>
318342 17:02:50.894897 <... nanosleep resumed>NULL) = 0
318340 17:02:50.894939 <... epoll_ctl resumed>) = 0
318342 17:02:50.894962 nanosleep({tv_sec=0, tv_nsec=20000},  <unfinished ...>
318340 17:02:50.894983 fcntl(11, F_GETFL) = 0x1 (flags O_WRONLY)
318342 17:02:50.895071 <... nanosleep resumed>NULL) = 0
318340 17:02:50.895099 fcntl(11, F_SETFL, O_WRONLY|O_NONBLOCK <unfinished ...>
318342 17:02:50.895137 nanosleep({tv_sec=0, tv_nsec=20000},  <unfinished ...>
318340 17:02:50.895156 <... fcntl resumed>) = 0
318340 17:02:50.895219 epoll_ctl(9, EPOLL_CTL_ADD, 11, {events=EPOLLIN|EPOLLOUT|EPOLLRDHUP|EPOLLET, data={u32=769130497, u64=9037941901270450177}} <unfinished ...>
318342 17:02:50.895271 <... nanosleep resumed>NULL) = 0
318340 17:02:50.895290 <... epoll_ctl resumed>) = 0
318342 17:02:50.895316 nanosleep({tv_sec=0, tv_nsec=20000},  <unfinished ...>
318340 17:02:50.895356 fcntl(11, F_GETFL) = 0x801 (flags O_WRONLY|O_NONBLOCK)
318342 17:02:50.895471 <... nanosleep resumed>NULL) = 0
318340 17:02:50.895514 fcntl(11, F_SETFL, O_WRONLY <unfinished ...>
318342 17:02:50.895553 nanosleep({tv_sec=0, tv_nsec=20000},  <unfinished ...>
318340 17:02:50.895587 <... fcntl resumed>) = 0
318342 17:02:50.895685 <... nanosleep resumed>NULL) = 0
318342 17:02:50.895748 nanosleep({tv_sec=0, tv_nsec=20000},  <unfinished ...>
318340 17:02:50.895790 write(11, " \0\0\0\4\0\0\0\25\0\0l>\0\0\300 \0\0\0\0\0\0\0005\0\0\1\0\0\0@"..., 888) = 888
318342 17:02:50.895888 <... nanosleep resumed>NULL) = 0
318340 17:02:50.895907 epoll_ctl(9, EPOLL_CTL_DEL, 11, 0xc0001a1484 <unfinished ...>
318342 17:02:50.895934 nanosleep({tv_sec=0, tv_nsec=20000},  <unfinished ...>
318340 17:02:50.895956 <... epoll_ctl resumed>) = 0
318340 17:02:50.896018 close(11 <unfinished ...>
318342 17:02:50.896061 <... nanosleep resumed>NULL) = 0
318340 17:02:50.896079 <... close resumed>) = 0
318342 17:02:50.896107 nanosleep({tv_sec=0, tv_nsec=20000},  <unfinished ...>
318340 17:02:50.896147 futex(0xc00006d148, FUTEX_WAKE_PRIVATE, 1 <unfinished ...>
318343 17:02:50.896203 <... futex resumed>) = 0
318340 17:02:50.896243 <... futex resumed>) = 1
318342 17:02:50.896262 <... nanosleep resumed>NULL) = 0
318343 17:02:50.896290 read(8,  <unfinished ...>
318340 17:02:50.896327 futex(0xeeaf80, FUTEX_WAIT_PRIVATE, 0, NULL <unfinished ...>
318343 17:02:50.896345 <... read resumed>" \0\0\0\4\0\0\0\25\0\0l>\0\0\300 \0\0\0\0\0\0\0005\0\0\1\0\0\0@"..., 512) = 512
318342 17:02:50.896375 nanosleep({tv_sec=0, tv_nsec=20000},  <unfinished ...>
318343 17:02:50.896425 read(8, "\25\0,\0W\0\0\0\25\0+\0P\0\0\0\25\0*)O\0\0\0%\0\0\t8\0\0\0"..., 512) = 376
318342 17:02:50.896533 <... nanosleep resumed>NULL) = 0
318343 17:02:50.896552 read(8,  <unfinished ...>
318342 17:02:50.896588 nanosleep({tv_sec=0, tv_nsec=20000},  <unfinished ...>
318343 17:02:50.896626 <... read resumed>"", 1160) = 0
318343 17:02:50.896673 futex(0xeeaf80, FUTEX_WAKE_PRIVATE, 1 <unfinished ...>
318342 17:02:50.896715 <... nanosleep resumed>NULL) = 0
318343 17:02:50.896734 <... futex resumed>) = 1
318342 17:02:50.896761 nanosleep({tv_sec=0, tv_nsec=20000},  <unfinished ...>
318340 17:02:50.896782 <... futex resumed>) = 0
318343 17:02:50.896811 futex(0xc00006d148, FUTEX_WAIT_PRIVATE, 0, NULL <unfinished ...>
318340 17:02:50.896870 epoll_ctl(9, EPOLL_CTL_DEL, 8, 0xc0001a146c <unfinished ...>
318342 17:02:50.896911 <... nanosleep resumed>NULL) = 0
318340 17:02:50.896930 <... epoll_ctl resumed>) = 0
318342 17:02:50.896958 nanosleep({tv_sec=0, tv_nsec=20000},  <unfinished ...>
318340 17:02:50.896977 close(8)         = 0
318342 17:02:50.897068 <... nanosleep resumed>NULL) = 0
318342 17:02:50.897111 nanosleep({tv_sec=0, tv_nsec=20000},  <unfinished ...>
318340 17:02:50.897151 seccomp(SECCOMP_SET_MODE_FILTER, SECCOMP_FILTER_FLAG_SPEC_ALLOW, {len=120, filter=0xc00012d000} <unfinished ...>
318342 17:02:50.897264 <... nanosleep resumed>NULL) = 0
318340 17:02:50.897302 <... seccomp resumed>) = 0
318342 17:02:50.897321 nanosleep({tv_sec=0, tv_nsec=20000},  <unfinished ...>
318340 17:02:50.897350 close(4)         = 0
318327 17:02:50.897443 <... recvfrom resumed>"", 0, MSG_PEEK|MSG_TRUNC, 0xc000420070, [112 => 0]) = 0
318342 17:02:50.897497 <... nanosleep resumed>NULL) = 0
318340 17:02:50.897514 close(5 <unfinished ...>
318342 17:02:50.897542 nanosleep({tv_sec=0, tv_nsec=20000},  <unfinished ...>
318327 17:02:50.897572 futex(0xeec8c0, FUTEX_WAKE_PRIVATE, 1 <unfinished ...>
318340 17:02:50.897601 <... close resumed>) = 0
318337 17:02:50.897620 <... epoll_pwait resumed>[{events=EPOLLHUP, data={u32=1464860673, u64=8340029791043321857}}], 128, 59999, NULL, 0) = 1
318340 17:02:50.897654 fstatfs(13,  <unfinished ...>
318327 17:02:50.897690 <... futex resumed>) = 1
318326 17:02:50.897707 <... futex resumed>) = 0
318342 17:02:50.897744 <... nanosleep resumed>NULL) = 0
318340 17:02:50.897760 <... fstatfs resumed>{f_type=PROC_SUPER_MAGIC, f_bsize=4096, f_blocks=0, f_bfree=0, f_bavail=0, f_files=0, f_ffree=0, f_fsid={val=[0x5c, 0]}, f_namelen=255, f_frsize=4096, f_flags=ST_VALID|ST_NOSUID|ST_NODEV|ST_NOEXEC|ST_RELATIME}) = 0
318337 17:02:50.897791 sched_yield( <unfinished ...>
318327 17:02:50.897807 shutdown(17, SHUT_WR <unfinished ...>
318342 17:02:50.897836 nanosleep({tv_sec=0, tv_nsec=20000},  <unfinished ...>
318340 17:02:50.897873 fstat(13,  <unfinished ...>
318337 17:02:50.897889 <... sched_yield resumed>) = 0
318326 17:02:50.897915 futex(0xc000524148, FUTEX_WAKE_PRIVATE, 1 <unfinished ...>
318340 17:02:50.897952 <... fstat resumed>{st_mode=S_IFDIR|0555, st_size=0, ...}) = 0
318337 17:02:50.897982 read(18,  <unfinished ...>
318327 17:02:50.897998 <... shutdown resumed>) = 0
318342 17:02:50.898017 <... nanosleep resumed>NULL) = 0
318341 17:02:50.898034 <... futex resumed>) = 0
318340 17:02:50.898050 openat2(AT_FDCWD, ".", {flags=O_RDONLY|O_CLOEXEC|O_PATH, resolve=RESOLVE_NO_SYMLINKS|RESOLVE_IN_ROOT}, 24 <unfinished ...>
318337 17:02:50.898084 <... read resumed>"", 4096) = 0
318326 17:02:50.898112 <... futex resumed>) = 1
318342 17:02:50.898132 nanosleep({tv_sec=0, tv_nsec=40000},  <unfinished ...>
318341 17:02:50.898160 nanosleep({tv_sec=0, tv_nsec=3000},  <unfinished ...>
318340 17:02:50.898194 <... openat2 resumed>) = -1 (errno 1145)
318337 17:02:50.898223 epoll_ctl(4, EPOLL_CTL_DEL, 18, 0xc0003b6624 <unfinished ...>
318327 17:02:50.898250 futex(0xc000100148, FUTEX_WAKE_PRIVATE, 1 <unfinished ...>
318342 17:02:50.898277 <... nanosleep resumed>NULL) = 0
318340 17:02:50.898294 fcntl(13, F_DUPFD_CLOEXEC, 0 <unfinished ...>
318326 17:02:50.898320 getpid( <unfinished ...>
318342 17:02:50.898339 epoll_pwait(9,  <unfinished ...>
318341 17:02:50.898365 <... nanosleep resumed>NULL) = 0
318340 17:02:50.898382 <... fcntl resumed>) = 4
318337 17:02:50.898408 <... epoll_ctl resumed>) = 0
318329 17:02:50.898452 <... futex resumed>) = 0
318327 17:02:50.898469 <... futex resumed>) = 1
318342 17:02:50.898498 <... epoll_pwait resumed>[], 128, 0, NULL, 0) = 0
318341 17:02:50.898515 futex(0xc000101948, FUTEX_WAKE_PRIVATE, 1 <unfinished ...>
318340 17:02:50.898541 fcntl(4, F_GETFL <unfinished ...>
318337 17:02:50.898558 close(18 <unfinished ...>
318329 17:02:50.898584 epoll_pwait(4,  <unfinished ...>
318326 17:02:50.898620 <... getpid resumed>) = 318325
318342 17:02:50.898644 nanosleep({tv_sec=0, tv_nsec=80000},  <unfinished ...>
318341 17:02:50.898665 <... futex resumed>) = 1
318340 17:02:50.898691 <... fcntl resumed>) = 0x200000 (flags O_RDONLY|O_PATH)
318337 17:02:50.898719 <... close resumed>) = 0
318333 17:02:50.898735 <... futex resumed>) = 0
318327 17:02:50.898761 futex(0xc000380148, FUTEX_WAKE_PRIVATE, 1 <unfinished ...>
318341 17:02:50.898778 futex(0xc000524148, FUTEX_WAIT_PRIVATE, 0, NULL <unfinished ...>
318340 17:02:50.898801 openat(4, "thread-self", O_RDONLY|O_NOFOLLOW|O_CLOEXEC|O_PATH <unfinished ...>
318337 17:02:50.898832 futex(0xc000073148, FUTEX_WAKE_PRIVATE, 1 <unfinished ...>
318326 17:02:50.898867 tgkill(318325, 318327, SIGURG <unfinished ...>
318342 17:02:50.898897 <... nanosleep resumed>NULL) = 0
318340 17:02:50.898924 <... openat resumed>) = 5
318337 17:02:50.898941 <... futex resumed>) = 0
318335 17:02:50.898967 <... futex resumed>) = 0
318333 17:02:50.898984 futex(0xc000101948, FUTEX_WAIT_PRIVATE, 0, NULL <unfinished ...>
318327 17:02:50.899010 <... futex resumed>) = 1
318342 17:02:50.899047 nanosleep({tv_sec=0, tv_nsec=160000},  <unfinished ...>
318340 17:02:50.899077 fcntl(5, F_GETFL <unfinished ...>
318337 17:02:50.899107 futex(0xc000402148, FUTEX_WAIT_PRIVATE, 0, NULL <unfinished ...>
318335 17:02:50.899135 futex(0xc000380148, FUTEX_WAIT_PRIVATE, 0, NULL <unfinished ...>
318326 17:02:50.899161 <... tgkill resumed>) = 0
318340 17:02:50.899214 <... fcntl resumed>) = 0x220000 (flags O_RDONLY|O_NOFOLLOW|O_PATH)
318327 17:02:50.899240 --- SIGURG {si_signo=SIGURG, si_code=SI_TKILL, si_pid=318325, si_uid=0} ---
318340 17:02:50.899259 fstatfs(5,  <unfinished ...>
318326 17:02:50.899284 nanosleep({tv_sec=0, tv_nsec=20000},  <unfinished ...>
318342 17:02:50.899322 <... nanosleep resumed>NULL) = 0
318340 17:02:50.899346 <... fstatfs resumed>{f_type=PROC_SUPER_MAGIC, f_bsize=4096, f_blocks=0, f_bfree=0, f_bavail=0, f_files=0, f_ffree=0, f_fsid={val=[0x5c, 0]}, f_namelen=255, f_frsize=4096, f_flags=ST_VALID|ST_NOSUID|ST_NODEV|ST_NOEXEC|ST_RELATIME}) = 0
318327 17:02:50.899384 futex(0xf0b780, FUTEX_WAKE_PRIVATE, 1 <unfinished ...>
318342 17:02:50.899401 nanosleep({tv_sec=0, tv_nsec=320000},  <unfinished ...>
318340 17:02:50.899428 statx(13, "", AT_STATX_SYNC_AS_STAT|AT_SYMLINK_NOFOLLOW|AT_EMPTY_PATH, STATX_MNT_ID|STATX_MNT_ID_UNIQUE,  <unfinished ...>
318332 17:02:50.899460 <... futex resumed>) = 0
318327 17:02:50.899503 <... futex resumed>) = 1
318326 17:02:50.899522 <... nanosleep resumed>NULL) = 0
318340 17:02:50.899556 <... statx resumed>{stx_mask=STATX_BASIC_STATS|STATX_MNT_ID_UNIQUE, stx_attributes=STATX_ATTR_MOUNT_ROOT, stx_mode=S_IFDIR|0555, stx_size=0, ...}) = 0
318332 17:02:50.899585 futex(0xf0b780, FUTEX_WAIT_PRIVATE, 0, NULL <unfinished ...>
318327 17:02:50.899616 rt_sigreturn({mask=[]} <unfinished ...>
318340 17:02:50.899653 statx(5, "", AT_STATX_SYNC_AS_STAT|AT_SYMLINK_NOFOLLOW|AT_EMPTY_PATH, STATX_MNT_ID|STATX_MNT_ID_UNIQUE,  <unfinished ...>
318326 17:02:50.899691 nanosleep({tv_sec=0, tv_nsec=20000},  <unfinished ...>
318340 17:02:50.899711 <... statx resumed>{stx_mask=STATX_BASIC_STATS|STATX_MNT_ID_UNIQUE, stx_attributes=0, stx_mode=S_IFLNK|0777, stx_size=0, ...}) = 0
318327 17:02:50.899738 <... rt_sigreturn resumed>) = 1
318340 17:02:50.899755 fstat(5,  <unfinished ...>
318327 17:02:50.899781 futex(0xc000380148, FUTEX_WAKE_PRIVATE, 1 <unfinished ...>
318342 17:02:50.899816 <... nanosleep resumed>NULL) = 0
318340 17:02:50.899832 <... fstat resumed>{st_mode=S_IFLNK|0777, st_size=0, ...}) = 0
318326 17:02:50.899859 <... nanosleep resumed>NULL) = 0
318342 17:02:50.899878 nanosleep({tv_sec=0, tv_nsec=640000},  <unfinished ...>
318340 17:02:50.899904 readlinkat(5, "",  <unfinished ...>
318335 17:02:50.899951 <... futex resumed>) = 0
318327 17:02:50.899985 <... futex resumed>) = 1
318340 17:02:50.900012 <... readlinkat resumed>"1/task/1", 4096) = 8
318335 17:02:50.900030 nanosleep({tv_sec=0, tv_nsec=3000},  <unfinished ...>
318326 17:02:50.900048 nanosleep({tv_sec=0, tv_nsec=20000},  <unfinished ...>
318340 17:02:50.900076 close(5 <unfinished ...>
318327 17:02:50.900102 close(15 <unfinished ...>
318340 17:02:50.900128 <... close resumed>) = 0
318335 17:02:50.900160 <... nanosleep resumed>NULL) = 0
318340 17:02:50.900187 openat(4, "1", O_RDONLY|O_NOFOLLOW|O_CLOEXEC|O_PATH <unfinished ...>
318327 17:02:50.900213 <... close resumed>) = 0
318326 17:02:50.900229 <... nanosleep resumed>NULL) = 0
318340 17:02:50.900256 <... openat resumed>) = 5
318335 17:02:50.900272 futex(0xc000402148, FUTEX_WAKE_PRIVATE, 1 <unfinished ...>
318327 17:02:50.900297 close(17 <unfinished ...>
318340 17:02:50.900333 fcntl(5, F_GETFL <unfinished ...>
318337 17:02:50.900358 <... futex resumed>) = 0
318335 17:02:50.900386 <... futex resumed>) = 1
318326 17:02:50.900402 nanosleep({tv_sec=0, tv_nsec=20000},  <unfinished ...>
318340 17:02:50.900431 <... fcntl resumed>) = 0x220000 (flags O_RDONLY|O_NOFOLLOW|O_PATH)
318337 17:02:50.900447 futex(0xc000402148, FUTEX_WAIT_PRIVATE, 0, NULL <unfinished ...>
318335 17:02:50.900474 futex(0xc000101948, FUTEX_WAKE_PRIVATE, 1 <unfinished ...>
318327 17:02:50.900490 <... close resumed>) = 0
318340 17:02:50.900517 fstatfs(5,  <unfinished ...>
318335 17:02:50.900551 <... futex resumed>) = 1
318333 17:02:50.900576 <... futex resumed>) = 0
318326 17:02:50.900610 <... nanosleep resumed>NULL) = 0
318342 17:02:50.900628 <... nanosleep resumed>NULL) = 0
318340 17:02:50.900653 <... fstatfs resumed>{f_type=PROC_SUPER_MAGIC, f_bsize=4096, f_blocks=0, f_bfree=0, f_bavail=0, f_files=0, f_ffree=0, f_fsid={val=[0x5c, 0]}, f_namelen=255, f_frsize=4096, f_flags=ST_VALID|ST_NOSUID|ST_NODEV|ST_NOEXEC|ST_RELATIME}) = 0
318335 17:02:50.900692 futex(0xc000380148, FUTEX_WAIT_PRIVATE, 0, NULL <unfinished ...>
318333 17:02:50.900709 close(16 <unfinished ...>
318327 17:02:50.900733 close(19 <unfinished ...>
318342 17:02:50.900751 nanosleep({tv_sec=0, tv_nsec=1280000},  <unfinished ...>
318340 17:02:50.900778 statx(13, "", AT_STATX_SYNC_AS_STAT|AT_SYMLINK_NOFOLLOW|AT_EMPTY_PATH, STATX_MNT_ID|STATX_MNT_ID_UNIQUE,  <unfinished ...>
318333 17:02:50.900814 <... close resumed>) = 0
318326 17:02:50.900829 nanosleep({tv_sec=0, tv_nsec=20000},  <unfinished ...>
318340 17:02:50.900858 <... statx resumed>{stx_mask=STATX_BASIC_STATS|STATX_MNT_ID_UNIQUE, stx_attributes=STATX_ATTR_MOUNT_ROOT, stx_mode=S_IFDIR|0555, stx_size=0, ...}) = 0
318333 17:02:50.900894 rt_sigprocmask(SIG_SETMASK, ~[RTMIN RT_1 RT_2],  <unfinished ...>
318327 17:02:50.900913 <... close resumed>) = 0
318340 17:02:50.900940 statx(5, "", AT_STATX_SYNC_AS_STAT|AT_SYMLINK_NOFOLLOW|AT_EMPTY_PATH, STATX_MNT_ID|STATX_MNT_ID_UNIQUE,  <unfinished ...>
318333 17:02:50.900976 <... rt_sigprocmask resumed>NULL, 8) = 0
318326 17:02:50.901004 <... nanosleep resumed>NULL) = 0
318340 17:02:50.901023 <... statx resumed>{stx_mask=STATX_BASIC_STATS|STATX_MNT_ID_UNIQUE, stx_attributes=0, stx_mode=S_IFDIR|0555, stx_size=0, ...}) = 0
318333 17:02:50.901050 sigaltstack({ss_sp=NULL, ss_flags=SS_DISABLE, ss_size=0},  <unfinished ...>
318327 17:02:50.901088 close(22 <unfinished ...>
318340 17:02:50.901106 fstat(5,  <unfinished ...>
318333 17:02:50.901131 <... sigaltstack resumed>NULL) = 0
318326 17:02:50.901147 nanosleep({tv_sec=0, tv_nsec=20000},  <unfinished ...>
318340 17:02:50.901176 <... fstat resumed>{st_mode=S_IFDIR|0555, st_size=0, ...}) = 0
318333 17:02:50.901212 rt_sigprocmask(SIG_BLOCK, ~[RT_1],  <unfinished ...>
318327 17:02:50.901230 <... close resumed>) = 0
318340 17:02:50.901247 close(4 <unfinished ...>
318333 17:02:50.901263 <... rt_sigprocmask resumed>NULL, 8) = 0
318340 17:02:50.901289 <... close resumed>) = 0
318327 17:02:50.901324 futex(0xc000380148, FUTEX_WAKE_PRIVATE, 1 <unfinished ...>
318326 17:02:50.901340 <... nanosleep resumed>NULL) = 0
318340 17:02:50.901367 openat(5, "task", O_RDONLY|O_NOFOLLOW|O_CLOEXEC|O_PATH <unfinished ...>
318335 17:02:50.901405 <... futex resumed>) = 0
318333 17:02:50.901429 madvise(0x73bdadffc000, 8368128, MADV_DONTNEED <unfinished ...>
318327 17:02:50.901445 <... futex resumed>) = 1
318340 17:02:50.901472 <... openat resumed>) = 4
318335 17:02:50.901497 nanosleep({tv_sec=0, tv_nsec=3000},  <unfinished ...>
318333 17:02:50.901533 <... madvise resumed>) = 0
318326 17:02:50.901549 nanosleep({tv_sec=0, tv_nsec=20000},  <unfinished ...>
318340 17:02:50.901576 fcntl(4, F_GETFL <unfinished ...>
318333 17:02:50.901592 exit(0 <unfinished ...>
318327 17:02:50.901608 write(5, "\1\0\0\0\0\0\0\0", 8 <unfinished ...>
318340 17:02:50.901637 <... fcntl resumed>) = 0x220000 (flags O_RDONLY|O_NOFOLLOW|O_PATH)
318335 17:02:50.901676 <... nanosleep resumed>NULL) = 0
318333 17:02:50.901696 <... exit resumed>) = ?
318340 17:02:50.901729 fstatfs(4,  <unfinished ...>
318335 17:02:50.901761 futex(0xc000402148, FUTEX_WAKE_PRIVATE, 1 <unfinished ...>
318329 17:02:50.901792 <... epoll_pwait resumed>[{events=EPOLLIN, data={u32=15773400, u64=15773400}}], 128, 59742, NULL, 0) = 1
318327 17:02:50.901818 <... write resumed>) = 8
318326 17:02:50.901848 <... nanosleep resumed>NULL) = 0
318340 17:02:50.901877 <... fstatfs resumed>{f_type=PROC_SUPER_MAGIC, f_bsize=4096, f_blocks=0, f_bfree=0, f_bavail=0, f_files=0, f_ffree=0, f_fsid={val=[0x5c, 0]}, f_namelen=255, f_frsize=4096, f_flags=ST_VALID|ST_NOSUID|ST_NODEV|ST_NOEXEC|ST_RELATIME}) = 0
318337 17:02:50.901912 <... futex resumed>) = 0
318335 17:02:50.901942 <... futex resumed>) = 1
318333 17:02:50.901972 +++ exited with 0 +++
318329 17:02:50.901980 read(5,  <unfinished ...>
318327 17:02:50.901997 futex(0xc000073148, FUTEX_WAIT_PRIVATE, 0, NULL <unfinished ...>
318326 17:02:50.902028 nanosleep({tv_sec=0, tv_nsec=20000},  <unfinished ...>
318340 17:02:50.902067 statx(13, "", AT_STATX_SYNC_AS_STAT|AT_SYMLINK_NOFOLLOW|AT_EMPTY_PATH, STATX_MNT_ID|STATX_MNT_ID_UNIQUE,  <unfinished ...>
318337 17:02:50.902085 futex(0xc000402148, FUTEX_WAIT_PRIVATE, 0, NULL <unfinished ...>
318335 17:02:50.902111 openat(AT_FDCWD, "/run/runc/anolix-07e208e041f2/exec.fifo", O_RDONLY|O_CLOEXEC <unfinished ...>
318329 17:02:50.902147 <... read resumed>"\1\0\0\0\0\0\0\0", 8) = 8
318342 17:02:50.902176 <... nanosleep resumed>NULL) = 0
318340 17:02:50.902210 <... statx resumed>{stx_mask=STATX_BASIC_STATS|STATX_MNT_ID_UNIQUE, stx_attributes=STATX_ATTR_MOUNT_ROOT, stx_mode=S_IFDIR|0555, stx_size=0, ...}) = 0
318326 17:02:50.902238 <... nanosleep resumed>NULL) = 0
318342 17:02:50.902255 nanosleep({tv_sec=0, tv_nsec=2560000},  <unfinished ...>
318340 17:02:50.902282 statx(4, "", AT_STATX_SYNC_AS_STAT|AT_SYMLINK_NOFOLLOW|AT_EMPTY_PATH, STATX_MNT_ID|STATX_MNT_ID_UNIQUE,  <unfinished ...>
318329 17:02:50.902300 epoll_pwait(4,  <unfinished ...>
318340 17:02:50.902328 <... statx resumed>{stx_mask=STATX_BASIC_STATS|STATX_MNT_ID_UNIQUE, stx_attributes=0, stx_mode=S_IFDIR|0555, stx_size=0, ...}) = 0
318326 17:02:50.902365 nanosleep({tv_sec=0, tv_nsec=20000},  <unfinished ...>
318340 17:02:50.902387 fstat(4, {st_mode=S_IFDIR|0555, st_size=0, ...}) = 0
318340 17:02:50.902499 close(5 <unfinished ...>
318326 17:02:50.902540 <... nanosleep resumed>NULL) = 0
318340 17:02:50.902558 <... close resumed>) = 0
318326 17:02:50.902584 nanosleep({tv_sec=0, tv_nsec=20000},  <unfinished ...>
318340 17:02:50.902622 openat(4, "1", O_RDONLY|O_NOFOLLOW|O_CLOEXEC|O_PATH) = 5
318326 17:02:50.902707 <... nanosleep resumed>NULL) = 0
318340 17:02:50.902744 fcntl(5, F_GETFL <unfinished ...>
318326 17:02:50.902761 nanosleep({tv_sec=0, tv_nsec=20000},  <unfinished ...>
318340 17:02:50.902789 <... fcntl resumed>) = 0x220000 (flags O_RDONLY|O_NOFOLLOW|O_PATH)
318340 17:02:50.902828 fstatfs(5, {f_type=PROC_SUPER_MAGIC, f_bsize=4096, f_blocks=0, f_bfree=0, f_bavail=0, f_files=0, f_ffree=0, f_fsid={val=[0x5c, 0]}, f_namelen=255, f_frsize=4096, f_flags=ST_VALID|ST_NOSUID|ST_NODEV|ST_NOEXEC|ST_RELATIME}) = 0
318326 17:02:50.902934 <... nanosleep resumed>NULL) = 0
318340 17:02:50.902966 statx(13, "", AT_STATX_SYNC_AS_STAT|AT_SYMLINK_NOFOLLOW|AT_EMPTY_PATH, STATX_MNT_ID|STATX_MNT_ID_UNIQUE,  <unfinished ...>
318326 17:02:50.903006 nanosleep({tv_sec=0, tv_nsec=20000},  <unfinished ...>
318340 17:02:50.903044 <... statx resumed>{stx_mask=STATX_BASIC_STATS|STATX_MNT_ID_UNIQUE, stx_attributes=STATX_ATTR_MOUNT_ROOT, stx_mode=S_IFDIR|0555, stx_size=0, ...}) = 0
318340 17:02:50.903109 statx(5, "", AT_STATX_SYNC_AS_STAT|AT_SYMLINK_NOFOLLOW|AT_EMPTY_PATH, STATX_MNT_ID|STATX_MNT_ID_UNIQUE,  <unfinished ...>
318326 17:02:50.903150 <... nanosleep resumed>NULL) = 0
318340 17:02:50.903167 <... statx resumed>{stx_mask=STATX_BASIC_STATS|STATX_MNT_ID_UNIQUE, stx_attributes=0, stx_mode=S_IFDIR|0555, stx_size=0, ...}) = 0
318326 17:02:50.903192 nanosleep({tv_sec=0, tv_nsec=20000},  <unfinished ...>
318340 17:02:50.903209 fstat(5, {st_mode=S_IFDIR|0555, st_size=0, ...}) = 0
318340 17:02:50.903308 close(4 <unfinished ...>
318326 17:02:50.903350 <... nanosleep resumed>NULL) = 0
318340 17:02:50.903370 <... close resumed>) = 0
318326 17:02:50.903395 nanosleep({tv_sec=0, tv_nsec=20000},  <unfinished ...>
318340 17:02:50.903414 openat(5, "fd", O_RDONLY|O_NOFOLLOW|O_CLOEXEC|O_PATH) = 4
318340 17:02:50.903537 fcntl(4, F_GETFL <unfinished ...>
318326 17:02:50.903573 <... nanosleep resumed>NULL) = 0
318340 17:02:50.903591 <... fcntl resumed>) = 0x220000 (flags O_RDONLY|O_NOFOLLOW|O_PATH)
318326 17:02:50.903617 nanosleep({tv_sec=0, tv_nsec=20000},  <unfinished ...>
318340 17:02:50.903638 fstatfs(4, {f_type=PROC_SUPER_MAGIC, f_bsize=4096, f_blocks=0, f_bfree=0, f_bavail=0, f_files=0, f_ffree=0, f_fsid={val=[0x5c, 0]}, f_namelen=255, f_frsize=4096, f_flags=ST_VALID|ST_NOSUID|ST_NODEV|ST_NOEXEC|ST_RELATIME}) = 0
318326 17:02:50.903724 <... nanosleep resumed>NULL) = 0
318340 17:02:50.903742 statx(13, "", AT_STATX_SYNC_AS_STAT|AT_SYMLINK_NOFOLLOW|AT_EMPTY_PATH, STATX_MNT_ID|STATX_MNT_ID_UNIQUE,  <unfinished ...>
318326 17:02:50.903771 nanosleep({tv_sec=0, tv_nsec=20000},  <unfinished ...>
318340 17:02:50.903808 <... statx resumed>{stx_mask=STATX_BASIC_STATS|STATX_MNT_ID_UNIQUE, stx_attributes=STATX_ATTR_MOUNT_ROOT, stx_mode=S_IFDIR|0555, stx_size=0, ...}) = 0
318340 17:02:50.903860 statx(4, "", AT_STATX_SYNC_AS_STAT|AT_SYMLINK_NOFOLLOW|AT_EMPTY_PATH, STATX_MNT_ID|STATX_MNT_ID_UNIQUE,  <unfinished ...>
318326 17:02:50.903905 <... nanosleep resumed>NULL) = 0
318340 17:02:50.903937 <... statx resumed>{stx_mask=STATX_BASIC_STATS|STATX_MNT_ID_UNIQUE, stx_attributes=0, stx_mode=S_IFDIR|0500, stx_size=11, ...}) = 0
318326 17:02:50.903974 nanosleep({tv_sec=0, tv_nsec=20000},  <unfinished ...>
318340 17:02:50.903993 close(5)         = 0
318340 17:02:50.904096 fstatfs(4,  <unfinished ...>
318326 17:02:50.904137 <... nanosleep resumed>NULL) = 0
318340 17:02:50.904157 <... fstatfs resumed>{f_type=PROC_SUPER_MAGIC, f_bsize=4096, f_blocks=0, f_bfree=0, f_bavail=0, f_files=0, f_ffree=0, f_fsid={val=[0x5c, 0]}, f_namelen=255, f_frsize=4096, f_flags=ST_VALID|ST_NOSUID|ST_NODEV|ST_NOEXEC|ST_RELATIME}) = 0
318326 17:02:50.904189 nanosleep({tv_sec=0, tv_nsec=20000},  <unfinished ...>
318340 17:02:50.904230 statx(13, "", AT_STATX_SYNC_AS_STAT|AT_SYMLINK_NOFOLLOW|AT_EMPTY_PATH, STATX_MNT_ID|STATX_MNT_ID_UNIQUE, {stx_mask=STATX_BASIC_STATS|STATX_MNT_ID_UNIQUE, stx_attributes=STATX_ATTR_MOUNT_ROOT, stx_mode=S_IFDIR|0555, stx_size=0, ...}) = 0
318326 17:02:50.904332 <... nanosleep resumed>NULL) = 0
318340 17:02:50.904351 statx(4, "", AT_STATX_SYNC_AS_STAT|AT_SYMLINK_NOFOLLOW|AT_EMPTY_PATH, STATX_MNT_ID|STATX_MNT_ID_UNIQUE,  <unfinished ...>
318326 17:02:50.904379 nanosleep({tv_sec=0, tv_nsec=20000},  <unfinished ...>
318340 17:02:50.904408 <... statx resumed>{stx_mask=STATX_BASIC_STATS|STATX_MNT_ID_UNIQUE, stx_attributes=0, stx_mode=S_IFDIR|0500, stx_size=10, ...}) = 0
318340 17:02:50.904467 statx(13, "", AT_STATX_SYNC_AS_STAT|AT_SYMLINK_NOFOLLOW|AT_EMPTY_PATH, STATX_MNT_ID|STATX_MNT_ID_UNIQUE,  <unfinished ...>
318326 17:02:50.904505 <... nanosleep resumed>NULL) = 0
318340 17:02:50.904522 <... statx resumed>{stx_mask=STATX_BASIC_STATS|STATX_MNT_ID_UNIQUE, stx_attributes=STATX_ATTR_MOUNT_ROOT, stx_mode=S_IFDIR|0555, stx_size=0, ...}) = 0
318326 17:02:50.904550 nanosleep({tv_sec=0, tv_nsec=20000},  <unfinished ...>
318340 17:02:50.904586 statx(4, "7", AT_STATX_SYNC_AS_STAT|AT_SYMLINK_NOFOLLOW|AT_EMPTY_PATH, STATX_MNT_ID|STATX_MNT_ID_UNIQUE, {stx_mask=STATX_BASIC_STATS|STATX_MNT_ID_UNIQUE, stx_attributes=0, stx_mode=S_IFLNK|000, stx_size=64, ...}) = 0
318326 17:02:50.904679 <... nanosleep resumed>NULL) = 0
318340 17:02:50.904696 openat(4, "7", O_WRONLY|O_CLOEXEC <unfinished ...>
318326 17:02:50.904724 nanosleep({tv_sec=0, tv_nsec=20000},  <unfinished ...>
318340 17:02:50.904760 <... openat resumed>) = 5
318335 17:02:50.904794 <... openat resumed>) = 15
318340 17:02:50.904811 fcntl(5, F_GETFL <unfinished ...>
318335 17:02:50.904838 fcntl(15, F_GETFL <unfinished ...>
318326 17:02:50.904854 <... nanosleep resumed>NULL) = 0
318340 17:02:50.904880 <... fcntl resumed>) = 0x8001 (flags O_WRONLY|O_LARGEFILE)
318335 17:02:50.904915 <... fcntl resumed>) = 0x8000 (flags O_RDONLY|O_LARGEFILE)
318342 17:02:50.904942 <... nanosleep resumed>NULL) = 0
318340 17:02:50.904976 close(4 <unfinished ...>
318326 17:02:50.904992 nanosleep({tv_sec=0, tv_nsec=20000},  <unfinished ...>
318342 17:02:50.905020 nanosleep({tv_sec=0, tv_nsec=5120000},  <unfinished ...>
318340 17:02:50.905047 <... close resumed>) = 0
318335 17:02:50.905083 fcntl(15, F_SETFL, O_RDONLY|O_NONBLOCK|O_LARGEFILE <unfinished ...>
318340 17:02:50.905100 write(5, "0", 1 <unfinished ...>
318335 17:02:50.905128 <... fcntl resumed>) = 0
318326 17:02:50.905143 <... nanosleep resumed>NULL) = 0
318340 17:02:50.905170 <... write resumed>) = 1
318335 17:02:50.905186 epoll_ctl(4, EPOLL_CTL_ADD, 15, {events=EPOLLIN|EPOLLOUT|EPOLLRDHUP|EPOLLET, data={u32=1464860674, u64=8340029791043321858}} <unfinished ...>
318340 17:02:50.905215 close(5 <unfinished ...>
318326 17:02:50.905230 nanosleep({tv_sec=0, tv_nsec=20000},  <unfinished ...>
318340 17:02:50.905258 <... close resumed>) = 0
318335 17:02:50.905292 <... epoll_ctl resumed>) = 0
318329 17:02:50.905308 <... epoll_pwait resumed>[{events=EPOLLIN, data={u32=1464860674, u64=8340029791043321858}}], 128, 99, NULL, 0) = 1
318340 17:02:50.905338 close(7 <unfinished ...>
318335 17:02:50.905353 futex(0xc000402148, FUTEX_WAKE_PRIVATE, 1 <unfinished ...>
318340 17:02:50.905380 <... close resumed>) = 0
318329 17:02:50.905415 nanosleep({tv_sec=0, tv_nsec=3000},  <unfinished ...>
318326 17:02:50.905433 <... nanosleep resumed>NULL) = 0
318340 17:02:50.905460 fstatfs(13,  <unfinished ...>
318337 17:02:50.905494 <... futex resumed>) = 0
318335 17:02:50.905519 <... futex resumed>) = 1
318340 17:02:50.905548 <... fstatfs resumed>{f_type=PROC_SUPER_MAGIC, f_bsize=4096, f_blocks=0, f_bfree=0, f_bavail=0, f_files=0, f_ffree=0, f_fsid={val=[0x5c, 0]}, f_namelen=255, f_frsize=4096, f_flags=ST_VALID|ST_NOSUID|ST_NODEV|ST_NOEXEC|ST_RELATIME}) = 0
318337 17:02:50.905576 nanosleep({tv_sec=0, tv_nsec=3000},  <unfinished ...>
318329 17:02:50.905595 <... nanosleep resumed>NULL) = 0
318326 17:02:50.905624 nanosleep({tv_sec=0, tv_nsec=20000},  <unfinished ...>
318340 17:02:50.905654 fstat(13,  <unfinished ...>
318335 17:02:50.905670 futex(0xc000073148, FUTEX_WAKE_PRIVATE, 1 <unfinished ...>
318329 17:02:50.905695 epoll_pwait(4,  <unfinished ...>
318340 17:02:50.905732 <... fstat resumed>{st_mode=S_IFDIR|0555, st_size=0, ...}) = 0
318337 17:02:50.905750 <... nanosleep resumed>NULL) = 0
318335 17:02:50.905775 <... futex resumed>) = 1
318327 17:02:50.905810 <... futex resumed>) = 0
318340 17:02:50.905828 fcntl(13, F_DUPFD_CLOEXEC, 0 <unfinished ...>
318337 17:02:50.905853 futex(0xc000402148, FUTEX_WAIT_PRIVATE, 0, NULL <unfinished ...>
318335 17:02:50.905869 futex(0xc000380148, FUTEX_WAIT_PRIVATE, 0, NULL <unfinished ...>
318329 17:02:50.905894 <... epoll_pwait resumed>[{events=EPOLLIN|EPOLLHUP, data={u32=1464860674, u64=8340029791043321858}}], 128, 96, NULL, 0) = 1
318326 17:02:50.905930 <... nanosleep resumed>NULL) = 0
318340 17:02:50.905957 <... fcntl resumed>) = 4
318329 17:02:50.905973 epoll_pwait(4,  <unfinished ...>
318327 17:02:50.906039 read(15,  <unfinished ...>
318340 17:02:50.906079 fcntl(4, F_GETFL <unfinished ...>
318326 17:02:50.906120 nanosleep({tv_sec=0, tv_nsec=20000},  <unfinished ...>
318340 17:02:50.906150 <... fcntl resumed>) = 0x200000 (flags O_RDONLY|O_PATH)
318327 17:02:50.906175 <... read resumed>"0", 512) = 1
318340 17:02:50.906228 openat(4, "thread-self", O_RDONLY|O_NOFOLLOW|O_CLOEXEC|O_PATH <unfinished ...>
318327 17:02:50.906253 read(15,  <unfinished ...>
318326 17:02:50.906283 <... nanosleep resumed>NULL) = 0
318340 17:02:50.906306 <... openat resumed>) = 5
318327 17:02:50.906336 <... read resumed>"", 511) = 0
318340 17:02:50.906358 fcntl(5, F_GETFL <unfinished ...>
318326 17:02:50.906388 nanosleep({tv_sec=0, tv_nsec=20000},  <unfinished ...>
318340 17:02:50.906411 <... fcntl resumed>) = 0x220000 (flags O_RDONLY|O_NOFOLLOW|O_PATH)
318327 17:02:50.906434 unlinkat(AT_FDCWD, "/run/runc/anolix-07e208e041f2/exec.fifo", 0 <unfinished ...>
318340 17:02:50.906468 fstatfs(5,  <unfinished ...>
318327 17:02:50.906502 <... unlinkat resumed>) = 0
318326 17:02:50.906522 <... nanosleep resumed>NULL) = 0
318340 17:02:50.906553 <... fstatfs resumed>{f_type=PROC_SUPER_MAGIC, f_bsize=4096, f_blocks=0, f_bfree=0, f_bavail=0, f_files=0, f_ffree=0, f_fsid={val=[0x5c, 0]}, f_namelen=255, f_frsize=4096, f_flags=ST_VALID|ST_NOSUID|ST_NODEV|ST_NOEXEC|ST_RELATIME}) = 0
318327 17:02:50.906588 epoll_ctl(4, EPOLL_CTL_DEL, 15, 0xc0001a2ecc <unfinished ...>
318340 17:02:50.906620 statx(13, "", AT_STATX_SYNC_AS_STAT|AT_SYMLINK_NOFOLLOW|AT_EMPTY_PATH, STATX_MNT_ID|STATX_MNT_ID_UNIQUE,  <unfinished ...>
318326 17:02:50.906644 nanosleep({tv_sec=0, tv_nsec=20000},  <unfinished ...>
318340 17:02:50.906678 <... statx resumed>{stx_mask=STATX_BASIC_STATS|STATX_MNT_ID_UNIQUE, stx_attributes=STATX_ATTR_MOUNT_ROOT, stx_mode=S_IFDIR|0555, stx_size=0, ...}) = 0
318327 17:02:50.906702 <... epoll_ctl resumed>) = 0
318340 17:02:50.906723 statx(5, "", AT_STATX_SYNC_AS_STAT|AT_SYMLINK_NOFOLLOW|AT_EMPTY_PATH, STATX_MNT_ID|STATX_MNT_ID_UNIQUE,  <unfinished ...>
318327 17:02:50.906757 close(15 <unfinished ...>
318340 17:02:50.906789 <... statx resumed>{stx_mask=STATX_BASIC_STATS|STATX_MNT_ID_UNIQUE, stx_attributes=0, stx_mode=S_IFLNK|0777, stx_size=0, ...}) = 0
318326 17:02:50.906824 <... nanosleep resumed>NULL) = 0
318340 17:02:50.906856 fstat(5,  <unfinished ...>
318327 17:02:50.906875 <... close resumed>) = 0
318340 17:02:50.906917 <... fstat resumed>{st_mode=S_IFLNK|0777, st_size=0, ...}) = 0
318326 17:02:50.906949 nanosleep({tv_sec=0, tv_nsec=20000},  <unfinished ...>
318340 17:02:50.906972 readlinkat(5, "",  <unfinished ...>
318327 17:02:50.907005 epoll_ctl(4, EPOLL_CTL_DEL, 6, 0xc0001a3034 <unfinished ...>
318340 17:02:50.907046 <... readlinkat resumed>"1/task/1", 4096) = 8
318327 17:02:50.907081 <... epoll_ctl resumed>) = 0
318326 17:02:50.907101 <... nanosleep resumed>NULL) = 0
318340 17:02:50.907122 close(5 <unfinished ...>
318327 17:02:50.907152 close(6 <unfinished ...>
318340 17:02:50.907187 <... close resumed>) = 0
318326 17:02:50.907225 nanosleep({tv_sec=0, tv_nsec=20000},  <unfinished ...>
318340 17:02:50.907251 openat(4, "1", O_RDONLY|O_NOFOLLOW|O_CLOEXEC|O_PATH <unfinished ...>
318327 17:02:50.907283 <... close resumed>) = 0
318340 17:02:50.907304 <... openat resumed>) = 5
318327 17:02:50.907337 epoll_ctl(4, EPOLL_CTL_DEL, 11, 0xc0001a3034 <unfinished ...>
318326 17:02:50.907358 <... nanosleep resumed>NULL) = 0
318340 17:02:50.907381 fcntl(5, F_GETFL <unfinished ...>
318327 17:02:50.907400 <... epoll_ctl resumed>) = 0
318340 17:02:50.907419 <... fcntl resumed>) = 0x220000 (flags O_RDONLY|O_NOFOLLOW|O_PATH)
318326 17:02:50.907449 nanosleep({tv_sec=0, tv_nsec=20000},  <unfinished ...>
318340 17:02:50.907482 fstatfs(5,  <unfinished ...>
318327 17:02:50.907512 close(11 <unfinished ...>
318340 17:02:50.907531 <... fstatfs resumed>{f_type=PROC_SUPER_MAGIC, f_bsize=4096, f_blocks=0, f_bfree=0, f_bavail=0, f_files=0, f_ffree=0, f_fsid={val=[0x5c, 0]}, f_namelen=255, f_frsize=4096, f_flags=ST_VALID|ST_NOSUID|ST_NODEV|ST_NOEXEC|ST_RELATIME}) = 0
318327 17:02:50.907553 <... close resumed>) = 0
318340 17:02:50.907571 statx(13, "", AT_STATX_SYNC_AS_STAT|AT_SYMLINK_NOFOLLOW|AT_EMPTY_PATH, STATX_MNT_ID|STATX_MNT_ID_UNIQUE,  <unfinished ...>
318327 17:02:50.907603 epoll_ctl(4, EPOLL_CTL_DEL, 13, 0xc0001a3034 <unfinished ...>
318326 17:02:50.907639 <... nanosleep resumed>NULL) = 0
318340 17:02:50.907658 <... statx resumed>{stx_mask=STATX_BASIC_STATS|STATX_MNT_ID_UNIQUE, stx_attributes=STATX_ATTR_MOUNT_ROOT, stx_mode=S_IFDIR|0555, stx_size=0, ...}) = 0
318327 17:02:50.907688 <... epoll_ctl resumed>) = 0
318340 17:02:50.907707 statx(5, "", AT_STATX_SYNC_AS_STAT|AT_SYMLINK_NOFOLLOW|AT_EMPTY_PATH, STATX_MNT_ID|STATX_MNT_ID_UNIQUE,  <unfinished ...>
318326 17:02:50.907726 nanosleep({tv_sec=0, tv_nsec=20000},  <unfinished ...>
318340 17:02:50.907755 <... statx resumed>{stx_mask=STATX_BASIC_STATS|STATX_MNT_ID_UNIQUE, stx_attributes=0, stx_mode=S_IFDIR|0555, stx_size=0, ...}) = 0
318327 17:02:50.907795 close(13 <unfinished ...>
318340 17:02:50.907814 fstat(5,  <unfinished ...>
318327 17:02:50.907849 <... close resumed>) = 0
318326 17:02:50.907875 <... nanosleep resumed>NULL) = 0
318340 17:02:50.907902 <... fstat resumed>{st_mode=S_IFDIR|0555, st_size=0, ...}) = 0
318327 17:02:50.907923 futex(0xc000380148, FUTEX_WAKE_PRIVATE, 1 <unfinished ...>
318340 17:02:50.907951 close(4 <unfinished ...>
318326 17:02:50.907968 nanosleep({tv_sec=0, tv_nsec=20000},  <unfinished ...>
318340 17:02:50.907997 <... close resumed>) = 0
318335 17:02:50.908039 <... futex resumed>) = 0
318327 17:02:50.908071 <... futex resumed>) = 1
318340 17:02:50.908094 openat(5, "task", O_RDONLY|O_NOFOLLOW|O_CLOEXEC|O_PATH <unfinished ...>
318335 17:02:50.908129 nanosleep({tv_sec=0, tv_nsec=3000},  <unfinished ...>
318326 17:02:50.908168 <... nanosleep resumed>NULL) = 0
318340 17:02:50.908190 <... openat resumed>) = 4
318327 17:02:50.908210 wait4(-1,  <unfinished ...>
318340 17:02:50.908245 fcntl(4, F_GETFL <unfinished ...>
318326 17:02:50.908287 nanosleep({tv_sec=0, tv_nsec=20000},  <unfinished ...>
318335 17:02:50.908333 <... nanosleep resumed>NULL) = 0
318340 17:02:50.908376 <... fcntl resumed>) = 0x220000 (flags O_RDONLY|O_NOFOLLOW|O_PATH)
318327 17:02:50.908415 <... wait4 resumed>0xc0001a2c5c, WNOHANG, 0xc0001a2cc0) = 0
318340 17:02:50.908439 fstatfs(4,  <unfinished ...>
318335 17:02:50.908468 futex(0xc000402148, FUTEX_WAKE_PRIVATE, 1 <unfinished ...>
318326 17:02:50.908508 <... nanosleep resumed>NULL) = 0
318340 17:02:50.908558 <... fstatfs resumed>{f_type=PROC_SUPER_MAGIC, f_bsize=4096, f_blocks=0, f_bfree=0, f_bavail=0, f_files=0, f_ffree=0, f_fsid={val=[0x5c, 0]}, f_namelen=255, f_frsize=4096, f_flags=ST_VALID|ST_NOSUID|ST_NODEV|ST_NOEXEC|ST_RELATIME}) = 0
318337 17:02:50.908606 <... futex resumed>) = 0
318335 17:02:50.908630 <... futex resumed>) = 1
318327 17:02:50.908662 wait4(-1,  <unfinished ...>
318340 17:02:50.908697 statx(13, "", AT_STATX_SYNC_AS_STAT|AT_SYMLINK_NOFOLLOW|AT_EMPTY_PATH, STATX_MNT_ID|STATX_MNT_ID_UNIQUE,  <unfinished ...>
318337 17:02:50.908743 futex(0xc000402148, FUTEX_WAIT_PRIVATE, 0, NULL <unfinished ...>
318335 17:02:50.908800 futex(0xc000380148, FUTEX_WAIT_PRIVATE, 0, NULL <unfinished ...>
318326 17:02:50.908843 nanosleep({tv_sec=0, tv_nsec=20000},  <unfinished ...>
318340 17:02:50.908892 <... statx resumed>{stx_mask=STATX_BASIC_STATS|STATX_MNT_ID_UNIQUE, stx_attributes=STATX_ATTR_MOUNT_ROOT, stx_mode=S_IFDIR|0555, stx_size=0, ...}) = 0
318327 17:02:50.908940 <... wait4 resumed>0xc0001a2c5c, WNOHANG, 0xc0001a2cc0) = 0
318340 17:02:50.908986 statx(4, "", AT_STATX_SYNC_AS_STAT|AT_SYMLINK_NOFOLLOW|AT_EMPTY_PATH, STATX_MNT_ID|STATX_MNT_ID_UNIQUE,  <unfinished ...>
318326 17:02:50.909034 <... nanosleep resumed>NULL) = 0
318340 17:02:50.909081 <... statx resumed>{stx_mask=STATX_BASIC_STATS|STATX_MNT_ID_UNIQUE, stx_attributes=0, stx_mode=S_IFDIR|0555, stx_size=0, ...}) = 0
318327 17:02:50.909127 futex(0xc000073148, FUTEX_WAIT_PRIVATE, 0, NULL <unfinished ...>
318340 17:02:50.909172 fstat(4,  <unfinished ...>
318326 17:02:50.909217 futex(0xeec8c0, FUTEX_WAIT_PRIVATE, 0, {tv_sec=60, tv_nsec=0} <unfinished ...>
318340 17:02:50.909265 <... fstat resumed>{st_mode=S_IFDIR|0555, st_size=0, ...}) = 0
318340 17:02:50.909342 close(5)         = 0
318340 17:02:50.909486 openat(4, "1", O_RDONLY|O_NOFOLLOW|O_CLOEXEC|O_PATH) = 5
318340 17:02:50.909632 fcntl(5, F_GETFL) = 0x220000 (flags O_RDONLY|O_NOFOLLOW|O_PATH)
318340 17:02:50.909750 fstatfs(5, {f_type=PROC_SUPER_MAGIC, f_bsize=4096, f_blocks=0, f_bfree=0, f_bavail=0, f_files=0, f_ffree=0, f_fsid={val=[0x5c, 0]}, f_namelen=255, f_frsize=4096, f_flags=ST_VALID|ST_NOSUID|ST_NODEV|ST_NOEXEC|ST_RELATIME}) = 0
318340 17:02:50.909886 statx(13, "", AT_STATX_SYNC_AS_STAT|AT_SYMLINK_NOFOLLOW|AT_EMPTY_PATH, STATX_MNT_ID|STATX_MNT_ID_UNIQUE, {stx_mask=STATX_BASIC_STATS|STATX_MNT_ID_UNIQUE, stx_attributes=STATX_ATTR_MOUNT_ROOT, stx_mode=S_IFDIR|0555, stx_size=0, ...}) = 0
318340 17:02:50.910016 statx(5, "", AT_STATX_SYNC_AS_STAT|AT_SYMLINK_NOFOLLOW|AT_EMPTY_PATH, STATX_MNT_ID|STATX_MNT_ID_UNIQUE, {stx_mask=STATX_BASIC_STATS|STATX_MNT_ID_UNIQUE, stx_attributes=0, stx_mode=S_IFDIR|0555, stx_size=0, ...}) = 0
318340 17:02:50.910134 fstat(5, {st_mode=S_IFDIR|0555, st_size=0, ...}) = 0
318342 17:02:50.910247 <... nanosleep resumed>NULL) = 0
318340 17:02:50.910268 close(4 <unfinished ...>
318342 17:02:50.910295 epoll_pwait(9, [], 128, 0, NULL, 0) = 0
318340 17:02:50.910369 <... close resumed>) = 0
318342 17:02:50.910389 futex(0xc00006d148, FUTEX_WAKE_PRIVATE, 1 <unfinished ...>
318340 17:02:50.910415 futex(0xeeaf80, FUTEX_WAIT_PRIVATE, 0, NULL <unfinished ...>
318343 17:02:50.910465 <... futex resumed>) = 0
318342 17:02:50.910500 <... futex resumed>) = 1
318343 17:02:50.910517 futex(0xeeaf80, FUTEX_WAKE_PRIVATE, 1 <unfinished ...>
318342 17:02:50.910543 nanosleep({tv_sec=0, tv_nsec=20000},  <unfinished ...>
318343 17:02:50.910573 <... futex resumed>) = 1
318340 17:02:50.910604 <... futex resumed>) = 0
318343 17:02:50.910638 futex(0xc00006d148, FUTEX_WAIT_PRIVATE, 0, NULL <unfinished ...>
318340 17:02:50.910664 openat(5, "fd", O_RDONLY|O_NOFOLLOW|O_CLOEXEC|O_PATH <unfinished ...>
318342 17:02:50.910708 <... nanosleep resumed>NULL) = 0
318340 17:02:50.910740 <... openat resumed>) = 4
318342 17:02:50.910771 nanosleep({tv_sec=0, tv_nsec=20000},  <unfinished ...>
318340 17:02:50.910805 fcntl(4, F_GETFL) = 0x220000 (flags O_RDONLY|O_NOFOLLOW|O_PATH)
318342 17:02:50.910894 <... nanosleep resumed>NULL) = 0
318340 17:02:50.910911 fstatfs(4,  <unfinished ...>
318342 17:02:50.910937 nanosleep({tv_sec=0, tv_nsec=20000},  <unfinished ...>
318340 17:02:50.910958 <... fstatfs resumed>{f_type=PROC_SUPER_MAGIC, f_bsize=4096, f_blocks=0, f_bfree=0, f_bavail=0, f_files=0, f_ffree=0, f_fsid={val=[0x5c, 0]}, f_namelen=255, f_frsize=4096, f_flags=ST_VALID|ST_NOSUID|ST_NODEV|ST_NOEXEC|ST_RELATIME}) = 0
318340 17:02:50.911008 statx(13, "", AT_STATX_SYNC_AS_STAT|AT_SYMLINK_NOFOLLOW|AT_EMPTY_PATH, STATX_MNT_ID|STATX_MNT_ID_UNIQUE,  <unfinished ...>
318342 17:02:50.911078 <... nanosleep resumed>NULL) = 0
318340 17:02:50.911107 <... statx resumed>{stx_mask=STATX_BASIC_STATS|STATX_MNT_ID_UNIQUE, stx_attributes=STATX_ATTR_MOUNT_ROOT, stx_mode=S_IFDIR|0555, stx_size=0, ...}) = 0
318342 17:02:50.911153 nanosleep({tv_sec=0, tv_nsec=20000},  <unfinished ...>
318340 17:02:50.911186 statx(4, "", AT_STATX_SYNC_AS_STAT|AT_SYMLINK_NOFOLLOW|AT_EMPTY_PATH, STATX_MNT_ID|STATX_MNT_ID_UNIQUE, {stx_mask=STATX_BASIC_STATS|STATX_MNT_ID_UNIQUE, stx_attributes=0, stx_mode=S_IFDIR|0500, stx_size=10, ...}) = 0
318342 17:02:50.911291 <... nanosleep resumed>NULL) = 0
318340 17:02:50.911311 close(5 <unfinished ...>
318342 17:02:50.911338 nanosleep({tv_sec=0, tv_nsec=20000},  <unfinished ...>
318340 17:02:50.911363 <... close resumed>) = 0
318340 17:02:50.911419 fstatfs(4,  <unfinished ...>
318342 17:02:50.911463 <... nanosleep resumed>NULL) = 0
318340 17:02:50.911489 <... fstatfs resumed>{f_type=PROC_SUPER_MAGIC, f_bsize=4096, f_blocks=0, f_bfree=0, f_bavail=0, f_files=0, f_ffree=0, f_fsid={val=[0x5c, 0]}, f_namelen=255, f_frsize=4096, f_flags=ST_VALID|ST_NOSUID|ST_NODEV|ST_NOEXEC|ST_RELATIME}) = 0
318342 17:02:50.911542 nanosleep({tv_sec=0, tv_nsec=20000},  <unfinished ...>
318340 17:02:50.911563 statx(13, "", AT_STATX_SYNC_AS_STAT|AT_SYMLINK_NOFOLLOW|AT_EMPTY_PATH, STATX_MNT_ID|STATX_MNT_ID_UNIQUE, {stx_mask=STATX_BASIC_STATS|STATX_MNT_ID_UNIQUE, stx_attributes=STATX_ATTR_MOUNT_ROOT, stx_mode=S_IFDIR|0555, stx_size=0, ...}) = 0
318342 17:02:50.911654 <... nanosleep resumed>NULL) = 0
318340 17:02:50.911673 statx(4, "", AT_STATX_SYNC_AS_STAT|AT_SYMLINK_NOFOLLOW|AT_EMPTY_PATH, STATX_MNT_ID|STATX_MNT_ID_UNIQUE,  <unfinished ...>
318342 17:02:50.911703 nanosleep({tv_sec=0, tv_nsec=20000},  <unfinished ...>
318340 17:02:50.911745 <... statx resumed>{stx_mask=STATX_BASIC_STATS|STATX_MNT_ID_UNIQUE, stx_attributes=0, stx_mode=S_IFDIR|0500, stx_size=9, ...}) = 0
318340 17:02:50.911820 fstatfs(13,  <unfinished ...>
318342 17:02:50.911866 <... nanosleep resumed>NULL) = 0
318340 17:02:50.911893 <... fstatfs resumed>{f_type=PROC_SUPER_MAGIC, f_bsize=4096, f_blocks=0, f_bfree=0, f_bavail=0, f_files=0, f_ffree=0, f_fsid={val=[0x5c, 0]}, f_namelen=255, f_frsize=4096, f_flags=ST_VALID|ST_NOSUID|ST_NODEV|ST_NOEXEC|ST_RELATIME}) = 0
318342 17:02:50.911935 nanosleep({tv_sec=0, tv_nsec=20000},  <unfinished ...>
318340 17:02:50.911957 fstat(13, {st_mode=S_IFDIR|0555, st_size=0, ...}) = 0
318342 17:02:50.912058 <... nanosleep resumed>NULL) = 0
318340 17:02:50.912079 fcntl(13, F_DUPFD_CLOEXEC, 0 <unfinished ...>
318342 17:02:50.912096 nanosleep({tv_sec=0, tv_nsec=20000},  <unfinished ...>
318340 17:02:50.912114 <... fcntl resumed>) = 5
318340 17:02:50.912166 fcntl(5, F_GETFL <unfinished ...>
318342 17:02:50.912205 <... nanosleep resumed>NULL) = 0
318340 17:02:50.912223 <... fcntl resumed>) = 0x200000 (flags O_RDONLY|O_PATH)
318342 17:02:50.912251 nanosleep({tv_sec=0, tv_nsec=20000},  <unfinished ...>
318340 17:02:50.912287 openat(5, "thread-self", O_RDONLY|O_NOFOLLOW|O_CLOEXEC|O_PATH) = 7
318342 17:02:50.912393 <... nanosleep resumed>NULL) = 0
318340 17:02:50.912433 fcntl(7, F_GETFL <unfinished ...>
318342 17:02:50.912450 nanosleep({tv_sec=0, tv_nsec=20000},  <unfinished ...>
318340 17:02:50.912477 <... fcntl resumed>) = 0x220000 (flags O_RDONLY|O_NOFOLLOW|O_PATH)
318340 17:02:50.912541 fstatfs(7,  <unfinished ...>
318342 17:02:50.912578 <... nanosleep resumed>NULL) = 0
318340 17:02:50.912594 <... fstatfs resumed>{f_type=PROC_SUPER_MAGIC, f_bsize=4096, f_blocks=0, f_bfree=0, f_bavail=0, f_files=0, f_ffree=0, f_fsid={val=[0x5c, 0]}, f_namelen=255, f_frsize=4096, f_flags=ST_VALID|ST_NOSUID|ST_NODEV|ST_NOEXEC|ST_RELATIME}) = 0
318342 17:02:50.912624 nanosleep({tv_sec=0, tv_nsec=20000},  <unfinished ...>
318340 17:02:50.912659 statx(13, "", AT_STATX_SYNC_AS_STAT|AT_SYMLINK_NOFOLLOW|AT_EMPTY_PATH, STATX_MNT_ID|STATX_MNT_ID_UNIQUE, {stx_mask=STATX_BASIC_STATS|STATX_MNT_ID_UNIQUE, stx_attributes=STATX_ATTR_MOUNT_ROOT, stx_mode=S_IFDIR|0555, stx_size=0, ...}) = 0
318342 17:02:50.912758 <... nanosleep resumed>NULL) = 0
318340 17:02:50.912795 statx(7, "", AT_STATX_SYNC_AS_STAT|AT_SYMLINK_NOFOLLOW|AT_EMPTY_PATH, STATX_MNT_ID|STATX_MNT_ID_UNIQUE,  <unfinished ...>
318342 17:02:50.912824 nanosleep({tv_sec=0, tv_nsec=20000},  <unfinished ...>
318340 17:02:50.912863 <... statx resumed>{stx_mask=STATX_BASIC_STATS|STATX_MNT_ID_UNIQUE, stx_attributes=0, stx_mode=S_IFLNK|0777, stx_size=0, ...}) = 0
318340 17:02:50.912930 fstat(7,  <unfinished ...>
318342 17:02:50.912967 <... nanosleep resumed>NULL) = 0
318340 17:02:50.912983 <... fstat resumed>{st_mode=S_IFLNK|0777, st_size=0, ...}) = 0
318342 17:02:50.913011 nanosleep({tv_sec=0, tv_nsec=20000},  <unfinished ...>
318340 17:02:50.913030 readlinkat(7, "", "1/task/1", 4096) = 8
318342 17:02:50.913130 <... nanosleep resumed>NULL) = 0
318340 17:02:50.913151 close(7 <unfinished ...>
318342 17:02:50.913176 nanosleep({tv_sec=0, tv_nsec=20000},  <unfinished ...>
318340 17:02:50.913213 <... close resumed>) = 0
318340 17:02:50.913256 openat(5, "1", O_RDONLY|O_NOFOLLOW|O_CLOEXEC|O_PATH <unfinished ...>
318342 17:02:50.913325 <... nanosleep resumed>NULL) = 0
318340 17:02:50.913362 <... openat resumed>) = 7
318342 17:02:50.913379 nanosleep({tv_sec=0, tv_nsec=20000},  <unfinished ...>
318340 17:02:50.913406 fcntl(7, F_GETFL) = 0x220000 (flags O_RDONLY|O_NOFOLLOW|O_PATH)
318340 17:02:50.913505 fstatfs(7,  <unfinished ...>
318342 17:02:50.913542 <... nanosleep resumed>NULL) = 0
318340 17:02:50.913559 <... fstatfs resumed>{f_type=PROC_SUPER_MAGIC, f_bsize=4096, f_blocks=0, f_bfree=0, f_bavail=0, f_files=0, f_ffree=0, f_fsid={val=[0x5c, 0]}, f_namelen=255, f_frsize=4096, f_flags=ST_VALID|ST_NOSUID|ST_NODEV|ST_NOEXEC|ST_RELATIME}) = 0
318342 17:02:50.913595 nanosleep({tv_sec=0, tv_nsec=20000},  <unfinished ...>
318340 17:02:50.913613 statx(13, "", AT_STATX_SYNC_AS_STAT|AT_SYMLINK_NOFOLLOW|AT_EMPTY_PATH, STATX_MNT_ID|STATX_MNT_ID_UNIQUE, {stx_mask=STATX_BASIC_STATS|STATX_MNT_ID_UNIQUE, stx_attributes=STATX_ATTR_MOUNT_ROOT, stx_mode=S_IFDIR|0555, stx_size=0, ...}) = 0
318342 17:02:50.913708 <... nanosleep resumed>NULL) = 0
318340 17:02:50.913728 statx(7, "", AT_STATX_SYNC_AS_STAT|AT_SYMLINK_NOFOLLOW|AT_EMPTY_PATH, STATX_MNT_ID|STATX_MNT_ID_UNIQUE,  <unfinished ...>
318342 17:02:50.913757 nanosleep({tv_sec=0, tv_nsec=20000},  <unfinished ...>
318340 17:02:50.913792 <... statx resumed>{stx_mask=STATX_BASIC_STATS|STATX_MNT_ID_UNIQUE, stx_attributes=0, stx_mode=S_IFDIR|0555, stx_size=0, ...}) = 0
318340 17:02:50.913851 fstat(7,  <unfinished ...>
318342 17:02:50.913889 <... nanosleep resumed>NULL) = 0
318340 17:02:50.913906 <... fstat resumed>{st_mode=S_IFDIR|0555, st_size=0, ...}) = 0
318342 17:02:50.913934 nanosleep({tv_sec=0, tv_nsec=20000},  <unfinished ...>
318340 17:02:50.913952 close(5)         = 0
318342 17:02:50.914053 <... nanosleep resumed>NULL) = 0
318340 17:02:50.914089 openat(7, "task", O_RDONLY|O_NOFOLLOW|O_CLOEXEC|O_PATH <unfinished ...>
318342 17:02:50.914108 nanosleep({tv_sec=0, tv_nsec=20000},  <unfinished ...>
318340 17:02:50.914135 <... openat resumed>) = 5
318340 17:02:50.914173 fcntl(5, F_GETFL <unfinished ...>
318342 17:02:50.914234 <... nanosleep resumed>NULL) = 0
318340 17:02:50.914273 <... fcntl resumed>) = 0x220000 (flags O_RDONLY|O_NOFOLLOW|O_PATH)
318342 17:02:50.914291 nanosleep({tv_sec=0, tv_nsec=20000},  <unfinished ...>
318340 17:02:50.914318 fstatfs(5, {f_type=PROC_SUPER_MAGIC, f_bsize=4096, f_blocks=0, f_bfree=0, f_bavail=0, f_files=0, f_ffree=0, f_fsid={val=[0x5c, 0]}, f_namelen=255, f_frsize=4096, f_flags=ST_VALID|ST_NOSUID|ST_NODEV|ST_NOEXEC|ST_RELATIME}) = 0
318342 17:02:50.914420 <... nanosleep resumed>NULL) = 0
318340 17:02:50.914459 statx(13, "", AT_STATX_SYNC_AS_STAT|AT_SYMLINK_NOFOLLOW|AT_EMPTY_PATH, STATX_MNT_ID|STATX_MNT_ID_UNIQUE,  <unfinished ...>
318342 17:02:50.914489 nanosleep({tv_sec=0, tv_nsec=20000},  <unfinished ...>
318340 17:02:50.914525 <... statx resumed>{stx_mask=STATX_BASIC_STATS|STATX_MNT_ID_UNIQUE, stx_attributes=STATX_ATTR_MOUNT_ROOT, stx_mode=S_IFDIR|0555, stx_size=0, ...}) = 0
318340 17:02:50.914568 statx(5, "", AT_STATX_SYNC_AS_STAT|AT_SYMLINK_NOFOLLOW|AT_EMPTY_PATH, STATX_MNT_ID|STATX_MNT_ID_UNIQUE,  <unfinished ...>
318342 17:02:50.914614 <... nanosleep resumed>NULL) = 0
318340 17:02:50.914650 <... statx resumed>{stx_mask=STATX_BASIC_STATS|STATX_MNT_ID_UNIQUE, stx_attributes=0, stx_mode=S_IFDIR|0555, stx_size=0, ...}) = 0
318342 17:02:50.914691 nanosleep({tv_sec=0, tv_nsec=20000},  <unfinished ...>
318340 17:02:50.914718 fstat(5, {st_mode=S_IFDIR|0555, st_size=0, ...}) = 0
318342 17:02:50.914809 <... nanosleep resumed>NULL) = 0
318340 17:02:50.914827 close(7 <unfinished ...>
318342 17:02:50.914852 nanosleep({tv_sec=0, tv_nsec=20000},  <unfinished ...>
318340 17:02:50.914869 <... close resumed>) = 0
318340 17:02:50.914917 openat(5, "1", O_RDONLY|O_NOFOLLOW|O_CLOEXEC|O_PATH <unfinished ...>
318342 17:02:50.914955 <... nanosleep resumed>NULL) = 0
318340 17:02:50.914972 <... openat resumed>) = 7
318342 17:02:50.914988 nanosleep({tv_sec=0, tv_nsec=20000},  <unfinished ...>
318340 17:02:50.915014 fcntl(7, F_GETFL) = 0x220000 (flags O_RDONLY|O_NOFOLLOW|O_PATH)
318342 17:02:50.915110 <... nanosleep resumed>NULL) = 0
318340 17:02:50.915130 fstatfs(7,  <unfinished ...>
318342 17:02:50.915155 nanosleep({tv_sec=0, tv_nsec=20000},  <unfinished ...>
318340 17:02:50.915200 <... fstatfs resumed>{f_type=PROC_SUPER_MAGIC, f_bsize=4096, f_blocks=0, f_bfree=0, f_bavail=0, f_files=0, f_ffree=0, f_fsid={val=[0x5c, 0]}, f_namelen=255, f_frsize=4096, f_flags=ST_VALID|ST_NOSUID|ST_NODEV|ST_NOEXEC|ST_RELATIME}) = 0
318340 17:02:50.915266 statx(13, "", AT_STATX_SYNC_AS_STAT|AT_SYMLINK_NOFOLLOW|AT_EMPTY_PATH, STATX_MNT_ID|STATX_MNT_ID_UNIQUE,  <unfinished ...>
318342 17:02:50.915306 <... nanosleep resumed>NULL) = 0
318340 17:02:50.915325 <... statx resumed>{stx_mask=STATX_BASIC_STATS|STATX_MNT_ID_UNIQUE, stx_attributes=STATX_ATTR_MOUNT_ROOT, stx_mode=S_IFDIR|0555, stx_size=0, ...}) = 0
318342 17:02:50.915353 nanosleep({tv_sec=0, tv_nsec=20000},  <unfinished ...>
318340 17:02:50.915380 statx(7, "", AT_STATX_SYNC_AS_STAT|AT_SYMLINK_NOFOLLOW|AT_EMPTY_PATH, STATX_MNT_ID|STATX_MNT_ID_UNIQUE, {stx_mask=STATX_BASIC_STATS|STATX_MNT_ID_UNIQUE, stx_attributes=0, stx_mode=S_IFDIR|0555, stx_size=0, ...}) = 0
318342 17:02:50.915499 <... nanosleep resumed>NULL) = 0
318340 17:02:50.915510 fstat(7,  <unfinished ...>
318342 17:02:50.915544 nanosleep({tv_sec=0, tv_nsec=20000},  <unfinished ...>
318340 17:02:50.915583 <... fstat resumed>{st_mode=S_IFDIR|0555, st_size=0, ...}) = 0
318340 17:02:50.915652 close(5 <unfinished ...>
318342 17:02:50.915688 <... nanosleep resumed>NULL) = 0
318340 17:02:50.915705 <... close resumed>) = 0
318342 17:02:50.915721 nanosleep({tv_sec=0, tv_nsec=20000},  <unfinished ...>
318340 17:02:50.915740 openat(7, "fd", O_RDONLY|O_NOFOLLOW|O_CLOEXEC|O_PATH) = 5
318342 17:02:50.915824 <... nanosleep resumed>NULL) = 0
318340 17:02:50.915841 fcntl(5, F_GETFL <unfinished ...>
318342 17:02:50.915866 nanosleep({tv_sec=0, tv_nsec=20000},  <unfinished ...>
318340 17:02:50.915885 <... fcntl resumed>) = 0x220000 (flags O_RDONLY|O_NOFOLLOW|O_PATH)
318340 17:02:50.915932 fstatfs(5,  <unfinished ...>
318342 17:02:50.915989 <... nanosleep resumed>NULL) = 0
318340 17:02:50.916027 <... fstatfs resumed>{f_type=PROC_SUPER_MAGIC, f_bsize=4096, f_blocks=0, f_bfree=0, f_bavail=0, f_files=0, f_ffree=0, f_fsid={val=[0x5c, 0]}, f_namelen=255, f_frsize=4096, f_flags=ST_VALID|ST_NOSUID|ST_NODEV|ST_NOEXEC|ST_RELATIME}) = 0
318342 17:02:50.916067 nanosleep({tv_sec=0, tv_nsec=20000},  <unfinished ...>
318340 17:02:50.916085 statx(13, "", AT_STATX_SYNC_AS_STAT|AT_SYMLINK_NOFOLLOW|AT_EMPTY_PATH, STATX_MNT_ID|STATX_MNT_ID_UNIQUE, {stx_mask=STATX_BASIC_STATS|STATX_MNT_ID_UNIQUE, stx_attributes=STATX_ATTR_MOUNT_ROOT, stx_mode=S_IFDIR|0555, stx_size=0, ...}) = 0
318342 17:02:50.916174 <... nanosleep resumed>NULL) = 0
318340 17:02:50.916192 statx(5, "", AT_STATX_SYNC_AS_STAT|AT_SYMLINK_NOFOLLOW|AT_EMPTY_PATH, STATX_MNT_ID|STATX_MNT_ID_UNIQUE,  <unfinished ...>
318342 17:02:50.916219 nanosleep({tv_sec=0, tv_nsec=20000},  <unfinished ...>
318340 17:02:50.916238 <... statx resumed>{stx_mask=STATX_BASIC_STATS|STATX_MNT_ID_UNIQUE, stx_attributes=0, stx_mode=S_IFDIR|0500, stx_size=11, ...}) = 0
318340 17:02:50.916287 close(7 <unfinished ...>
318342 17:02:50.916339 <... nanosleep resumed>NULL) = 0
318340 17:02:50.916376 <... close resumed>) = 0
318342 17:02:50.916393 nanosleep({tv_sec=0, tv_nsec=20000},  <unfinished ...>
318340 17:02:50.916421 fstatfs(5, {f_type=PROC_SUPER_MAGIC, f_bsize=4096, f_blocks=0, f_bfree=0, f_bavail=0, f_files=0, f_ffree=0, f_fsid={val=[0x5c, 0]}, f_namelen=255, f_frsize=4096, f_flags=ST_VALID|ST_NOSUID|ST_NODEV|ST_NOEXEC|ST_RELATIME}) = 0
318342 17:02:50.916516 <... nanosleep resumed>NULL) = 0
318340 17:02:50.916550 statx(13, "", AT_STATX_SYNC_AS_STAT|AT_SYMLINK_NOFOLLOW|AT_EMPTY_PATH, STATX_MNT_ID|STATX_MNT_ID_UNIQUE,  <unfinished ...>
318342 17:02:50.916570 nanosleep({tv_sec=0, tv_nsec=20000},  <unfinished ...>
318340 17:02:50.916603 <... statx resumed>{stx_mask=STATX_BASIC_STATS|STATX_MNT_ID_UNIQUE, stx_attributes=STATX_ATTR_MOUNT_ROOT, stx_mode=S_IFDIR|0555, stx_size=0, ...}) = 0
318340 17:02:50.916664 statx(5, "", AT_STATX_SYNC_AS_STAT|AT_SYMLINK_NOFOLLOW|AT_EMPTY_PATH, STATX_MNT_ID|STATX_MNT_ID_UNIQUE,  <unfinished ...>
318342 17:02:50.916707 <... nanosleep resumed>NULL) = 0
318340 17:02:50.916725 <... statx resumed>{stx_mask=STATX_BASIC_STATS|STATX_MNT_ID_UNIQUE, stx_attributes=0, stx_mode=S_IFDIR|0500, stx_size=10, ...}) = 0
318342 17:02:50.916753 nanosleep({tv_sec=0, tv_nsec=20000},  <unfinished ...>
318340 17:02:50.916789 statx(13, "", AT_STATX_SYNC_AS_STAT|AT_SYMLINK_NOFOLLOW|AT_EMPTY_PATH, STATX_MNT_ID|STATX_MNT_ID_UNIQUE, {stx_mask=STATX_BASIC_STATS|STATX_MNT_ID_UNIQUE, stx_attributes=STATX_ATTR_MOUNT_ROOT, stx_mode=S_IFDIR|0555, stx_size=0, ...}) = 0
318342 17:02:50.916884 <... nanosleep resumed>NULL) = 0
318340 17:02:50.916904 statx(5, "4", AT_STATX_SYNC_AS_STAT|AT_SYMLINK_NOFOLLOW|AT_EMPTY_PATH, STATX_MNT_ID|STATX_MNT_ID_UNIQUE,  <unfinished ...>
318342 17:02:50.916932 nanosleep({tv_sec=0, tv_nsec=20000},  <unfinished ...>
318340 17:02:50.916969 <... statx resumed>{stx_mask=STATX_BASIC_STATS|STATX_MNT_ID_UNIQUE, stx_attributes=0, stx_mode=S_IFLNK|000, stx_size=64, ...}) = 0
318340 17:02:50.917018 openat(5, "4", O_RDONLY|O_CLOEXEC|O_DIRECTORY <unfinished ...>
318342 17:02:50.917056 <... nanosleep resumed>NULL) = 0
318340 17:02:50.917073 <... openat resumed>) = 7
318342 17:02:50.917099 nanosleep({tv_sec=0, tv_nsec=20000},  <unfinished ...>
318340 17:02:50.917128 fcntl(7, F_GETFL) = 0x18000 (flags O_RDONLY|O_LARGEFILE|O_DIRECTORY)
318342 17:02:50.917215 <... nanosleep resumed>NULL) = 0
318340 17:02:50.917232 close(5 <unfinished ...>
318342 17:02:50.917257 nanosleep({tv_sec=0, tv_nsec=20000},  <unfinished ...>
318340 17:02:50.917293 <... close resumed>) = 0
318340 17:02:50.917332 close(4 <unfinished ...>
318342 17:02:50.917393 <... nanosleep resumed>NULL) = 0
318340 17:02:50.917433 <... close resumed>) = 0
318342 17:02:50.917450 nanosleep({tv_sec=0, tv_nsec=20000},  <unfinished ...>
318340 17:02:50.917478 getdents64(7, 0xc000206000 /* 11 entries */, 8192) = 264
318342 17:02:50.917575 <... nanosleep resumed>NULL) = 0
318340 17:02:50.917612 getdents64(7,  <unfinished ...>
318342 17:02:50.917638 nanosleep({tv_sec=0, tv_nsec=20000},  <unfinished ...>
318340 17:02:50.917674 <... getdents64 resumed>0xc000206000 /* 0 entries */, 8192) = 0
318340 17:02:50.917714 close(3 <unfinished ...>
318342 17:02:50.917774 <... nanosleep resumed>NULL) = 0
318340 17:02:50.917808 <... close resumed>) = 0
318342 17:02:50.917825 nanosleep({tv_sec=0, tv_nsec=20000},  <unfinished ...>
318340 17:02:50.917854 close(6)         = 0
318342 17:02:50.917950 <... nanosleep resumed>NULL) = 0
318340 17:02:50.917984 close(13 <unfinished ...>
318342 17:02:50.918001 nanosleep({tv_sec=0, tv_nsec=20000},  <unfinished ...>
318340 17:02:50.918072 <... close resumed>) = 0
318342 17:02:50.918111 <... nanosleep resumed>NULL) = 0
318340 17:02:50.918146 close(7 <unfinished ...>
318342 17:02:50.918163 nanosleep({tv_sec=0, tv_nsec=20000},  <unfinished ...>
318340 17:02:50.918211 <... close resumed>) = 0
318340 17:02:50.918269 execve("/bin/busybox", ["/bin/busybox", "sh", "-c", "ls"], 0xc0001fe360 /* 4 vars */ <unfinished ...>
318342 17:02:50.918310 <... nanosleep resumed>NULL) = 0
318342 17:02:50.918365 nanosleep({tv_sec=0, tv_nsec=20000},  <unfinished ...>
318346 17:02:50.918461 <... futex resumed>) = ?
318345 17:02:50.918481 <... futex resumed>) = ?
318344 17:02:50.918519 <... futex resumed>) = ?
318343 17:02:50.918544 <... futex resumed>) = ?
318346 17:02:50.918586 +++ exited with 0 +++
318345 17:02:50.918612 +++ exited with 0 +++
318344 17:02:50.918617 +++ exited with 0 +++
318342 17:02:50.918619 +++ exited with 0 +++
318343 17:02:50.918622 +++ exited with 0 +++
318340 17:02:50.919067 <... execve resumed>) = 0
318340 17:02:50.919167 arch_prctl(ARCH_SET_FS, 0x713198) = 0
318340 17:02:50.919282 set_tid_address(0x713fd4) = 1
318340 17:02:50.919404 getuid()         = 0
318340 17:02:50.919583 brk(NULL)        = 0x3cdab000
318340 17:02:50.919696 brk(0x3cdad000)  = 0x3cdad000
318340 17:02:50.919812 mmap(0x3cdab000, 4096, PROT_NONE, MAP_PRIVATE|MAP_FIXED|MAP_ANONYMOUS, -1, 0) = 0x3cdab000
318340 17:02:50.919930 mmap(NULL, 4096, PROT_READ|PROT_WRITE, MAP_PRIVATE|MAP_ANONYMOUS, -1, 0) = 0x763711c4f000
318340 17:02:50.920099 mmap(NULL, 4096, PROT_READ|PROT_WRITE, MAP_PRIVATE|MAP_ANONYMOUS, -1, 0) = 0x763711c4e000
318340 17:02:50.920231 getpid()         = 1
318340 17:02:50.920377 mmap(NULL, 4096, PROT_READ|PROT_WRITE, MAP_PRIVATE|MAP_ANONYMOUS, -1, 0) = 0x763711c4d000
318340 17:02:50.920531 rt_sigprocmask(SIG_UNBLOCK, [RT_1 RT_2], NULL, 8) = 0
318340 17:02:50.920664 rt_sigaction(SIGCHLD, {sa_handler=0x453746, sa_mask=~[RTMIN RT_1 RT_2], sa_flags=SA_RESTORER, sa_restorer=0x4ce17a}, NULL, 8) = 0
318340 17:02:50.920807 getppid()        = 0
318340 17:02:50.920936 getcwd("/", 4096) = 2
318340 17:02:50.921063 rt_sigaction(SIGINT, NULL, {sa_handler=SIG_DFL, sa_mask=[], sa_flags=0}, 8) = 0
318340 17:02:50.921196 rt_sigaction(SIGINT, {sa_handler=0x453746, sa_mask=~[RTMIN RT_1 RT_2], sa_flags=SA_RESTORER, sa_restorer=0x4ce17a}, NULL, 8) = 0
318340 17:02:50.921338 rt_sigaction(SIGQUIT, NULL, {sa_handler=SIG_DFL, sa_mask=[], sa_flags=0}, 8) = 0
318340 17:02:50.921479 rt_sigaction(SIGQUIT, {sa_handler=SIG_IGN, sa_mask=~[RTMIN RT_1 RT_2], sa_flags=SA_RESTORER, sa_restorer=0x4ce17a}, NULL, 8) = 0
318340 17:02:50.921610 rt_sigaction(SIGTERM, NULL, {sa_handler=SIG_DFL, sa_mask=[], sa_flags=0}, 8) = 0
318340 17:02:50.921751 stat("/usr/local/sbin/ls", 0x7ffd96472910) = -1 (errno 1145)
318340 17:02:50.921884 stat("/usr/local/bin/ls", 0x7ffd96472910) = -1 (errno 1145)
318340 17:02:50.922004 stat("/usr/sbin/ls", 0x7ffd96472910) = -1 (errno 1145)
318340 17:02:50.922129 stat("/usr/bin/ls", 0x7ffd96472910) = -1 (errno 1145)
318340 17:02:50.922260 stat("/sbin/ls", 0x7ffd96472910) = -1 (errno 1145)
318340 17:02:50.922390 stat("/bin/ls", 0x7ffd96472910) = -1 (errno 1145)
318340 17:02:50.922533 writev(2, [{iov_base="sh: ", iov_len=4}, {iov_base=NULL, iov_len=0}], 2) = 4
318334 17:02:50.922657 <... read resumed>"sh: ", 32768) = 4
318329 17:02:50.922680 <... epoll_pwait resumed>[{events=EPOLLIN, data={u32=1501560833, u64=8340029791080022017}}], 128, 95, NULL, 0) = 1
318340 17:02:50.922711 writev(2, [{iov_base="ls: No error information", iov_len=24}, {iov_base=NULL, iov_len=0}], 2 <unfinished ...>
318334 17:02:50.922748 futex(0xeec8c0, FUTEX_WAKE_PRIVATE, 1 <unfinished ...>
318340 17:02:50.922766 <... writev resumed>) = 24
318329 17:02:50.922783 sched_yield( <unfinished ...>
318340 17:02:50.922805 writev(2, [{iov_base="", iov_len=0}, {iov_base="\n", iov_len=1}], 2 <unfinished ...>
318334 17:02:50.922843 <... futex resumed>) = 1
318326 17:02:50.922859 <... futex resumed>) = 0
318340 17:02:50.922885 <... writev resumed>) = 1
318334 17:02:50.922919 write(2, "sh: ", 4 <unfinished ...>
318329 17:02:50.922936 <... sched_yield resumed>) = 0
318340 17:02:50.922954 exit_group(127 <unfinished ...>
318326 17:02:50.922980 futex(0xc000380148, FUTEX_WAKE_PRIVATE, 1 <unfinished ...>
318340 17:02:50.923008 <... exit_group resumed>) = ?
318334 17:02:50.923023 <... write resumed>) = 4
318329 17:02:50.923055 futex(0xc000100148, FUTEX_WAIT_PRIVATE, 0, NULL <unfinished ...>
318335 17:02:50.923082 <... futex resumed>) = 0
318334 17:02:50.923108 read(12,  <unfinished ...>
318326 17:02:50.923127 <... futex resumed>) = 1
318335 17:02:50.923166 futex(0xc000380148, FUTEX_WAIT_PRIVATE, 0, NULL <unfinished ...>
318334 17:02:50.923192 <... read resumed>"ls: No error information\n", 32768) = 25
318326 17:02:50.923220 nanosleep({tv_sec=0, tv_nsec=20000},  <unfinished ...>
318334 17:02:50.923250 write(2, "ls: No error information\n", 25 <unfinished ...>
318340 17:02:50.923313 +++ exited with 127 +++
318328 17:02:50.923344 <... read resumed>"", 32768) = 0
318334 17:02:50.923365 <... write resumed>) = ? ERESTARTSYS (To be restarted if SA_RESTART is set)
318327 17:02:50.923383 <... futex resumed>) = ? ERESTARTSYS (To be restarted if SA_RESTART is set)
318326 17:02:50.923408 <... nanosleep resumed>NULL) = 0
318334 17:02:50.923434 write(2, "ls: No error information\n", 25 <unfinished ...>
318328 17:02:50.923462 --- SIGCHLD {si_signo=SIGCHLD, si_code=CLD_EXITED, si_pid=318340, si_uid=0, si_status=127, si_utime=1 /* 0.01 s */, si_stime=4 /* 0.04 s */} ---
318327 17:02:50.923505 futex(0xc000073148, FUTEX_WAIT_PRIVATE, 0, NULL <unfinished ...>
318334 17:02:50.923537 <... write resumed>) = 25
318328 17:02:50.923571 futex(0xf0b780, FUTEX_WAKE_PRIVATE, 1 <unfinished ...>
318326 17:02:50.923599 nanosleep({tv_sec=0, tv_nsec=20000},  <unfinished ...>
318334 17:02:50.923643 read(12,  <unfinished ...>
318332 17:02:50.923673 <... futex resumed>) = 0
318328 17:02:50.923689 <... futex resumed>) = 1
318334 17:02:50.923716 <... read resumed>"", 32768) = 0
318332 17:02:50.923734 futex(0xc000380148, FUTEX_WAKE_PRIVATE, 1 <unfinished ...>
318334 17:02:50.923763 epoll_ctl(4, EPOLL_CTL_DEL, 12, 0xc000085e14 <unfinished ...>
318328 17:02:50.923792 rt_sigreturn({mask=[]} <unfinished ...>
318326 17:02:50.923820 <... nanosleep resumed>NULL) = 0
318335 17:02:50.923839 <... futex resumed>) = 0
318334 17:02:50.923866 <... epoll_ctl resumed>) = 0
318332 17:02:50.923881 <... futex resumed>) = 1
318328 17:02:50.923906 <... rt_sigreturn resumed>) = 0
318335 17:02:50.923925 nanosleep({tv_sec=0, tv_nsec=3000},  <unfinished ...>
318334 17:02:50.923955 close(12 <unfinished ...>
318332 17:02:50.923970 futex(0xc000073148, FUTEX_WAKE_PRIVATE, 1 <unfinished ...>
318326 17:02:50.923987 getpid( <unfinished ...>
318334 17:02:50.924016 <... close resumed>) = 0
318332 17:02:50.924034 <... futex resumed>) = 1
318328 17:02:50.924050 epoll_ctl(4, EPOLL_CTL_DEL, 10, 0xc000080e14 <unfinished ...>
318327 17:02:50.924076 <... futex resumed>) = 0
318335 17:02:50.924094 <... nanosleep resumed>NULL) = 0
318334 17:02:50.924119 futex(0xf0b780, FUTEX_WAIT_PRIVATE, 0, NULL <unfinished ...>
318332 17:02:50.924137 futex(0xc000280148, FUTEX_WAIT_PRIVATE, 0, NULL <unfinished ...>
318328 17:02:50.924154 <... epoll_ctl resumed>) = 0
318326 17:02:50.924170 <... getpid resumed>) = 318325
318335 17:02:50.924197 futex(0xc000380148, FUTEX_WAIT_PRIVATE, 0, NULL <unfinished ...>
318328 17:02:50.924233 close(10 <unfinished ...>
318327 17:02:50.924249 wait4(-1,  <unfinished ...>
318328 17:02:50.924267 <... close resumed>) = 0
318326 17:02:50.924292 tgkill(318325, 318332, SIGURG <unfinished ...>
318328 17:02:50.924340 futex(0xc000073948, FUTEX_WAIT_PRIVATE, 0, NULL <unfinished ...>
318327 17:02:50.924370 <... wait4 resumed>[{WIFEXITED(s) && WEXITSTATUS(s) == 127}], WNOHANG, {ru_utime={tv_sec=0, tv_usec=16458}, ru_stime={tv_sec=0, tv_usec=54862}, ...}) = 318340
318332 17:02:50.924417 <... futex resumed>) = ? ERESTARTSYS (To be restarted if SA_RESTART is set)
318326 17:02:50.924434 <... tgkill resumed>) = 0
318332 17:02:50.924451 --- SIGURG {si_signo=SIGURG, si_code=SI_TKILL, si_pid=318325, si_uid=0} ---
318327 17:02:50.924478 wait4(-1,  <unfinished ...>
318332 17:02:50.924514 futex(0xf0b780, FUTEX_WAKE_PRIVATE, 1 <unfinished ...>
318326 17:02:50.924531 nanosleep({tv_sec=0, tv_nsec=20000},  <unfinished ...>
318334 17:02:50.924561 <... futex resumed>) = 0
318332 17:02:50.924596 <... futex resumed>) = 1
318327 17:02:50.924612 <... wait4 resumed>0xc0001a2c5c, WNOHANG, 0xc0001a2cc0) = -1 ECHILD (No child processes)
318334 17:02:50.924640 futex(0xf0b780, FUTEX_WAIT_PRIVATE, 0, NULL <unfinished ...>
318327 17:02:50.924682 waitid(P_PIDFD, 14,  <unfinished ...>
318326 17:02:50.924728 <... nanosleep resumed>NULL) = 0
318332 17:02:50.924750 rt_sigreturn({mask=[]} <unfinished ...>
318327 17:02:50.924785 <... waitid resumed>0xc0001a2c10, WEXITED, 0xc000510120) = -1 ECHILD (No child processes)
318332 17:02:50.924826 <... rt_sigreturn resumed>) = 202
318326 17:02:50.924846 nanosleep({tv_sec=0, tv_nsec=20000},  <unfinished ...>
318332 17:02:50.924883 futex(0xc000280148, FUTEX_WAIT_PRIVATE, 0, NULL <unfinished ...>
318327 17:02:50.924918 kill(318340, SIGKILL) = -1 ESRCH (No such process)
318326 17:02:50.925006 <... nanosleep resumed>NULL) = 0
318327 17:02:50.925028 unlinkat(AT_FDCWD, "/sys/fs/cgroup/anolix-07e208e041f2", AT_REMOVEDIR <unfinished ...>
318326 17:02:50.925060 nanosleep({tv_sec=0, tv_nsec=20000},  <unfinished ...>
318327 17:02:50.925141 <... unlinkat resumed>) = 0
318327 17:02:50.925208 unlinkat(AT_FDCWD, "/run/runc/anolix-07e208e041f2", 0 <unfinished ...>
318326 17:02:50.925255 <... nanosleep resumed>NULL) = 0
318327 17:02:50.925273 <... unlinkat resumed>) = -1 EISDIR (Is a directory)
318326 17:02:50.925300 nanosleep({tv_sec=0, tv_nsec=20000},  <unfinished ...>
318327 17:02:50.925337 unlinkat(AT_FDCWD, "/run/runc/anolix-07e208e041f2", AT_REMOVEDIR) = -1 ENOTEMPTY (Directory not empty)
318327 17:02:50.925438 openat(AT_FDCWD, "/run/runc", O_RDONLY|O_CLOEXEC <unfinished ...>
318326 17:02:50.925479 <... nanosleep resumed>NULL) = 0
318327 17:02:50.925497 <... openat resumed>) = 6
318326 17:02:50.925525 nanosleep({tv_sec=0, tv_nsec=20000},  <unfinished ...>
318327 17:02:50.925544 fcntl(6, F_GETFL) = 0x8000 (flags O_RDONLY|O_LARGEFILE)
318327 17:02:50.925660 fcntl(6, F_SETFL, O_RDONLY|O_NONBLOCK|O_LARGEFILE <unfinished ...>
318326 17:02:50.925719 <... nanosleep resumed>NULL) = 0
318327 17:02:50.925765 <... fcntl resumed>) = 0
318326 17:02:50.925817 nanosleep({tv_sec=0, tv_nsec=20000},  <unfinished ...>
318327 17:02:50.925865 epoll_ctl(4, EPOLL_CTL_ADD, 6, {events=EPOLLIN|EPOLLOUT|EPOLLRDHUP|EPOLLET, data={u32=1538260994, u64=8340029791116722178}}) = -1 EPERM (Operation not permitted)
318326 17:02:50.925983 <... nanosleep resumed>NULL) = 0
318327 17:02:50.926002 fcntl(6, F_GETFL <unfinished ...>
318326 17:02:50.926028 nanosleep({tv_sec=0, tv_nsec=20000},  <unfinished ...>
318327 17:02:50.926047 <... fcntl resumed>) = 0x8800 (flags O_RDONLY|O_NONBLOCK|O_LARGEFILE)
318327 17:02:50.926114 fcntl(6, F_SETFL, O_RDONLY|O_LARGEFILE <unfinished ...>
318326 17:02:50.926158 <... nanosleep resumed>NULL) = 0
318327 17:02:50.926176 <... fcntl resumed>) = 0
318326 17:02:50.926201 nanosleep({tv_sec=0, tv_nsec=20000},  <unfinished ...>
318327 17:02:50.926243 unlinkat(6, "anolix-07e208e041f2", 0) = -1 EISDIR (Is a directory)
318327 17:02:50.926355 openat(6, "anolix-07e208e041f2", O_RDONLY|O_NOFOLLOW|O_CLOEXEC|O_DIRECTORY <unfinished ...>
318326 17:02:50.926419 <... nanosleep resumed>NULL) = 0
318327 17:02:50.926466 <... openat resumed>) = 10
318326 17:02:50.926511 nanosleep({tv_sec=0, tv_nsec=20000},  <unfinished ...>
318327 17:02:50.926558 getdents64(10, 0xc00055e000 /* 3 entries */, 8192) = 80
318326 17:02:50.926688 <... nanosleep resumed>NULL) = 0
318327 17:02:50.926734 getdents64(10,  <unfinished ...>
318326 17:02:50.926752 nanosleep({tv_sec=0, tv_nsec=20000},  <unfinished ...>
318327 17:02:50.926781 <... getdents64 resumed>0xc00055e000 /* 0 entries */, 8192) = 0
318327 17:02:50.926831 unlinkat(10, "state.json", 0 <unfinished ...>
318326 17:02:50.926876 <... nanosleep resumed>NULL) = 0
318327 17:02:50.926917 <... unlinkat resumed>) = 0
318326 17:02:50.926956 nanosleep({tv_sec=0, tv_nsec=20000},  <unfinished ...>
318327 17:02:50.926978 close(10)        = 0
318327 17:02:50.927087 unlinkat(6, "anolix-07e208e041f2", AT_REMOVEDIR <unfinished ...>
318326 17:02:50.927146 <... nanosleep resumed>NULL) = 0
318327 17:02:50.927195 <... unlinkat resumed>) = 0
318326 17:02:50.927246 nanosleep({tv_sec=0, tv_nsec=20000},  <unfinished ...>
318327 17:02:50.927300 close(6)         = 0
318326 17:02:50.927403 <... nanosleep resumed>NULL) = 0
318327 17:02:50.927446 openat2(3, "anolix-07e208e041f2/cgroup.freeze", {flags=O_RDONLY|O_CLOEXEC, resolve=RESOLVE_NO_XDEV|RESOLVE_NO_MAGICLINKS|RESOLVE_NO_SYMLINKS|RESOLVE_BENEATH}, 24 <unfinished ...>
318326 17:02:50.927487 nanosleep({tv_sec=0, tv_nsec=20000},  <unfinished ...>
318327 17:02:50.927543 <... openat2 resumed>) = -1 ENOENT (No such file or directory)
318327 17:02:50.927595 readlinkat(AT_FDCWD, "/proc/thread-self/fd/3",  <unfinished ...>
318326 17:02:50.927633 <... nanosleep resumed>NULL) = 0
318327 17:02:50.927656 <... readlinkat resumed>"/sys/fs/cgroup", 128) = 14
318326 17:02:50.927685 nanosleep({tv_sec=0, tv_nsec=20000},  <unfinished ...>
318327 17:02:50.927704 epoll_ctl(4, EPOLL_CTL_DEL, 8, 0xc0001a2f4c) = 0
318326 17:02:50.927796 <... nanosleep resumed>NULL) = 0
318327 17:02:50.927831 close(8 <unfinished ...>
318326 17:02:50.927868 nanosleep({tv_sec=0, tv_nsec=20000},  <unfinished ...>
318327 17:02:50.927907 <... close resumed>) = 0
318327 17:02:50.927948 close(9)         = 0
318326 17:02:50.928062 <... nanosleep resumed>NULL) = 0
318327 17:02:50.928113 exit_group(127 <unfinished ...>
318326 17:02:50.928158 nanosleep({tv_sec=0, tv_nsec=20000},  <unfinished ...>
318341 17:02:50.928332 <... futex resumed>) = ?
318337 17:02:50.928353 <... futex resumed>) = ?
318335 17:02:50.928384 <... futex resumed>) = ?
318334 17:02:50.928425 <... futex resumed>) = ?
318332 17:02:50.928467 <... futex resumed>) = ?
318331 17:02:50.928510 <... read resumed> <unfinished ...>) = ?
318330 17:02:50.928556 <... futex resumed>) = ?
318329 17:02:50.928585 <... futex resumed>) = ?
318328 17:02:50.928617 <... futex resumed>) = ?
318327 17:02:50.928659 <... exit_group resumed>) = ?
318326 17:02:50.928701 <... nanosleep resumed> <unfinished ...>) = ?
318325 17:02:50.928744 <... futex resumed>) = ?
318341 17:02:50.928822 +++ exited with 127 +++
318337 17:02:50.928853 +++ exited with 127 +++
318335 17:02:50.928860 +++ exited with 127 +++
318334 17:02:50.928865 +++ exited with 127 +++
318332 17:02:50.928870 +++ exited with 127 +++
318331 17:02:50.928873 +++ exited with 127 +++
318330 17:02:50.928877 +++ exited with 127 +++
318329 17:02:50.928881 +++ exited with 127 +++
318328 17:02:50.928885 +++ exited with 127 +++
318327 17:02:50.928888 +++ exited with 127 +++
318326 17:02:50.928893 +++ exited with 127 +++
318325 17:02:50.929564 +++ exited with 127 +++
318317 17:02:50.929610 <... futex resumed>) = ? ERESTARTSYS (To be restarted if SA_RESTART is set)
318323 17:02:50.929634 <... waitid resumed>{si_signo=SIGCHLD, si_code=CLD_EXITED, si_pid=318325, si_uid=0, si_status=127, si_utime=0, si_stime=0}, WEXITED, {ru_utime={tv_sec=0, tv_usec=27487}, ru_stime={tv_sec=0, tv_usec=96681}, ...}) = 0
318317 17:02:50.929681 --- SIGCHLD {si_signo=SIGCHLD, si_code=CLD_EXITED, si_pid=318325, si_uid=0, si_status=127, si_utime=0, si_stime=4 /* 0.04 s */} ---
318323 17:02:50.929716 futex(0x718740, FUTEX_WAKE_PRIVATE, 1 <unfinished ...>
318317 17:02:50.929738 rt_sigreturn({mask=[]} <unfinished ...>
318323 17:02:50.929774 <... futex resumed>) = 1
318315 17:02:50.929805 <... futex resumed>) = 0
318323 17:02:50.929833 close(8 <unfinished ...>
318317 17:02:50.929874 <... rt_sigreturn resumed>) = 202
318323 17:02:50.929895 <... close resumed>) = 0
318315 17:02:50.929921 nanosleep({tv_sec=0, tv_nsec=20000},  <unfinished ...>
318323 17:02:50.929963 futex(0x13fbc61d9160, FUTEX_WAKE_PRIVATE, 1 <unfinished ...>
318317 17:02:50.929994 futex(0x13fbc61d9160, FUTEX_WAIT_PRIVATE, 0, NULL <unfinished ...>
318323 17:02:50.930013 <... futex resumed>) = 0
318317 17:02:50.930042 <... futex resumed>) = -1 EAGAIN (Resource temporarily unavailable)
318323 17:02:50.930071 unlinkat(AT_FDCWD, "/tmp/anolix-bundle-2414045901", 0 <unfinished ...>
318315 17:02:50.930104 <... nanosleep resumed>NULL) = 0
318323 17:02:50.930123 <... unlinkat resumed>) = -1 EISDIR (Is a directory)
318317 17:02:50.930152 futex(0x13fbc61fc960, FUTEX_WAKE_PRIVATE, 1 <unfinished ...>
318323 17:02:50.930175 unlinkat(AT_FDCWD, "/tmp/anolix-bundle-2414045901", AT_REMOVEDIR <unfinished ...>
318315 17:02:50.930211 nanosleep({tv_sec=0, tv_nsec=20000},  <unfinished ...>
318323 17:02:50.930264 <... unlinkat resumed>) = -1 ENOTEMPTY (Directory not empty)
318322 17:02:50.930300 <... futex resumed>) = 0
318317 17:02:50.930343 <... futex resumed>) = 1
318323 17:02:50.930367 openat(AT_FDCWD, "/tmp", O_RDONLY|O_CLOEXEC <unfinished ...>
318322 17:02:50.930402 futex(0x13fbc61fc960, FUTEX_WAIT_PRIVATE, 0, NULL <unfinished ...>
318315 17:02:50.930447 <... nanosleep resumed>NULL) = 0
318323 17:02:50.930486 <... openat resumed>) = 4
318317 17:02:50.930505 futex(0x13fbc61d9160, FUTEX_WAIT_PRIVATE, 0, NULL <unfinished ...>
318323 17:02:50.930534 fcntl(4, F_GETFL <unfinished ...>
318315 17:02:50.930564 nanosleep({tv_sec=0, tv_nsec=20000},  <unfinished ...>
318323 17:02:50.930595 <... fcntl resumed>) = 0x8000 (flags O_RDONLY|O_LARGEFILE)
318323 17:02:50.930656 fcntl(4, F_SETFL, O_RDONLY|O_NONBLOCK|O_LARGEFILE <unfinished ...>
318315 17:02:50.930707 <... nanosleep resumed>NULL) = 0
318323 17:02:50.930740 <... fcntl resumed>) = 0
318315 17:02:50.930770 nanosleep({tv_sec=0, tv_nsec=20000},  <unfinished ...>
318323 17:02:50.930791 epoll_ctl(5, EPOLL_CTL_ADD, 4, {events=EPOLLIN|EPOLLOUT|EPOLLRDHUP|EPOLLET, data={u32=1191182339, u64=4209581874172919811}}) = -1 EPERM (Operation not permitted)
318315 17:02:50.930886 <... nanosleep resumed>NULL) = 0
318323 17:02:50.930926 fcntl(4, F_GETFL <unfinished ...>
318315 17:02:50.930945 nanosleep({tv_sec=0, tv_nsec=20000},  <unfinished ...>
318323 17:02:50.930967 <... fcntl resumed>) = 0x8800 (flags O_RDONLY|O_NONBLOCK|O_LARGEFILE)
318323 17:02:50.931012 fcntl(4, F_SETFL, O_RDONLY|O_LARGEFILE <unfinished ...>
318315 17:02:50.931050 <... nanosleep resumed>NULL) = 0
318323 17:02:50.931068 <... fcntl resumed>) = 0
318315 17:02:50.931096 nanosleep({tv_sec=0, tv_nsec=20000},  <unfinished ...>
318323 17:02:50.931137 unlinkat(4, "anolix-bundle-2414045901", 0) = -1 EISDIR (Is a directory)
318315 17:02:50.931249 <... nanosleep resumed>NULL) = 0
318323 17:02:50.931327 openat(4, "anolix-bundle-2414045901", O_RDONLY|O_NOFOLLOW|O_CLOEXEC|O_DIRECTORY <unfinished ...>
318315 17:02:50.931380 nanosleep({tv_sec=0, tv_nsec=20000},  <unfinished ...>
318323 17:02:50.931427 <... openat resumed>) = 7
318323 17:02:50.931534 getdents64(7,  <unfinished ...>
318315 17:02:50.931576 <... nanosleep resumed>NULL) = 0
318323 17:02:50.931611 <... getdents64 resumed>0x13fbc641c000 /* 3 entries */, 8192) = 80
318315 17:02:50.931649 nanosleep({tv_sec=0, tv_nsec=20000},  <unfinished ...>
318323 17:02:50.931668 getdents64(7, 0x13fbc641c000 /* 0 entries */, 8192) = 0
318323 17:02:50.931772 unlinkat(7, "config.json", 0 <unfinished ...>
318315 17:02:50.931814 <... nanosleep resumed>NULL) = 0
318315 17:02:50.931856 nanosleep({tv_sec=0, tv_nsec=20000},  <unfinished ...>
318323 17:02:50.931901 <... unlinkat resumed>) = 0
318323 17:02:50.931941 close(7 <unfinished ...>
318315 17:02:50.931983 <... nanosleep resumed>NULL) = 0
318323 17:02:50.932017 <... close resumed>) = 0
318315 17:02:50.932035 nanosleep({tv_sec=0, tv_nsec=20000},  <unfinished ...>
318323 17:02:50.932065 unlinkat(4, "anolix-bundle-2414045901", AT_REMOVEDIR) = 0
318315 17:02:50.932183 <... nanosleep resumed>NULL) = 0
318323 17:02:50.932201 close(4 <unfinished ...>
318315 17:02:50.932232 nanosleep({tv_sec=0, tv_nsec=20000},  <unfinished ...>
318323 17:02:50.932269 <... close resumed>) = 0
318323 17:02:50.932315 futex(0x13fbc61d9160, FUTEX_WAKE_PRIVATE, 1) = 1
318315 17:02:50.932396 <... nanosleep resumed>NULL) = 0
318317 17:02:50.932413 <... futex resumed>) = 0
318323 17:02:50.932441 futex(0x718038, FUTEX_WAKE_PRIVATE, 1 <unfinished ...>
318315 17:02:50.932476 getpid( <unfinished ...>
318323 17:02:50.932493 <... futex resumed>) = 1
318317 17:02:50.932517 futex(0x13fbc61fc960, FUTEX_WAKE_PRIVATE, 1 <unfinished ...>
318314 17:02:50.932552 <... futex resumed>) = 0
318323 17:02:50.932580 futex(0x13fbc630a160, FUTEX_WAIT_PRIVATE, 0, NULL <unfinished ...>
318315 17:02:50.932610 <... getpid resumed>) = 318314
318314 17:02:50.932636 rt_sigprocmask(SIG_SETMASK, ~[HUP INT QUIT ILL TRAP ABRT BUS FPE SEGV TERM STKFLT CHLD URG PROF SYS RTMIN RT_1 RT_2],  <unfinished ...>
318322 17:02:50.932680 <... futex resumed>) = 0
318317 17:02:50.932704 <... futex resumed>) = 1
318314 17:02:50.932738 <... rt_sigprocmask resumed>NULL, 8) = 0
318322 17:02:50.932754 futex(0x13fbc61fc960, FUTEX_WAIT_PRIVATE, 0, NULL <unfinished ...>
318315 17:02:50.932779 tgkill(318314, 318323, SIGURG <unfinished ...>
318314 17:02:50.932796 futex(0x13fbc61d9160, FUTEX_WAKE_PRIVATE, 1 <unfinished ...>
318317 17:02:50.932822 futex(0x13fbc61d9160, FUTEX_WAIT_PRIVATE, 0, NULL <unfinished ...>
318314 17:02:50.932857 <... futex resumed>) = 0
318323 17:02:50.932881 <... futex resumed>) = ? ERESTARTSYS (To be restarted if SA_RESTART is set)
318315 17:02:50.932906 <... tgkill resumed>) = 0
318314 17:02:50.932933 futex(0x13fbc61fc960, FUTEX_WAKE_PRIVATE, 1 <unfinished ...>
318323 17:02:50.932948 --- SIGURG {si_signo=SIGURG, si_code=SI_TKILL, si_pid=318314, si_uid=0} ---
318317 17:02:50.932973 <... futex resumed>) = -1 EAGAIN (Resource temporarily unavailable)
318314 17:02:50.933000 <... futex resumed>) = 1
318323 17:02:50.933025 rt_sigreturn({mask=[]} <unfinished ...>
318322 17:02:50.933060 <... futex resumed>) = 0
318315 17:02:50.933076 nanosleep({tv_sec=0, tv_nsec=20000},  <unfinished ...>
318314 17:02:50.933103 futex(0x718038, FUTEX_WAIT_PRIVATE, 0, NULL <unfinished ...>
318323 17:02:50.933137 <... rt_sigreturn resumed>) = 202
318322 17:02:50.933162 futex(0x13fbc61fc960, FUTEX_WAIT_PRIVATE, 0, NULL <unfinished ...>
318317 17:02:50.933178 futex(0x13fbc630a160, FUTEX_WAKE_PRIVATE, 1 <unfinished ...>
318323 17:02:50.933194 futex(0x13fbc630a160, FUTEX_WAIT_PRIVATE, 0, NULL <unfinished ...>
318315 17:02:50.933219 <... nanosleep resumed>NULL) = 0
318323 17:02:50.933244 <... futex resumed>) = -1 EAGAIN (Resource temporarily unavailable)
318317 17:02:50.933277 <... futex resumed>) = 0
318323 17:02:50.933294 futex(0x13fbc630a160, FUTEX_WAIT_PRIVATE, 0, NULL <unfinished ...>
318315 17:02:50.933319 nanosleep({tv_sec=0, tv_nsec=20000},  <unfinished ...>
318323 17:02:50.933354 <... futex resumed>) = -1 EAGAIN (Resource temporarily unavailable)
318317 17:02:50.933370 futex(0x13fbc630a160, FUTEX_WAKE_PRIVATE, 1 <unfinished ...>
318323 17:02:50.933395 nanosleep({tv_sec=0, tv_nsec=3000},  <unfinished ...>
318317 17:02:50.933430 <... futex resumed>) = 0
318315 17:02:50.933455 <... nanosleep resumed>NULL) = 0
318317 17:02:50.933473 futex(0x718038, FUTEX_WAKE_PRIVATE, 1 <unfinished ...>
318315 17:02:50.933498 nanosleep({tv_sec=0, tv_nsec=20000},  <unfinished ...>
318314 17:02:50.933525 <... futex resumed>) = 0
318323 17:02:50.933549 <... nanosleep resumed>NULL) = 0
318317 17:02:50.933565 <... futex resumed>) = 1
318314 17:02:50.933589 rt_sigprocmask(SIG_SETMASK, ~[HUP INT QUIT ILL TRAP ABRT BUS FPE SEGV TERM STKFLT CHLD URG PROF SYS RTMIN RT_1 RT_2],  <unfinished ...>
318323 17:02:50.933607 futex(0x13fbc630a160, FUTEX_WAIT_PRIVATE, 0, NULL <unfinished ...>
318314 17:02:50.933633 <... rt_sigprocmask resumed>NULL, 8) = 0
318317 17:02:50.933649 futex(0x13fbc61d9160, FUTEX_WAIT_PRIVATE, 0, NULL <unfinished ...>
318315 17:02:50.933673 <... nanosleep resumed>NULL) = 0
318314 17:02:50.933707 futex(0x13fbc61d9160, FUTEX_WAKE_PRIVATE, 1 <unfinished ...>
318317 17:02:50.933723 <... futex resumed>) = -1 EAGAIN (Resource temporarily unavailable)
318314 17:02:50.933748 <... futex resumed>) = 0
318315 17:02:50.933764 nanosleep({tv_sec=0, tv_nsec=20000},  <unfinished ...>
318314 17:02:50.933791 futex(0x13fbc630a160, FUTEX_WAKE_PRIVATE, 1 <unfinished ...>
318317 17:02:50.933824 nanosleep({tv_sec=0, tv_nsec=3000},  <unfinished ...>
318314 17:02:50.933851 <... futex resumed>) = 1
318323 17:02:50.933868 <... futex resumed>) = 0
318314 17:02:50.933885 futex(0x718038, FUTEX_WAIT_PRIVATE, 0, NULL <unfinished ...>
318315 17:02:50.933901 <... nanosleep resumed>NULL) = 0
318323 17:02:50.933922 exit_group(127 <unfinished ...>
318317 17:02:50.933947 <... nanosleep resumed>NULL) = 0
318314 17:02:50.934056 <... futex resumed>) = ?
318323 17:02:50.934092 <... exit_group resumed>) = ?
318322 17:02:50.934107 <... futex resumed>) = ?
318321 17:02:50.934134 <... futex resumed>) = ?
318320 17:02:50.934150 <... futex resumed>) = ?
318319 17:02:50.934175 <... epoll_pwait resumed> <unfinished ...>) = ?
318318 17:02:50.934191 <... futex resumed>) = ?
318316 17:02:50.934230 <... futex resumed>) = ?
318323 17:02:50.934283 +++ exited with 127 +++
318322 17:02:50.934308 +++ exited with 127 +++
318321 17:02:50.934313 +++ exited with 127 +++
318320 17:02:50.934316 +++ exited with 127 +++
318319 17:02:50.934318 +++ exited with 127 +++
318318 17:02:50.934321 +++ exited with 127 +++
318317 17:02:50.934324 +++ exited with 127 +++
318316 17:02:50.934326 +++ exited with 127 +++
318315 17:02:50.934564 +++ exited with 127 +++
318314 17:02:50.934591 +++ exited with 127 +++
