11:21:51.550444 execve("./anolix", ["./anolix", "run", "--rootfs", "./rootfs", "--", "/probe"], 0x7ffccd763448 /* 43 vars */) = 0
11:21:51.550780 arch_prctl(ARCH_SET_FS, 0x716f68) = 0
11:21:51.550885 sched_getaffinity(0, 8192, [0 1 2 3 4 5 6 7 8 9 10 11 12 13 14 15]) = 8
11:21:51.550962 openat(AT_FDCWD, "/sys/kernel/mm/transparent_hugepage/hpage_pmd_size", O_RDONLY) = 3
11:21:51.551047 read(3, "2097152\n", 20) = 8
11:21:51.551120 close(3)                = 0
11:21:51.551259 mmap(NULL, 262144, PROT_READ|PROT_WRITE, MAP_PRIVATE|MAP_ANONYMOUS, -1, 0) = 0x772b28c4f000
11:21:51.551352 prctl(PR_SET_VMA, PR_SET_VMA_ANON_NAME, 0x772b28c4f000, 262144, " Go: immortal metadata") = 0
11:21:51.551449 mmap(NULL, 131072, PROT_NONE, MAP_PRIVATE|MAP_ANONYMOUS, -1, 0) = 0x772b28c2f000
11:21:51.551542 prctl(PR_SET_VMA, PR_SET_VMA_ANON_NAME, 0x772b28c2f000, 131072, " Go: page summary") = 0
11:21:51.551670 mmap(NULL, 1048576, PROT_NONE, MAP_PRIVATE|MAP_ANONYMOUS, -1, 0) = 0x772b28b2f000
11:21:51.551791 prctl(PR_SET_VMA, PR_SET_VMA_ANON_NAME, 0x772b28b2f000, 1048576, " Go: page summary") = 0
11:21:51.551962 mmap(NULL, 8388608, PROT_NONE, MAP_PRIVATE|MAP_ANONYMOUS, -1, 0) = 0x772b28200000
11:21:51.552103 prctl(PR_SET_VMA, PR_SET_VMA_ANON_NAME, 0x772b28200000, 8388608, " Go: page summary") = 0
11:21:51.552231 mmap(NULL, 67108864, PROT_NONE, MAP_PRIVATE|MAP_ANONYMOUS, -1, 0) = 0x772b24200000
11:21:51.552351 prctl(PR_SET_VMA, PR_SET_VMA_ANON_NAME, 0x772b24200000, 67108864, " Go: page summary") = 0
11:21:51.552470 mmap(NULL, 536870912, PROT_NONE, MAP_PRIVATE|MAP_ANONYMOUS, -1, 0) = 0x772b04200000
11:21:51.552584 prctl(PR_SET_VMA, PR_SET_VMA_ANON_NAME, 0x772b04200000, 536870912, " Go: page summary") = 0
11:21:51.552698 mmap(NULL, 536870912, PROT_NONE, MAP_PRIVATE|MAP_ANONYMOUS, -1, 0) = 0x772ae4200000
11:21:51.552805 prctl(PR_SET_VMA, PR_SET_VMA_ANON_NAME, 0x772ae4200000, 536870912, " Go: scavenge index") = 0
11:21:51.552924 mmap(0x3c8110000000, 67108864, PROT_NONE, MAP_PRIVATE|MAP_ANONYMOUS, -1, 0) = 0x3c8110000000
11:21:51.553021 prctl(PR_SET_VMA, PR_SET_VMA_ANON_NAME, 0x3c8110000000, 67108864, " Go: heap reservation") = 0
11:21:51.553126 mmap(NULL, 33554432, PROT_READ|PROT_WRITE, MAP_PRIVATE|MAP_ANONYMOUS, -1, 0) = 0x772ae2200000
11:21:51.553241 prctl(PR_SET_VMA, PR_SET_VMA_ANON_NAME, 0x772ae2200000, 33554432, " Go: heap index") = 0
11:21:51.553346 madvise(0x772ae2200000, 33554432, MADV_NOHUGEPAGE) = 0
11:21:51.553446 mmap(NULL, 69648, PROT_READ|PROT_WRITE, MAP_PRIVATE|MAP_ANONYMOUS, -1, 0) = 0x772b28b1d000
11:21:51.553541 prctl(PR_SET_VMA, PR_SET_VMA_ANON_NAME, 0x772b28b1d000, 69648, " Go: immortal metadata") = 0
11:21:51.553669 mmap(0x3c8111800000, 4194304, PROT_READ|PROT_WRITE, MAP_PRIVATE|MAP_FIXED|MAP_ANONYMOUS, -1, 0) = 0x3c8111800000
11:21:51.553790 prctl(PR_SET_VMA, PR_SET_VMA_ANON_NAME, 0x3c8111800000, 4194304, " Go: heap") = 0
11:21:51.553913 mmap(0x772b28c2f000, 131072, PROT_READ|PROT_WRITE, MAP_PRIVATE|MAP_FIXED|MAP_ANONYMOUS, -1, 0) = 0x772b28c2f000
11:21:51.554043 prctl(PR_SET_VMA, PR_SET_VMA_ANON_NAME, 0x772b28c2f000, 131072, " Go: page alloc") = 0
11:21:51.554144 mmap(0x772b28beb000, 4096, PROT_READ|PROT_WRITE, MAP_PRIVATE|MAP_FIXED|MAP_ANONYMOUS, -1, 0) = 0x772b28beb000
11:21:51.554259 prctl(PR_SET_VMA, PR_SET_VMA_ANON_NAME, 0x772b28beb000, 4096, " Go: page alloc") = 0
11:21:51.554363 mmap(0x772b287e4000, 4096, PROT_READ|PROT_WRITE, MAP_PRIVATE|MAP_FIXED|MAP_ANONYMOUS, -1, 0) = 0x772b287e4000
11:21:51.554477 prctl(PR_SET_VMA, PR_SET_VMA_ANON_NAME, 0x772b287e4000, 4096, " Go: page alloc") = 0
11:21:51.554594 mmap(0x772b27120000, 4096, PROT_READ|PROT_WRITE, MAP_PRIVATE|MAP_FIXED|MAP_ANONYMOUS, -1, 0) = 0x772b27120000
11:21:51.554709 prctl(PR_SET_VMA, PR_SET_VMA_ANON_NAME, 0x772b27120000, 4096, " Go: page alloc") = 0
11:21:51.554829 mmap(0x772b1bb02000, 4096, PROT_READ|PROT_WRITE, MAP_PRIVATE|MAP_FIXED|MAP_ANONYMOUS, -1, 0) = 0x772b1bb02000
11:21:51.554958 prctl(PR_SET_VMA, PR_SET_VMA_ANON_NAME, 0x772b1bb02000, 4096, " Go: page alloc") = 0
11:21:51.555130 mmap(0x772afbb02000, 4096, PROT_READ|PROT_WRITE, MAP_PRIVATE|MAP_FIXED|MAP_ANONYMOUS, -1, 0) = 0x772afbb02000
11:21:51.555249 prctl(PR_SET_VMA, PR_SET_VMA_ANON_NAME, 0x772afbb02000, 4096, " Go: scavenge index") = 0
11:21:51.555360 mmap(NULL, 1048576, PROT_READ|PROT_WRITE, MAP_PRIVATE|MAP_ANONYMOUS, -1, 0) = 0x772b28a1d000
11:21:51.555458 prctl(PR_SET_VMA, PR_SET_VMA_ANON_NAME, 0x772b28a1d000, 1048576, " Go: page alloc index") = 0
11:21:51.555559 madvise(0x772b28a1d000, 1048576, MADV_NOHUGEPAGE) = 0
11:21:51.555703 mmap(NULL, 65536, PROT_READ|PROT_WRITE, MAP_PRIVATE|MAP_ANONYMOUS, -1, 0) = 0x772b28a0d000
11:21:51.555803 prctl(PR_SET_VMA, PR_SET_VMA_ANON_NAME, 0x772b28a0d000, 65536, " Go: allspans array") = 0
11:21:51.555937 mmap(NULL, 65536, PROT_READ|PROT_WRITE, MAP_PRIVATE|MAP_ANONYMOUS, -1, 0) = 0x772ae21f0000
11:21:51.556036 prctl(PR_SET_VMA, PR_SET_VMA_ANON_NAME, 0x772ae21f0000, 65536, " Go: gc bits") = 0
11:21:51.556245 rt_sigprocmask(SIG_SETMASK, NULL, [], 8) = 0
11:21:51.556386 fcntl(0, F_GETFD)       = 0
11:21:51.556477 fcntl(1, F_GETFD)       = 0
11:21:51.556576 fcntl(2, F_GETFD)       = 0
11:21:51.556723 mmap(NULL, 1439992, PROT_READ|PROT_WRITE, MAP_PRIVATE|MAP_ANONYMOUS, -1, 0) = 0x772ae2090000
11:21:51.556837 prctl(PR_SET_VMA, PR_SET_VMA_ANON_NAME, 0x772ae2090000, 1439992, " Go: profiler hash buckets") = 0
11:21:51.556957 openat(AT_FDCWD, "/proc/self/cgroup", O_RDONLY|O_CLOEXEC) = 3
11:21:51.557132 read(3, "0::/init.scope\n", 65536) = 15
11:21:51.557255 read(3, "", 65536)      = 0
11:21:51.557361 close(3)                = 0
11:21:51.557481 openat(AT_FDCWD, "/proc/self/mountinfo", O_RDONLY|O_CLOEXEC) = 3
11:21:51.557597 read(3, "77 82 0:31 / /usr/lib/modules/6."..., 65536) = 3735
11:21:51.557823 close(3)                = 0
11:21:51.557946 openat(AT_FDCWD, "/sys/fs/cgroup/init.scope/cpu.max", O_RDONLY|O_CLOEXEC) = 3
11:21:51.558081 pread64(3, "max 100000\n", 64, 0) = 11
11:21:51.558393 mmap(NULL, 262144, PROT_READ|PROT_WRITE, MAP_PRIVATE|MAP_ANONYMOUS, -1, 0) = 0x772ae2050000
11:21:51.558495 prctl(PR_SET_VMA, PR_SET_VMA_ANON_NAME, 0x772ae2050000, 262144, " Go: immortal metadata") = 0
11:21:51.558644 sigaltstack(NULL, {ss_sp=NULL, ss_flags=SS_DISABLE, ss_size=0}) = 0
11:21:51.558736 sigaltstack({ss_sp=0x3c8111978000, ss_flags=0, ss_size=32768}, NULL) = 0
11:21:51.558820 rt_sigprocmask(SIG_SETMASK, [], NULL, 8) = 0
11:21:51.558945 gettid()                = 216235
11:21:51.559033 rt_sigaction(SIGHUP, NULL, {sa_handler=SIG_DFL, sa_mask=[], sa_flags=0}, 8) = 0
11:21:51.559126 rt_sigaction(SIGHUP, {sa_handler=0x48b800, sa_mask=~[], sa_flags=SA_RESTORER|SA_ONSTACK|SA_RESTART|SA_SIGINFO, sa_restorer=0x48b940}, NULL, 8) = 0
11:21:51.559224 rt_sigaction(SIGINT, NULL, {sa_handler=SIG_DFL, sa_mask=[], sa_flags=0}, 8) = 0
11:21:51.559315 rt_sigaction(SIGINT, {sa_handler=0x48b800, sa_mask=~[], sa_flags=SA_RESTORER|SA_ONSTACK|SA_RESTART|SA_SIGINFO, sa_restorer=0x48b940}, NULL, 8) = 0
11:21:51.559413 rt_sigaction(SIGQUIT, NULL, {sa_handler=SIG_DFL, sa_mask=[], sa_flags=0}, 8) = 0
11:21:51.559502 rt_sigaction(SIGQUIT, {sa_handler=0x48b800, sa_mask=~[], sa_flags=SA_RESTORER|SA_ONSTACK|SA_RESTART|SA_SIGINFO, sa_restorer=0x48b940}, NULL, 8) = 0
11:21:51.559598 rt_sigaction(SIGILL, NULL, {sa_handler=SIG_DFL, sa_mask=[], sa_flags=0}, 8) = 0
11:21:51.559704 rt_sigaction(SIGILL, {sa_handler=0x48b800, sa_mask=~[], sa_flags=SA_RESTORER|SA_ONSTACK|SA_RESTART|SA_SIGINFO, sa_restorer=0x48b940}, NULL, 8) = 0
11:21:51.559786 rt_sigaction(SIGTRAP, NULL, {sa_handler=SIG_DFL, sa_mask=[], sa_flags=0}, 8) = 0
11:21:51.559869 rt_sigaction(SIGTRAP, {sa_handler=0x48b800, sa_mask=~[], sa_flags=SA_RESTORER|SA_ONSTACK|SA_RESTART|SA_SIGINFO, sa_restorer=0x48b940}, NULL, 8) = 0
11:21:51.559952 rt_sigaction(SIGABRT, NULL, {sa_handler=SIG_DFL, sa_mask=[], sa_flags=0}, 8) = 0
11:21:51.560039 rt_sigaction(SIGABRT, {sa_handler=0x48b800, sa_mask=~[], sa_flags=SA_RESTORER|SA_ONSTACK|SA_RESTART|SA_SIGINFO, sa_restorer=0x48b940}, NULL, 8) = 0
11:21:51.560132 rt_sigaction(SIGBUS, NULL, {sa_handler=SIG_DFL, sa_mask=[], sa_flags=0}, 8) = 0
11:21:51.560236 rt_sigaction(SIGBUS, {sa_handler=0x48b800, sa_mask=~[], sa_flags=SA_RESTORER|SA_ONSTACK|SA_RESTART|SA_SIGINFO, sa_restorer=0x48b940}, NULL, 8) = 0
11:21:51.560345 rt_sigaction(SIGFPE, NULL, {sa_handler=SIG_DFL, sa_mask=[], sa_flags=0}, 8) = 0
11:21:51.560457 rt_sigaction(SIGFPE, {sa_handler=0x48b800, sa_mask=~[], sa_flags=SA_RESTORER|SA_ONSTACK|SA_RESTART|SA_SIGINFO, sa_restorer=0x48b940}, NULL, 8) = 0
11:21:51.560559 rt_sigaction(SIGUSR1, NULL, {sa_handler=SIG_DFL, sa_mask=[], sa_flags=0}, 8) = 0
11:21:51.560687 rt_sigaction(SIGUSR1, {sa_handler=0x48b800, sa_mask=~[], sa_flags=SA_RESTORER|SA_ONSTACK|SA_RESTART|SA_SIGINFO, sa_restorer=0x48b940}, NULL, 8) = 0
11:21:51.560810 rt_sigaction(SIGSEGV, NULL, {sa_handler=SIG_DFL, sa_mask=[], sa_flags=0}, 8) = 0
11:21:51.560919 rt_sigaction(SIGSEGV, {sa_handler=0x48b800, sa_mask=~[], sa_flags=SA_RESTORER|SA_ONSTACK|SA_RESTART|SA_SIGINFO, sa_restorer=0x48b940}, NULL, 8) = 0
11:21:51.561023 rt_sigaction(SIGUSR2, NULL, {sa_handler=SIG_DFL, sa_mask=[], sa_flags=0}, 8) = 0
11:21:51.561132 rt_sigaction(SIGUSR2, {sa_handler=0x48b800, sa_mask=~[], sa_flags=SA_RESTORER|SA_ONSTACK|SA_RESTART|SA_SIGINFO, sa_restorer=0x48b940}, NULL, 8) = 0
11:21:51.561229 rt_sigaction(SIGPIPE, NULL, {sa_handler=SIG_DFL, sa_mask=[], sa_flags=0}, 8) = 0
11:21:51.561338 rt_sigaction(SIGPIPE, {sa_handler=0x48b800, sa_mask=~[], sa_flags=SA_RESTORER|SA_ONSTACK|SA_RESTART|SA_SIGINFO, sa_restorer=0x48b940}, NULL, 8) = 0
11:21:51.561464 rt_sigaction(SIGALRM, NULL, {sa_handler=SIG_DFL, sa_mask=[], sa_flags=0}, 8) = 0
11:21:51.561577 rt_sigaction(SIGALRM, {sa_handler=0x48b800, sa_mask=~[], sa_flags=SA_RESTORER|SA_ONSTACK|SA_RESTART|SA_SIGINFO, sa_restorer=0x48b940}, NULL, 8) = 0
11:21:51.561684 rt_sigaction(SIGTERM, NULL, {sa_handler=SIG_DFL, sa_mask=[], sa_flags=0}, 8) = 0
11:21:51.561800 rt_sigaction(SIGTERM, {sa_handler=0x48b800, sa_mask=~[], sa_flags=SA_RESTORER|SA_ONSTACK|SA_RESTART|SA_SIGINFO, sa_restorer=0x48b940}, NULL, 8) = 0
11:21:51.561896 rt_sigaction(SIGSTKFLT, NULL, {sa_handler=SIG_DFL, sa_mask=[], sa_flags=0}, 8) = 0
11:21:51.561994 rt_sigaction(SIGSTKFLT, {sa_handler=0x48b800, sa_mask=~[], sa_flags=SA_RESTORER|SA_ONSTACK|SA_RESTART|SA_SIGINFO, sa_restorer=0x48b940}, NULL, 8) = 0
11:21:51.562081 rt_sigaction(SIGCHLD, NULL, {sa_handler=SIG_DFL, sa_mask=[], sa_flags=0}, 8) = 0
11:21:51.562170 rt_sigaction(SIGCHLD, {sa_handler=0x48b800, sa_mask=~[], sa_flags=SA_RESTORER|SA_ONSTACK|SA_RESTART|SA_SIGINFO, sa_restorer=0x48b940}, NULL, 8) = 0
11:21:51.562266 rt_sigaction(SIGURG, NULL, {sa_handler=SIG_DFL, sa_mask=[], sa_flags=0}, 8) = 0
11:21:51.562360 rt_sigaction(SIGURG, {sa_handler=0x48b800, sa_mask=~[], sa_flags=SA_RESTORER|SA_ONSTACK|SA_RESTART|SA_SIGINFO, sa_restorer=0x48b940}, NULL, 8) = 0
11:21:51.562449 rt_sigaction(SIGXCPU, NULL, {sa_handler=SIG_DFL, sa_mask=[], sa_flags=0}, 8) = 0
11:21:51.562563 rt_sigaction(SIGXCPU, {sa_handler=0x48b800, sa_mask=~[], sa_flags=SA_RESTORER|SA_ONSTACK|SA_RESTART|SA_SIGINFO, sa_restorer=0x48b940}, NULL, 8) = 0
11:21:51.562674 rt_sigaction(SIGXFSZ, NULL, {sa_handler=SIG_DFL, sa_mask=[], sa_flags=0}, 8) = 0
11:21:51.562797 rt_sigaction(SIGXFSZ, {sa_handler=0x48b800, sa_mask=~[], sa_flags=SA_RESTORER|SA_ONSTACK|SA_RESTART|SA_SIGINFO, sa_restorer=0x48b940}, NULL, 8) = 0
11:21:51.562917 rt_sigaction(SIGVTALRM, NULL, {sa_handler=SIG_DFL, sa_mask=[], sa_flags=0}, 8) = 0
11:21:51.563043 rt_sigaction(SIGVTALRM, {sa_handler=0x48b800, sa_mask=~[], sa_flags=SA_RESTORER|SA_ONSTACK|SA_RESTART|SA_SIGINFO, sa_restorer=0x48b940}, NULL, 8) = 0
11:21:51.563148 rt_sigaction(SIGPROF, NULL, {sa_handler=SIG_DFL, sa_mask=[], sa_flags=0}, 8) = 0
11:21:51.563254 rt_sigaction(SIGPROF, {sa_handler=0x48b800, sa_mask=~[], sa_flags=SA_RESTORER|SA_ONSTACK|SA_RESTART|SA_SIGINFO, sa_restorer=0x48b940}, NULL, 8) = 0
11:21:51.563356 rt_sigaction(SIGWINCH, NULL, {sa_handler=SIG_DFL, sa_mask=[], sa_flags=0}, 8) = 0
11:21:51.563445 rt_sigaction(SIGWINCH, {sa_handler=0x48b800, sa_mask=~[], sa_flags=SA_RESTORER|SA_ONSTACK|SA_RESTART|SA_SIGINFO, sa_restorer=0x48b940}, NULL, 8) = 0
11:21:51.563553 rt_sigaction(SIGIO, NULL, {sa_handler=SIG_DFL, sa_mask=[], sa_flags=0}, 8) = 0
11:21:51.563657 rt_sigaction(SIGIO, {sa_handler=0x48b800, sa_mask=~[], sa_flags=SA_RESTORER|SA_ONSTACK|SA_RESTART|SA_SIGINFO, sa_restorer=0x48b940}, NULL, 8) = 0
11:21:51.563779 rt_sigaction(SIGPWR, NULL, {sa_handler=SIG_DFL, sa_mask=[], sa_flags=0}, 8) = 0
11:21:51.563882 rt_sigaction(SIGPWR, {sa_handler=0x48b800, sa_mask=~[], sa_flags=SA_RESTORER|SA_ONSTACK|SA_RESTART|SA_SIGINFO, sa_restorer=0x48b940}, NULL, 8) = 0
11:21:51.563973 rt_sigaction(SIGSYS, NULL, {sa_handler=SIG_DFL, sa_mask=[], sa_flags=0}, 8) = 0
11:21:51.564088 rt_sigaction(SIGSYS, {sa_handler=0x48b800, sa_mask=~[], sa_flags=SA_RESTORER|SA_ONSTACK|SA_RESTART|SA_SIGINFO, sa_restorer=0x48b940}, NULL, 8) = 0
11:21:51.564190 rt_sigaction(SIGRTMIN, NULL, {sa_handler=SIG_DFL, sa_mask=[], sa_flags=0}, 8) = 0
11:21:51.564286 rt_sigaction(SIGRT_1, NULL, {sa_handler=SIG_DFL, sa_mask=[], sa_flags=0}, 8) = 0
11:21:51.564371 rt_sigaction(SIGRT_1, {sa_handler=0x48b800, sa_mask=~[], sa_flags=SA_RESTORER|SA_ONSTACK|SA_RESTART|SA_SIGINFO, sa_restorer=0x48b940}, NULL, 8) = 0
11:21:51.564458 rt_sigaction(SIGRT_2, NULL, {sa_handler=SIG_DFL, sa_mask=[], sa_flags=0}, 8) = 0
11:21:51.564540 rt_sigaction(SIGRT_3, NULL, {sa_handler=SIG_DFL, sa_mask=[], sa_flags=0}, 8) = 0
11:21:51.564631 rt_sigaction(SIGRT_3, {sa_handler=0x48b800, sa_mask=~[], sa_flags=SA_RESTORER|SA_ONSTACK|SA_RESTART|SA_SIGINFO, sa_restorer=0x48b940}, NULL, 8) = 0
11:21:51.564711 rt_sigaction(SIGRT_4, NULL, {sa_handler=SIG_DFL, sa_mask=[], sa_flags=0}, 8) = 0
11:21:51.564807 rt_sigaction(SIGRT_4, {sa_handler=0x48b800, sa_mask=~[], sa_flags=SA_RESTORER|SA_ONSTACK|SA_RESTART|SA_SIGINFO, sa_restorer=0x48b940}, NULL, 8) = 0
11:21:51.564899 rt_sigaction(SIGRT_5, NULL, {sa_handler=SIG_DFL, sa_mask=[], sa_flags=0}, 8) = 0
11:21:51.564992 rt_sigaction(SIGRT_5, {sa_handler=0x48b800, sa_mask=~[], sa_flags=SA_RESTORER|SA_ONSTACK|SA_RESTART|SA_SIGINFO, sa_restorer=0x48b940}, NULL, 8) = 0
11:21:51.565091 rt_sigaction(SIGRT_6, NULL, {sa_handler=SIG_DFL, sa_mask=[], sa_flags=0}, 8) = 0
11:21:51.565189 rt_sigaction(SIGRT_6, {sa_handler=0x48b800, sa_mask=~[], sa_flags=SA_RESTORER|SA_ONSTACK|SA_RESTART|SA_SIGINFO, sa_restorer=0x48b940}, NULL, 8) = 0
11:21:51.565291 rt_sigaction(SIGRT_7, NULL, {sa_handler=SIG_DFL, sa_mask=[], sa_flags=0}, 8) = 0
11:21:51.565385 rt_sigaction(SIGRT_7, {sa_handler=0x48b800, sa_mask=~[], sa_flags=SA_RESTORER|SA_ONSTACK|SA_RESTART|SA_SIGINFO, sa_restorer=0x48b940}, NULL, 8) = 0
11:21:51.565478 rt_sigaction(SIGRT_8, NULL, {sa_handler=SIG_DFL, sa_mask=[], sa_flags=0}, 8) = 0
11:21:51.565584 rt_sigaction(SIGRT_8, {sa_handler=0x48b800, sa_mask=~[], sa_flags=SA_RESTORER|SA_ONSTACK|SA_RESTART|SA_SIGINFO, sa_restorer=0x48b940}, NULL, 8) = 0
11:21:51.565698 rt_sigaction(SIGRT_9, NULL, {sa_handler=SIG_DFL, sa_mask=[], sa_flags=0}, 8) = 0
11:21:51.565823 rt_sigaction(SIGRT_9, {sa_handler=0x48b800, sa_mask=~[], sa_flags=SA_RESTORER|SA_ONSTACK|SA_RESTART|SA_SIGINFO, sa_restorer=0x48b940}, NULL, 8) = 0
11:21:51.565946 rt_sigaction(SIGRT_10, NULL, {sa_handler=SIG_DFL, sa_mask=[], sa_flags=0}, 8) = 0
11:21:51.566054 rt_sigaction(SIGRT_10, {sa_handler=0x48b800, sa_mask=~[], sa_flags=SA_RESTORER|SA_ONSTACK|SA_RESTART|SA_SIGINFO, sa_restorer=0x48b940}, NULL, 8) = 0
11:21:51.566156 rt_sigaction(SIGRT_11, NULL, {sa_handler=SIG_DFL, sa_mask=[], sa_flags=0}, 8) = 0
11:21:51.566252 rt_sigaction(SIGRT_11, {sa_handler=0x48b800, sa_mask=~[], sa_flags=SA_RESTORER|SA_ONSTACK|SA_RESTART|SA_SIGINFO, sa_restorer=0x48b940}, NULL, 8) = 0
11:21:51.566345 rt_sigaction(SIGRT_12, NULL, {sa_handler=SIG_DFL, sa_mask=[], sa_flags=0}, 8) = 0
11:21:51.566440 rt_sigaction(SIGRT_12, {sa_handler=0x48b800, sa_mask=~[], sa_flags=SA_RESTORER|SA_ONSTACK|SA_RESTART|SA_SIGINFO, sa_restorer=0x48b940}, NULL, 8) = 0
11:21:51.566543 rt_sigaction(SIGRT_13, NULL, {sa_handler=SIG_DFL, sa_mask=[], sa_flags=0}, 8) = 0
11:21:51.566639 rt_sigaction(SIGRT_13, {sa_handler=0x48b800, sa_mask=~[], sa_flags=SA_RESTORER|SA_ONSTACK|SA_RESTART|SA_SIGINFO, sa_restorer=0x48b940}, NULL, 8) = 0
11:21:51.566741 rt_sigaction(SIGRT_14, NULL, {sa_handler=SIG_DFL, sa_mask=[], sa_flags=0}, 8) = 0
11:21:51.566843 rt_sigaction(SIGRT_14, {sa_handler=0x48b800, sa_mask=~[], sa_flags=SA_RESTORER|SA_ONSTACK|SA_RESTART|SA_SIGINFO, sa_restorer=0x48b940}, NULL, 8) = 0
11:21:51.566919 rt_sigaction(SIGRT_15, NULL, {sa_handler=SIG_DFL, sa_mask=[], sa_flags=0}, 8) = 0
11:21:51.567017 rt_sigaction(SIGRT_15, {sa_handler=0x48b800, sa_mask=~[], sa_flags=SA_RESTORER|SA_ONSTACK|SA_RESTART|SA_SIGINFO, sa_restorer=0x48b940}, NULL, 8) = 0
11:21:51.567102 rt_sigaction(SIGRT_16, NULL, {sa_handler=SIG_DFL, sa_mask=[], sa_flags=0}, 8) = 0
11:21:51.567190 rt_sigaction(SIGRT_16, {sa_handler=0x48b800, sa_mask=~[], sa_flags=SA_RESTORER|SA_ONSTACK|SA_RESTART|SA_SIGINFO, sa_restorer=0x48b940}, NULL, 8) = 0
11:21:51.567275 rt_sigaction(SIGRT_17, NULL, {sa_handler=SIG_DFL, sa_mask=[], sa_flags=0}, 8) = 0
11:21:51.567366 rt_sigaction(SIGRT_17, {sa_handler=0x48b800, sa_mask=~[], sa_flags=SA_RESTORER|SA_ONSTACK|SA_RESTART|SA_SIGINFO, sa_restorer=0x48b940}, NULL, 8) = 0
11:21:51.567475 rt_sigaction(SIGRT_18, NULL, {sa_handler=SIG_DFL, sa_mask=[], sa_flags=0}, 8) = 0
11:21:51.567570 rt_sigaction(SIGRT_18, {sa_handler=0x48b800, sa_mask=~[], sa_flags=SA_RESTORER|SA_ONSTACK|SA_RESTART|SA_SIGINFO, sa_restorer=0x48b940}, NULL, 8) = 0
11:21:51.567683 rt_sigaction(SIGRT_19, NULL, {sa_handler=SIG_DFL, sa_mask=[], sa_flags=0}, 8) = 0
11:21:51.567776 rt_sigaction(SIGRT_19, {sa_handler=0x48b800, sa_mask=~[], sa_flags=SA_RESTORER|SA_ONSTACK|SA_RESTART|SA_SIGINFO, sa_restorer=0x48b940}, NULL, 8) = 0
11:21:51.567882 rt_sigaction(SIGRT_20, NULL, {sa_handler=SIG_DFL, sa_mask=[], sa_flags=0}, 8) = 0
11:21:51.567991 rt_sigaction(SIGRT_20, {sa_handler=0x48b800, sa_mask=~[], sa_flags=SA_RESTORER|SA_ONSTACK|SA_RESTART|SA_SIGINFO, sa_restorer=0x48b940}, NULL, 8) = 0
11:21:51.568082 rt_sigaction(SIGRT_21, NULL, {sa_handler=SIG_DFL, sa_mask=[], sa_flags=0}, 8) = 0
11:21:51.568188 rt_sigaction(SIGRT_21, {sa_handler=0x48b800, sa_mask=~[], sa_flags=SA_RESTORER|SA_ONSTACK|SA_RESTART|SA_SIGINFO, sa_restorer=0x48b940}, NULL, 8) = 0
11:21:51.568284 rt_sigaction(SIGRT_22, NULL, {sa_handler=SIG_DFL, sa_mask=[], sa_flags=0}, 8) = 0
11:21:51.568383 rt_sigaction(SIGRT_22, {sa_handler=0x48b800, sa_mask=~[], sa_flags=SA_RESTORER|SA_ONSTACK|SA_RESTART|SA_SIGINFO, sa_restorer=0x48b940}, NULL, 8) = 0
11:21:51.568471 rt_sigaction(SIGRT_23, NULL, {sa_handler=SIG_DFL, sa_mask=[], sa_flags=0}, 8) = 0
11:21:51.568559 rt_sigaction(SIGRT_23, {sa_handler=0x48b800, sa_mask=~[], sa_flags=SA_RESTORER|SA_ONSTACK|SA_RESTART|SA_SIGINFO, sa_restorer=0x48b940}, NULL, 8) = 0
11:21:51.568647 rt_sigaction(SIGRT_24, NULL, {sa_handler=SIG_DFL, sa_mask=[], sa_flags=0}, 8) = 0
11:21:51.568736 rt_sigaction(SIGRT_24, {sa_handler=0x48b800, sa_mask=~[], sa_flags=SA_RESTORER|SA_ONSTACK|SA_RESTART|SA_SIGINFO, sa_restorer=0x48b940}, NULL, 8) = 0
11:21:51.568907 rt_sigaction(SIGRT_25, NULL, {sa_handler=SIG_DFL, sa_mask=[], sa_flags=0}, 8) = 0
11:21:51.569020 rt_sigaction(SIGRT_25, {sa_handler=0x48b800, sa_mask=~[], sa_flags=SA_RESTORER|SA_ONSTACK|SA_RESTART|SA_SIGINFO, sa_restorer=0x48b940}, NULL, 8) = 0
11:21:51.569125 rt_sigaction(SIGRT_26, NULL, {sa_handler=SIG_DFL, sa_mask=[], sa_flags=0}, 8) = 0
11:21:51.569217 rt_sigaction(SIGRT_26, {sa_handler=0x48b800, sa_mask=~[], sa_flags=SA_RESTORER|SA_ONSTACK|SA_RESTART|SA_SIGINFO, sa_restorer=0x48b940}, NULL, 8) = 0
11:21:51.569312 rt_sigaction(SIGRT_27, NULL, {sa_handler=SIG_DFL, sa_mask=[], sa_flags=0}, 8) = 0
11:21:51.569417 rt_sigaction(SIGRT_27, {sa_handler=0x48b800, sa_mask=~[], sa_flags=SA_RESTORER|SA_ONSTACK|SA_RESTART|SA_SIGINFO, sa_restorer=0x48b940}, NULL, 8) = 0
11:21:51.569510 rt_sigaction(SIGRT_28, NULL, {sa_handler=SIG_DFL, sa_mask=[], sa_flags=0}, 8) = 0
11:21:51.569616 rt_sigaction(SIGRT_28, {sa_handler=0x48b800, sa_mask=~[], sa_flags=SA_RESTORER|SA_ONSTACK|SA_RESTART|SA_SIGINFO, sa_restorer=0x48b940}, NULL, 8) = 0
11:21:51.569703 rt_sigaction(SIGRT_29, NULL, {sa_handler=SIG_DFL, sa_mask=[], sa_flags=0}, 8) = 0
11:21:51.569825 rt_sigaction(SIGRT_29, {sa_handler=0x48b800, sa_mask=~[], sa_flags=SA_RESTORER|SA_ONSTACK|SA_RESTART|SA_SIGINFO, sa_restorer=0x48b940}, NULL, 8) = 0
11:21:51.569926 rt_sigaction(SIGRT_30, NULL, {sa_handler=SIG_DFL, sa_mask=[], sa_flags=0}, 8) = 0
11:21:51.570027 rt_sigaction(SIGRT_30, {sa_handler=0x48b800, sa_mask=~[], sa_flags=SA_RESTORER|SA_ONSTACK|SA_RESTART|SA_SIGINFO, sa_restorer=0x48b940}, NULL, 8) = 0
11:21:51.570123 rt_sigaction(SIGRT_31, NULL, {sa_handler=SIG_DFL, sa_mask=[], sa_flags=0}, 8) = 0
11:21:51.570231 rt_sigaction(SIGRT_31, {sa_handler=0x48b800, sa_mask=~[], sa_flags=SA_RESTORER|SA_ONSTACK|SA_RESTART|SA_SIGINFO, sa_restorer=0x48b940}, NULL, 8) = 0
11:21:51.570330 rt_sigaction(SIGRT_32, NULL, {sa_handler=SIG_DFL, sa_mask=[], sa_flags=0}, 8) = 0
11:21:51.570446 rt_sigaction(SIGRT_32, {sa_handler=0x48b800, sa_mask=~[], sa_flags=SA_RESTORER|SA_ONSTACK|SA_RESTART|SA_SIGINFO, sa_restorer=0x48b940}, NULL, 8) = 0
11:21:51.570575 rt_sigprocmask(SIG_SETMASK, ~[], [], 8) = 0
11:21:51.570687 clone(child_stack=0x3c81119aa000, flags=CLONE_VM|CLONE_FS|CLONE_FILES|CLONE_SIGHAND|CLONE_THREAD|CLONE_SYSVSEM|CLONE_SETTLSstrace: Process 216236 attached
, tls=0x3c81119f8090) = 216236
[pid 216235] 11:21:51.570877 rt_sigprocmask(SIG_SETMASK, [],  <unfinished ...>
[pid 216236] 11:21:51.570916 gettid( <unfinished ...>
[pid 216235] 11:21:51.570935 <... rt_sigprocmask resumed>NULL, 8) = 0
[pid 216236] 11:21:51.570955 <... gettid resumed>) = 216236
[pid 216235] 11:21:51.571013 rt_sigprocmask(SIG_SETMASK, ~[],  <unfinished ...>
[pid 216236] 11:21:51.571052 sigaltstack(NULL,  <unfinished ...>
[pid 216235] 11:21:51.571072 <... rt_sigprocmask resumed>[], 8) = 0
[pid 216236] 11:21:51.571093 <... sigaltstack resumed>{ss_sp=NULL, ss_flags=SS_DISABLE, ss_size=0}) = 0
[pid 216235] 11:21:51.571114 clone(child_stack=0x3c8111a18000, flags=CLONE_VM|CLONE_FS|CLONE_FILES|CLONE_SIGHAND|CLONE_THREAD|CLONE_SYSVSEM|CLONE_SETTLS <unfinished ...>
[pid 216236] 11:21:51.571135 sigaltstack({ss_sp=0x3c8111a00000, ss_flags=0, ss_size=32768}, NULL) = 0
strace: Process 216237 attached
[pid 216235] 11:21:51.571238 <... clone resumed>, tls=0x3c81119f8890) = 216237
[pid 216236] 11:21:51.571277 rt_sigprocmask(SIG_SETMASK, [],  <unfinished ...>
[pid 216235] 11:21:51.571302 rt_sigprocmask(SIG_SETMASK, [],  <unfinished ...>
[pid 216237] 11:21:51.571324 gettid( <unfinished ...>
[pid 216236] 11:21:51.571342 <... rt_sigprocmask resumed>NULL, 8) = 0
[pid 216235] 11:21:51.571361 <... rt_sigprocmask resumed>NULL, 8) = 0
[pid 216237] 11:21:51.571379 <... gettid resumed>) = 216237
[pid 216236] 11:21:51.571409 gettid( <unfinished ...>
[pid 216237] 11:21:51.571429 sigaltstack(NULL,  <unfinished ...>
[pid 216236] 11:21:51.571448 <... gettid resumed>) = 216236
[pid 216235] 11:21:51.571496 rt_sigprocmask(SIG_SETMASK, ~[],  <unfinished ...>
[pid 216237] 11:21:51.571538 <... sigaltstack resumed>{ss_sp=NULL, ss_flags=SS_DISABLE, ss_size=0}) = 0
[pid 216236] 11:21:51.571561 nanosleep({tv_sec=0, tv_nsec=20000},  <unfinished ...>
[pid 216235] 11:21:51.571586 <... rt_sigprocmask resumed>[], 8) = 0
[pid 216237] 11:21:51.571607 sigaltstack({ss_sp=0x3c8111a08000, ss_flags=0, ss_size=32768},  <unfinished ...>
[pid 216235] 11:21:51.571630 clone(child_stack=0x3c8111a14000, flags=CLONE_VM|CLONE_FS|CLONE_FILES|CLONE_SIGHAND|CLONE_THREAD|CLONE_SYSVSEM|CLONE_SETTLS <unfinished ...>
[pid 216237] 11:21:51.571650 <... sigaltstack resumed>NULL) = 0
[pid 216237] 11:21:51.571699 rt_sigprocmask(SIG_SETMASK, [],  <unfinished ...>
[pid 216236] 11:21:51.571732 <... nanosleep resumed>NULL) = 0
strace: Process 216238 attached
[pid 216237] 11:21:51.571778 <... rt_sigprocmask resumed>NULL, 8) = 0
[pid 216235] 11:21:51.571798 <... clone resumed>, tls=0x3c81119f9090) = 216238
[pid 216238] 11:21:51.571832 gettid( <unfinished ...>
[pid 216236] 11:21:51.571851 sched_getaffinity(0, 8192,  <unfinished ...>
[pid 216235] 11:21:51.571871 rt_sigprocmask(SIG_SETMASK, [],  <unfinished ...>
[pid 216238] 11:21:51.571893 <... gettid resumed>) = 216238
[pid 216237] 11:21:51.571911 gettid( <unfinished ...>
[pid 216235] 11:21:51.571943 <... rt_sigprocmask resumed>NULL, 8) = 0
[pid 216238] 11:21:51.571962 sigaltstack(NULL,  <unfinished ...>
[pid 216236] 11:21:51.571981 <... sched_getaffinity resumed>[0 1 2 3 4 5 6 7 8 9 10 11 12 13 14 15]) = 8
[pid 216235] 11:21:51.572007 futex(0x717038, FUTEX_WAIT_PRIVATE, 0, NULL <unfinished ...>
[pid 216238] 11:21:51.572028 <... sigaltstack resumed>{ss_sp=NULL, ss_flags=SS_DISABLE, ss_size=0}) = 0
[pid 216237] 11:21:51.572050 <... gettid resumed>) = 216237
[pid 216236] 11:21:51.572070 pread64(3,  <unfinished ...>
[pid 216238] 11:21:51.572090 sigaltstack({ss_sp=0x3c8111a20000, ss_flags=0, ss_size=32768},  <unfinished ...>
[pid 216236] 11:21:51.572114 <... pread64 resumed>"max 100000\n", 64, 0) = 11
[pid 216237] 11:21:51.572142 rt_sigprocmask(SIG_SETMASK, ~[],  <unfinished ...>
[pid 216238] 11:21:51.572164 <... sigaltstack resumed>NULL) = 0
[pid 216236] 11:21:51.572185 nanosleep({tv_sec=0, tv_nsec=20000},  <unfinished ...>
[pid 216237] 11:21:51.572206 <... rt_sigprocmask resumed>[], 8) = 0
[pid 216238] 11:21:51.572228 rt_sigprocmask(SIG_SETMASK, [],  <unfinished ...>
[pid 216237] 11:21:51.572249 clone(child_stack=0x3c8111a98000, flags=CLONE_VM|CLONE_FS|CLONE_FILES|CLONE_SIGHAND|CLONE_THREAD|CLONE_SYSVSEM|CLONE_SETTLS <unfinished ...>
[pid 216238] 11:21:51.572270 <... rt_sigprocmask resumed>NULL, 8) = 0
[pid 216238] 11:21:51.572331 gettid( <unfinished ...>
[pid 216236] 11:21:51.572385 <... nanosleep resumed>NULL) = 0
strace: Process 216239 attached
[pid 216238] 11:21:51.572420 <... gettid resumed>) = 216238
[pid 216237] 11:21:51.572439 <... clone resumed>, tls=0x3c8111a80090) = 216239
[pid 216239] 11:21:51.572461 gettid( <unfinished ...>
[pid 216238] 11:21:51.572481 futex(0x717038, FUTEX_WAKE_PRIVATE, 1 <unfinished ...>
[pid 216236] 11:21:51.572502 nanosleep({tv_sec=0, tv_nsec=20000},  <unfinished ...>
[pid 216239] 11:21:51.572529 <... gettid resumed>) = 216239
[pid 216238] 11:21:51.572549 <... futex resumed>) = 1
[pid 216237] 11:21:51.572570 rt_sigprocmask(SIG_SETMASK, [],  <unfinished ...>
[pid 216235] 11:21:51.572606 <... futex resumed>) = 0
[pid 216239] 11:21:51.572626 sigaltstack(NULL,  <unfinished ...>
[pid 216238] 11:21:51.572645 futex(0x3c81119f9160, FUTEX_WAIT_PRIVATE, 0, NULL <unfinished ...>
[pid 216235] 11:21:51.572668 futex(0x3c81119f9160, FUTEX_WAKE_PRIVATE, 1 <unfinished ...>
[pid 216239] 11:21:51.572688 <... sigaltstack resumed>{ss_sp=NULL, ss_flags=SS_DISABLE, ss_size=0}) = 0
[pid 216237] 11:21:51.572711 <... rt_sigprocmask resumed>NULL, 8) = 0
[pid 216236] 11:21:51.572733 <... nanosleep resumed>NULL) = 0
[pid 216235] 11:21:51.572756 <... futex resumed>) = 0
[pid 216239] 11:21:51.572776 sigaltstack({ss_sp=0x3c8111a86000, ss_flags=0, ss_size=32768},  <unfinished ...>
[pid 216238] 11:21:51.572812 <... futex resumed>) = -1 EAGAIN (Resource temporarily unavailable)
[pid 216237] 11:21:51.572837 futex(0x717038, FUTEX_WAKE_PRIVATE, 1 <unfinished ...>
[pid 216239] 11:21:51.572860 <... sigaltstack resumed>NULL) = 0
[pid 216236] 11:21:51.572880 nanosleep({tv_sec=0, tv_nsec=20000},  <unfinished ...>
[pid 216238] 11:21:51.572913 nanosleep({tv_sec=0, tv_nsec=3000},  <unfinished ...>
[pid 216235] 11:21:51.572937 prlimit64(0, RLIMIT_NOFILE, NULL,  <unfinished ...>
[pid 216239] 11:21:51.572969 rt_sigprocmask(SIG_SETMASK, [],  <unfinished ...>
[pid 216237] 11:21:51.572989 <... futex resumed>) = 0
[pid 216235] 11:21:51.573010 <... prlimit64 resumed>{rlim_cur=1024*1024, rlim_max=1024*1024}) = 0
[pid 216239] 11:21:51.573031 <... rt_sigprocmask resumed>NULL, 8) = 0
[pid 216238] 11:21:51.573052 <... nanosleep resumed>NULL) = 0
[pid 216237] 11:21:51.573085 futex(0x3c81119f8960, FUTEX_WAIT_PRIVATE, 0, NULL <unfinished ...>
[pid 216236] 11:21:51.573106 <... nanosleep resumed>NULL) = 0
[pid 216235] 11:21:51.573127 fcntl(0, F_GETFL <unfinished ...>
[pid 216239] 11:21:51.573151 gettid( <unfinished ...>
[pid 216238] 11:21:51.573171 futex(0x3c81119f9160, FUTEX_WAIT_PRIVATE, 0, NULL <unfinished ...>
[pid 216235] 11:21:51.573193 <... fcntl resumed>) = 0x2 (flags O_RDWR)
[pid 216239] 11:21:51.573215 <... gettid resumed>) = 216239
[pid 216236] 11:21:51.573248 nanosleep({tv_sec=0, tv_nsec=20000},  <unfinished ...>
[pid 216235] 11:21:51.573267 mmap(NULL, 262144, PROT_READ|PROT_WRITE, MAP_PRIVATE|MAP_ANONYMOUS, -1, 0 <unfinished ...>
[pid 216239] 11:21:51.573290 nanosleep({tv_sec=0, tv_nsec=3000},  <unfinished ...>
[pid 216235] 11:21:51.573377 <... mmap resumed>) = 0x772ae2010000
[pid 216236] 11:21:51.573401 <... nanosleep resumed>NULL) = 0
[pid 216235] 11:21:51.573420 prctl(PR_SET_VMA, PR_SET_VMA_ANON_NAME, 0x772ae2010000, 262144, " Go: immortal metadata" <unfinished ...>
[pid 216236] 11:21:51.573446 nanosleep({tv_sec=0, tv_nsec=20000},  <unfinished ...>
[pid 216239] 11:21:51.573488 <... nanosleep resumed>NULL) = 0
[pid 216239] 11:21:51.573538 futex(0x3c81119f9160, FUTEX_WAKE_PRIVATE, 1 <unfinished ...>
[pid 216236] 11:21:51.573581 <... nanosleep resumed>NULL) = 0
[pid 216239] 11:21:51.573602 <... futex resumed>) = 1
[pid 216238] 11:21:51.573623 <... futex resumed>) = 0
[pid 216236] 11:21:51.573642 nanosleep({tv_sec=0, tv_nsec=20000},  <unfinished ...>
[pid 216239] 11:21:51.573679 futex(0x3c8111a80160, FUTEX_WAIT_PRIVATE, 0, NULL <unfinished ...>
[pid 216238] 11:21:51.573699 futex(0x3c81119f9160, FUTEX_WAIT_PRIVATE, 0, NULL <unfinished ...>
[pid 216235] 11:21:51.573716 <... prctl resumed>) = 0
[pid 216235] 11:21:51.573833 fcntl(1, F_GETFL <unfinished ...>
[pid 216236] 11:21:51.573882 <... nanosleep resumed>NULL) = 0
[pid 216235] 11:21:51.573899 <... fcntl resumed>) = 0x1 (flags O_WRONLY)
[pid 216236] 11:21:51.573918 nanosleep({tv_sec=0, tv_nsec=20000},  <unfinished ...>
[pid 216235] 11:21:51.573943 fcntl(2, F_GETFL) = 0x1 (flags O_WRONLY)
[pid 216236] 11:21:51.574058 <... nanosleep resumed>NULL) = 0
[pid 216236] 11:21:51.574111 nanosleep({tv_sec=0, tv_nsec=20000},  <unfinished ...>
[pid 216235] 11:21:51.574185 newfstatat(AT_FDCWD, "/home/sh1rogane/.local/sdk/go/bin/runc", 0x3c8111aac518, 0) = -1 ENOENT (No such file or directory)
[pid 216236] 11:21:51.574266 <... nanosleep resumed>NULL) = 0
[pid 216235] 11:21:51.574296 newfstatat(AT_FDCWD, "/home/sh1rogane/go/bin/runc",  <unfinished ...>
[pid 216236] 11:21:51.574316 nanosleep({tv_sec=0, tv_nsec=20000},  <unfinished ...>
[pid 216235] 11:21:51.574334 <... newfstatat resumed>0x3c8111aac5e8, 0) = -1 ENOENT (No such file or directory)
[pid 216235] 11:21:51.574383 newfstatat(AT_FDCWD, "/home/sh1rogane/.local/sdk/go/bin/runc", 0x3c8111aac6b8, 0) = -1 ENOENT (No such file or directory)
[pid 216236] 11:21:51.574462 <... nanosleep resumed>NULL) = 0
[pid 216235] 11:21:51.574495 newfstatat(AT_FDCWD, "/home/sh1rogane/go/bin/runc",  <unfinished ...>
[pid 216236] 11:21:51.574516 nanosleep({tv_sec=0, tv_nsec=20000},  <unfinished ...>
[pid 216235] 11:21:51.574534 <... newfstatat resumed>0x3c8111aac788, 0) = -1 ENOENT (No such file or directory)
[pid 216235] 11:21:51.574586 newfstatat(AT_FDCWD, "/home/sh1rogane/.qoder-server/bin/85e509d9b77b9c245ac4703b4aa667d5be04a147/bin/remote-cli/runc", 0x3c8111aac858, 0) = -1 ENOENT (No such file or directory)
[pid 216236] 11:21:51.574661 <... nanosleep resumed>NULL) = 0
[pid 216235] 11:21:51.574681 newfstatat(AT_FDCWD, "/home/sh1rogane/.local/bin/runc",  <unfinished ...>
[pid 216236] 11:21:51.574702 nanosleep({tv_sec=0, tv_nsec=20000},  <unfinished ...>
[pid 216235] 11:21:51.574724 <... newfstatat resumed>0x3c8111aac928, 0) = -1 ENOENT (No such file or directory)
[pid 216235] 11:21:51.574774 newfstatat(AT_FDCWD, "/home/sh1rogane/.local/sdk/go/bin/runc", 0x3c8111aac9f8, 0) = -1 ENOENT (No such file or directory)
[pid 216236] 11:21:51.574854 <... nanosleep resumed>NULL) = 0
[pid 216235] 11:21:51.574876 newfstatat(AT_FDCWD, "/home/sh1rogane/go/bin/runc",  <unfinished ...>
[pid 216236] 11:21:51.574899 nanosleep({tv_sec=0, tv_nsec=20000},  <unfinished ...>
[pid 216235] 11:21:51.574928 <... newfstatat resumed>0x3c8111aacac8, 0) = -1 ENOENT (No such file or directory)
[pid 216235] 11:21:51.574977 newfstatat(AT_FDCWD, "/home/sh1rogane/.local/sdk/go/bin/runc",  <unfinished ...>
[pid 216236] 11:21:51.575027 <... nanosleep resumed>NULL) = 0
[pid 216235] 11:21:51.575048 <... newfstatat resumed>0x3c8111aacb98, 0) = -1 ENOENT (No such file or directory)
[pid 216236] 11:21:51.575070 nanosleep({tv_sec=0, tv_nsec=20000},  <unfinished ...>
[pid 216235] 11:21:51.575094 newfstatat(AT_FDCWD, "/home/sh1rogane/go/bin/runc", 0x3c8111aacc68, 0) = -1 ENOENT (No such file or directory)
[pid 216235] 11:21:51.575209 newfstatat(AT_FDCWD, "/usr/local/sbin/runc",  <unfinished ...>
[pid 216236] 11:21:51.575240 <... nanosleep resumed>NULL) = 0
[pid 216235] 11:21:51.575256 <... newfstatat resumed>0x3c8111aacd38, 0) = -1 ENOENT (No such file or directory)
[pid 216236] 11:21:51.575277 nanosleep({tv_sec=0, tv_nsec=20000},  <unfinished ...>
[pid 216235] 11:21:51.575296 newfstatat(AT_FDCWD, "/usr/local/bin/runc", 0x3c8111aace08, 0) = -1 ENOENT (No such file or directory)
[pid 216235] 11:21:51.575407 newfstatat(AT_FDCWD, "/usr/sbin/runc",  <unfinished ...>
[pid 216236] 11:21:51.575436 <... nanosleep resumed>NULL) = 0
[pid 216235] 11:21:51.575457 <... newfstatat resumed>{st_mode=S_IFREG|0755, st_size=11431736, ...}, 0) = 0
[pid 216236] 11:21:51.575483 nanosleep({tv_sec=0, tv_nsec=20000},  <unfinished ...>
[pid 216235] 11:21:51.575506 faccessat2(AT_FDCWD, "/usr/sbin/runc", X_OK, AT_EACCESS) = 0
[pid 216236] 11:21:51.575609 <... nanosleep resumed>NULL) = 0
[pid 216235] 11:21:51.575635 epoll_create1(EPOLL_CLOEXEC <unfinished ...>
[pid 216236] 11:21:51.575657 nanosleep({tv_sec=0, tv_nsec=20000},  <unfinished ...>
[pid 216235] 11:21:51.575682 <... epoll_create1 resumed>) = 4
[pid 216235] 11:21:51.575725 eventfd2(0, EFD_CLOEXEC|EFD_NONBLOCK) = 5
[pid 216236] 11:21:51.575802 <... nanosleep resumed>NULL) = 0
[pid 216235] 11:21:51.575821 epoll_ctl(4, EPOLL_CTL_ADD, 5, {events=EPOLLIN, data={u32=7560728, u64=7560728}}) = 0
[pid 216236] 11:21:51.575906 nanosleep({tv_sec=0, tv_nsec=20000},  <unfinished ...>
[pid 216235] 11:21:51.575936 futex(0x3c8111a80160, FUTEX_WAKE_PRIVATE, 1) = 1
[pid 216239] 11:21:51.576036 <... futex resumed>) = 0
[pid 216235] 11:21:51.576056 mmap(NULL, 4096, PROT_READ|PROT_WRITE, 0x8 /* MAP_??? */|MAP_ANONYMOUS, -1, 0 <unfinished ...>
[pid 216236] 11:21:51.576075 <... nanosleep resumed>NULL) = 0
[pid 216235] 11:21:51.576094 <... mmap resumed>) = 0x772b28a0c000
[pid 216239] 11:21:51.576123 epoll_pwait(4,  <unfinished ...>
[pid 216235] 11:21:51.576142 prctl(PR_SET_VMA, PR_SET_VMA_ANON_NAME, 0x772b28a0c000, 4096, " Go: getrandom states" <unfinished ...>
[pid 216236] 11:21:51.576162 nanosleep({tv_sec=0, tv_nsec=20000},  <unfinished ...>
[pid 216235] 11:21:51.576182 <... prctl resumed>) = 0
[pid 216235] 11:21:51.576258 getrandom( <unfinished ...>
[pid 216236] 11:21:51.576300 <... nanosleep resumed>NULL) = 0
[pid 216235] 11:21:51.576321 <... getrandom resumed>"\xff\x8e\x96\x7a\xd2\xdc\x53\x74\xbc\xac\xd3\x72\x37\x85\x80\x33\x5c\x00\x64\x86\x23\x3d\xf1\xd5\x81\x19\x1d\xce\x7a\x6d\x37\x6c", 32, 0) = 32
[pid 216236] 11:21:51.576346 nanosleep({tv_sec=0, tv_nsec=20000},  <unfinished ...>
[pid 216235] 11:21:51.576369 geteuid()  = 1000
[pid 216235] 11:21:51.576482 futex(0x3c81119f9160, FUTEX_WAKE_PRIVATE, 1 <unfinished ...>
[pid 216236] 11:21:51.576515 <... nanosleep resumed>NULL) = 0
[pid 216235] 11:21:51.576537 <... futex resumed>) = 1
[pid 216238] 11:21:51.576557 <... futex resumed>) = 0
[pid 216236] 11:21:51.576576 nanosleep({tv_sec=0, tv_nsec=20000},  <unfinished ...>
[pid 216235] 11:21:51.576611 rt_sigprocmask(SIG_SETMASK, ~[],  <unfinished ...>
[pid 216238] 11:21:51.576634 futex(0x3c81119f9160, FUTEX_WAIT_PRIVATE, 0, NULL <unfinished ...>
[pid 216235] 11:21:51.576655 <... rt_sigprocmask resumed>[], 8) = 0
[pid 216235] 11:21:51.576704 clone(child_stack=0x3c8111a94000, flags=CLONE_VM|CLONE_FS|CLONE_FILES|CLONE_SIGHAND|CLONE_THREAD|CLONE_SYSVSEM|CLONE_SETTLS <unfinished ...>
[pid 216236] 11:21:51.576738 <... nanosleep resumed>NULL) = 0
[pid 216236] 11:21:51.576784 nanosleep({tv_sec=0, tv_nsec=20000}, strace: Process 216240 attached
 <unfinished ...>
[pid 216235] 11:21:51.576855 <... clone resumed>, tls=0x3c8111a80890) = 216240
[pid 216240] 11:21:51.576875 gettid( <unfinished ...>
[pid 216235] 11:21:51.576895 rt_sigprocmask(SIG_SETMASK, [],  <unfinished ...>
[pid 216240] 11:21:51.576929 <... gettid resumed>) = 216240
[pid 216235] 11:21:51.576949 <... rt_sigprocmask resumed>NULL, 8) = 0
[pid 216240] 11:21:51.576970 sigaltstack(NULL,  <unfinished ...>
[pid 216236] 11:21:51.576989 <... nanosleep resumed>NULL) = 0
[pid 216235] 11:21:51.577006 rt_sigprocmask(SIG_SETMASK, ~[HUP INT QUIT ILL TRAP ABRT BUS FPE SEGV TERM STKFLT CHLD URG PROF SYS RTMIN RT_1 RT_2],  <unfinished ...>
[pid 216240] 11:21:51.577028 <... sigaltstack resumed>{ss_sp=NULL, ss_flags=SS_DISABLE, ss_size=0}) = 0
[pid 216236] 11:21:51.577045 nanosleep({tv_sec=0, tv_nsec=20000},  <unfinished ...>
[pid 216235] 11:21:51.577066 <... rt_sigprocmask resumed>NULL, 8) = 0
[pid 216240] 11:21:51.577084 sigaltstack({ss_sp=0x3c8111ad8000, ss_flags=0, ss_size=32768},  <unfinished ...>
[pid 216235] 11:21:51.577108 futex(0x3c81119f9160, FUTEX_WAKE_PRIVATE, 1 <unfinished ...>
[pid 216240] 11:21:51.577128 <... sigaltstack resumed>NULL) = 0
[pid 216235] 11:21:51.577154 <... futex resumed>) = 1
[pid 216238] 11:21:51.577182 <... futex resumed>) = 0
[pid 216236] 11:21:51.577211 <... nanosleep resumed>NULL) = 0
[pid 216240] 11:21:51.577227 rt_sigprocmask(SIG_SETMASK, [],  <unfinished ...>
[pid 216235] 11:21:51.577249 rt_sigprocmask(SIG_SETMASK, ~[HUP INT QUIT ILL TRAP ABRT BUS FPE SEGV TERM STKFLT CHLD URG PROF SYS RTMIN RT_1 RT_2],  <unfinished ...>
[pid 216238] 11:21:51.577260 nanosleep({tv_sec=0, tv_nsec=3000},  <unfinished ...>
[pid 216236] 11:21:51.577280 nanosleep({tv_sec=0, tv_nsec=20000},  <unfinished ...>
[pid 216235] 11:21:51.577301 <... rt_sigprocmask resumed>NULL, 8) = 0
[pid 216240] 11:21:51.577319 <... rt_sigprocmask resumed>NULL, 8) = 0
[pid 216235] 11:21:51.577348 futex(0x3c81119f8960, FUTEX_WAKE_PRIVATE, 1 <unfinished ...>
[pid 216240] 11:21:51.577366 gettid( <unfinished ...>
[pid 216238] 11:21:51.577381 <... nanosleep resumed>NULL) = 0
[pid 216235] 11:21:51.577398 <... futex resumed>) = 1
[pid 216237] 11:21:51.577416 <... futex resumed>) = 0
[pid 216240] 11:21:51.577433 <... gettid resumed>) = 216240
[pid 216235] 11:21:51.577451 futex(0x717038, FUTEX_WAIT_PRIVATE, 0, NULL <unfinished ...>
[pid 216238] 11:21:51.577468 mmap(NULL, 262144, PROT_READ|PROT_WRITE, MAP_PRIVATE|MAP_ANONYMOUS, -1, 0 <unfinished ...>
[pid 216236] 11:21:51.577486 <... nanosleep resumed>NULL) = 0
[pid 216240] 11:21:51.577504 futex(0x7361d8, FUTEX_WAIT_PRIVATE, 0, NULL <unfinished ...>
[pid 216237] 11:21:51.577524 futex(0x3c81119f8960, FUTEX_WAIT_PRIVATE, 0, NULL <unfinished ...>
[pid 216238] 11:21:51.577545 <... mmap resumed>) = 0x772ae1fd0000
[pid 216236] 11:21:51.577564 nanosleep({tv_sec=0, tv_nsec=20000},  <unfinished ...>
[pid 216238] 11:21:51.577585 prctl(PR_SET_VMA, PR_SET_VMA_ANON_NAME, 0x772ae1fd0000, 262144, " Go: immortal metadata" <unfinished ...>
[pid 216236] 11:21:51.577740 <... nanosleep resumed>NULL) = 0
[pid 216236] 11:21:51.577805 nanosleep({tv_sec=0, tv_nsec=20000}, NULL) = 0
[pid 216238] 11:21:51.577981 <... prctl resumed>) = 0
[pid 216236] 11:21:51.578002 nanosleep({tv_sec=0, tv_nsec=20000},  <unfinished ...>
[pid 216238] 11:21:51.578050 rt_sigprocmask(SIG_SETMASK, ~[], [], 8) = 0
[pid 216236] 11:21:51.578138 <... nanosleep resumed>NULL) = 0
[pid 216238] 11:21:51.578175 clone(child_stack=0x3c8111b18000, flags=CLONE_VM|CLONE_FS|CLONE_FILES|CLONE_SIGHAND|CLONE_THREAD|CLONE_SYSVSEM|CLONE_SETTLS <unfinished ...>
[pid 216236] 11:21:51.578196 nanosleep({tv_sec=0, tv_nsec=20000}, strace: Process 216241 attached
NULL) = 0
[pid 216241] 11:21:51.578332 gettid( <unfinished ...>
[pid 216238] 11:21:51.578350 <... clone resumed>, tls=0x3c8111b00090) = 216241
[pid 216241] 11:21:51.578369 <... gettid resumed>) = 216241
[pid 216236] 11:21:51.578387 nanosleep({tv_sec=0, tv_nsec=20000},  <unfinished ...>
[pid 216241] 11:21:51.578420 sigaltstack(NULL,  <unfinished ...>
[pid 216238] 11:21:51.578435 rt_sigprocmask(SIG_SETMASK, [],  <unfinished ...>
[pid 216241] 11:21:51.578455 <... sigaltstack resumed>{ss_sp=NULL, ss_flags=SS_DISABLE, ss_size=0}) = 0
[pid 216238] 11:21:51.578477 <... rt_sigprocmask resumed>NULL, 8) = 0
[pid 216241] 11:21:51.578496 sigaltstack({ss_sp=0x3c8111b06000, ss_flags=0, ss_size=32768}, NULL) = 0
[pid 216236] 11:21:51.578551 <... nanosleep resumed>NULL) = 0
[pid 216241] 11:21:51.578573 rt_sigprocmask(SIG_SETMASK, [],  <unfinished ...>
[pid 216238] 11:21:51.578592 futex(0x3c81119f8960, FUTEX_WAKE_PRIVATE, 1 <unfinished ...>
[pid 216236] 11:21:51.578609 nanosleep({tv_sec=0, tv_nsec=20000},  <unfinished ...>
[pid 216238] 11:21:51.578631 <... futex resumed>) = 1
[pid 216237] 11:21:51.578649 <... futex resumed>) = 0
[pid 216238] 11:21:51.578694 futex(0x736380, FUTEX_WAIT_PRIVATE, 0, NULL <unfinished ...>
[pid 216237] 11:21:51.578730 futex(0x717038, FUTEX_WAKE_PRIVATE, 1 <unfinished ...>
[pid 216241] 11:21:51.578758 <... rt_sigprocmask resumed>NULL, 8) = 0
[pid 216236] 11:21:51.578775 <... nanosleep resumed>NULL) = 0
[pid 216235] 11:21:51.578796 <... futex resumed>) = 0
[pid 216241] 11:21:51.578815 gettid( <unfinished ...>
[pid 216237] 11:21:51.578833 <... futex resumed>) = 1
[pid 216235] 11:21:51.578854 rt_sigprocmask(SIG_SETMASK, ~[HUP INT QUIT ILL TRAP ABRT BUS FPE SEGV TERM STKFLT CHLD URG PROF SYS RTMIN RT_1 RT_2],  <unfinished ...>
[pid 216241] 11:21:51.578901 <... gettid resumed>) = 216241
[pid 216236] 11:21:51.578918 nanosleep({tv_sec=0, tv_nsec=20000},  <unfinished ...>
[pid 216235] 11:21:51.578941 <... rt_sigprocmask resumed>NULL, 8) = 0
[pid 216241] 11:21:51.578959 nanosleep({tv_sec=0, tv_nsec=3000},  <unfinished ...>
[pid 216237] 11:21:51.578979 futex(0x3c81119f8960, FUTEX_WAIT_PRIVATE, 0, NULL <unfinished ...>
[pid 216235] 11:21:51.578998 futex(0x3c81119f8960, FUTEX_WAKE_PRIVATE, 1 <unfinished ...>
[pid 216237] 11:21:51.579017 <... futex resumed>) = -1 EAGAIN (Resource temporarily unavailable)
[pid 216235] 11:21:51.579037 <... futex resumed>) = 0
[pid 216235] 11:21:51.579098 futex(0x717038, FUTEX_WAIT_PRIVATE, 0, NULL <unfinished ...>
[pid 216241] 11:21:51.579125 <... nanosleep resumed>NULL) = 0
[pid 216237] 11:21:51.579144 mkdirat(AT_FDCWD, "/tmp/anolix-bundle-1373909550", 0700 <unfinished ...>
[pid 216236] 11:21:51.579170 <... nanosleep resumed>NULL) = 0
[pid 216241] 11:21:51.579190 rt_sigprocmask(SIG_SETMASK, ~[],  <unfinished ...>
[pid 216236] 11:21:51.579213 nanosleep({tv_sec=0, tv_nsec=20000},  <unfinished ...>
[pid 216241] 11:21:51.579235 <... rt_sigprocmask resumed>[], 8) = 0
[pid 216241] 11:21:51.579288 clone(child_stack=0x3c8111b14000, flags=CLONE_VM|CLONE_FS|CLONE_FILES|CLONE_SIGHAND|CLONE_THREAD|CLONE_SYSVSEM|CLONE_SETTLSstrace: Process 216242 attached
 <unfinished ...>
[pid 216236] 11:21:51.579445 <... nanosleep resumed>NULL) = 0
[pid 216242] 11:21:51.579463 gettid( <unfinished ...>
[pid 216241] 11:21:51.579478 <... clone resumed>, tls=0x3c81119f9890) = 216242
[pid 216242] 11:21:51.579495 <... gettid resumed>) = 216242
[pid 216236] 11:21:51.579511 rt_sigprocmask(SIG_SETMASK, ~[],  <unfinished ...>
[pid 216242] 11:21:51.579537 sigaltstack(NULL,  <unfinished ...>
[pid 216241] 11:21:51.579555 rt_sigprocmask(SIG_SETMASK, [],  <unfinished ...>
[pid 216242] 11:21:51.579573 <... sigaltstack resumed>{ss_sp=NULL, ss_flags=SS_DISABLE, ss_size=0}) = 0
[pid 216236] 11:21:51.579590 <... rt_sigprocmask resumed>[], 8) = 0
[pid 216242] 11:21:51.579622 sigaltstack({ss_sp=0x3c8111a28000, ss_flags=0, ss_size=32768},  <unfinished ...>
[pid 216241] 11:21:51.579641 <... rt_sigprocmask resumed>NULL, 8) = 0
[pid 216236] 11:21:51.579658 clone(child_stack=0x3c8111b38000, flags=CLONE_VM|CLONE_FS|CLONE_FILES|CLONE_SIGHAND|CLONE_THREAD|CLONE_SYSVSEM|CLONE_SETTLS <unfinished ...>
[pid 216242] 11:21:51.579674 <... sigaltstack resumed>NULL) = 0
[pid 216241] 11:21:51.579692 futex(0x717038, FUTEX_WAKE_PRIVATE, 1 <unfinished ...>
[pid 216242] 11:21:51.579711 rt_sigprocmask(SIG_SETMASK, [], strace: Process 216243 attached
 <unfinished ...>
[pid 216235] 11:21:51.579764 <... futex resumed>) = 0
[pid 216241] 11:21:51.579779 <... futex resumed>) = 1
[pid 216242] 11:21:51.579805 <... rt_sigprocmask resumed>NULL, 8) = 0
[pid 216235] 11:21:51.579834 futex(0x717038, FUTEX_WAIT_PRIVATE, 0, NULL <unfinished ...>
[pid 216242] 11:21:51.579862 gettid( <unfinished ...>
[pid 216241] 11:21:51.579878 futex(0x3c8111b00160, FUTEX_WAIT_PRIVATE, 0, NULL <unfinished ...>
[pid 216236] 11:21:51.579895 <... clone resumed>, tls=0x3c8111b00890) = 216243
[pid 216243] 11:21:51.579909 gettid( <unfinished ...>
[pid 216242] 11:21:51.579928 <... gettid resumed>) = 216242
[pid 216243] 11:21:51.579947 <... gettid resumed>) = 216243
[pid 216236] 11:21:51.579963 rt_sigprocmask(SIG_SETMASK, [],  <unfinished ...>
[pid 216243] 11:21:51.579995 sigaltstack(NULL,  <unfinished ...>
[pid 216242] 11:21:51.580014 futex(0x3c8111b00160, FUTEX_WAKE_PRIVATE, 1 <unfinished ...>
[pid 216243] 11:21:51.580031 <... sigaltstack resumed>{ss_sp=NULL, ss_flags=SS_DISABLE, ss_size=0}) = 0
[pid 216236] 11:21:51.580051 <... rt_sigprocmask resumed>NULL, 8) = 0
[pid 216243] 11:21:51.580078 sigaltstack({ss_sp=0x3c8111b28000, ss_flags=0, ss_size=32768},  <unfinished ...>
[pid 216242] 11:21:51.580096 <... futex resumed>) = 1
[pid 216241] 11:21:51.580110 <... futex resumed>) = 0
[pid 216243] 11:21:51.580127 <... sigaltstack resumed>NULL) = 0
[pid 216236] 11:21:51.580143 nanosleep({tv_sec=0, tv_nsec=20000},  <unfinished ...>
[pid 216243] 11:21:51.580164 rt_sigprocmask(SIG_SETMASK, [],  <unfinished ...>
[pid 216242] 11:21:51.580183 futex(0x3c81119f9960, FUTEX_WAIT_PRIVATE, 0, NULL <unfinished ...>
[pid 216241] 11:21:51.580201 futex(0x3c8111b00160, FUTEX_WAIT_PRIVATE, 0, NULL <unfinished ...>
[pid 216243] 11:21:51.580219 <... rt_sigprocmask resumed>NULL, 8) = 0
[pid 216243] 11:21:51.580260 gettid( <unfinished ...>
[pid 216236] 11:21:51.580286 <... nanosleep resumed>NULL) = 0
[pid 216243] 11:21:51.580302 <... gettid resumed>) = 216243
[pid 216236] 11:21:51.580317 nanosleep({tv_sec=0, tv_nsec=20000},  <unfinished ...>
[pid 216243] 11:21:51.580337 futex(0x3c8111b00960, FUTEX_WAIT_PRIVATE, 0, NULL <unfinished ...>
[pid 216236] 11:21:51.580477 <... nanosleep resumed>NULL) = 0
[pid 216236] 11:21:51.580521 futex(0x717740, FUTEX_WAIT_PRIVATE, 0, {tv_sec=60, tv_nsec=0} <unfinished ...>
[pid 216237] 11:21:51.581868 <... mkdirat resumed>) = 0
[pid 216237] 11:21:51.581915 futex(0x717740, FUTEX_WAKE_PRIVATE, 1) = 1
[pid 216236] 11:21:51.581992 <... futex resumed>) = 0
[pid 216237] 11:21:51.582009 newfstatat(AT_FDCWD, "/tmp/anolix-bundle-1373909550",  <unfinished ...>
[pid 216236] 11:21:51.582030 nanosleep({tv_sec=0, tv_nsec=20000},  <unfinished ...>
[pid 216237] 11:21:51.582050 <... newfstatat resumed>{st_mode=S_IFDIR|0700, st_size=4096, ...}, 0) = 0
[pid 216237] 11:21:51.582098 newfstatat(AT_FDCWD, "/tmp", {st_mode=S_IFDIR|S_ISVTX|0777, st_size=28672, ...}, AT_SYMLINK_NOFOLLOW) = 0
[pid 216236] 11:21:51.582171 <... nanosleep resumed>NULL) = 0
[pid 216237] 11:21:51.582214 newfstatat(AT_FDCWD, "/tmp/anolix-bundle-1373909550",  <unfinished ...>
[pid 216236] 11:21:51.582247 nanosleep({tv_sec=0, tv_nsec=20000},  <unfinished ...>
[pid 216237] 11:21:51.582266 <... newfstatat resumed>{st_mode=S_IFDIR|0700, st_size=4096, ...}, AT_SYMLINK_NOFOLLOW) = 0
[pid 216237] 11:21:51.582315 newfstatat(AT_FDCWD, ".", {st_mode=S_IFDIR|0755, st_size=4096, ...}, 0) = 0
[pid 216236] 11:21:51.582392 <... nanosleep resumed>NULL) = 0
[pid 216237] 11:21:51.582409 newfstatat(AT_FDCWD, "/home/sh1rogane/Anolix",  <unfinished ...>
[pid 216236] 11:21:51.582427 nanosleep({tv_sec=0, tv_nsec=20000},  <unfinished ...>
[pid 216237] 11:21:51.582459 <... newfstatat resumed>{st_mode=S_IFDIR|0755, st_size=4096, ...}, 0) = 0
[pid 216237] 11:21:51.582507 newfstatat(AT_FDCWD, "/home/sh1rogane/Anolix/rootfs", {st_mode=S_IFDIR|0755, st_size=4096, ...}, 0) = 0
[pid 216236] 11:21:51.582570 <... nanosleep resumed>NULL) = 0
[pid 216237] 11:21:51.582610 newfstatat(AT_FDCWD, "/home",  <unfinished ...>
[pid 216236] 11:21:51.582646 nanosleep({tv_sec=0, tv_nsec=20000},  <unfinished ...>
[pid 216237] 11:21:51.582665 <... newfstatat resumed>{st_mode=S_IFDIR|0755, st_size=4096, ...}, AT_SYMLINK_NOFOLLOW) = 0
[pid 216237] 11:21:51.582712 newfstatat(AT_FDCWD, "/home/sh1rogane", {st_mode=S_IFDIR|0750, st_size=4096, ...}, AT_SYMLINK_NOFOLLOW) = 0
[pid 216236] 11:21:51.582799 <... nanosleep resumed>NULL) = 0
[pid 216237] 11:21:51.582818 newfstatat(AT_FDCWD, "/home/sh1rogane/Anolix",  <unfinished ...>
[pid 216236] 11:21:51.582836 nanosleep({tv_sec=0, tv_nsec=20000},  <unfinished ...>
[pid 216237] 11:21:51.582854 <... newfstatat resumed>{st_mode=S_IFDIR|0755, st_size=4096, ...}, AT_SYMLINK_NOFOLLOW) = 0
[pid 216237] 11:21:51.582902 newfstatat(AT_FDCWD, "/home/sh1rogane/Anolix/rootfs", {st_mode=S_IFDIR|0755, st_size=4096, ...}, AT_SYMLINK_NOFOLLOW) = 0
[pid 216236] 11:21:51.583000 <... nanosleep resumed>NULL) = 0
[pid 216236] 11:21:51.583045 nanosleep({tv_sec=0, tv_nsec=20000},  <unfinished ...>
[pid 216237] 11:21:51.583062 geteuid()  = 1000
[pid 216237] 11:21:51.583155 getegid( <unfinished ...>
[pid 216236] 11:21:51.583186 <... nanosleep resumed>NULL) = 0
[pid 216237] 11:21:51.583203 <... getegid resumed>) = 1000
[pid 216236] 11:21:51.583228 nanosleep({tv_sec=0, tv_nsec=20000}, NULL) = 0
[pid 216236] 11:21:51.583415 nanosleep({tv_sec=0, tv_nsec=20000}, NULL) = 0
[pid 216236] 11:21:51.583614 nanosleep({tv_sec=0, tv_nsec=20000},  <unfinished ...>
[pid 216237] 11:21:51.583766 openat(AT_FDCWD, "/tmp/anolix-bundle-1373909550/config.json", O_WRONLY|O_CREAT|O_TRUNC|O_CLOEXEC, 0600 <unfinished ...>
[pid 216236] 11:21:51.583792 <... nanosleep resumed>NULL) = 0
[pid 216236] 11:21:51.583840 nanosleep({tv_sec=0, tv_nsec=20000},  <unfinished ...>
[pid 216237] 11:21:51.583956 <... openat resumed>) = 6
[pid 216236] 11:21:51.583976 <... nanosleep resumed>NULL) = 0
[pid 216237] 11:21:51.583993 fcntl(6, F_GETFL <unfinished ...>
[pid 216236] 11:21:51.584011 nanosleep({tv_sec=0, tv_nsec=20000},  <unfinished ...>
[pid 216237] 11:21:51.584043 <... fcntl resumed>) = 0x8001 (flags O_WRONLY|O_LARGEFILE)
[pid 216237] 11:21:51.584090 fcntl(6, F_SETFL, O_WRONLY|O_NONBLOCK|O_LARGEFILE) = 0
[pid 216236] 11:21:51.584160 <... nanosleep resumed>NULL) = 0
[pid 216237] 11:21:51.584182 epoll_ctl(4, EPOLL_CTL_ADD, 6, {events=EPOLLIN|EPOLLOUT|EPOLLRDHUP|EPOLLET, data={u32=3238002689, u64=4293462059229642753}} <unfinished ...>
[pid 216236] 11:21:51.584207 nanosleep({tv_sec=0, tv_nsec=20000},  <unfinished ...>
[pid 216237] 11:21:51.584227 <... epoll_ctl resumed>) = -1 EPERM (Operation not permitted)
[pid 216237] 11:21:51.584271 fcntl(6, F_GETFL) = 0x8801 (flags O_WRONLY|O_NONBLOCK|O_LARGEFILE)
[pid 216236] 11:21:51.584338 <... nanosleep resumed>NULL) = 0
[pid 216237] 11:21:51.584357 fcntl(6, F_SETFL, O_WRONLY|O_LARGEFILE <unfinished ...>
[pid 216236] 11:21:51.584377 nanosleep({tv_sec=0, tv_nsec=20000},  <unfinished ...>
[pid 216237] 11:21:51.584397 <... fcntl resumed>) = 0
[pid 216237] 11:21:51.584448 write(6, "{\n  \"ociVersion\": \"1.2.1\",\n  \"pr"..., 6830 <unfinished ...>
[pid 216236] 11:21:51.584499 <... nanosleep resumed>NULL) = 0
[pid 216237] 11:21:51.584517 <... write resumed>) = 6830
[pid 216236] 11:21:51.584534 nanosleep({tv_sec=0, tv_nsec=20000},  <unfinished ...>
[pid 216237] 11:21:51.584556 close(6)   = 0
[pid 216237] 11:21:51.584660 newfstatat(AT_FDCWD, "/run/user/1000/anolix-runc",  <unfinished ...>
[pid 216236] 11:21:51.584684 <... nanosleep resumed>NULL) = 0
[pid 216237] 11:21:51.584732 <... newfstatat resumed>{st_mode=S_IFDIR|0700, st_size=40, ...}, 0) = 0
[pid 216236] 11:21:51.584769 nanosleep({tv_sec=0, tv_nsec=20000},  <unfinished ...>
[pid 216237] 11:21:51.584831 getpid()   = 216235
[pid 216236] 11:21:51.584898 <... nanosleep resumed>NULL) = 0
[pid 216237] 11:21:51.584917 pidfd_open(216235, 0 <unfinished ...>
[pid 216236] 11:21:51.584936 nanosleep({tv_sec=0, tv_nsec=20000},  <unfinished ...>
[pid 216237] 11:21:51.584958 <... pidfd_open resumed>) = 6
[pid 216237] 11:21:51.585014 waitid(P_PIDFD, 6, 0x3c8111b335d8, WEXITED, NULL) = -1 ECHILD (No child processes)
[pid 216236] 11:21:51.585104 <... nanosleep resumed>NULL) = 0
[pid 216237] 11:21:51.585128 pidfd_send_signal(6, 0, NULL, 0 <unfinished ...>
[pid 216236] 11:21:51.585160 nanosleep({tv_sec=0, tv_nsec=20000},  <unfinished ...>
[pid 216237] 11:21:51.585184 <... pidfd_send_signal resumed>) = 0
[pid 216237] 11:21:51.585234 clone(child_stack=NULL, flags=CLONE_VM|CLONE_PIDFD|CLONE_VFORK <unfinished ...>
[pid 216236] 11:21:51.585322 <... nanosleep resumed>NULL) = 0
strace: Process 216244 attached
[pid 216236] 11:21:51.585413 nanosleep({tv_sec=0, tv_nsec=20000},  <unfinished ...>
[pid 216244] 11:21:51.585438 exit_group(0) = ?
[pid 216244] 11:21:51.585557 +++ exited with 0 +++
[pid 216237] 11:21:51.585592 <... clone resumed>, parent_tid=[7]) = 216244
[pid 216236] 11:21:51.585614 <... nanosleep resumed>NULL) = 0
[pid 216237] 11:21:51.585656 waitid(P_PIDFD, 7,  <unfinished ...>
[pid 216236] 11:21:51.585675 nanosleep({tv_sec=0, tv_nsec=20000},  <unfinished ...>
[pid 216237] 11:21:51.585697 <... waitid resumed>{si_signo=SIGCHLD, si_code=CLD_EXITED, si_pid=216244, si_uid=1000, si_status=0, si_utime=0, si_stime=0}, WEXITED|__WCLONE, NULL) = 0
[pid 216237] 11:21:51.585750 close(7)   = 0
[pid 216236] 11:21:51.585839 <... nanosleep resumed>NULL) = 0
[pid 216237] 11:21:51.585878 close(6 <unfinished ...>
[pid 216236] 11:21:51.585908 nanosleep({tv_sec=0, tv_nsec=20000},  <unfinished ...>
[pid 216237] 11:21:51.585927 <... close resumed>) = 0
[pid 216237] 11:21:51.585995 pipe2( <unfinished ...>
[pid 216236] 11:21:51.586028 <... nanosleep resumed>NULL) = 0
[pid 216237] 11:21:51.586045 <... pipe2 resumed>[6, 7], O_CLOEXEC) = 0
[pid 216236] 11:21:51.586069 nanosleep({tv_sec=0, tv_nsec=20000},  <unfinished ...>
[pid 216237] 11:21:51.586100 rt_sigprocmask(SIG_SETMASK, NULL, [], 8) = 0
[pid 216237] 11:21:51.586209 rt_sigprocmask(SIG_SETMASK, ~[],  <unfinished ...>
[pid 216236] 11:21:51.586237 <... nanosleep resumed>NULL) = 0
[pid 216237] 11:21:51.586257 <... rt_sigprocmask resumed>NULL, 8) = 0
[pid 216236] 11:21:51.586287 nanosleep({tv_sec=0, tv_nsec=20000},  <unfinished ...>
[pid 216237] 11:21:51.586310 clone(child_stack=NULL, flags=CLONE_VM|CLONE_PIDFD|CLONE_VFORK|SIGCHLDstrace: Process 216245 attached
 <unfinished ...>
[pid 216236] 11:21:51.586449 <... nanosleep resumed>NULL) = 0
[pid 216245] 11:21:51.586468 rt_sigaction(SIGHUP, {sa_handler=SIG_DFL, sa_mask=~[], sa_flags=SA_RESTORER|SA_ONSTACK|SA_RESTART|SA_SIGINFO, sa_restorer=0x48b940},  <unfinished ...>
[pid 216236] 11:21:51.586492 nanosleep({tv_sec=0, tv_nsec=20000},  <unfinished ...>
[pid 216245] 11:21:51.586514 <... rt_sigaction resumed>NULL, 8) = 0
[pid 216245] 11:21:51.586562 rt_sigaction(SIGINT, {sa_handler=SIG_DFL, sa_mask=~[], sa_flags=SA_RESTORER|SA_ONSTACK|SA_RESTART|SA_SIGINFO, sa_restorer=0x48b940}, NULL, 8) = 0
[pid 216236] 11:21:51.586644 <... nanosleep resumed>NULL) = 0
[pid 216245] 11:21:51.586670 rt_sigaction(SIGQUIT, {sa_handler=SIG_DFL, sa_mask=~[], sa_flags=SA_RESTORER|SA_ONSTACK|SA_RESTART|SA_SIGINFO, sa_restorer=0x48b940},  <unfinished ...>
[pid 216236] 11:21:51.586697 nanosleep({tv_sec=0, tv_nsec=20000},  <unfinished ...>
[pid 216245] 11:21:51.586730 <... rt_sigaction resumed>NULL, 8) = 0
[pid 216245] 11:21:51.586779 rt_sigaction(SIGILL, {sa_handler=SIG_DFL, sa_mask=~[], sa_flags=SA_RESTORER|SA_ONSTACK|SA_RESTART|SA_SIGINFO, sa_restorer=0x48b940}, NULL, 8) = 0
[pid 216236] 11:21:51.586865 <... nanosleep resumed>NULL) = 0
[pid 216245] 11:21:51.586887 rt_sigaction(SIGTRAP, {sa_handler=SIG_DFL, sa_mask=~[], sa_flags=SA_RESTORER|SA_ONSTACK|SA_RESTART|SA_SIGINFO, sa_restorer=0x48b940},  <unfinished ...>
[pid 216236] 11:21:51.586912 nanosleep({tv_sec=0, tv_nsec=20000},  <unfinished ...>
[pid 216245] 11:21:51.586945 <... rt_sigaction resumed>NULL, 8) = 0
[pid 216245] 11:21:51.586996 rt_sigaction(SIGABRT, {sa_handler=SIG_DFL, sa_mask=~[], sa_flags=SA_RESTORER|SA_ONSTACK|SA_RESTART|SA_SIGINFO, sa_restorer=0x48b940},  <unfinished ...>
[pid 216236] 11:21:51.587034 <... nanosleep resumed>NULL) = 0
[pid 216245] 11:21:51.587055 <... rt_sigaction resumed>NULL, 8) = 0
[pid 216236] 11:21:51.587074 nanosleep({tv_sec=0, tv_nsec=20000},  <unfinished ...>
[pid 216245] 11:21:51.587094 rt_sigaction(SIGBUS, {sa_handler=SIG_DFL, sa_mask=~[], sa_flags=SA_RESTORER|SA_ONSTACK|SA_RESTART|SA_SIGINFO, sa_restorer=0x48b940}, NULL, 8) = 0
[pid 216245] 11:21:51.587181 rt_sigaction(SIGFPE, {sa_handler=SIG_DFL, sa_mask=~[], sa_flags=SA_RESTORER|SA_ONSTACK|SA_RESTART|SA_SIGINFO, sa_restorer=0x48b940},  <unfinished ...>
[pid 216236] 11:21:51.587212 <... nanosleep resumed>NULL) = 0
[pid 216245] 11:21:51.587233 <... rt_sigaction resumed>NULL, 8) = 0
[pid 216236] 11:21:51.587264 nanosleep({tv_sec=0, tv_nsec=20000},  <unfinished ...>
[pid 216245] 11:21:51.587284 rt_sigaction(SIGUSR1, {sa_handler=SIG_DFL, sa_mask=~[], sa_flags=SA_RESTORER|SA_ONSTACK|SA_RESTART|SA_SIGINFO, sa_restorer=0x48b940}, NULL, 8) = 0
[pid 216245] 11:21:51.587385 rt_sigaction(SIGSEGV, {sa_handler=SIG_DFL, sa_mask=~[], sa_flags=SA_RESTORER|SA_ONSTACK|SA_RESTART|SA_SIGINFO, sa_restorer=0x48b940},  <unfinished ...>
[pid 216236] 11:21:51.587419 <... nanosleep resumed>NULL) = 0
[pid 216245] 11:21:51.587438 <... rt_sigaction resumed>NULL, 8) = 0
[pid 216236] 11:21:51.587453 nanosleep({tv_sec=0, tv_nsec=20000},  <unfinished ...>
[pid 216245] 11:21:51.587471 rt_sigaction(SIGUSR2, {sa_handler=SIG_DFL, sa_mask=~[], sa_flags=SA_RESTORER|SA_ONSTACK|SA_RESTART|SA_SIGINFO, sa_restorer=0x48b940}, NULL, 8) = 0
[pid 216245] 11:21:51.587565 rt_sigaction(SIGPIPE, {sa_handler=SIG_DFL, sa_mask=~[], sa_flags=SA_RESTORER|SA_ONSTACK|SA_RESTART|SA_SIGINFO, sa_restorer=0x48b940},  <unfinished ...>
[pid 216236] 11:21:51.587610 <... nanosleep resumed>NULL) = 0
[pid 216245] 11:21:51.587626 <... rt_sigaction resumed>NULL, 8) = 0
[pid 216236] 11:21:51.587642 nanosleep({tv_sec=0, tv_nsec=20000},  <unfinished ...>
[pid 216245] 11:21:51.587660 rt_sigaction(SIGALRM, {sa_handler=SIG_DFL, sa_mask=~[], sa_flags=SA_RESTORER|SA_ONSTACK|SA_RESTART|SA_SIGINFO, sa_restorer=0x48b940}, NULL, 8) = 0
[pid 216245] 11:21:51.587753 rt_sigaction(SIGTERM, {sa_handler=SIG_DFL, sa_mask=~[], sa_flags=SA_RESTORER|SA_ONSTACK|SA_RESTART|SA_SIGINFO, sa_restorer=0x48b940},  <unfinished ...>
[pid 216236] 11:21:51.587777 <... nanosleep resumed>NULL) = 0
[pid 216245] 11:21:51.587795 <... rt_sigaction resumed>NULL, 8) = 0
[pid 216236] 11:21:51.587815 nanosleep({tv_sec=0, tv_nsec=20000},  <unfinished ...>
[pid 216245] 11:21:51.587833 rt_sigaction(SIGSTKFLT, {sa_handler=SIG_DFL, sa_mask=~[], sa_flags=SA_RESTORER|SA_ONSTACK|SA_RESTART|SA_SIGINFO, sa_restorer=0x48b940}, NULL, 8) = 0
[pid 216245] 11:21:51.587992 rt_sigaction(SIGCHLD, {sa_handler=SIG_DFL, sa_mask=~[], sa_flags=SA_RESTORER|SA_ONSTACK|SA_RESTART|SA_SIGINFO, sa_restorer=0x48b940},  <unfinished ...>
[pid 216236] 11:21:51.588027 <... nanosleep resumed>NULL) = 0
[pid 216245] 11:21:51.588043 <... rt_sigaction resumed>NULL, 8) = 0
[pid 216236] 11:21:51.588059 nanosleep({tv_sec=0, tv_nsec=20000},  <unfinished ...>
[pid 216245] 11:21:51.588077 rt_sigaction(SIGURG, {sa_handler=SIG_DFL, sa_mask=~[], sa_flags=SA_RESTORER|SA_ONSTACK|SA_RESTART|SA_SIGINFO, sa_restorer=0x48b940}, NULL, 8) = 0
[pid 216245] 11:21:51.588155 rt_sigaction(SIGXCPU, {sa_handler=SIG_DFL, sa_mask=~[], sa_flags=SA_RESTORER|SA_ONSTACK|SA_RESTART|SA_SIGINFO, sa_restorer=0x48b940},  <unfinished ...>
[pid 216236] 11:21:51.588185 <... nanosleep resumed>NULL) = 0
[pid 216245] 11:21:51.588201 <... rt_sigaction resumed>NULL, 8) = 0
[pid 216236] 11:21:51.588217 nanosleep({tv_sec=0, tv_nsec=20000},  <unfinished ...>
[pid 216245] 11:21:51.588258 rt_sigaction(SIGXFSZ, {sa_handler=SIG_DFL, sa_mask=~[], sa_flags=SA_RESTORER|SA_ONSTACK|SA_RESTART|SA_SIGINFO, sa_restorer=0x48b940}, NULL, 8) = 0
[pid 216245] 11:21:51.588352 rt_sigaction(SIGVTALRM, {sa_handler=SIG_DFL, sa_mask=~[], sa_flags=SA_RESTORER|SA_ONSTACK|SA_RESTART|SA_SIGINFO, sa_restorer=0x48b940},  <unfinished ...>
[pid 216236] 11:21:51.588393 <... nanosleep resumed>NULL) = 0
[pid 216245] 11:21:51.588415 <... rt_sigaction resumed>NULL, 8) = 0
[pid 216236] 11:21:51.588436 nanosleep({tv_sec=0, tv_nsec=20000},  <unfinished ...>
[pid 216245] 11:21:51.588458 rt_sigaction(SIGPROF, {sa_handler=SIG_DFL, sa_mask=~[], sa_flags=SA_RESTORER|SA_ONSTACK|SA_RESTART|SA_SIGINFO, sa_restorer=0x48b940}, NULL, 8) = 0
[pid 216245] 11:21:51.588564 rt_sigaction(SIGWINCH, {sa_handler=SIG_DFL, sa_mask=~[], sa_flags=SA_RESTORER|SA_ONSTACK|SA_RESTART|SA_SIGINFO, sa_restorer=0x48b940},  <unfinished ...>
[pid 216236] 11:21:51.588604 <... nanosleep resumed>NULL) = 0
[pid 216245] 11:21:51.588623 <... rt_sigaction resumed>NULL, 8) = 0
[pid 216236] 11:21:51.588643 nanosleep({tv_sec=0, tv_nsec=20000},  <unfinished ...>
[pid 216245] 11:21:51.588665 rt_sigaction(SIGIO, {sa_handler=SIG_DFL, sa_mask=~[], sa_flags=SA_RESTORER|SA_ONSTACK|SA_RESTART|SA_SIGINFO, sa_restorer=0x48b940}, NULL, 8) = 0
[pid 216245] 11:21:51.588762 rt_sigaction(SIGPWR, {sa_handler=SIG_DFL, sa_mask=~[], sa_flags=SA_RESTORER|SA_ONSTACK|SA_RESTART|SA_SIGINFO, sa_restorer=0x48b940},  <unfinished ...>
[pid 216236] 11:21:51.588806 <... nanosleep resumed>NULL) = 0
[pid 216245] 11:21:51.588828 <... rt_sigaction resumed>NULL, 8) = 0
[pid 216236] 11:21:51.588847 nanosleep({tv_sec=0, tv_nsec=20000},  <unfinished ...>
[pid 216245] 11:21:51.588868 rt_sigaction(SIGSYS, {sa_handler=SIG_DFL, sa_mask=~[], sa_flags=SA_RESTORER|SA_ONSTACK|SA_RESTART|SA_SIGINFO, sa_restorer=0x48b940}, NULL, 8) = 0
[pid 216236] 11:21:51.588987 <... nanosleep resumed>NULL) = 0
[pid 216245] 11:21:51.589006 rt_sigaction(SIGRT_1, {sa_handler=SIG_DFL, sa_mask=~[], sa_flags=SA_RESTORER|SA_ONSTACK|SA_RESTART|SA_SIGINFO, sa_restorer=0x48b940},  <unfinished ...>
[pid 216236] 11:21:51.589027 nanosleep({tv_sec=0, tv_nsec=20000},  <unfinished ...>
[pid 216245] 11:21:51.589058 <... rt_sigaction resumed>NULL, 8) = 0
[pid 216245] 11:21:51.589112 rt_sigaction(SIGRT_3, {sa_handler=SIG_DFL, sa_mask=~[], sa_flags=SA_RESTORER|SA_ONSTACK|SA_RESTART|SA_SIGINFO, sa_restorer=0x48b940}, NULL, 8) = 0
[pid 216236] 11:21:51.589189 <... nanosleep resumed>NULL) = 0
[pid 216245] 11:21:51.589210 rt_sigaction(SIGRT_4, {sa_handler=SIG_DFL, sa_mask=~[], sa_flags=SA_RESTORER|SA_ONSTACK|SA_RESTART|SA_SIGINFO, sa_restorer=0x48b940},  <unfinished ...>
[pid 216236] 11:21:51.589231 getpid( <unfinished ...>
[pid 216245] 11:21:51.589246 <... rt_sigaction resumed>NULL, 8) = 0
[pid 216236] 11:21:51.589262 <... getpid resumed>) = 216235
[pid 216245] 11:21:51.589281 rt_sigaction(SIGRT_5, {sa_handler=SIG_DFL, sa_mask=~[], sa_flags=SA_RESTORER|SA_ONSTACK|SA_RESTART|SA_SIGINFO, sa_restorer=0x48b940},  <unfinished ...>
[pid 216236] 11:21:51.589305 tgkill(216235, 216237, SIGURG <unfinished ...>
[pid 216245] 11:21:51.589335 <... rt_sigaction resumed>NULL, 8) = 0
[pid 216236] 11:21:51.589354 <... tgkill resumed>) = 0
[pid 216245] 11:21:51.589372 rt_sigaction(SIGRT_6, {sa_handler=SIG_DFL, sa_mask=~[], sa_flags=SA_RESTORER|SA_ONSTACK|SA_RESTART|SA_SIGINFO, sa_restorer=0x48b940},  <unfinished ...>
[pid 216236] 11:21:51.589393 nanosleep({tv_sec=0, tv_nsec=20000},  <unfinished ...>
[pid 216245] 11:21:51.589414 <... rt_sigaction resumed>NULL, 8) = 0
[pid 216245] 11:21:51.589460 rt_sigaction(SIGRT_7, {sa_handler=SIG_DFL, sa_mask=~[], sa_flags=SA_RESTORER|SA_ONSTACK|SA_RESTART|SA_SIGINFO, sa_restorer=0x48b940}, NULL, 8) = 0
[pid 216236] 11:21:51.589544 <... nanosleep resumed>NULL) = 0
[pid 216245] 11:21:51.589561 rt_sigaction(SIGRT_8, {sa_handler=SIG_DFL, sa_mask=~[], sa_flags=SA_RESTORER|SA_ONSTACK|SA_RESTART|SA_SIGINFO, sa_restorer=0x48b940},  <unfinished ...>
[pid 216236] 11:21:51.589580 nanosleep({tv_sec=0, tv_nsec=20000},  <unfinished ...>
[pid 216245] 11:21:51.589597 <... rt_sigaction resumed>NULL, 8) = 0
[pid 216245] 11:21:51.589646 rt_sigaction(SIGRT_9, {sa_handler=SIG_DFL, sa_mask=~[], sa_flags=SA_RESTORER|SA_ONSTACK|SA_RESTART|SA_SIGINFO, sa_restorer=0x48b940}, NULL, 8) = 0
[pid 216236] 11:21:51.589721 <... nanosleep resumed>NULL) = 0
[pid 216245] 11:21:51.589737 rt_sigaction(SIGRT_10, {sa_handler=SIG_DFL, sa_mask=~[], sa_flags=SA_RESTORER|SA_ONSTACK|SA_RESTART|SA_SIGINFO, sa_restorer=0x48b940},  <unfinished ...>
[pid 216236] 11:21:51.589759 nanosleep({tv_sec=0, tv_nsec=20000},  <unfinished ...>
[pid 216245] 11:21:51.589782 <... rt_sigaction resumed>NULL, 8) = 0
[pid 216245] 11:21:51.589881 rt_sigaction(SIGRT_11, {sa_handler=SIG_DFL, sa_mask=~[], sa_flags=SA_RESTORER|SA_ONSTACK|SA_RESTART|SA_SIGINFO, sa_restorer=0x48b940},  <unfinished ...>
[pid 216236] 11:21:51.589919 <... nanosleep resumed>NULL) = 0
[pid 216245] 11:21:51.589936 <... rt_sigaction resumed>NULL, 8) = 0
[pid 216236] 11:21:51.589954 nanosleep({tv_sec=0, tv_nsec=20000},  <unfinished ...>
[pid 216245] 11:21:51.589975 rt_sigaction(SIGRT_12, {sa_handler=SIG_DFL, sa_mask=~[], sa_flags=SA_RESTORER|SA_ONSTACK|SA_RESTART|SA_SIGINFO, sa_restorer=0x48b940}, NULL, 8) = 0
[pid 216245] 11:21:51.590086 rt_sigaction(SIGRT_13, {sa_handler=SIG_DFL, sa_mask=~[], sa_flags=SA_RESTORER|SA_ONSTACK|SA_RESTART|SA_SIGINFO, sa_restorer=0x48b940},  <unfinished ...>
[pid 216236] 11:21:51.590122 <... nanosleep resumed>NULL) = 0
[pid 216245] 11:21:51.590140 <... rt_sigaction resumed>NULL, 8) = 0
[pid 216236] 11:21:51.590166 nanosleep({tv_sec=0, tv_nsec=20000},  <unfinished ...>
[pid 216245] 11:21:51.590183 rt_sigaction(SIGRT_14, {sa_handler=SIG_DFL, sa_mask=~[], sa_flags=SA_RESTORER|SA_ONSTACK|SA_RESTART|SA_SIGINFO, sa_restorer=0x48b940}, NULL, 8) = 0
[pid 216245] 11:21:51.590270 rt_sigaction(SIGRT_15, {sa_handler=SIG_DFL, sa_mask=~[], sa_flags=SA_RESTORER|SA_ONSTACK|SA_RESTART|SA_SIGINFO, sa_restorer=0x48b940},  <unfinished ...>
[pid 216236] 11:21:51.590301 <... nanosleep resumed>NULL) = 0
[pid 216245] 11:21:51.590316 <... rt_sigaction resumed>NULL, 8) = 0
[pid 216236] 11:21:51.590332 nanosleep({tv_sec=0, tv_nsec=20000},  <unfinished ...>
[pid 216245] 11:21:51.590349 rt_sigaction(SIGRT_16, {sa_handler=SIG_DFL, sa_mask=~[], sa_flags=SA_RESTORER|SA_ONSTACK|SA_RESTART|SA_SIGINFO, sa_restorer=0x48b940}, NULL, 8) = 0
[pid 216245] 11:21:51.590447 rt_sigaction(SIGRT_17, {sa_handler=SIG_DFL, sa_mask=~[], sa_flags=SA_RESTORER|SA_ONSTACK|SA_RESTART|SA_SIGINFO, sa_restorer=0x48b940},  <unfinished ...>
[pid 216236] 11:21:51.590493 <... nanosleep resumed>NULL) = 0
[pid 216245] 11:21:51.590513 <... rt_sigaction resumed>NULL, 8) = 0
[pid 216236] 11:21:51.590531 nanosleep({tv_sec=0, tv_nsec=20000},  <unfinished ...>
[pid 216245] 11:21:51.590553 rt_sigaction(SIGRT_18, {sa_handler=SIG_DFL, sa_mask=~[], sa_flags=SA_RESTORER|SA_ONSTACK|SA_RESTART|SA_SIGINFO, sa_restorer=0x48b940}, NULL, 8) = 0
[pid 216245] 11:21:51.590655 rt_sigaction(SIGRT_19, {sa_handler=SIG_DFL, sa_mask=~[], sa_flags=SA_RESTORER|SA_ONSTACK|SA_RESTART|SA_SIGINFO, sa_restorer=0x48b940},  <unfinished ...>
[pid 216236] 11:21:51.590677 <... nanosleep resumed>NULL) = 0
[pid 216245] 11:21:51.590692 <... rt_sigaction resumed>NULL, 8) = 0
[pid 216236] 11:21:51.590707 nanosleep({tv_sec=0, tv_nsec=20000},  <unfinished ...>
[pid 216245] 11:21:51.590724 rt_sigaction(SIGRT_20, {sa_handler=SIG_DFL, sa_mask=~[], sa_flags=SA_RESTORER|SA_ONSTACK|SA_RESTART|SA_SIGINFO, sa_restorer=0x48b940}, NULL, 8) = 0
[pid 216245] 11:21:51.590811 rt_sigaction(SIGRT_21, {sa_handler=SIG_DFL, sa_mask=~[], sa_flags=SA_RESTORER|SA_ONSTACK|SA_RESTART|SA_SIGINFO, sa_restorer=0x48b940},  <unfinished ...>
[pid 216236] 11:21:51.590847 <... nanosleep resumed>NULL) = 0
[pid 216245] 11:21:51.590866 <... rt_sigaction resumed>NULL, 8) = 0
[pid 216236] 11:21:51.590885 nanosleep({tv_sec=0, tv_nsec=20000},  <unfinished ...>
[pid 216245] 11:21:51.590910 rt_sigaction(SIGRT_22, {sa_handler=SIG_DFL, sa_mask=~[], sa_flags=SA_RESTORER|SA_ONSTACK|SA_RESTART|SA_SIGINFO, sa_restorer=0x48b940}, NULL, 8) = 0
[pid 216245] 11:21:51.591004 rt_sigaction(SIGRT_23, {sa_handler=SIG_DFL, sa_mask=~[], sa_flags=SA_RESTORER|SA_ONSTACK|SA_RESTART|SA_SIGINFO, sa_restorer=0x48b940},  <unfinished ...>
[pid 216236] 11:21:51.591039 <... nanosleep resumed>NULL) = 0
[pid 216245] 11:21:51.591055 <... rt_sigaction resumed>NULL, 8) = 0
[pid 216236] 11:21:51.591071 nanosleep({tv_sec=0, tv_nsec=20000},  <unfinished ...>
[pid 216245] 11:21:51.591089 rt_sigaction(SIGRT_24, {sa_handler=SIG_DFL, sa_mask=~[], sa_flags=SA_RESTORER|SA_ONSTACK|SA_RESTART|SA_SIGINFO, sa_restorer=0x48b940}, NULL, 8) = 0
[pid 216245] 11:21:51.591168 rt_sigaction(SIGRT_25, {sa_handler=SIG_DFL, sa_mask=~[], sa_flags=SA_RESTORER|SA_ONSTACK|SA_RESTART|SA_SIGINFO, sa_restorer=0x48b940},  <unfinished ...>
[pid 216236] 11:21:51.591203 <... nanosleep resumed>NULL) = 0
[pid 216245] 11:21:51.591218 <... rt_sigaction resumed>NULL, 8) = 0
[pid 216236] 11:21:51.591234 nanosleep({tv_sec=0, tv_nsec=20000},  <unfinished ...>
[pid 216245] 11:21:51.591251 rt_sigaction(SIGRT_26, {sa_handler=SIG_DFL, sa_mask=~[], sa_flags=SA_RESTORER|SA_ONSTACK|SA_RESTART|SA_SIGINFO, sa_restorer=0x48b940}, NULL, 8) = 0
[pid 216245] 11:21:51.591342 rt_sigaction(SIGRT_27, {sa_handler=SIG_DFL, sa_mask=~[], sa_flags=SA_RESTORER|SA_ONSTACK|SA_RESTART|SA_SIGINFO, sa_restorer=0x48b940},  <unfinished ...>
[pid 216236] 11:21:51.591368 <... nanosleep resumed>NULL) = 0
[pid 216245] 11:21:51.591383 <... rt_sigaction resumed>NULL, 8) = 0
[pid 216236] 11:21:51.591399 nanosleep({tv_sec=0, tv_nsec=20000},  <unfinished ...>
[pid 216245] 11:21:51.591417 rt_sigaction(SIGRT_28, {sa_handler=SIG_DFL, sa_mask=~[], sa_flags=SA_RESTORER|SA_ONSTACK|SA_RESTART|SA_SIGINFO, sa_restorer=0x48b940}, NULL, 8) = 0
[pid 216245] 11:21:51.591493 rt_sigaction(SIGRT_29, {sa_handler=SIG_DFL, sa_mask=~[], sa_flags=SA_RESTORER|SA_ONSTACK|SA_RESTART|SA_SIGINFO, sa_restorer=0x48b940}, NULL, 8) = 0
[pid 216236] 11:21:51.591544 <... nanosleep resumed>NULL) = 0
[pid 216245] 11:21:51.591562 rt_sigaction(SIGRT_30, {sa_handler=SIG_DFL, sa_mask=~[], sa_flags=SA_RESTORER|SA_ONSTACK|SA_RESTART|SA_SIGINFO, sa_restorer=0x48b940},  <unfinished ...>
[pid 216236] 11:21:51.591593 nanosleep({tv_sec=0, tv_nsec=20000},  <unfinished ...>
[pid 216245] 11:21:51.591611 <... rt_sigaction resumed>NULL, 8) = 0
[pid 216245] 11:21:51.591651 rt_sigaction(SIGRT_31, {sa_handler=SIG_DFL, sa_mask=~[], sa_flags=SA_RESTORER|SA_ONSTACK|SA_RESTART|SA_SIGINFO, sa_restorer=0x48b940}, NULL, 8) = 0
[pid 216245] 11:21:51.591726 rt_sigaction(SIGRT_32, {sa_handler=SIG_DFL, sa_mask=~[], sa_flags=SA_RESTORER|SA_ONSTACK|SA_RESTART|SA_SIGINFO, sa_restorer=0x48b940},  <unfinished ...>
[pid 216236] 11:21:51.591746 <... nanosleep resumed>NULL) = 0
[pid 216245] 11:21:51.591762 <... rt_sigaction resumed>NULL, 8) = 0
[pid 216236] 11:21:51.591791 nanosleep({tv_sec=0, tv_nsec=20000},  <unfinished ...>
[pid 216245] 11:21:51.591810 rt_sigprocmask(SIG_SETMASK, [], NULL, 8) = 0
[pid 216245] 11:21:51.591890 fcntl(0, F_SETFD, 0 <unfinished ...>
[pid 216236] 11:21:51.591909 <... nanosleep resumed>NULL) = 0
[pid 216245] 11:21:51.591925 <... fcntl resumed>) = 0
[pid 216236] 11:21:51.591943 nanosleep({tv_sec=0, tv_nsec=40000},  <unfinished ...>
[pid 216245] 11:21:51.591961 fcntl(1, F_SETFD, 0) = 0
[pid 216245] 11:21:51.592049 fcntl(2, F_SETFD, 0 <unfinished ...>
[pid 216236] 11:21:51.592080 <... nanosleep resumed>NULL) = 0
[pid 216245] 11:21:51.592097 <... fcntl resumed>) = 0
[pid 216236] 11:21:51.592116 nanosleep({tv_sec=0, tv_nsec=80000},  <unfinished ...>
[pid 216245] 11:21:51.592136 execve("/usr/sbin/runc", ["/usr/sbin/runc", "--root", "/run/user/1000/anolix-runc", "run", "--bundle", "/tmp/anolix-bundle-1373909550", "anolix-3e10afe62f83"], 0x3c8111b8adc0 /* 43 vars */ <unfinished ...>
[pid 216237] 11:21:51.592291 <... clone resumed>, parent_tid=[8]) = 216245
[pid 216236] 11:21:51.592314 <... nanosleep resumed>NULL) = 0
[pid 216237] 11:21:51.592342 rt_sigprocmask(SIG_SETMASK, [],  <unfinished ...>
[pid 216236] 11:21:51.592367 nanosleep({tv_sec=0, tv_nsec=160000},  <unfinished ...>
[pid 216245] 11:21:51.592388 <... execve resumed>) = 0
[pid 216237] 11:21:51.592404 <... rt_sigprocmask resumed>NULL, 8) = 0
[pid 216245] 11:21:51.592452 brk(NULL <unfinished ...>
[pid 216237] 11:21:51.592480 --- SIGURG {si_signo=SIGURG, si_code=SI_TKILL, si_pid=216235, si_uid=1000} ---
[pid 216245] 11:21:51.592497 <... brk resumed>) = 0x2832d000
[pid 216237] 11:21:51.592513 rt_sigreturn({mask=[]}) = 0
[pid 216245] 11:21:51.592589 mmap(NULL, 8192, PROT_READ|PROT_WRITE, MAP_PRIVATE|MAP_ANONYMOUS, -1, 0 <unfinished ...>
[pid 216237] 11:21:51.592610 futex(0x3c8111b00960, FUTEX_WAKE_PRIVATE, 1 <unfinished ...>
[pid 216245] 11:21:51.592628 <... mmap resumed>) = 0x74f6d305b000
[pid 216236] 11:21:51.592643 <... nanosleep resumed>NULL) = 0
[pid 216245] 11:21:51.592664 access("/etc/ld.so.preload", R_OK <unfinished ...>
[pid 216243] 11:21:51.592703 <... futex resumed>) = 0
[pid 216237] 11:21:51.592722 <... futex resumed>) = 1
[pid 216245] 11:21:51.592741 <... access resumed>) = -1 ENOENT (No such file or directory)
[pid 216243] 11:21:51.592760 futex(0x3c8111b00160, FUTEX_WAKE_PRIVATE, 1 <unfinished ...>
[pid 216236] 11:21:51.592780 nanosleep({tv_sec=0, tv_nsec=320000},  <unfinished ...>
[pid 216245] 11:21:51.592801 openat(AT_FDCWD, "/etc/ld.so.cache", O_RDONLY|O_CLOEXEC <unfinished ...>
[pid 216237] 11:21:51.592822 futex(0x3c81119f8960, FUTEX_WAIT_PRIVATE, 0, NULL <unfinished ...>
[pid 216245] 11:21:51.592841 <... openat resumed>) = 3
[pid 216243] 11:21:51.592858 <... futex resumed>) = 1
[pid 216241] 11:21:51.592875 <... futex resumed>) = 0
[pid 216245] 11:21:51.592895 fstat(3,  <unfinished ...>
[pid 216243] 11:21:51.592913 close(7 <unfinished ...>
[pid 216245] 11:21:51.592932 <... fstat resumed>{st_mode=S_IFREG|0644, st_size=35251, ...}) = 0
[pid 216241] 11:21:51.592954 futex(0x3c8111b00160, FUTEX_WAIT_PRIVATE, 0, NULL <unfinished ...>
[pid 216245] 11:21:51.592973 mmap(NULL, 35251, PROT_READ, MAP_PRIVATE, 3, 0 <unfinished ...>
[pid 216243] 11:21:51.592992 <... close resumed>) = 0
[pid 216245] 11:21:51.593010 <... mmap resumed>) = 0x74f6d3052000
[pid 216243] 11:21:51.593028 read(6,  <unfinished ...>
[pid 216245] 11:21:51.593047 close(3 <unfinished ...>
[pid 216243] 11:21:51.593064 <... read resumed>"", 8) = 0
[pid 216245] 11:21:51.593082 <... close resumed>) = 0
[pid 216243] 11:21:51.593100 close(6 <unfinished ...>
[pid 216245] 11:21:51.593121 openat(AT_FDCWD, "/lib/x86_64-linux-gnu/libseccomp.so.2", O_RDONLY|O_CLOEXEC <unfinished ...>
[pid 216243] 11:21:51.593143 <... close resumed>) = 0
[pid 216245] 11:21:51.593160 <... openat resumed>) = 3
[pid 216245] 11:21:51.593206 read(3,  <unfinished ...>
[pid 216236] 11:21:51.593236 <... nanosleep resumed>NULL) = 0
[pid 216245] 11:21:51.593253 <... read resumed>"\177ELF\2\1\1\0\0\0\0\0\0\0\0\0\3\0>\0\1\0\0\0\0\0\0\0\0\0\0\0"..., 832) = 832
[pid 216243] 11:21:51.593275 futex(0x3c8111b00160, FUTEX_WAKE_PRIVATE, 1 <unfinished ...>
[pid 216245] 11:21:51.593293 fstat(3,  <unfinished ...>
[pid 216236] 11:21:51.593308 nanosleep({tv_sec=0, tv_nsec=640000},  <unfinished ...>
[pid 216245] 11:21:51.593331 <... fstat resumed>{st_mode=S_IFREG|0644, st_size=125360, ...}) = 0
[pid 216243] 11:21:51.593353 <... futex resumed>) = 1
[pid 216241] 11:21:51.593371 <... futex resumed>) = 0
[pid 216245] 11:21:51.593390 mmap(NULL, 127296, PROT_READ, MAP_PRIVATE|MAP_DENYWRITE, 3, 0 <unfinished ...>
[pid 216243] 11:21:51.593413 waitid(P_PIDFD, 8,  <unfinished ...>
[pid 216241] 11:21:51.593434 nanosleep({tv_sec=0, tv_nsec=3000},  <unfinished ...>
[pid 216245] 11:21:51.593456 <... mmap resumed>) = 0x74f6d3032000
[pid 216245] 11:21:51.593504 mmap(0x74f6d3034000, 57344, PROT_READ|PROT_EXEC, MAP_PRIVATE|MAP_FIXED|MAP_DENYWRITE, 3, 0x2000 <unfinished ...>
[pid 216241] 11:21:51.593547 <... nanosleep resumed>NULL) = 0
[pid 216245] 11:21:51.593564 <... mmap resumed>) = 0x74f6d3034000
[pid 216241] 11:21:51.593581 futex(0x3c81119f8960, FUTEX_WAKE_PRIVATE, 1 <unfinished ...>
[pid 216245] 11:21:51.593599 mmap(0x74f6d3042000, 57344, PROT_READ, MAP_PRIVATE|MAP_FIXED|MAP_DENYWRITE, 3, 0x10000 <unfinished ...>
[pid 216241] 11:21:51.593619 <... futex resumed>) = 1
[pid 216245] 11:21:51.593638 <... mmap resumed>) = 0x74f6d3042000
[pid 216237] 11:21:51.593653 <... futex resumed>) = 0
[pid 216245] 11:21:51.593670 mmap(0x74f6d3050000, 8192, PROT_READ|PROT_WRITE, MAP_PRIVATE|MAP_FIXED|MAP_DENYWRITE, 3, 0x1d000 <unfinished ...>
[pid 216241] 11:21:51.593689 futex(0x3c8111b00160, FUTEX_WAIT_PRIVATE, 0, NULL <unfinished ...>
[pid 216245] 11:21:51.593708 <... mmap resumed>) = 0x74f6d3050000
[pid 216237] 11:21:51.593725 futex(0x3c81119f8960, FUTEX_WAIT_PRIVATE, 0, NULL <unfinished ...>
[pid 216245] 11:21:51.593796 close(3)   = 0
[pid 216245] 11:21:51.593907 openat(AT_FDCWD, "/lib/x86_64-linux-gnu/libc.so.6", O_RDONLY|O_CLOEXEC) = 3
[pid 216245] 11:21:51.594022 read(3,  <unfinished ...>
[pid 216236] 11:21:51.594059 <... nanosleep resumed>NULL) = 0
[pid 216245] 11:21:51.594076 <... read resumed>"\177ELF\2\1\1\3\0\0\0\0\0\0\0\0\3\0>\0\1\0\0\0\220\243\2\0\0\0\0\0"..., 832) = 832
[pid 216236] 11:21:51.594095 nanosleep({tv_sec=0, tv_nsec=1280000},  <unfinished ...>
[pid 216245] 11:21:51.594145 pread64(3, "\6\0\0\0\4\0\0\0@\0\0\0\0\0\0\0@\0\0\0\0\0\0\0@\0\0\0\0\0\0\0"..., 784, 64) = 784
[pid 216245] 11:21:51.594255 fstat(3, {st_mode=S_IFREG|0755, st_size=2129424, ...}) = 0
[pid 216245] 11:21:51.594369 pread64(3, "\6\0\0\0\4\0\0\0@\0\0\0\0\0\0\0@\0\0\0\0\0\0\0@\0\0\0\0\0\0\0"..., 784, 64) = 784
[pid 216245] 11:21:51.594470 mmap(NULL, 2174352, PROT_READ, MAP_PRIVATE|MAP_DENYWRITE, 3, 0) = 0x74f6d2e00000
[pid 216245] 11:21:51.594576 mmap(0x74f6d2e28000, 1609728, PROT_READ|PROT_EXEC, MAP_PRIVATE|MAP_FIXED|MAP_DENYWRITE, 3, 0x28000) = 0x74f6d2e28000
[pid 216245] 11:21:51.594720 mmap(0x74f6d2fb1000, 323584, PROT_READ, MAP_PRIVATE|MAP_FIXED|MAP_DENYWRITE, 3, 0x1b1000) = 0x74f6d2fb1000
[pid 216245] 11:21:51.594892 mmap(0x74f6d3000000, 24576, PROT_READ|PROT_WRITE, MAP_PRIVATE|MAP_FIXED|MAP_DENYWRITE, 3, 0x1ff000) = 0x74f6d3000000
[pid 216245] 11:21:51.595028 mmap(0x74f6d3006000, 52624, PROT_READ|PROT_WRITE, MAP_PRIVATE|MAP_FIXED|MAP_ANONYMOUS, -1, 0) = 0x74f6d3006000
[pid 216245] 11:21:51.595168 close(3)   = 0
[pid 216245] 11:21:51.595276 mmap(NULL, 12288, PROT_READ|PROT_WRITE, MAP_PRIVATE|MAP_ANONYMOUS, -1, 0) = 0x74f6d302f000
[pid 216245] 11:21:51.595384 arch_prctl(ARCH_SET_FS, 0x74f6d302f740) = 0
[pid 216245] 11:21:51.595485 set_tid_address(0x74f6d302fa10 <unfinished ...>
[pid 216236] 11:21:51.595517 <... nanosleep resumed>NULL) = 0
[pid 216245] 11:21:51.595538 <... set_tid_address resumed>) = 216245
[pid 216236] 11:21:51.595557 nanosleep({tv_sec=0, tv_nsec=2560000},  <unfinished ...>
[pid 216245] 11:21:51.595589 set_robust_list(0x74f6d302fa20, 24) = 0
[pid 216245] 11:21:51.595685 rseq(0x74f6d3030060, 0x20, 0, 0x53053053) = 0
[pid 216245] 11:21:51.595874 mprotect(0x74f6d3000000, 16384, PROT_READ) = 0
[pid 216245] 11:21:51.596045 mprotect(0x74f6d3050000, 4096, PROT_READ) = 0
[pid 216245] 11:21:51.596164 mprotect(0xe9c000, 4096, PROT_READ) = 0
[pid 216245] 11:21:51.596276 mprotect(0x74f6d309b000, 8192, PROT_READ) = 0
[pid 216245] 11:21:51.596403 prlimit64(0, RLIMIT_STACK, NULL, {rlim_cur=8192*1024, rlim_max=RLIM64_INFINITY}) = 0
[pid 216245] 11:21:51.596527 munmap(0x74f6d3052000, 35251) = 0
[pid 216245] 11:21:51.596678 getrandom("\x9a\x30\xb9\xb6\x78\x5c\x6e\x3d", 8, GRND_NONBLOCK) = 8
[pid 216245] 11:21:51.596776 brk(NULL)  = 0x2832d000
[pid 216245] 11:21:51.596863 brk(0x2834e000) = 0x2834e000
[pid 216245] 11:21:51.596981 openat(AT_FDCWD, "/proc/self/maps", O_RDONLY|O_CLOEXEC) = 3
[pid 216245] 11:21:51.597110 prlimit64(0, RLIMIT_STACK, NULL, {rlim_cur=8192*1024, rlim_max=RLIM64_INFINITY}) = 0
[pid 216245] 11:21:51.597223 fstat(3, {st_mode=S_IFREG|0444, st_size=0, ...}) = 0
[pid 216245] 11:21:51.597336 read(3, "00400000-00403000 r--p 00000000 "..., 1024) = 1024
[pid 216245] 11:21:51.597454 read(3, "w-p 00203000 08:30 57587        "..., 1024) = 1024
[pid 216245] 11:21:51.597555 read(3, "000000 00:00 0                  "..., 1024) = 728
[pid 216245] 11:21:51.597658 close(3)   = 0
[pid 216245] 11:21:51.597772 sched_getaffinity(216245, 32, [0 1 2 3 4 5 6 7 8 9 10 11 12 13 14 15]) = 8
[pid 216245] 11:21:51.597913 sched_getaffinity(0, 8192, [0 1 2 3 4 5 6 7 8 9 10 11 12 13 14 15]) = 8
[pid 216245] 11:21:51.598021 openat(AT_FDCWD, "/sys/kernel/mm/transparent_hugepage/hpage_pmd_size", O_RDONLY) = 3
[pid 216245] 11:21:51.598118 read(3, "2097152\n", 20) = 8
[pid 216245] 11:21:51.598217 close(3 <unfinished ...>
[pid 216236] 11:21:51.598236 <... nanosleep resumed>NULL) = 0
[pid 216245] 11:21:51.598251 <... close resumed>) = 0
[pid 216236] 11:21:51.598266 nanosleep({tv_sec=0, tv_nsec=5120000},  <unfinished ...>
[pid 216245] 11:21:51.598385 mmap(NULL, 262144, PROT_READ|PROT_WRITE, MAP_PRIVATE|MAP_ANONYMOUS, -1, 0) = 0x74f6d2dc0000
[pid 216245] 11:21:51.598474 mmap(NULL, 131072, PROT_NONE, MAP_PRIVATE|MAP_ANONYMOUS, -1, 0) = 0x74f6d2da0000
[pid 216245] 11:21:51.598580 mmap(NULL, 1048576, PROT_NONE, MAP_PRIVATE|MAP_ANONYMOUS, -1, 0) = 0x74f6d2ca0000
[pid 216245] 11:21:51.598692 mmap(NULL, 8388608, PROT_NONE, MAP_PRIVATE|MAP_ANONYMOUS, -1, 0) = 0x74f6d2400000
[pid 216245] 11:21:51.598785 mmap(NULL, 67108864, PROT_NONE, MAP_PRIVATE|MAP_ANONYMOUS, -1, 0) = 0x74f6ce400000
[pid 216245] 11:21:51.598874 mmap(NULL, 536870912, PROT_NONE, MAP_PRIVATE|MAP_ANONYMOUS, -1, 0) = 0x74f6ae400000
[pid 216245] 11:21:51.598973 mmap(NULL, 536870912, PROT_NONE, MAP_PRIVATE|MAP_ANONYMOUS, -1, 0) = 0x74f68e400000
[pid 216245] 11:21:51.599103 mmap(0xc000000000, 67108864, PROT_NONE, MAP_PRIVATE|MAP_ANONYMOUS, -1, 0) = 0xc000000000
[pid 216245] 11:21:51.599199 mmap(NULL, 33554432, PROT_READ|PROT_WRITE, MAP_PRIVATE|MAP_ANONYMOUS, -1, 0) = 0x74f68c400000
[pid 216245] 11:21:51.599304 madvise(0x74f68c400000, 33554432, MADV_NOHUGEPAGE) = 0
[pid 216245] 11:21:51.599398 mmap(NULL, 68624, PROT_READ|PROT_WRITE, MAP_PRIVATE|MAP_ANONYMOUS, -1, 0) = 0x74f6d301e000
[pid 216245] 11:21:51.599498 mmap(0xc000000000, 4194304, PROT_READ|PROT_WRITE, MAP_PRIVATE|MAP_FIXED|MAP_ANONYMOUS, -1, 0) = 0xc000000000
[pid 216245] 11:21:51.599607 mmap(0x74f6d2da0000, 131072, PROT_READ|PROT_WRITE, MAP_PRIVATE|MAP_FIXED|MAP_ANONYMOUS, -1, 0) = 0x74f6d2da0000
[pid 216245] 11:21:51.599715 mmap(0x74f6d2d20000, 4096, PROT_READ|PROT_WRITE, MAP_PRIVATE|MAP_FIXED|MAP_ANONYMOUS, -1, 0) = 0x74f6d2d20000
[pid 216245] 11:21:51.599821 mmap(0x74f6d2806000, 4096, PROT_READ|PROT_WRITE, MAP_PRIVATE|MAP_FIXED|MAP_ANONYMOUS, -1, 0) = 0x74f6d2806000
[pid 216245] 11:21:51.599928 mmap(0x74f6d0430000, 4096, PROT_READ|PROT_WRITE, MAP_PRIVATE|MAP_FIXED|MAP_ANONYMOUS, -1, 0) = 0x74f6d0430000
[pid 216245] 11:21:51.600041 mmap(0x74f6be580000, 4096, PROT_READ|PROT_WRITE, MAP_PRIVATE|MAP_FIXED|MAP_ANONYMOUS, -1, 0) = 0x74f6be580000
[pid 216245] 11:21:51.600156 mmap(0x74f69e580000, 4096, PROT_READ|PROT_WRITE, MAP_PRIVATE|MAP_FIXED|MAP_ANONYMOUS, -1, 0) = 0x74f69e580000
[pid 216245] 11:21:51.600265 mmap(NULL, 1048576, PROT_READ|PROT_WRITE, MAP_PRIVATE|MAP_ANONYMOUS, -1, 0) = 0x74f68c300000
[pid 216245] 11:21:51.600391 madvise(0x74f68c300000, 1048576, MADV_NOHUGEPAGE) = 0
[pid 216245] 11:21:51.600567 mmap(NULL, 65536, PROT_READ|PROT_WRITE, MAP_PRIVATE|MAP_ANONYMOUS, -1, 0) = 0x74f6d2c90000
[pid 216245] 11:21:51.600690 mmap(NULL, 65536, PROT_READ|PROT_WRITE, MAP_PRIVATE|MAP_ANONYMOUS, -1, 0) = 0x74f6d2c80000
[pid 216245] 11:21:51.601018 rt_sigprocmask(SIG_SETMASK, NULL, [], 8) = 0
[pid 216245] 11:21:51.601176 fcntl(0, F_GETFD) = 0
[pid 216245] 11:21:51.601279 fcntl(1, F_GETFD) = 0
[pid 216245] 11:21:51.601381 fcntl(2, F_GETFD) = 0
[pid 216245] 11:21:51.601663 sigaltstack(NULL, {ss_sp=NULL, ss_flags=SS_DISABLE, ss_size=0}) = 0
[pid 216245] 11:21:51.601768 sigaltstack({ss_sp=0xc000006000, ss_flags=0, ss_size=32768}, NULL) = 0
[pid 216245] 11:21:51.601883 rt_sigprocmask(SIG_SETMASK, [], NULL, 8) = 0
[pid 216245] 11:21:51.601981 gettid()   = 216245
[pid 216245] 11:21:51.602093 rt_sigaction(SIGHUP, NULL, {sa_handler=SIG_DFL, sa_mask=[], sa_flags=0}, 8) = 0
[pid 216245] 11:21:51.602200 rt_sigaction(SIGHUP, {sa_handler=0x4816e0, sa_mask=~[RTMIN RT_1], sa_flags=SA_RESTORER|SA_ONSTACK|SA_RESTART|SA_SIGINFO, sa_restorer=0x74f6d2e45330}, NULL, 8) = 0
[pid 216245] 11:21:51.602303 rt_sigaction(SIGINT, NULL, {sa_handler=SIG_DFL, sa_mask=[], sa_flags=0}, 8) = 0
[pid 216245] 11:21:51.602402 rt_sigaction(SIGINT, {sa_handler=0x4816e0, sa_mask=~[RTMIN RT_1], sa_flags=SA_RESTORER|SA_ONSTACK|SA_RESTART|SA_SIGINFO, sa_restorer=0x74f6d2e45330}, NULL, 8) = 0
[pid 216245] 11:21:51.602494 rt_sigaction(SIGQUIT, NULL, {sa_handler=SIG_DFL, sa_mask=[], sa_flags=0}, 8) = 0
[pid 216245] 11:21:51.602581 rt_sigaction(SIGQUIT, {sa_handler=0x4816e0, sa_mask=~[RTMIN RT_1], sa_flags=SA_RESTORER|SA_ONSTACK|SA_RESTART|SA_SIGINFO, sa_restorer=0x74f6d2e45330}, NULL, 8) = 0
[pid 216245] 11:21:51.602683 rt_sigaction(SIGILL, NULL, {sa_handler=SIG_DFL, sa_mask=[], sa_flags=0}, 8) = 0
[pid 216245] 11:21:51.602814 rt_sigaction(SIGILL, {sa_handler=0x4816e0, sa_mask=~[RTMIN RT_1], sa_flags=SA_RESTORER|SA_ONSTACK|SA_RESTART|SA_SIGINFO, sa_restorer=0x74f6d2e45330}, NULL, 8) = 0
[pid 216245] 11:21:51.602926 rt_sigaction(SIGTRAP, NULL, {sa_handler=SIG_DFL, sa_mask=[], sa_flags=0}, 8) = 0
[pid 216245] 11:21:51.603033 rt_sigaction(SIGTRAP, {sa_handler=0x4816e0, sa_mask=~[RTMIN RT_1], sa_flags=SA_RESTORER|SA_ONSTACK|SA_RESTART|SA_SIGINFO, sa_restorer=0x74f6d2e45330}, NULL, 8) = 0
[pid 216245] 11:21:51.603147 rt_sigaction(SIGABRT, NULL, {sa_handler=SIG_DFL, sa_mask=[], sa_flags=0}, 8) = 0
[pid 216245] 11:21:51.603254 rt_sigaction(SIGABRT, {sa_handler=0x4816e0, sa_mask=~[RTMIN RT_1], sa_flags=SA_RESTORER|SA_ONSTACK|SA_RESTART|SA_SIGINFO, sa_restorer=0x74f6d2e45330}, NULL, 8) = 0
[pid 216245] 11:21:51.603358 rt_sigaction(SIGBUS, NULL, {sa_handler=SIG_DFL, sa_mask=[], sa_flags=0}, 8) = 0
[pid 216245] 11:21:51.603451 rt_sigaction(SIGBUS, {sa_handler=0x4816e0, sa_mask=~[RTMIN RT_1], sa_flags=SA_RESTORER|SA_ONSTACK|SA_RESTART|SA_SIGINFO, sa_restorer=0x74f6d2e45330}, NULL, 8) = 0
[pid 216236] 11:21:51.603519 <... nanosleep resumed>NULL) = 0
[pid 216245] 11:21:51.603535 rt_sigaction(SIGFPE, NULL, {sa_handler=SIG_DFL, sa_mask=[], sa_flags=0}, 8) = 0
[pid 216236] 11:21:51.603607 nanosleep({tv_sec=0, tv_nsec=10000000},  <unfinished ...>
[pid 216245] 11:21:51.603628 rt_sigaction(SIGFPE, {sa_handler=0x4816e0, sa_mask=~[RTMIN RT_1], sa_flags=SA_RESTORER|SA_ONSTACK|SA_RESTART|SA_SIGINFO, sa_restorer=0x74f6d2e45330}, NULL, 8) = 0
[pid 216245] 11:21:51.603713 rt_sigaction(SIGUSR1, NULL, {sa_handler=SIG_DFL, sa_mask=[], sa_flags=0}, 8) = 0
[pid 216245] 11:21:51.603827 rt_sigaction(SIGUSR1, {sa_handler=0x4816e0, sa_mask=~[RTMIN RT_1], sa_flags=SA_RESTORER|SA_ONSTACK|SA_RESTART|SA_SIGINFO, sa_restorer=0x74f6d2e45330}, NULL, 8) = 0
[pid 216245] 11:21:51.603928 rt_sigaction(SIGSEGV, NULL, {sa_handler=SIG_DFL, sa_mask=[], sa_flags=0}, 8) = 0
[pid 216245] 11:21:51.604034 rt_sigaction(SIGSEGV, {sa_handler=0x4816e0, sa_mask=~[RTMIN RT_1], sa_flags=SA_RESTORER|SA_ONSTACK|SA_RESTART|SA_SIGINFO, sa_restorer=0x74f6d2e45330}, NULL, 8) = 0
[pid 216245] 11:21:51.604138 rt_sigaction(SIGUSR2, NULL, {sa_handler=SIG_DFL, sa_mask=[], sa_flags=0}, 8) = 0
[pid 216245] 11:21:51.604256 rt_sigaction(SIGUSR2, {sa_handler=0x4816e0, sa_mask=~[RTMIN RT_1], sa_flags=SA_RESTORER|SA_ONSTACK|SA_RESTART|SA_SIGINFO, sa_restorer=0x74f6d2e45330}, NULL, 8) = 0
[pid 216245] 11:21:51.604359 rt_sigaction(SIGPIPE, NULL, {sa_handler=SIG_DFL, sa_mask=[], sa_flags=0}, 8) = 0
[pid 216245] 11:21:51.604468 rt_sigaction(SIGPIPE, {sa_handler=0x4816e0, sa_mask=~[RTMIN RT_1], sa_flags=SA_RESTORER|SA_ONSTACK|SA_RESTART|SA_SIGINFO, sa_restorer=0x74f6d2e45330}, NULL, 8) = 0
[pid 216245] 11:21:51.604577 rt_sigaction(SIGALRM, NULL, {sa_handler=SIG_DFL, sa_mask=[], sa_flags=0}, 8) = 0
[pid 216245] 11:21:51.604689 rt_sigaction(SIGALRM, {sa_handler=0x4816e0, sa_mask=~[RTMIN RT_1], sa_flags=SA_RESTORER|SA_ONSTACK|SA_RESTART|SA_SIGINFO, sa_restorer=0x74f6d2e45330}, NULL, 8) = 0
[pid 216245] 11:21:51.604813 rt_sigaction(SIGTERM, NULL, {sa_handler=SIG_DFL, sa_mask=[], sa_flags=0}, 8) = 0
[pid 216245] 11:21:51.604924 rt_sigaction(SIGTERM, {sa_handler=0x4816e0, sa_mask=~[RTMIN RT_1], sa_flags=SA_RESTORER|SA_ONSTACK|SA_RESTART|SA_SIGINFO, sa_restorer=0x74f6d2e45330}, NULL, 8) = 0
[pid 216245] 11:21:51.605020 rt_sigaction(SIGSTKFLT, NULL, {sa_handler=SIG_DFL, sa_mask=[], sa_flags=0}, 8) = 0
[pid 216245] 11:21:51.605118 rt_sigaction(SIGSTKFLT, {sa_handler=0x4816e0, sa_mask=~[RTMIN RT_1], sa_flags=SA_RESTORER|SA_ONSTACK|SA_RESTART|SA_SIGINFO, sa_restorer=0x74f6d2e45330}, NULL, 8) = 0
[pid 216245] 11:21:51.605208 rt_sigaction(SIGCHLD, NULL, {sa_handler=SIG_DFL, sa_mask=[], sa_flags=0}, 8) = 0
[pid 216245] 11:21:51.605323 rt_sigaction(SIGCHLD, {sa_handler=0x4816e0, sa_mask=~[RTMIN RT_1], sa_flags=SA_RESTORER|SA_ONSTACK|SA_RESTART|SA_SIGINFO, sa_restorer=0x74f6d2e45330}, NULL, 8) = 0
[pid 216245] 11:21:51.605433 rt_sigaction(SIGURG, NULL, {sa_handler=SIG_DFL, sa_mask=[], sa_flags=0}, 8) = 0
[pid 216245] 11:21:51.605547 rt_sigaction(SIGURG, {sa_handler=0x4816e0, sa_mask=~[RTMIN RT_1], sa_flags=SA_RESTORER|SA_ONSTACK|SA_RESTART|SA_SIGINFO, sa_restorer=0x74f6d2e45330}, NULL, 8) = 0
[pid 216245] 11:21:51.605660 rt_sigaction(SIGXCPU, NULL, {sa_handler=SIG_DFL, sa_mask=[], sa_flags=0}, 8) = 0
[pid 216245] 11:21:51.605775 rt_sigaction(SIGXCPU, {sa_handler=0x4816e0, sa_mask=~[RTMIN RT_1], sa_flags=SA_RESTORER|SA_ONSTACK|SA_RESTART|SA_SIGINFO, sa_restorer=0x74f6d2e45330}, NULL, 8) = 0
[pid 216245] 11:21:51.605883 rt_sigaction(SIGXFSZ, NULL, {sa_handler=SIG_DFL, sa_mask=[], sa_flags=0}, 8) = 0
[pid 216245] 11:21:51.605977 rt_sigaction(SIGXFSZ, {sa_handler=0x4816e0, sa_mask=~[RTMIN RT_1], sa_flags=SA_RESTORER|SA_ONSTACK|SA_RESTART|SA_SIGINFO, sa_restorer=0x74f6d2e45330}, NULL, 8) = 0
[pid 216245] 11:21:51.606076 rt_sigaction(SIGVTALRM, NULL, {sa_handler=SIG_DFL, sa_mask=[], sa_flags=0}, 8) = 0
[pid 216245] 11:21:51.606176 rt_sigaction(SIGVTALRM, {sa_handler=0x4816e0, sa_mask=~[RTMIN RT_1], sa_flags=SA_RESTORER|SA_ONSTACK|SA_RESTART|SA_SIGINFO, sa_restorer=0x74f6d2e45330}, NULL, 8) = 0
[pid 216245] 11:21:51.606280 rt_sigaction(SIGPROF, NULL, {sa_handler=SIG_DFL, sa_mask=[], sa_flags=0}, 8) = 0
[pid 216245] 11:21:51.606365 rt_sigaction(SIGPROF, {sa_handler=0x4816e0, sa_mask=~[RTMIN RT_1], sa_flags=SA_RESTORER|SA_ONSTACK|SA_RESTART|SA_SIGINFO, sa_restorer=0x74f6d2e45330}, NULL, 8) = 0
[pid 216245] 11:21:51.606459 rt_sigaction(SIGWINCH, NULL, {sa_handler=SIG_DFL, sa_mask=[], sa_flags=0}, 8) = 0
[pid 216245] 11:21:51.606545 rt_sigaction(SIGWINCH, {sa_handler=0x4816e0, sa_mask=~[RTMIN RT_1], sa_flags=SA_RESTORER|SA_ONSTACK|SA_RESTART|SA_SIGINFO, sa_restorer=0x74f6d2e45330}, NULL, 8) = 0
[pid 216245] 11:21:51.606631 rt_sigaction(SIGIO, NULL, {sa_handler=SIG_DFL, sa_mask=[], sa_flags=0}, 8) = 0
[pid 216245] 11:21:51.606725 rt_sigaction(SIGIO, {sa_handler=0x4816e0, sa_mask=~[RTMIN RT_1], sa_flags=SA_RESTORER|SA_ONSTACK|SA_RESTART|SA_SIGINFO, sa_restorer=0x74f6d2e45330}, NULL, 8) = 0
[pid 216245] 11:21:51.606812 rt_sigaction(SIGPWR, NULL, {sa_handler=SIG_DFL, sa_mask=[], sa_flags=0}, 8) = 0
[pid 216245] 11:21:51.606898 rt_sigaction(SIGPWR, {sa_handler=0x4816e0, sa_mask=~[RTMIN RT_1], sa_flags=SA_RESTORER|SA_ONSTACK|SA_RESTART|SA_SIGINFO, sa_restorer=0x74f6d2e45330}, NULL, 8) = 0
[pid 216245] 11:21:51.606985 rt_sigaction(SIGSYS, NULL, {sa_handler=SIG_DFL, sa_mask=[], sa_flags=0}, 8) = 0
[pid 216245] 11:21:51.607071 rt_sigaction(SIGSYS, {sa_handler=0x4816e0, sa_mask=~[RTMIN RT_1], sa_flags=SA_RESTORER|SA_ONSTACK|SA_RESTART|SA_SIGINFO, sa_restorer=0x74f6d2e45330}, NULL, 8) = 0
[pid 216245] 11:21:51.607181 rt_sigaction(SIGRTMIN, NULL, {sa_handler=SIG_DFL, sa_mask=[], sa_flags=0}, 8) = 0
[pid 216245] 11:21:51.607283 rt_sigaction(SIGRT_1, NULL, {sa_handler=SIG_DFL, sa_mask=[], sa_flags=0}, 8) = 0
[pid 216245] 11:21:51.607384 rt_sigaction(SIGRT_2, NULL, {sa_handler=SIG_DFL, sa_mask=[], sa_flags=0}, 8) = 0
[pid 216245] 11:21:51.607483 rt_sigaction(SIGRT_3, NULL, {sa_handler=SIG_DFL, sa_mask=[], sa_flags=0}, 8) = 0
[pid 216245] 11:21:51.607581 rt_sigaction(SIGRT_3, {sa_handler=0x4816e0, sa_mask=~[RTMIN RT_1], sa_flags=SA_RESTORER|SA_ONSTACK|SA_RESTART|SA_SIGINFO, sa_restorer=0x74f6d2e45330}, NULL, 8) = 0
[pid 216245] 11:21:51.607677 rt_sigaction(SIGRT_4, NULL, {sa_handler=SIG_DFL, sa_mask=[], sa_flags=0}, 8) = 0
[pid 216245] 11:21:51.607771 rt_sigaction(SIGRT_4, {sa_handler=0x4816e0, sa_mask=~[RTMIN RT_1], sa_flags=SA_RESTORER|SA_ONSTACK|SA_RESTART|SA_SIGINFO, sa_restorer=0x74f6d2e45330}, NULL, 8) = 0
[pid 216245] 11:21:51.607865 rt_sigaction(SIGRT_5, NULL, {sa_handler=SIG_DFL, sa_mask=[], sa_flags=0}, 8) = 0
[pid 216245] 11:21:51.607960 rt_sigaction(SIGRT_5, {sa_handler=0x4816e0, sa_mask=~[RTMIN RT_1], sa_flags=SA_RESTORER|SA_ONSTACK|SA_RESTART|SA_SIGINFO, sa_restorer=0x74f6d2e45330}, NULL, 8) = 0
[pid 216245] 11:21:51.608055 rt_sigaction(SIGRT_6, NULL, {sa_handler=SIG_DFL, sa_mask=[], sa_flags=0}, 8) = 0
[pid 216245] 11:21:51.608149 rt_sigaction(SIGRT_6, {sa_handler=0x4816e0, sa_mask=~[RTMIN RT_1], sa_flags=SA_RESTORER|SA_ONSTACK|SA_RESTART|SA_SIGINFO, sa_restorer=0x74f6d2e45330}, NULL, 8) = 0
[pid 216245] 11:21:51.608245 rt_sigaction(SIGRT_7, NULL, {sa_handler=SIG_DFL, sa_mask=[], sa_flags=0}, 8) = 0
[pid 216245] 11:21:51.608342 rt_sigaction(SIGRT_7, {sa_handler=0x4816e0, sa_mask=~[RTMIN RT_1], sa_flags=SA_RESTORER|SA_ONSTACK|SA_RESTART|SA_SIGINFO, sa_restorer=0x74f6d2e45330}, NULL, 8) = 0
[pid 216245] 11:21:51.608448 rt_sigaction(SIGRT_8, NULL, {sa_handler=SIG_DFL, sa_mask=[], sa_flags=0}, 8) = 0
[pid 216245] 11:21:51.608557 rt_sigaction(SIGRT_8, {sa_handler=0x4816e0, sa_mask=~[RTMIN RT_1], sa_flags=SA_RESTORER|SA_ONSTACK|SA_RESTART|SA_SIGINFO, sa_restorer=0x74f6d2e45330}, NULL, 8) = 0
[pid 216245] 11:21:51.608671 rt_sigaction(SIGRT_9, NULL, {sa_handler=SIG_DFL, sa_mask=[], sa_flags=0}, 8) = 0
[pid 216245] 11:21:51.608814 rt_sigaction(SIGRT_9, {sa_handler=0x4816e0, sa_mask=~[RTMIN RT_1], sa_flags=SA_RESTORER|SA_ONSTACK|SA_RESTART|SA_SIGINFO, sa_restorer=0x74f6d2e45330}, NULL, 8) = 0
[pid 216245] 11:21:51.608938 rt_sigaction(SIGRT_10, NULL, {sa_handler=SIG_DFL, sa_mask=[], sa_flags=0}, 8) = 0
[pid 216245] 11:21:51.609049 rt_sigaction(SIGRT_10, {sa_handler=0x4816e0, sa_mask=~[RTMIN RT_1], sa_flags=SA_RESTORER|SA_ONSTACK|SA_RESTART|SA_SIGINFO, sa_restorer=0x74f6d2e45330}, NULL, 8) = 0
[pid 216245] 11:21:51.609141 rt_sigaction(SIGRT_11, NULL, {sa_handler=SIG_DFL, sa_mask=[], sa_flags=0}, 8) = 0
[pid 216245] 11:21:51.609249 rt_sigaction(SIGRT_11, {sa_handler=0x4816e0, sa_mask=~[RTMIN RT_1], sa_flags=SA_RESTORER|SA_ONSTACK|SA_RESTART|SA_SIGINFO, sa_restorer=0x74f6d2e45330}, NULL, 8) = 0
[pid 216245] 11:21:51.609332 rt_sigaction(SIGRT_12, NULL, {sa_handler=SIG_DFL, sa_mask=[], sa_flags=0}, 8) = 0
[pid 216245] 11:21:51.609429 rt_sigaction(SIGRT_12, {sa_handler=0x4816e0, sa_mask=~[RTMIN RT_1], sa_flags=SA_RESTORER|SA_ONSTACK|SA_RESTART|SA_SIGINFO, sa_restorer=0x74f6d2e45330}, NULL, 8) = 0
[pid 216245] 11:21:51.609524 rt_sigaction(SIGRT_13, NULL, {sa_handler=SIG_DFL, sa_mask=[], sa_flags=0}, 8) = 0
[pid 216245] 11:21:51.609627 rt_sigaction(SIGRT_13, {sa_handler=0x4816e0, sa_mask=~[RTMIN RT_1], sa_flags=SA_RESTORER|SA_ONSTACK|SA_RESTART|SA_SIGINFO, sa_restorer=0x74f6d2e45330}, NULL, 8) = 0
[pid 216245] 11:21:51.609732 rt_sigaction(SIGRT_14, NULL, {sa_handler=SIG_DFL, sa_mask=[], sa_flags=0}, 8) = 0
[pid 216245] 11:21:51.609856 rt_sigaction(SIGRT_14, {sa_handler=0x4816e0, sa_mask=~[RTMIN RT_1], sa_flags=SA_RESTORER|SA_ONSTACK|SA_RESTART|SA_SIGINFO, sa_restorer=0x74f6d2e45330}, NULL, 8) = 0
[pid 216245] 11:21:51.609950 rt_sigaction(SIGRT_15, NULL, {sa_handler=SIG_DFL, sa_mask=[], sa_flags=0}, 8) = 0
[pid 216245] 11:21:51.610055 rt_sigaction(SIGRT_15, {sa_handler=0x4816e0, sa_mask=~[RTMIN RT_1], sa_flags=SA_RESTORER|SA_ONSTACK|SA_RESTART|SA_SIGINFO, sa_restorer=0x74f6d2e45330}, NULL, 8) = 0
[pid 216245] 11:21:51.610159 rt_sigaction(SIGRT_16, NULL, {sa_handler=SIG_DFL, sa_mask=[], sa_flags=0}, 8) = 0
[pid 216245] 11:21:51.610243 rt_sigaction(SIGRT_16, {sa_handler=0x4816e0, sa_mask=~[RTMIN RT_1], sa_flags=SA_RESTORER|SA_ONSTACK|SA_RESTART|SA_SIGINFO, sa_restorer=0x74f6d2e45330}, NULL, 8) = 0
[pid 216245] 11:21:51.610344 rt_sigaction(SIGRT_17, NULL, {sa_handler=SIG_DFL, sa_mask=[], sa_flags=0}, 8) = 0
[pid 216245] 11:21:51.610476 rt_sigaction(SIGRT_17, {sa_handler=0x4816e0, sa_mask=~[RTMIN RT_1], sa_flags=SA_RESTORER|SA_ONSTACK|SA_RESTART|SA_SIGINFO, sa_restorer=0x74f6d2e45330}, NULL, 8) = 0
[pid 216245] 11:21:51.610580 rt_sigaction(SIGRT_18, NULL, {sa_handler=SIG_DFL, sa_mask=[], sa_flags=0}, 8) = 0
[pid 216245] 11:21:51.610680 rt_sigaction(SIGRT_18, {sa_handler=0x4816e0, sa_mask=~[RTMIN RT_1], sa_flags=SA_RESTORER|SA_ONSTACK|SA_RESTART|SA_SIGINFO, sa_restorer=0x74f6d2e45330}, NULL, 8) = 0
[pid 216245] 11:21:51.610784 rt_sigaction(SIGRT_19, NULL, {sa_handler=SIG_DFL, sa_mask=[], sa_flags=0}, 8) = 0
[pid 216245] 11:21:51.610892 rt_sigaction(SIGRT_19, {sa_handler=0x4816e0, sa_mask=~[RTMIN RT_1], sa_flags=SA_RESTORER|SA_ONSTACK|SA_RESTART|SA_SIGINFO, sa_restorer=0x74f6d2e45330}, NULL, 8) = 0
[pid 216245] 11:21:51.610965 rt_sigaction(SIGRT_20, NULL, {sa_handler=SIG_DFL, sa_mask=[], sa_flags=0}, 8) = 0
[pid 216245] 11:21:51.611069 rt_sigaction(SIGRT_20, {sa_handler=0x4816e0, sa_mask=~[RTMIN RT_1], sa_flags=SA_RESTORER|SA_ONSTACK|SA_RESTART|SA_SIGINFO, sa_restorer=0x74f6d2e45330}, NULL, 8) = 0
[pid 216245] 11:21:51.611172 rt_sigaction(SIGRT_21, NULL, {sa_handler=SIG_DFL, sa_mask=[], sa_flags=0}, 8) = 0
[pid 216245] 11:21:51.611276 rt_sigaction(SIGRT_21, {sa_handler=0x4816e0, sa_mask=~[RTMIN RT_1], sa_flags=SA_RESTORER|SA_ONSTACK|SA_RESTART|SA_SIGINFO, sa_restorer=0x74f6d2e45330}, NULL, 8) = 0
[pid 216245] 11:21:51.611365 rt_sigaction(SIGRT_22, NULL, {sa_handler=SIG_DFL, sa_mask=[], sa_flags=0}, 8) = 0
[pid 216245] 11:21:51.611467 rt_sigaction(SIGRT_22, {sa_handler=0x4816e0, sa_mask=~[RTMIN RT_1], sa_flags=SA_RESTORER|SA_ONSTACK|SA_RESTART|SA_SIGINFO, sa_restorer=0x74f6d2e45330}, NULL, 8) = 0
[pid 216245] 11:21:51.611563 rt_sigaction(SIGRT_23, NULL, {sa_handler=SIG_DFL, sa_mask=[], sa_flags=0}, 8) = 0
[pid 216245] 11:21:51.611665 rt_sigaction(SIGRT_23, {sa_handler=0x4816e0, sa_mask=~[RTMIN RT_1], sa_flags=SA_RESTORER|SA_ONSTACK|SA_RESTART|SA_SIGINFO, sa_restorer=0x74f6d2e45330}, NULL, 8) = 0
[pid 216245] 11:21:51.611764 rt_sigaction(SIGRT_24, NULL, {sa_handler=SIG_DFL, sa_mask=[], sa_flags=0}, 8) = 0
[pid 216245] 11:21:51.611886 rt_sigaction(SIGRT_24, {sa_handler=0x4816e0, sa_mask=~[RTMIN RT_1], sa_flags=SA_RESTORER|SA_ONSTACK|SA_RESTART|SA_SIGINFO, sa_restorer=0x74f6d2e45330}, NULL, 8) = 0
[pid 216245] 11:21:51.612003 rt_sigaction(SIGRT_25, NULL, {sa_handler=SIG_DFL, sa_mask=[], sa_flags=0}, 8) = 0
[pid 216245] 11:21:51.612116 rt_sigaction(SIGRT_25, {sa_handler=0x4816e0, sa_mask=~[RTMIN RT_1], sa_flags=SA_RESTORER|SA_ONSTACK|SA_RESTART|SA_SIGINFO, sa_restorer=0x74f6d2e45330}, NULL, 8) = 0
[pid 216245] 11:21:51.612229 rt_sigaction(SIGRT_26, NULL, {sa_handler=SIG_DFL, sa_mask=[], sa_flags=0}, 8) = 0
[pid 216245] 11:21:51.612329 rt_sigaction(SIGRT_26, {sa_handler=0x4816e0, sa_mask=~[RTMIN RT_1], sa_flags=SA_RESTORER|SA_ONSTACK|SA_RESTART|SA_SIGINFO, sa_restorer=0x74f6d2e45330}, NULL, 8) = 0
[pid 216245] 11:21:51.612436 rt_sigaction(SIGRT_27, NULL, {sa_handler=SIG_DFL, sa_mask=[], sa_flags=0}, 8) = 0
[pid 216245] 11:21:51.612532 rt_sigaction(SIGRT_27, {sa_handler=0x4816e0, sa_mask=~[RTMIN RT_1], sa_flags=SA_RESTORER|SA_ONSTACK|SA_RESTART|SA_SIGINFO, sa_restorer=0x74f6d2e45330}, NULL, 8) = 0
[pid 216245] 11:21:51.612637 rt_sigaction(SIGRT_28, NULL, {sa_handler=SIG_DFL, sa_mask=[], sa_flags=0}, 8) = 0
[pid 216245] 11:21:51.612803 rt_sigaction(SIGRT_28, {sa_handler=0x4816e0, sa_mask=~[RTMIN RT_1], sa_flags=SA_RESTORER|SA_ONSTACK|SA_RESTART|SA_SIGINFO, sa_restorer=0x74f6d2e45330}, NULL, 8) = 0
[pid 216245] 11:21:51.612896 rt_sigaction(SIGRT_29, NULL, {sa_handler=SIG_DFL, sa_mask=[], sa_flags=0}, 8) = 0
[pid 216245] 11:21:51.612992 rt_sigaction(SIGRT_29, {sa_handler=0x4816e0, sa_mask=~[RTMIN RT_1], sa_flags=SA_RESTORER|SA_ONSTACK|SA_RESTART|SA_SIGINFO, sa_restorer=0x74f6d2e45330}, NULL, 8) = 0
[pid 216245] 11:21:51.613087 rt_sigaction(SIGRT_30, NULL, {sa_handler=SIG_DFL, sa_mask=[], sa_flags=0}, 8) = 0
[pid 216245] 11:21:51.613172 rt_sigaction(SIGRT_30, {sa_handler=0x4816e0, sa_mask=~[RTMIN RT_1], sa_flags=SA_RESTORER|SA_ONSTACK|SA_RESTART|SA_SIGINFO, sa_restorer=0x74f6d2e45330}, NULL, 8) = 0
[pid 216245] 11:21:51.613261 rt_sigaction(SIGRT_31, NULL, {sa_handler=SIG_DFL, sa_mask=[], sa_flags=0}, 8) = 0
[pid 216245] 11:21:51.613351 rt_sigaction(SIGRT_31, {sa_handler=0x4816e0, sa_mask=~[RTMIN RT_1], sa_flags=SA_RESTORER|SA_ONSTACK|SA_RESTART|SA_SIGINFO, sa_restorer=0x74f6d2e45330}, NULL, 8) = 0
[pid 216245] 11:21:51.613460 rt_sigaction(SIGRT_32, NULL, {sa_handler=SIG_DFL, sa_mask=[], sa_flags=0}, 8) = 0
[pid 216245] 11:21:51.613558 rt_sigaction(SIGRT_32, {sa_handler=0x4816e0, sa_mask=~[RTMIN RT_1], sa_flags=SA_RESTORER|SA_ONSTACK|SA_RESTART|SA_SIGINFO, sa_restorer=0x74f6d2e45330}, NULL, 8) = 0
[pid 216245] 11:21:51.613678 rt_sigprocmask(SIG_SETMASK, ~[RTMIN RT_1],  <unfinished ...>
[pid 216236] 11:21:51.613722 <... nanosleep resumed>NULL) = 0
[pid 216245] 11:21:51.613744 <... rt_sigprocmask resumed>[], 8) = 0
[pid 216236] 11:21:51.613766 nanosleep({tv_sec=0, tv_nsec=20000},  <unfinished ...>
[pid 216245] 11:21:51.613780 rt_sigaction(SIGRT_1, {sa_handler=0x74f6d2e99610, sa_mask=[], sa_flags=SA_RESTORER|SA_ONSTACK|SA_RESTART|SA_SIGINFO, sa_restorer=0x74f6d2e45330}, NULL, 8) = 0
[pid 216245] 11:21:51.613896 rt_sigprocmask(SIG_UNBLOCK, [RTMIN RT_1],  <unfinished ...>
[pid 216236] 11:21:51.613922 <... nanosleep resumed>NULL) = 0
[pid 216245] 11:21:51.613959 <... rt_sigprocmask resumed>NULL, 8) = 0
[pid 216236] 11:21:51.613978 futex(0x717740, FUTEX_WAIT_PRIVATE, 0, {tv_sec=60, tv_nsec=0} <unfinished ...>
[pid 216245] 11:21:51.614014 mmap(NULL, 8392704, PROT_NONE, MAP_PRIVATE|MAP_ANONYMOUS|MAP_STACK, -1, 0) = 0x74f68baff000
[pid 216245] 11:21:51.614119 mprotect(0x74f68bb00000, 8388608, PROT_READ|PROT_WRITE) = 0
[pid 216245] 11:21:51.614231 rt_sigprocmask(SIG_BLOCK, ~[], ~[KILL STOP RTMIN RT_1], 8) = 0
[pid 216245] 11:21:51.614336 clone3({flags=CLONE_VM|CLONE_FS|CLONE_FILES|CLONE_SIGHAND|CLONE_THREAD|CLONE_SYSVSEM|CLONE_SETTLS|CLONE_PARENT_SETTID|CLONE_CHILD_CLEARTID, child_tid=0x74f68c2ff990, parent_tid=0x74f68c2ff990, exit_signal=0, stack=0x74f68baff000, stack_size=0x7fff80, tls=0x74f68c2ff6c0}strace: Process 216246 attached
 <unfinished ...>
[pid 216246] 11:21:51.614538 rseq(0x74f68c2fffe0, 0x20, 0, 0x53053053 <unfinished ...>
[pid 216245] 11:21:51.614558 <... clone3 resumed> => {parent_tid=[216246]}, 88) = 216246
[pid 216246] 11:21:51.614584 <... rseq resumed>) = 0
[pid 216245] 11:21:51.614606 rt_sigprocmask(SIG_SETMASK, ~[KILL STOP RTMIN RT_1],  <unfinished ...>
[pid 216246] 11:21:51.614630 set_robust_list(0x74f68c2ff9a0, 24 <unfinished ...>
[pid 216245] 11:21:51.614660 <... rt_sigprocmask resumed>NULL, 8) = 0
[pid 216246] 11:21:51.614680 <... set_robust_list resumed>) = 0
[pid 216245] 11:21:51.614697 rt_sigprocmask(SIG_SETMASK, [],  <unfinished ...>
[pid 216246] 11:21:51.614715 rt_sigprocmask(SIG_SETMASK, ~[KILL STOP RTMIN RT_1],  <unfinished ...>
[pid 216245] 11:21:51.614733 <... rt_sigprocmask resumed>NULL, 8) = 0
[pid 216246] 11:21:51.614753 <... rt_sigprocmask resumed>NULL, 8) = 0
[pid 216246] 11:21:51.614800 mmap(NULL, 134217728, PROT_NONE, MAP_PRIVATE|MAP_ANONYMOUS, -1, 0 <unfinished ...>
[pid 216245] 11:21:51.614830 mmap(NULL, 262144, PROT_READ|PROT_WRITE, MAP_PRIVATE|MAP_ANONYMOUS, -1, 0 <unfinished ...>
[pid 216246] 11:21:51.614847 <... mmap resumed>) = 0x74f683a00000
[pid 216246] 11:21:51.614888 munmap(0x74f683a00000, 6291456 <unfinished ...>
[pid 216245] 11:21:51.614910 <... mmap resumed>) = 0x74f6d2c40000
[pid 216246] 11:21:51.614927 <... munmap resumed>) = 0
[pid 216246] 11:21:51.614982 munmap(0x74f688000000, 60817408 <unfinished ...>
[pid 216245] 11:21:51.615017 rt_sigprocmask(SIG_SETMASK, ~[RTMIN RT_1],  <unfinished ...>
[pid 216246] 11:21:51.615041 <... munmap resumed>) = 0
[pid 216245] 11:21:51.615059 <... rt_sigprocmask resumed>[], 8) = 0
[pid 216246] 11:21:51.615079 mprotect(0x74f684000000, 135168, PROT_READ|PROT_WRITE <unfinished ...>
[pid 216245] 11:21:51.615099 mmap(NULL, 8392704, PROT_NONE, MAP_PRIVATE|MAP_ANONYMOUS|MAP_STACK, -1, 0 <unfinished ...>
[pid 216246] 11:21:51.615119 <... mprotect resumed>) = 0
[pid 216245] 11:21:51.615138 <... mmap resumed>) = 0x74f68b2fe000
[pid 216246] 11:21:51.615156 sigaltstack(NULL,  <unfinished ...>
[pid 216245] 11:21:51.615175 mprotect(0x74f68b2ff000, 8388608, PROT_READ|PROT_WRITE <unfinished ...>
[pid 216246] 11:21:51.615195 <... sigaltstack resumed>{ss_sp=NULL, ss_flags=SS_DISABLE, ss_size=0}) = 0
[pid 216245] 11:21:51.615261 <... mprotect resumed>) = 0
[pid 216246] 11:21:51.615281 sigaltstack({ss_sp=0xc000094000, ss_flags=0, ss_size=32768},  <unfinished ...>
[pid 216245] 11:21:51.615351 rt_sigprocmask(SIG_BLOCK, ~[], ~[KILL STOP RTMIN RT_1], 8) = 0
[pid 216245] 11:21:51.615444 clone3({flags=CLONE_VM|CLONE_FS|CLONE_FILES|CLONE_SIGHAND|CLONE_THREAD|CLONE_SYSVSEM|CLONE_SETTLS|CLONE_PARENT_SETTID|CLONE_CHILD_CLEARTID, child_tid=0x74f68bafe990, parent_tid=0x74f68bafe990, exit_signal=0, stack=0x74f68b2fe000, stack_size=0x7fff80, tls=0x74f68bafe6c0} <unfinished ...>
[pid 216246] 11:21:51.615558 <... sigaltstack resumed>NULL) = 0
strace: Process 216247 attached
[pid 216246] 11:21:51.615601 rt_sigprocmask(SIG_SETMASK, [],  <unfinished ...>
[pid 216247] 11:21:51.615621 rseq(0x74f68bafefe0, 0x20, 0, 0x53053053 <unfinished ...>
[pid 216245] 11:21:51.615650 <... clone3 resumed> => {parent_tid=[216247]}, 88) = 216247
[pid 216247] 11:21:51.615674 <... rseq resumed>) = 0
[pid 216246] 11:21:51.615690 <... rt_sigprocmask resumed>NULL, 8) = 0
[pid 216245] 11:21:51.615706 rt_sigprocmask(SIG_SETMASK, ~[KILL STOP RTMIN RT_1],  <unfinished ...>
[pid 216247] 11:21:51.615726 set_robust_list(0x74f68bafe9a0, 24 <unfinished ...>
[pid 216246] 11:21:51.615743 gettid( <unfinished ...>
[pid 216247] 11:21:51.615763 <... set_robust_list resumed>) = 0
[pid 216245] 11:21:51.615781 <... rt_sigprocmask resumed>NULL, 8) = 0
[pid 216247] 11:21:51.615800 rt_sigprocmask(SIG_SETMASK, ~[KILL STOP RTMIN RT_1],  <unfinished ...>
[pid 216246] 11:21:51.615830 <... gettid resumed>) = 216246
[pid 216247] 11:21:51.615849 <... rt_sigprocmask resumed>NULL, 8) = 0
[pid 216245] 11:21:51.615866 rt_sigprocmask(SIG_SETMASK, [],  <unfinished ...>
[pid 216246] 11:21:51.615885 nanosleep({tv_sec=0, tv_nsec=20000},  <unfinished ...>
[pid 216247] 11:21:51.615907 mmap(NULL, 134217728, PROT_NONE, MAP_PRIVATE|MAP_ANONYMOUS, -1, 0 <unfinished ...>
[pid 216245] 11:21:51.615925 <... rt_sigprocmask resumed>NULL, 8) = 0
[pid 216247] 11:21:51.615975 <... mmap resumed>) = 0x74f67c000000
[pid 216247] 11:21:51.616023 munmap(0x74f680000000, 67108864 <unfinished ...>
[pid 216246] 11:21:51.616045 <... nanosleep resumed>NULL) = 0
[pid 216245] 11:21:51.616062 rt_sigprocmask(SIG_SETMASK, ~[RTMIN RT_1],  <unfinished ...>
[pid 216247] 11:21:51.616088 <... munmap resumed>) = 0
[pid 216246] 11:21:51.616106 nanosleep({tv_sec=0, tv_nsec=20000},  <unfinished ...>
[pid 216247] 11:21:51.616130 mprotect(0x74f67c000000, 135168, PROT_READ|PROT_WRITE <unfinished ...>
[pid 216245] 11:21:51.616147 <... rt_sigprocmask resumed>[], 8) = 0
[pid 216247] 11:21:51.616217 <... mprotect resumed>) = 0
[pid 216246] 11:21:51.616245 <... nanosleep resumed>NULL) = 0
[pid 216245] 11:21:51.616263 mmap(NULL, 8392704, PROT_NONE, MAP_PRIVATE|MAP_ANONYMOUS|MAP_STACK, -1, 0 <unfinished ...>
[pid 216247] 11:21:51.616284 sigaltstack(NULL,  <unfinished ...>
[pid 216246] 11:21:51.616303 nanosleep({tv_sec=0, tv_nsec=20000},  <unfinished ...>
[pid 216247] 11:21:51.616326 <... sigaltstack resumed>{ss_sp=NULL, ss_flags=SS_DISABLE, ss_size=0}) = 0
[pid 216245] 11:21:51.616350 <... mmap resumed>) = 0x74f68aafd000
[pid 216247] 11:21:51.616370 sigaltstack({ss_sp=0xc00009e000, ss_flags=0, ss_size=32768}, NULL) = 0
[pid 216245] 11:21:51.616438 mprotect(0x74f68aafe000, 8388608, PROT_READ|PROT_WRITE <unfinished ...>
[pid 216247] 11:21:51.616461 rt_sigprocmask(SIG_SETMASK, [],  <unfinished ...>
[pid 216246] 11:21:51.616510 <... nanosleep resumed>NULL) = 0
[pid 216247] 11:21:51.616534 <... rt_sigprocmask resumed>NULL, 8) = 0
[pid 216245] 11:21:51.616553 <... mprotect resumed>) = 0
[pid 216247] 11:21:51.616573 gettid( <unfinished ...>
[pid 216246] 11:21:51.616603 nanosleep({tv_sec=0, tv_nsec=20000},  <unfinished ...>
[pid 216247] 11:21:51.616622 <... gettid resumed>) = 216247
[pid 216245] 11:21:51.616643 rt_sigprocmask(SIG_BLOCK, ~[],  <unfinished ...>
[pid 216247] 11:21:51.616677 mmap(NULL, 262144, PROT_READ|PROT_WRITE, MAP_PRIVATE|MAP_ANONYMOUS, -1, 0 <unfinished ...>
[pid 216245] 11:21:51.616698 <... rt_sigprocmask resumed>~[KILL STOP RTMIN RT_1], 8) = 0
[pid 216247] 11:21:51.616738 <... mmap resumed>) = 0x74f6d2c00000
[pid 216246] 11:21:51.616754 <... nanosleep resumed>NULL) = 0
[pid 216245] 11:21:51.616770 clone3({flags=CLONE_VM|CLONE_FS|CLONE_FILES|CLONE_SIGHAND|CLONE_THREAD|CLONE_SYSVSEM|CLONE_SETTLS|CLONE_PARENT_SETTID|CLONE_CHILD_CLEARTID, child_tid=0x74f68b2fd990, parent_tid=0x74f68b2fd990, exit_signal=0, stack=0x74f68aafd000, stack_size=0x7fff80, tls=0x74f68b2fd6c0} <unfinished ...>
[pid 216246] 11:21:51.616790 nanosleep({tv_sec=0, tv_nsec=20000},  <unfinished ...>
[pid 216247] 11:21:51.616807 rt_sigprocmask(SIG_SETMASK, ~[RTMIN RT_1], [], 8) = 0
strace: Process 216248 attached
[pid 216247] 11:21:51.616899 mmap(NULL, 8392704, PROT_NONE, MAP_PRIVATE|MAP_ANONYMOUS|MAP_STACK, -1, 0 <unfinished ...>
[pid 216248] 11:21:51.616917 rseq(0x74f68b2fdfe0, 0x20, 0, 0x53053053 <unfinished ...>
[pid 216246] 11:21:51.616933 <... nanosleep resumed>NULL) = 0
[pid 216245] 11:21:51.616955 <... clone3 resumed> => {parent_tid=[216248]}, 88) = 216248
[pid 216248] 11:21:51.616976 <... rseq resumed>) = 0
[pid 216247] 11:21:51.617004 <... mmap resumed>) = 0x74f68a2fc000
[pid 216246] 11:21:51.617018 nanosleep({tv_sec=0, tv_nsec=20000},  <unfinished ...>
[pid 216248] 11:21:51.617036 set_robust_list(0x74f68b2fd9a0, 24 <unfinished ...>
[pid 216247] 11:21:51.617052 mprotect(0x74f68a2fd000, 8388608, PROT_READ|PROT_WRITE <unfinished ...>
[pid 216245] 11:21:51.617067 rt_sigprocmask(SIG_SETMASK, ~[KILL STOP RTMIN RT_1],  <unfinished ...>
[pid 216248] 11:21:51.617084 <... set_robust_list resumed>) = 0
[pid 216247] 11:21:51.617102 <... mprotect resumed>) = 0
[pid 216245] 11:21:51.617120 <... rt_sigprocmask resumed>NULL, 8) = 0
[pid 216248] 11:21:51.617137 rt_sigprocmask(SIG_SETMASK, ~[KILL STOP RTMIN RT_1],  <unfinished ...>
[pid 216246] 11:21:51.617167 <... nanosleep resumed>NULL) = 0
[pid 216247] 11:21:51.617183 rt_sigprocmask(SIG_BLOCK, ~[],  <unfinished ...>
[pid 216248] 11:21:51.617200 <... rt_sigprocmask resumed>NULL, 8) = 0
[pid 216245] 11:21:51.617214 rt_sigprocmask(SIG_SETMASK, [],  <unfinished ...>
[pid 216248] 11:21:51.617233 mmap(0x74f680000000, 67108864, PROT_NONE, MAP_PRIVATE|MAP_ANONYMOUS, -1, 0 <unfinished ...>
[pid 216247] 11:21:51.617248 <... rt_sigprocmask resumed>~[KILL STOP RTMIN RT_1], 8) = 0
[pid 216246] 11:21:51.617305 nanosleep({tv_sec=0, tv_nsec=20000},  <unfinished ...>
[pid 216248] 11:21:51.617341 <... mmap resumed>) = 0x74f680000000
[pid 216247] 11:21:51.617359 clone3({flags=CLONE_VM|CLONE_FS|CLONE_FILES|CLONE_SIGHAND|CLONE_THREAD|CLONE_SYSVSEM|CLONE_SETTLS|CLONE_PARENT_SETTID|CLONE_CHILD_CLEARTID, child_tid=0x74f68aafc990, parent_tid=0x74f68aafc990, exit_signal=0, stack=0x74f68a2fc000, stack_size=0x7fff80, tls=0x74f68aafc6c0} <unfinished ...>
[pid 216245] 11:21:51.617381 <... rt_sigprocmask resumed>NULL, 8) = 0
[pid 216248] 11:21:51.617399 mprotect(0x74f680000000, 135168, PROT_READ|PROT_WRITE <unfinished ...>
[pid 216245] 11:21:51.617417 futex(0xeeaf80, FUTEX_WAIT_PRIVATE, 0, NULL <unfinished ...>
[pid 216248] 11:21:51.617436 <... mprotect resumed>) = 0
[pid 216246] 11:21:51.617463 <... nanosleep resumed>NULL) = 0
strace: Process 216249 attached
[pid 216248] 11:21:51.617507 sigaltstack(NULL,  <unfinished ...>
[pid 216246] 11:21:51.617535 nanosleep({tv_sec=0, tv_nsec=20000},  <unfinished ...>
[pid 216249] 11:21:51.617554 rseq(0x74f68aafcfe0, 0x20, 0, 0x53053053 <unfinished ...>
[pid 216248] 11:21:51.617569 <... sigaltstack resumed>{ss_sp=NULL, ss_flags=SS_DISABLE, ss_size=0}) = 0
[pid 216247] 11:21:51.617587 <... clone3 resumed> => {parent_tid=[216249]}, 88) = 216249
[pid 216249] 11:21:51.617620 <... rseq resumed>) = 0
[pid 216248] 11:21:51.617637 sigaltstack({ss_sp=0xc0000ac000, ss_flags=0, ss_size=32768},  <unfinished ...>
[pid 216249] 11:21:51.617660 set_robust_list(0x74f68aafc9a0, 24 <unfinished ...>
[pid 216247] 11:21:51.617677 rt_sigprocmask(SIG_SETMASK, ~[KILL STOP RTMIN RT_1],  <unfinished ...>
[pid 216246] 11:21:51.617705 <... nanosleep resumed>NULL) = 0
[pid 216249] 11:21:51.617722 <... set_robust_list resumed>) = 0
[pid 216248] 11:21:51.617748 <... sigaltstack resumed>NULL) = 0
[pid 216247] 11:21:51.617765 <... rt_sigprocmask resumed>NULL, 8) = 0
[pid 216249] 11:21:51.617792 rt_sigprocmask(SIG_SETMASK, ~[KILL STOP RTMIN RT_1],  <unfinished ...>
[pid 216248] 11:21:51.617803 rt_sigprocmask(SIG_SETMASK, [],  <unfinished ...>
[pid 216246] 11:21:51.617821 nanosleep({tv_sec=0, tv_nsec=20000},  <unfinished ...>
[pid 216249] 11:21:51.617841 <... rt_sigprocmask resumed>NULL, 8) = 0
[pid 216248] 11:21:51.617856 <... rt_sigprocmask resumed>NULL, 8) = 0
[pid 216247] 11:21:51.617873 rt_sigprocmask(SIG_SETMASK, [],  <unfinished ...>
[pid 216249] 11:21:51.617893 mmap(NULL, 134217728, PROT_NONE, MAP_PRIVATE|MAP_ANONYMOUS, -1, 0 <unfinished ...>
[pid 216248] 11:21:51.617909 gettid( <unfinished ...>
[pid 216247] 11:21:51.617924 <... rt_sigprocmask resumed>NULL, 8) = 0
[pid 216249] 11:21:51.617942 <... mmap resumed>) = 0x74f674000000
[pid 216248] 11:21:51.617961 <... gettid resumed>) = 216248
[pid 216246] 11:21:51.617978 <... nanosleep resumed>NULL) = 0
[pid 216249] 11:21:51.617998 munmap(0x74f678000000, 67108864 <unfinished ...>
[pid 216248] 11:21:51.618016 futex(0xc000083948, FUTEX_WAIT_PRIVATE, 0, NULL <unfinished ...>
[pid 216247] 11:21:51.618034 futex(0xeeaf80, FUTEX_WAKE_PRIVATE, 1 <unfinished ...>
[pid 216249] 11:21:51.618053 <... munmap resumed>) = 0
[pid 216246] 11:21:51.618071 nanosleep({tv_sec=0, tv_nsec=20000},  <unfinished ...>
[pid 216249] 11:21:51.618093 mprotect(0x74f674000000, 135168, PROT_READ|PROT_WRITE <unfinished ...>
[pid 216247] 11:21:51.618111 <... futex resumed>) = 1
[pid 216245] 11:21:51.618126 <... futex resumed>) = 0
[pid 216249] 11:21:51.618142 <... mprotect resumed>) = 0
[pid 216247] 11:21:51.618168 futex(0xc000083148, FUTEX_WAIT_PRIVATE, 0, NULL <unfinished ...>
[pid 216249] 11:21:51.618186 sigaltstack(NULL,  <unfinished ...>
[pid 216246] 11:21:51.618203 <... nanosleep resumed>NULL) = 0
[pid 216249] 11:21:51.618222 <... sigaltstack resumed>{ss_sp=NULL, ss_flags=SS_DISABLE, ss_size=0}) = 0
[pid 216245] 11:21:51.618241 rt_sigprocmask(SIG_SETMASK, ~[RTMIN RT_1],  <unfinished ...>
[pid 216249] 11:21:51.618270 sigaltstack({ss_sp=0xc000104000, ss_flags=0, ss_size=32768},  <unfinished ...>
[pid 216246] 11:21:51.618287 nanosleep({tv_sec=0, tv_nsec=20000},  <unfinished ...>
[pid 216249] 11:21:51.618304 <... sigaltstack resumed>NULL) = 0
[pid 216245] 11:21:51.618318 <... rt_sigprocmask resumed>[], 8) = 0
[pid 216249] 11:21:51.618336 rt_sigprocmask(SIG_SETMASK, [],  <unfinished ...>
[pid 216245] 11:21:51.618354 mmap(NULL, 8392704, PROT_NONE, MAP_PRIVATE|MAP_ANONYMOUS|MAP_STACK, -1, 0 <unfinished ...>
[pid 216249] 11:21:51.618373 <... rt_sigprocmask resumed>NULL, 8) = 0
[pid 216245] 11:21:51.618393 <... mmap resumed>) = 0x74f689afb000
[pid 216246] 11:21:51.618419 <... nanosleep resumed>NULL) = 0
[pid 216249] 11:21:51.618436 gettid( <unfinished ...>
[pid 216245] 11:21:51.618451 mprotect(0x74f689afc000, 8388608, PROT_READ|PROT_WRITE <unfinished ...>
[pid 216249] 11:21:51.618468 <... gettid resumed>) = 216249
[pid 216246] 11:21:51.618486 nanosleep({tv_sec=0, tv_nsec=20000},  <unfinished ...>
[pid 216249] 11:21:51.618516 futex(0xc000100148, FUTEX_WAIT_PRIVATE, 0, NULL <unfinished ...>
[pid 216245] 11:21:51.618531 <... mprotect resumed>) = 0
[pid 216245] 11:21:51.618581 rt_sigprocmask(SIG_BLOCK, ~[],  <unfinished ...>
[pid 216246] 11:21:51.618637 <... nanosleep resumed>NULL) = 0
[pid 216245] 11:21:51.618657 <... rt_sigprocmask resumed>~[KILL STOP RTMIN RT_1], 8) = 0
[pid 216246] 11:21:51.618679 nanosleep({tv_sec=0, tv_nsec=20000},  <unfinished ...>
[pid 216245] 11:21:51.618700 clone3({flags=CLONE_VM|CLONE_FS|CLONE_FILES|CLONE_SIGHAND|CLONE_THREAD|CLONE_SYSVSEM|CLONE_SETTLS|CLONE_PARENT_SETTID|CLONE_CHILD_CLEARTID, child_tid=0x74f68a2fb990, parent_tid=0x74f68a2fb990, exit_signal=0, stack=0x74f689afb000, stack_size=0x7fff80, tls=0x74f68a2fb6c0}strace: Process 216250 attached
 <unfinished ...>
[pid 216246] 11:21:51.618820 <... nanosleep resumed>NULL) = 0
[pid 216250] 11:21:51.618854 rseq(0x74f68a2fbfe0, 0x20, 0, 0x53053053 <unfinished ...>
[pid 216246] 11:21:51.618873 nanosleep({tv_sec=0, tv_nsec=20000},  <unfinished ...>
[pid 216245] 11:21:51.618892 <... clone3 resumed> => {parent_tid=[216250]}, 88) = 216250
[pid 216250] 11:21:51.618925 <... rseq resumed>) = 0
[pid 216245] 11:21:51.618944 rt_sigprocmask(SIG_SETMASK, ~[KILL STOP RTMIN RT_1],  <unfinished ...>
[pid 216250] 11:21:51.618963 set_robust_list(0x74f68a2fb9a0, 24) = 0
[pid 216246] 11:21:51.619036 <... nanosleep resumed>NULL) = 0
[pid 216245] 11:21:51.619055 <... rt_sigprocmask resumed>NULL, 8) = 0
[pid 216250] 11:21:51.619071 rt_sigprocmask(SIG_SETMASK, ~[KILL STOP RTMIN RT_1],  <unfinished ...>
[pid 216246] 11:21:51.619091 nanosleep({tv_sec=0, tv_nsec=20000},  <unfinished ...>
[pid 216245] 11:21:51.619109 rt_sigprocmask(SIG_SETMASK, [],  <unfinished ...>
[pid 216250] 11:21:51.619129 <... rt_sigprocmask resumed>NULL, 8) = 0
[pid 216245] 11:21:51.619147 <... rt_sigprocmask resumed>NULL, 8) = 0
[pid 216250] 11:21:51.619166 mmap(0x74f678000000, 67108864, PROT_NONE, MAP_PRIVATE|MAP_ANONYMOUS, -1, 0) = 0x74f678000000
[pid 216246] 11:21:51.619240 <... nanosleep resumed>NULL) = 0
[pid 216250] 11:21:51.619257 mprotect(0x74f678000000, 135168, PROT_READ|PROT_WRITE <unfinished ...>
[pid 216246] 11:21:51.619274 nanosleep({tv_sec=0, tv_nsec=20000},  <unfinished ...>
[pid 216250] 11:21:51.619324 <... mprotect resumed>) = 0
[pid 216245] 11:21:51.619344 prlimit64(0, RLIMIT_NOFILE, NULL,  <unfinished ...>
[pid 216250] 11:21:51.619375 sigaltstack(NULL,  <unfinished ...>
[pid 216245] 11:21:51.619393 <... prlimit64 resumed>{rlim_cur=1024*1024, rlim_max=1024*1024}) = 0
[pid 216250] 11:21:51.619415 <... sigaltstack resumed>{ss_sp=NULL, ss_flags=SS_DISABLE, ss_size=0}) = 0
[pid 216246] 11:21:51.619437 <... nanosleep resumed>NULL) = 0
[pid 216250] 11:21:51.619457 sigaltstack({ss_sp=0xc000112000, ss_flags=0, ss_size=32768},  <unfinished ...>
[pid 216245] 11:21:51.619477 fcntl(0, F_GETFL <unfinished ...>
[pid 216250] 11:21:51.619497 <... sigaltstack resumed>NULL) = 0
[pid 216246] 11:21:51.619514 nanosleep({tv_sec=0, tv_nsec=20000},  <unfinished ...>
[pid 216250] 11:21:51.619535 rt_sigprocmask(SIG_SETMASK, [],  <unfinished ...>
[pid 216245] 11:21:51.619555 <... fcntl resumed>) = 0x2 (flags O_RDWR)
[pid 216250] 11:21:51.619574 <... rt_sigprocmask resumed>NULL, 8) = 0
[pid 216245] 11:21:51.619597 futex(0xc000100148, FUTEX_WAKE_PRIVATE, 1 <unfinished ...>
[pid 216250] 11:21:51.619616 gettid( <unfinished ...>
[pid 216246] 11:21:51.619635 <... nanosleep resumed>NULL) = 0
[pid 216250] 11:21:51.619656 <... gettid resumed>) = 216250
[pid 216249] 11:21:51.619673 <... futex resumed>) = 0
[pid 216245] 11:21:51.619691 <... futex resumed>) = 1
[pid 216250] 11:21:51.619710 futex(0xf0b5d8, FUTEX_WAIT_PRIVATE, 0, NULL <unfinished ...>
[pid 216249] 11:21:51.619728 nanosleep({tv_sec=0, tv_nsec=3000},  <unfinished ...>
[pid 216246] 11:21:51.619748 nanosleep({tv_sec=0, tv_nsec=20000},  <unfinished ...>
[pid 216245] 11:21:51.619769 fcntl(1, F_GETFL) = 0x1 (flags O_WRONLY)
[pid 216249] 11:21:51.619857 <... nanosleep resumed>NULL) = 0
[pid 216245] 11:21:51.619887 fcntl(2, F_GETFL <unfinished ...>
[pid 216249] 11:21:51.619904 futex(0xc000083148, FUTEX_WAKE_PRIVATE, 1 <unfinished ...>
[pid 216246] 11:21:51.619920 <... nanosleep resumed>NULL) = 0
[pid 216245] 11:21:51.619936 <... fcntl resumed>) = 0x1 (flags O_WRONLY)
[pid 216249] 11:21:51.619968 <... futex resumed>) = 1
[pid 216247] 11:21:51.619984 <... futex resumed>) = 0
[pid 216246] 11:21:51.619998 nanosleep({tv_sec=0, tv_nsec=20000},  <unfinished ...>
[pid 216249] 11:21:51.620019 futex(0xc000100148, FUTEX_WAIT_PRIVATE, 0, NULL <unfinished ...>
[pid 216247] 11:21:51.620034 futex(0xc000083148, FUTEX_WAIT_PRIVATE, 0, NULL <unfinished ...>
[pid 216245] 11:21:51.620052 readlinkat(AT_FDCWD, "/proc/self/exe",  <unfinished ...>
[pid 216246] 11:21:51.620135 <... nanosleep resumed>NULL) = 0
[pid 216245] 11:21:51.620153 <... readlinkat resumed>"/usr/sbin/runc", 128) = 14
[pid 216246] 11:21:51.620172 nanosleep({tv_sec=0, tv_nsec=20000},  <unfinished ...>
[pid 216245] 11:21:51.620190 openat(AT_FDCWD, "/usr/sbin/runc", O_RDONLY|O_CLOEXEC) = 3
[pid 216246] 11:21:51.620286 <... nanosleep resumed>NULL) = 0
[pid 216245] 11:21:51.620303 fcntl(3, F_GETFL <unfinished ...>
[pid 216246] 11:21:51.620319 nanosleep({tv_sec=0, tv_nsec=20000},  <unfinished ...>
[pid 216245] 11:21:51.620338 <... fcntl resumed>) = 0x8000 (flags O_RDONLY|O_LARGEFILE)
[pid 216245] 11:21:51.620381 fcntl(3, F_SETFL, O_RDONLY|O_NONBLOCK|O_LARGEFILE <unfinished ...>
[pid 216246] 11:21:51.620464 <... nanosleep resumed>NULL) = 0
[pid 216245] 11:21:51.620487 <... fcntl resumed>) = 0
[pid 216246] 11:21:51.620504 nanosleep({tv_sec=0, tv_nsec=20000},  <unfinished ...>
[pid 216245] 11:21:51.620524 epoll_create1(EPOLL_CLOEXEC) = 4
[pid 216245] 11:21:51.620613 eventfd2(0, EFD_CLOEXEC|EFD_NONBLOCK <unfinished ...>
[pid 216246] 11:21:51.620633 <... nanosleep resumed>NULL) = 0
[pid 216245] 11:21:51.620649 <... eventfd2 resumed>) = 5
[pid 216246] 11:21:51.620673 nanosleep({tv_sec=0, tv_nsec=20000},  <unfinished ...>
[pid 216245] 11:21:51.620691 epoll_ctl(4, EPOLL_CTL_ADD, 5, {events=EPOLLIN, data={u32=15773400, u64=15773400}}) = 0
[pid 216245] 11:21:51.620788 epoll_ctl(4, EPOLL_CTL_ADD, 3, {events=EPOLLIN|EPOLLOUT|EPOLLRDHUP|EPOLLET, data={u32=2380267521, u64=8428155477126283265}} <unfinished ...>
[pid 216246] 11:21:51.620824 <... nanosleep resumed>NULL) = 0
[pid 216245] 11:21:51.620847 <... epoll_ctl resumed>) = -1 EPERM (Operation not permitted)
[pid 216246] 11:21:51.620865 epoll_pwait(4,  <unfinished ...>
[pid 216245] 11:21:51.620882 fcntl(3, F_GETFL <unfinished ...>
[pid 216246] 11:21:51.620925 <... epoll_pwait resumed>[], 128, 0, NULL, 0) = 0
[pid 216245] 11:21:51.620944 <... fcntl resumed>) = 0x8800 (flags O_RDONLY|O_NONBLOCK|O_LARGEFILE)
[pid 216246] 11:21:51.620969 nanosleep({tv_sec=0, tv_nsec=20000},  <unfinished ...>
[pid 216245] 11:21:51.620987 fcntl(3, F_SETFL, O_RDONLY|O_LARGEFILE) = 0
[pid 216245] 11:21:51.621080 fstat(3,  <unfinished ...>
[pid 216246] 11:21:51.621112 <... nanosleep resumed>NULL) = 0
[pid 216245] 11:21:51.621130 <... fstat resumed>{st_mode=S_IFREG|0755, st_size=11431736, ...}) = 0
[pid 216246] 11:21:51.621154 nanosleep({tv_sec=0, tv_nsec=20000},  <unfinished ...>
[pid 216245] 11:21:51.621176 pread64(3, "\177ELF\2\1\1\0\0\0\0\0\0\0\0\0\2\0>\0\1\0\0\0\3407@\0\0\0\0\0"..., 64, 0) = 64
[pid 216246] 11:21:51.621298 <... nanosleep resumed>NULL) = 0
[pid 216245] 11:21:51.621318 pread64(3,  <unfinished ...>
[pid 216246] 11:21:51.621337 nanosleep({tv_sec=0, tv_nsec=20000},  <unfinished ...>
[pid 216245] 11:21:51.621358 <... pread64 resumed>"\213D$\10\353\263\314\314\314\314\314\314\314\314\314\314\314\314\314\314\314\314\314\314\314I;f\20\17\206>"..., 64, 1428967) = 64
[pid 216245] 11:21:51.621407 pread64(3,  <unfinished ...>
[pid 216246] 11:21:51.621464 <... nanosleep resumed>NULL) = 0
[pid 216245] 11:21:51.621483 <... pread64 resumed>"\314\314\314\314\314\314\314\314\314\314\314\314\314\314\314\314\314\314I;f\20v_UH\211\345H\203\354\30"..., 64, 2857934) = 64
[pid 216246] 11:21:51.621506 nanosleep({tv_sec=0, tv_nsec=20000},  <unfinished ...>
[pid 216245] 11:21:51.621525 pread64(3, "\5\206\231\32\0\350Af\300\377H\213\214$\310\0\0\0H\213I H\211\10H\213L$`H\211"..., 64, 4286901) = 64
[pid 216245] 11:21:51.621629 pread64(3,  <unfinished ...>
[pid 216246] 11:21:51.621652 <... nanosleep resumed>NULL) = 0
[pid 216246] 11:21:51.621697 nanosleep({tv_sec=0, tv_nsec=20000},  <unfinished ...>
[pid 216245] 11:21:51.621731 <... pread64 resumed>" X2 *bool; X3 *net.netFD; X4 int"..., 64, 5715868) = 64
[pid 216245] 11:21:51.621802 pread64(3,  <unfinished ...>
[pid 216246] 11:21:51.621830 <... nanosleep resumed>NULL) = 0
[pid 216245] 11:21:51.621849 <... pread64 resumed>"\0\0\0\0\0\16'\0\0\337\1\0\0001\0\0\0\0\0\0\0e`\0\0007\0\0\0\206\4\0"..., 64, 7144835) = 64
[pid 216246] 11:21:51.621874 nanosleep({tv_sec=0, tv_nsec=20000},  <unfinished ...>
[pid 216245] 11:21:51.621899 pread64(3, "\3\5\5\4\n\30\2\5\n\17\23\20\2\2\16\31\2\2\r\33\2\2\6\25\2\2\313\1\7\344\1\t"..., 64, 8573802) = 64
[pid 216246] 11:21:51.622005 <... nanosleep resumed>NULL) = 0
[pid 216245] 11:21:51.622028 pread64(3,  <unfinished ...>
[pid 216246] 11:21:51.622077 nanosleep({tv_sec=0, tv_nsec=20000},  <unfinished ...>
[pid 216245] 11:21:51.622095 <... pread64 resumed>"\213\1\0\33\213\1\0\260\v\0\0\260\v\0\0\377\377\377\377,\330\0\0\300\245\3\0\260\211\0\0\10"..., 64, 10002769) = 64
[pid 216245] 11:21:51.622137 close(3)   = 0
[pid 216246] 11:21:51.622203 <... nanosleep resumed>NULL) = 0
[pid 216246] 11:21:51.622257 nanosleep({tv_sec=0, tv_nsec=20000}, NULL) = 0
[pid 216245] 11:21:51.622431 seccomp(SECCOMP_SET_MODE_STRICT, 0x1, NULL <unfinished ...>
[pid 216246] 11:21:51.622472 nanosleep({tv_sec=0, tv_nsec=20000},  <unfinished ...>
[pid 216245] 11:21:51.622502 <... seccomp resumed>) = -1 EINVAL (Invalid argument)
[pid 216245] 11:21:51.622553 seccomp(SECCOMP_SET_MODE_FILTER, SECCOMP_FILTER_FLAG_TSYNC, NULL <unfinished ...>
[pid 216246] 11:21:51.622618 <... nanosleep resumed>NULL) = 0
[pid 216245] 11:21:51.622635 <... seccomp resumed>) = -1 EFAULT (Bad address)
[pid 216246] 11:21:51.622652 nanosleep({tv_sec=0, tv_nsec=20000},  <unfinished ...>
[pid 216245] 11:21:51.622709 seccomp(SECCOMP_SET_MODE_FILTER, SECCOMP_FILTER_FLAG_LOG, NULL) = -1 EFAULT (Bad address)
[pid 216246] 11:21:51.622774 <... nanosleep resumed>NULL) = 0
[pid 216245] 11:21:51.622794 seccomp(SECCOMP_GET_ACTION_AVAIL, 0, [SECCOMP_RET_LOG] <unfinished ...>
[pid 216246] 11:21:51.622815 nanosleep({tv_sec=0, tv_nsec=20000},  <unfinished ...>
[pid 216245] 11:21:51.622832 <... seccomp resumed>) = 0
[pid 216245] 11:21:51.622872 seccomp(SECCOMP_GET_ACTION_AVAIL, 0, [SECCOMP_RET_KILL_PROCESS] <unfinished ...>
[pid 216246] 11:21:51.622943 <... nanosleep resumed>NULL) = 0
[pid 216245] 11:21:51.622963 <... seccomp resumed>) = 0
[pid 216246] 11:21:51.623005 nanosleep({tv_sec=0, tv_nsec=20000},  <unfinished ...>
[pid 216245] 11:21:51.623036 seccomp(SECCOMP_SET_MODE_FILTER, SECCOMP_FILTER_FLAG_SPEC_ALLOW, NULL) = -1 EFAULT (Bad address)
[pid 216246] 11:21:51.623135 <... nanosleep resumed>NULL) = 0
[pid 216245] 11:21:51.623158 seccomp(SECCOMP_SET_MODE_FILTER, SECCOMP_FILTER_FLAG_NEW_LISTENER, NULL <unfinished ...>
[pid 216246] 11:21:51.623176 nanosleep({tv_sec=0, tv_nsec=20000},  <unfinished ...>
[pid 216245] 11:21:51.623196 <... seccomp resumed>) = -1 EFAULT (Bad address)
[pid 216245] 11:21:51.623249 seccomp(SECCOMP_GET_NOTIF_SIZES, 0,  <unfinished ...>
[pid 216246] 11:21:51.623306 <... nanosleep resumed>NULL) = 0
[pid 216245] 11:21:51.623323 <... seccomp resumed>{seccomp_notif=80, seccomp_notif_resp=24, seccomp_data=64}) = 0
[pid 216246] 11:21:51.623343 nanosleep({tv_sec=0, tv_nsec=20000},  <unfinished ...>
[pid 216245] 11:21:51.623364 seccomp(SECCOMP_SET_MODE_FILTER, SECCOMP_FILTER_FLAG_TSYNC_ESRCH, NULL) = -1 EFAULT (Bad address)
[pid 216246] 11:21:51.623473 <... nanosleep resumed>NULL) = 0
[pid 216246] 11:21:51.623531 nanosleep({tv_sec=0, tv_nsec=20000}, NULL) = 0
[pid 216246] 11:21:51.623708 nanosleep({tv_sec=0, tv_nsec=20000}, NULL) = 0
[pid 216246] 11:21:51.623890 nanosleep({tv_sec=0, tv_nsec=20000}, NULL) = 0
[pid 216246] 11:21:51.624077 nanosleep({tv_sec=0, tv_nsec=20000}, NULL) = 0
[pid 216245] 11:21:51.624275 futex(0xc000083148, FUTEX_WAKE_PRIVATE, 1 <unfinished ...>
[pid 216246] 11:21:51.624305 nanosleep({tv_sec=0, tv_nsec=20000},  <unfinished ...>
[pid 216245] 11:21:51.624332 <... futex resumed>) = 1
[pid 216247] 11:21:51.624354 <... futex resumed>) = 0
[pid 216247] 11:21:51.624415 nanosleep({tv_sec=0, tv_nsec=3000},  <unfinished ...>
[pid 216246] 11:21:51.624453 <... nanosleep resumed>NULL) = 0
[pid 216246] 11:21:51.624503 nanosleep({tv_sec=0, tv_nsec=20000},  <unfinished ...>
[pid 216245] 11:21:51.624543 statfs("/sys/fs/cgroup/unified",  <unfinished ...>
[pid 216247] 11:21:51.624571 <... nanosleep resumed>NULL) = 0
[pid 216247] 11:21:51.624619 futex(0xc000100148, FUTEX_WAKE_PRIVATE, 1 <unfinished ...>
[pid 216245] 11:21:51.624650 <... statfs resumed>0xc0001a1cb0) = -1 ENOENT (No such file or directory)
[pid 216246] 11:21:51.624669 <... nanosleep resumed>NULL) = 0
[pid 216247] 11:21:51.624690 <... futex resumed>) = 1
[pid 216249] 11:21:51.624705 <... futex resumed>) = 0
[pid 216246] 11:21:51.624720 nanosleep({tv_sec=0, tv_nsec=20000},  <unfinished ...>
[pid 216249] 11:21:51.624773 futex(0xc000100148, FUTEX_WAIT_PRIVATE, 0, NULL <unfinished ...>
[pid 216247] 11:21:51.624799 futex(0xc000083148, FUTEX_WAIT_PRIVATE, 0, NULL <unfinished ...>
[pid 216245] 11:21:51.624819 newfstatat(AT_FDCWD, "/usr/sbin/runc",  <unfinished ...>
[pid 216246] 11:21:51.624844 <... nanosleep resumed>NULL) = 0
[pid 216245] 11:21:51.624862 <... newfstatat resumed>{st_mode=S_IFREG|0755, st_size=11431736, ...}, 0) = 0
[pid 216246] 11:21:51.624888 nanosleep({tv_sec=0, tv_nsec=20000},  <unfinished ...>
[pid 216245] 11:21:51.624961 geteuid( <unfinished ...>
[pid 216246] 11:21:51.625014 <... nanosleep resumed>NULL) = 0
[pid 216245] 11:21:51.625034 <... geteuid resumed>) = 1000
[pid 216246] 11:21:51.625054 nanosleep({tv_sec=0, tv_nsec=20000}, NULL) = 0
[pid 216245] 11:21:51.625252 newfstatat(AT_FDCWD, "",  <unfinished ...>
[pid 216246] 11:21:51.625274 nanosleep({tv_sec=0, tv_nsec=20000},  <unfinished ...>
[pid 216245] 11:21:51.625292 <... newfstatat resumed>0xc0001e4c68, 0) = -1 ENOENT (No such file or directory)
[pid 216245] 11:21:51.625363 newfstatat(AT_FDCWD, "",  <unfinished ...>
[pid 216246] 11:21:51.625412 <... nanosleep resumed>NULL) = 0
[pid 216245] 11:21:51.625431 <... newfstatat resumed>0xc0001e4d38, 0) = -1 ENOENT (No such file or directory)
[pid 216246] 11:21:51.625449 nanosleep({tv_sec=0, tv_nsec=20000},  <unfinished ...>
[pid 216245] 11:21:51.625512 newfstatat(AT_FDCWD, "",  <unfinished ...>
[pid 216246] 11:21:51.625570 <... nanosleep resumed>NULL) = 0
[pid 216245] 11:21:51.625592 <... newfstatat resumed>0xc0001e4e08, 0) = -1 ENOENT (No such file or directory)
[pid 216246] 11:21:51.625614 nanosleep({tv_sec=0, tv_nsec=20000},  <unfinished ...>
[pid 216245] 11:21:51.625638 newfstatat(AT_FDCWD, "", 0xc0001e4ed8, 0) = -1 ENOENT (No such file or directory)
[pid 216246] 11:21:51.625747 <... nanosleep resumed>NULL) = 0
[pid 216245] 11:21:51.625765 newfstatat(AT_FDCWD, "",  <unfinished ...>
[pid 216246] 11:21:51.625800 nanosleep({tv_sec=0, tv_nsec=20000},  <unfinished ...>
[pid 216245] 11:21:51.625851 <... newfstatat resumed>0xc0001e4fa8, 0) = -1 ENOENT (No such file or directory)
[pid 216245] 11:21:51.625911 newfstatat(AT_FDCWD, "",  <unfinished ...>
[pid 216246] 11:21:51.625941 <... nanosleep resumed>NULL) = 0
[pid 216245] 11:21:51.625959 <... newfstatat resumed>0xc0001e5078, 0) = -1 ENOENT (No such file or directory)
[pid 216246] 11:21:51.625976 nanosleep({tv_sec=0, tv_nsec=20000},  <unfinished ...>
[pid 216245] 11:21:51.626027 newfstatat(AT_FDCWD, "", 0xc0001e5148, 0) = -1 ENOENT (No such file or directory)
[pid 216246] 11:21:51.626132 <... nanosleep resumed>NULL) = 0
[pid 216245] 11:21:51.626163 newfstatat(AT_FDCWD, "",  <unfinished ...>
[pid 216246] 11:21:51.626182 nanosleep({tv_sec=0, tv_nsec=40000},  <unfinished ...>
[pid 216245] 11:21:51.626199 <... newfstatat resumed>0xc0001e5218, 0) = -1 ENOENT (No such file or directory)
[pid 216245] 11:21:51.626255 newfstatat(AT_FDCWD, "",  <unfinished ...>
[pid 216246] 11:21:51.626323 <... nanosleep resumed>NULL) = 0
[pid 216245] 11:21:51.626346 <... newfstatat resumed>0xc0001e52e8, 0) = -1 ENOENT (No such file or directory)
[pid 216246] 11:21:51.626379 nanosleep({tv_sec=0, tv_nsec=80000},  <unfinished ...>
[pid 216245] 11:21:51.626402 newfstatat(AT_FDCWD, "", 0xc0001e53b8, 0) = -1 ENOENT (No such file or directory)
[pid 216245] 11:21:51.626502 newfstatat(AT_FDCWD, "", 0xc0001e5558, 0) = -1 ENOENT (No such file or directory)
[pid 216246] 11:21:51.626581 <... nanosleep resumed>NULL) = 0
[pid 216245] 11:21:51.626600 newfstatat(AT_FDCWD, "",  <unfinished ...>
[pid 216246] 11:21:51.626618 nanosleep({tv_sec=0, tv_nsec=160000},  <unfinished ...>
[pid 216245] 11:21:51.626636 <... newfstatat resumed>0xc0001e5628, 0) = -1 ENOENT (No such file or directory)
[pid 216245] 11:21:51.626679 newfstatat(AT_FDCWD, "", 0xc0001e56f8, 0) = -1 ENOENT (No such file or directory)
[pid 216245] 11:21:51.626784 newfstatat(AT_FDCWD, "", 0xc0001e57c8, 0) = -1 ENOENT (No such file or directory)
[pid 216246] 11:21:51.626876 <... nanosleep resumed>NULL) = 0
[pid 216245] 11:21:51.626892 newfstatat(AT_FDCWD, "",  <unfinished ...>
[pid 216246] 11:21:51.626930 nanosleep({tv_sec=0, tv_nsec=320000},  <unfinished ...>
[pid 216245] 11:21:51.626949 <... newfstatat resumed>0xc0001e5898, 0) = -1 ENOENT (No such file or directory)
[pid 216245] 11:21:51.627004 newfstatat(AT_FDCWD, "", 0xc0001e5968, 0) = -1 ENOENT (No such file or directory)
[pid 216245] 11:21:51.627116 newfstatat(AT_FDCWD, "", 0xc0001e5a38, 0) = -1 ENOENT (No such file or directory)
[pid 216245] 11:21:51.627221 newfstatat(AT_FDCWD, "", 0xc0001e5b08, 0) = -1 ENOENT (No such file or directory)
[pid 216245] 11:21:51.627332 newfstatat(AT_FDCWD, "",  <unfinished ...>
[pid 216246] 11:21:51.627363 <... nanosleep resumed>NULL) = 0
[pid 216245] 11:21:51.627379 <... newfstatat resumed>0xc0001e5bd8, 0) = -1 ENOENT (No such file or directory)
[pid 216246] 11:21:51.627416 nanosleep({tv_sec=0, tv_nsec=640000},  <unfinished ...>
[pid 216245] 11:21:51.627446 newfstatat(AT_FDCWD, "", 0xc0001e5ca8, 0) = -1 ENOENT (No such file or directory)
[pid 216245] 11:21:51.627566 chdir("/tmp/anolix-bundle-1373909550") = 0
[pid 216245] 11:21:51.627693 openat(AT_FDCWD, "config.json", O_RDONLY|O_CLOEXEC) = 3
[pid 216245] 11:21:51.627804 fcntl(3, F_GETFL) = 0x8000 (flags O_RDONLY|O_LARGEFILE)
[pid 216245] 11:21:51.627909 fcntl(3, F_SETFL, O_RDONLY|O_NONBLOCK|O_LARGEFILE) = 0
[pid 216245] 11:21:51.628014 epoll_ctl(4, EPOLL_CTL_ADD, 3, {events=EPOLLIN|EPOLLOUT|EPOLLRDHUP|EPOLLET, data={u32=2380267522, u64=8428155477126283266}}) = -1 EPERM (Operation not permitted)
[pid 216245] 11:21:51.628136 fcntl(3, F_GETFL <unfinished ...>
[pid 216246] 11:21:51.628168 <... nanosleep resumed>NULL) = 0
[pid 216245] 11:21:51.628187 <... fcntl resumed>) = 0x8800 (flags O_RDONLY|O_NONBLOCK|O_LARGEFILE)
[pid 216246] 11:21:51.628205 nanosleep({tv_sec=0, tv_nsec=1280000},  <unfinished ...>
[pid 216245] 11:21:51.628227 fcntl(3, F_SETFL, O_RDONLY|O_LARGEFILE) = 0
[pid 216245] 11:21:51.628340 read(3, "{\n  \"ociVersion\": \"1.2.1\",\n  \"pr"..., 512) = 512
[pid 216245] 11:21:51.628537 read(3, "\"\n  },\n  \"hostname\": \"anolix\",\n "..., 1024) = 1024
[pid 216245] 11:21:51.628659 read(3, "]\n    },\n    {\n      \"destinatio"..., 2048) = 2048
[pid 216245] 11:21:51.628772 read(3, "efaultErrnoRet\": 1,\n      \"sysca"..., 4096) = 3246
[pid 216245] 11:21:51.629546 close(3 <unfinished ...>
[pid 216246] 11:21:51.629649 <... nanosleep resumed>NULL) = 0
[pid 216245] 11:21:51.629672 <... close resumed>) = 0
[pid 216246] 11:21:51.629703 nanosleep({tv_sec=0, tv_nsec=2560000},  <unfinished ...>
[pid 216245] 11:21:51.629762 geteuid()  = 1000
[pid 216245] 11:21:51.629866 geteuid()  = 1000
[pid 216245] 11:21:51.629987 getcwd("/tmp/anolix-bundle-1373909550", 4096) = 30
[pid 216245] 11:21:51.630227 statfs("/sys/fs/cgroup", {f_type=CGROUP2_SUPER_MAGIC, f_bsize=4096, f_blocks=0, f_bfree=0, f_bavail=0, f_files=0, f_ffree=0, f_fsid={val=[0xe2509c22, 0x3c38521e]}, f_namelen=255, f_frsize=4096, f_flags=ST_VALID|ST_NOSUID|ST_NODEV|ST_NOEXEC|ST_RELATIME}) = 0
[pid 216245] 11:21:51.630598 newfstatat(AT_FDCWD, "/home/sh1rogane/Anolix/rootfs", {st_mode=S_IFDIR|0755, st_size=4096, ...}, 0) = 0
[pid 216245] 11:21:51.630735 newfstatat(AT_FDCWD, "/home", {st_mode=S_IFDIR|0755, st_size=4096, ...}, AT_SYMLINK_NOFOLLOW) = 0
[pid 216245] 11:21:51.630847 newfstatat(AT_FDCWD, "/home/sh1rogane", {st_mode=S_IFDIR|0750, st_size=4096, ...}, AT_SYMLINK_NOFOLLOW) = 0
[pid 216245] 11:21:51.630959 newfstatat(AT_FDCWD, "/home/sh1rogane/Anolix", {st_mode=S_IFDIR|0755, st_size=4096, ...}, AT_SYMLINK_NOFOLLOW) = 0
[pid 216245] 11:21:51.631076 newfstatat(AT_FDCWD, "/home/sh1rogane/Anolix/rootfs", {st_mode=S_IFDIR|0755, st_size=4096, ...}, AT_SYMLINK_NOFOLLOW) = 0
[pid 216245] 11:21:51.631182 newfstatat(AT_FDCWD, "/proc/self/ns/user", {st_mode=S_IFREG|0444, st_size=0, ...}, 0) = 0
[pid 216245] 11:21:51.631332 newfstatat(AT_FDCWD, "/proc/self/ns/cgroup", {st_mode=S_IFREG|0444, st_size=0, ...}, 0) = 0
[pid 216245] 11:21:51.631447 newfstatat(AT_FDCWD, "/run/user/1000/anolix-runc", {st_mode=S_IFDIR|0700, st_size=40, ...}, 0) = 0
[pid 216245] 11:21:51.631556 newfstatat(AT_FDCWD, "/run/user/1000/anolix-runc//anolix-3e10afe62f83", 0xc000221a38, AT_SYMLINK_NOFOLLOW) = -1 ENOENT (No such file or directory)
[pid 216245] 11:21:51.631695 newfstatat(AT_FDCWD, "/run/user/1000/anolix-runc/anolix-3e10afe62f83", 0xc000221b08, 0) = -1 ENOENT (No such file or directory)
[pid 216245] 11:21:51.631822 openat(AT_FDCWD, "/proc/self/cgroup", O_RDONLY|O_CLOEXEC) = 3
[pid 216245] 11:21:51.631971 fcntl(3, F_GETFL) = 0x8000 (flags O_RDONLY|O_LARGEFILE)
[pid 216245] 11:21:51.632088 fcntl(3, F_SETFL, O_RDONLY|O_NONBLOCK|O_LARGEFILE) = 0
[pid 216245] 11:21:51.632186 epoll_ctl(4, EPOLL_CTL_ADD, 3, {events=EPOLLIN|EPOLLOUT|EPOLLRDHUP|EPOLLET, data={u32=2380267523, u64=8428155477126283267}}) = -1 EPERM (Operation not permitted)
[pid 216245] 11:21:51.632281 fcntl(3, F_GETFL) = 0x8800 (flags O_RDONLY|O_NONBLOCK|O_LARGEFILE)
[pid 216245] 11:21:51.632370 fcntl(3, F_SETFL, O_RDONLY|O_LARGEFILE <unfinished ...>
[pid 216246] 11:21:51.632394 <... nanosleep resumed>NULL) = 0
[pid 216245] 11:21:51.632413 <... fcntl resumed>) = 0
[pid 216246] 11:21:51.632431 epoll_pwait(4,  <unfinished ...>
[pid 216245] 11:21:51.632448 read(3,  <unfinished ...>
[pid 216246] 11:21:51.632471 <... epoll_pwait resumed>[], 128, 0, NULL, 0) = 0
[pid 216245] 11:21:51.632490 <... read resumed>"0::/init.scope\n", 4096) = 15
[pid 216246] 11:21:51.632514 nanosleep({tv_sec=0, tv_nsec=5120000},  <unfinished ...>
[pid 216245] 11:21:51.632536 close(3)   = 0
[pid 216245] 11:21:51.632623 newfstatat(AT_FDCWD, "/sys/fs/cgroup/anolix-3e10afe62f83", 0xc000221bd8, 0) = -1 ENOENT (No such file or directory)
[pid 216245] 11:21:51.632725 openat2(-1, "/sys/fs/cgroup", {flags=O_RDONLY|O_CLOEXEC|O_PATH|O_DIRECTORY, resolve=0}, 24) = 3
[pid 216245] 11:21:51.632824 fcntl(3, F_GETFL) = 0x210000 (flags O_RDONLY|O_PATH|O_DIRECTORY)
[pid 216245] 11:21:51.632910 fstatfs(3, {f_type=CGROUP2_SUPER_MAGIC, f_bsize=4096, f_blocks=0, f_bfree=0, f_bavail=0, f_files=0, f_ffree=0, f_fsid={val=[0xe2509c22, 0x3c38521e]}, f_namelen=255, f_frsize=4096, f_flags=ST_VALID|ST_NOSUID|ST_NODEV|ST_NOEXEC|ST_RELATIME}) = 0
[pid 216245] 11:21:51.632988 openat2(3, "anolix-3e10afe62f83/cgroup.freeze", {flags=O_RDONLY|O_CLOEXEC, resolve=RESOLVE_NO_XDEV|RESOLVE_NO_MAGICLINKS|RESOLVE_NO_SYMLINKS|RESOLVE_BENEATH}, 24) = -1 ENOENT (No such file or directory)
[pid 216245] 11:21:51.633068 readlinkat(AT_FDCWD, "/proc/thread-self/fd/3", "/sys/fs/cgroup", 128) = 14
[pid 216245] 11:21:51.633177 mkdirat(AT_FDCWD, "/run/user/1000/anolix-runc/anolix-3e10afe62f83", 0711) = 0
[pid 216245] 11:21:51.633310 open_tree(-9, "/", OPEN_TREE_CLOEXEC) = 6
[pid 216245] 11:21:51.633418 close(6)   = 0
[pid 216245] 11:21:51.633539 uname({sysname="Linux", nodename="LAPTOP-BF0J00M9", ...}) = 0
[pid 216245] 11:21:51.633638 fsopen("proc", FSOPEN_CLOEXEC) = -1 EPERM (Operation not permitted)
[pid 216245] 11:21:51.633743 open_tree(-9, "/proc", OPEN_TREE_CLONE|OPEN_TREE_CLOEXEC) = -1 EPERM (Operation not permitted)
[pid 216245] 11:21:51.633859 open_tree(-9, "/proc", OPEN_TREE_CLONE|OPEN_TREE_CLOEXEC|AT_RECURSIVE) = -1 EPERM (Operation not permitted)
[pid 216245] 11:21:51.633972 openat(AT_FDCWD, "/proc", O_RDONLY|O_NOFOLLOW|O_CLOEXEC|O_PATH|O_DIRECTORY) = 6
[pid 216245] 11:21:51.634092 fcntl(6, F_GETFL) = 0x230000 (flags O_RDONLY|O_NOFOLLOW|O_PATH|O_DIRECTORY)
[pid 216245] 11:21:51.634184 fcntl(6, F_SETFL, O_RDONLY|O_NONBLOCK|O_NOFOLLOW|O_PATH|O_DIRECTORY) = -1 EBADF (Bad file descriptor)
[pid 216245] 11:21:51.634272 fstatfs(6, {f_type=PROC_SUPER_MAGIC, f_bsize=4096, f_blocks=0, f_bfree=0, f_bavail=0, f_files=0, f_ffree=0, f_fsid={val=[0x3d, 0]}, f_namelen=255, f_frsize=4096, f_flags=ST_VALID|ST_NOSUID|ST_NODEV|ST_NOEXEC|ST_NOATIME}) = 0
[pid 216245] 11:21:51.634364 fstat(6, {st_mode=S_IFDIR|0555, st_size=0, ...}) = 0
[pid 216245] 11:21:51.634470 faccessat2(6, "uptime", F_OK, AT_SYMLINK_NOFOLLOW) = 0
[pid 216245] 11:21:51.634596 fsopen("proc", FSOPEN_CLOEXEC) = -1 EPERM (Operation not permitted)
[pid 216245] 11:21:51.634715 open_tree(-9, "/proc", OPEN_TREE_CLONE|OPEN_TREE_CLOEXEC) = -1 EPERM (Operation not permitted)
[pid 216245] 11:21:51.634829 open_tree(-9, "/proc", OPEN_TREE_CLONE|OPEN_TREE_CLOEXEC|AT_RECURSIVE) = -1 EPERM (Operation not permitted)
[pid 216245] 11:21:51.634950 openat(AT_FDCWD, "/proc", O_RDONLY|O_NOFOLLOW|O_CLOEXEC|O_PATH|O_DIRECTORY) = 7
[pid 216245] 11:21:51.635059 fcntl(7, F_GETFL) = 0x230000 (flags O_RDONLY|O_NOFOLLOW|O_PATH|O_DIRECTORY)
[pid 216245] 11:21:51.635172 fcntl(7, F_SETFL, O_RDONLY|O_NONBLOCK|O_NOFOLLOW|O_PATH|O_DIRECTORY) = -1 EBADF (Bad file descriptor)
[pid 216245] 11:21:51.635297 fstatfs(7, {f_type=PROC_SUPER_MAGIC, f_bsize=4096, f_blocks=0, f_bfree=0, f_bavail=0, f_files=0, f_ffree=0, f_fsid={val=[0x3d, 0]}, f_namelen=255, f_frsize=4096, f_flags=ST_VALID|ST_NOSUID|ST_NODEV|ST_NOEXEC|ST_NOATIME}) = 0
[pid 216245] 11:21:51.635415 fstat(7, {st_mode=S_IFDIR|0555, st_size=0, ...}) = 0
[pid 216245] 11:21:51.635511 faccessat2(7, "uptime", F_OK, AT_SYMLINK_NOFOLLOW) = 0
[pid 216245] 11:21:51.635629 faccessat(AT_FDCWD, "/proc/thread-self/", F_OK) = 0
[pid 216245] 11:21:51.635746 fstatfs(7, {f_type=PROC_SUPER_MAGIC, f_bsize=4096, f_blocks=0, f_bfree=0, f_bavail=0, f_files=0, f_ffree=0, f_fsid={val=[0x3d, 0]}, f_namelen=255, f_frsize=4096, f_flags=ST_VALID|ST_NOSUID|ST_NODEV|ST_NOEXEC|ST_NOATIME}) = 0
[pid 216245] 11:21:51.635854 fstat(7, {st_mode=S_IFDIR|0555, st_size=0, ...}) = 0
[pid 216245] 11:21:51.635959 openat2(AT_FDCWD, ".", {flags=O_RDONLY|O_CLOEXEC|O_PATH, resolve=RESOLVE_NO_SYMLINKS|RESOLVE_IN_ROOT}, 24) = 8
[pid 216245] 11:21:51.636152 close(8)   = 0
[pid 216245] 11:21:51.636252 openat2(7, "thread-self/fd/", {flags=O_RDONLY|O_NOFOLLOW|O_CLOEXEC|O_PATH, resolve=RESOLVE_NO_XDEV|RESOLVE_NO_MAGICLINKS|RESOLVE_BENEATH}, 24) = 8
[pid 216245] 11:21:51.636384 fcntl(8, F_GETFL) = 0x220000 (flags O_RDONLY|O_NOFOLLOW|O_PATH)
[pid 216245] 11:21:51.636505 fsopen("proc", FSOPEN_CLOEXEC) = -1 EPERM (Operation not permitted)
[pid 216245] 11:21:51.636630 open_tree(-9, "/proc", OPEN_TREE_CLONE|OPEN_TREE_CLOEXEC) = -1 EPERM (Operation not permitted)
[pid 216245] 11:21:51.636750 open_tree(-9, "/proc", OPEN_TREE_CLONE|OPEN_TREE_CLOEXEC|AT_RECURSIVE) = -1 EPERM (Operation not permitted)
[pid 216245] 11:21:51.636869 openat(AT_FDCWD, "/proc", O_RDONLY|O_NOFOLLOW|O_CLOEXEC|O_PATH|O_DIRECTORY) = 9
[pid 216245] 11:21:51.636972 fcntl(9, F_GETFL) = 0x230000 (flags O_RDONLY|O_NOFOLLOW|O_PATH|O_DIRECTORY)
[pid 216245] 11:21:51.637080 fcntl(9, F_SETFL, O_RDONLY|O_NONBLOCK|O_NOFOLLOW|O_PATH|O_DIRECTORY) = -1 EBADF (Bad file descriptor)
[pid 216245] 11:21:51.637189 fstatfs(9, {f_type=PROC_SUPER_MAGIC, f_bsize=4096, f_blocks=0, f_bfree=0, f_bavail=0, f_files=0, f_ffree=0, f_fsid={val=[0x3d, 0]}, f_namelen=255, f_frsize=4096, f_flags=ST_VALID|ST_NOSUID|ST_NODEV|ST_NOEXEC|ST_NOATIME}) = 0
[pid 216245] 11:21:51.637296 fstat(9, {st_mode=S_IFDIR|0555, st_size=0, ...}) = 0
[pid 216245] 11:21:51.637403 faccessat2(9, "uptime", F_OK, AT_SYMLINK_NOFOLLOW) = 0
[pid 216245] 11:21:51.637513 fstatfs(9, {f_type=PROC_SUPER_MAGIC, f_bsize=4096, f_blocks=0, f_bfree=0, f_bavail=0, f_files=0, f_ffree=0, f_fsid={val=[0x3d, 0]}, f_namelen=255, f_frsize=4096, f_flags=ST_VALID|ST_NOSUID|ST_NODEV|ST_NOEXEC|ST_NOATIME}) = 0
[pid 216245] 11:21:51.637632 fstat(9, {st_mode=S_IFDIR|0555, st_size=0, ...}) = 0
[pid 216245] 11:21:51.637731 openat2(AT_FDCWD, ".", {flags=O_RDONLY|O_CLOEXEC|O_PATH, resolve=RESOLVE_NO_SYMLINKS|RESOLVE_IN_ROOT}, 24) = 10
[pid 216246] 11:21:51.637846 <... nanosleep resumed>NULL) = 0
[pid 216245] 11:21:51.637873 close(10 <unfinished ...>
[pid 216246] 11:21:51.637894 nanosleep({tv_sec=0, tv_nsec=10000000},  <unfinished ...>
[pid 216245] 11:21:51.637934 <... close resumed>) = 0
[pid 216245] 11:21:51.637988 openat2(9, "thread-self/fd/", {flags=O_RDONLY|O_NOFOLLOW|O_CLOEXEC|O_PATH, resolve=RESOLVE_NO_XDEV|RESOLVE_NO_MAGICLINKS|RESOLVE_BENEATH}, 24) = 10
[pid 216245] 11:21:51.638101 fcntl(10, F_GETFL) = 0x220000 (flags O_RDONLY|O_NOFOLLOW|O_PATH)
[pid 216245] 11:21:51.638230 statx(-9, "/", AT_STATX_SYNC_AS_STAT, STATX_MNT_ID|STATX_MNT_ID_UNIQUE, {stx_mask=STATX_TYPE|STATX_MODE|STATX_NLINK|STATX_UID|STATX_GID|STATX_ATIME|STATX_INO|STATX_SIZE|STATX_BLOCKS|STATX_MNT_ID_UNIQUE, stx_attributes=STATX_ATTR_MOUNT_ROOT, stx_mode=S_IFDIR|0755, stx_size=4096, ...}) = 0
[pid 216245] 11:21:51.638359 statx(9, "", AT_STATX_SYNC_AS_STAT|AT_SYMLINK_NOFOLLOW|AT_EMPTY_PATH, STATX_MNT_ID|STATX_MNT_ID_UNIQUE, {stx_mask=STATX_BASIC_STATS|STATX_MNT_ID_UNIQUE, stx_attributes=STATX_ATTR_MOUNT_ROOT, stx_mode=S_IFDIR|0555, stx_size=0, ...}) = 0
[pid 216245] 11:21:51.638479 statx(10, "8", AT_STATX_SYNC_AS_STAT|AT_SYMLINK_NOFOLLOW|AT_EMPTY_PATH, STATX_MNT_ID|STATX_MNT_ID_UNIQUE, {stx_mask=STATX_BASIC_STATS|STATX_MNT_ID_UNIQUE, stx_attributes=0, stx_mode=S_IFLNK|000, stx_size=64, ...}) = 0
[pid 216245] 11:21:51.638630 openat(10, "8", O_RDONLY|O_CLOEXEC|O_DIRECTORY) = 11
[pid 216245] 11:21:51.638757 fcntl(11, F_GETFL) = 0x18000 (flags O_RDONLY|O_LARGEFILE|O_DIRECTORY)
[pid 216245] 11:21:51.638875 close(10)  = 0
[pid 216245] 11:21:51.638972 close(9)   = 0
[pid 216245] 11:21:51.639084 close(8)   = 0
[pid 216245] 11:21:51.639185 close(7)   = 0
[pid 216245] 11:21:51.639282 prctl(PR_SET_CHILD_SUBREAPER, 1) = 0
[pid 216245] 11:21:51.639379 futex(0xc000083148, FUTEX_WAKE_PRIVATE, 1 <unfinished ...>
[pid 216247] 11:21:51.639452 <... futex resumed>) = 0
[pid 216245] 11:21:51.639472 <... futex resumed>) = 1
[pid 216247] 11:21:51.639514 nanosleep({tv_sec=0, tv_nsec=3000},  <unfinished ...>
[pid 216245] 11:21:51.639536 pipe2([7, 8], O_CLOEXEC) = 0
[pid 216247] 11:21:51.639648 <... nanosleep resumed>NULL) = 0
[pid 216245] 11:21:51.639672 fcntl(7, F_GETFL <unfinished ...>
[pid 216247] 11:21:51.639706 futex(0xc000100148, FUTEX_WAKE_PRIVATE, 1 <unfinished ...>
[pid 216245] 11:21:51.639725 <... fcntl resumed>) = 0 (flags O_RDONLY)
[pid 216247] 11:21:51.639742 <... futex resumed>) = 1
[pid 216249] 11:21:51.639762 <... futex resumed>) = 0
[pid 216245] 11:21:51.639780 fcntl(7, F_SETFL, O_RDONLY|O_NONBLOCK <unfinished ...>
[pid 216249] 11:21:51.639810 futex(0xc000100148, FUTEX_WAIT_PRIVATE, 0, NULL <unfinished ...>
[pid 216245] 11:21:51.639827 <... fcntl resumed>) = 0
[pid 216247] 11:21:51.639841 futex(0xc000100148, FUTEX_WAKE_PRIVATE, 1 <unfinished ...>
[pid 216249] 11:21:51.639860 <... futex resumed>) = -1 EAGAIN (Resource temporarily unavailable)
[pid 216245] 11:21:51.639877 epoll_ctl(4, EPOLL_CTL_ADD, 7, {events=EPOLLIN|EPOLLOUT|EPOLLRDHUP|EPOLLET, data={u32=2380267524, u64=8428155477126283268}} <unfinished ...>
[pid 216249] 11:21:51.639900 nanosleep({tv_sec=0, tv_nsec=3000},  <unfinished ...>
[pid 216247] 11:21:51.639919 <... futex resumed>) = 0
[pid 216245] 11:21:51.639934 <... epoll_ctl resumed>) = 0
[pid 216247] 11:21:51.639983 rt_sigprocmask(SIG_SETMASK, ~[HUP INT QUIT ILL TRAP ABRT BUS FPE SEGV TERM STKFLT CHLD URG PROF SYS RTMIN RT_1 RT_2],  <unfinished ...>
[pid 216245] 11:21:51.640014 fcntl(8, F_GETFL <unfinished ...>
[pid 216249] 11:21:51.640035 <... nanosleep resumed>NULL) = 0
[pid 216247] 11:21:51.640054 <... rt_sigprocmask resumed>NULL, 8) = 0
[pid 216249] 11:21:51.640073 futex(0xc000083948, FUTEX_WAKE_PRIVATE, 1 <unfinished ...>
[pid 216245] 11:21:51.640090 <... fcntl resumed>) = 0x1 (flags O_WRONLY)
[pid 216247] 11:21:51.640105 rt_sigprocmask(SIG_SETMASK, ~[HUP INT QUIT ILL TRAP ABRT BUS FPE SEGV TERM STKFLT CHLD URG PROF SYS RTMIN RT_1 RT_2],  <unfinished ...>
[pid 216249] 11:21:51.640127 <... futex resumed>) = 1
[pid 216248] 11:21:51.640144 <... futex resumed>) = 0
[pid 216245] 11:21:51.640163 fcntl(8, F_SETFL, O_WRONLY|O_NONBLOCK <unfinished ...>
[pid 216249] 11:21:51.640181 futex(0xf0b780, FUTEX_WAIT_PRIVATE, 0, NULL <unfinished ...>
[pid 216247] 11:21:51.640198 <... rt_sigprocmask resumed>NULL, 8) = 0
[pid 216248] 11:21:51.640216 nanosleep({tv_sec=0, tv_nsec=3000},  <unfinished ...>
[pid 216245] 11:21:51.640236 <... fcntl resumed>) = 0
[pid 216247] 11:21:51.640264 futex(0xf0b5d8, FUTEX_WAKE_PRIVATE, 1 <unfinished ...>
[pid 216245] 11:21:51.640280 epoll_ctl(4, EPOLL_CTL_ADD, 8, {events=EPOLLIN|EPOLLOUT|EPOLLRDHUP|EPOLLET, data={u32=2361917441, u64=8428155477107933185}} <unfinished ...>
[pid 216250] 11:21:51.640326 <... futex resumed>) = 0
[pid 216248] 11:21:51.640347 <... nanosleep resumed>NULL) = 0
[pid 216247] 11:21:51.640364 <... futex resumed>) = 1
[pid 216245] 11:21:51.640380 <... epoll_ctl resumed>) = 0
[pid 216250] 11:21:51.640399 sched_yield( <unfinished ...>
[pid 216248] 11:21:51.640417 rt_sigprocmask(SIG_SETMASK, ~[RTMIN RT_1],  <unfinished ...>
[pid 216247] 11:21:51.640438 futex(0xc000083148, FUTEX_WAIT_PRIVATE, 0, NULL <unfinished ...>
[pid 216245] 11:21:51.640455 fcntl(7, F_GETFL <unfinished ...>
[pid 216250] 11:21:51.640474 <... sched_yield resumed>) = 0
[pid 216248] 11:21:51.640489 <... rt_sigprocmask resumed>[], 8) = 0
[pid 216250] 11:21:51.640507 rt_sigprocmask(SIG_SETMASK, ~[RTMIN RT_1],  <unfinished ...>
[pid 216245] 11:21:51.640539 <... fcntl resumed>) = 0x800 (flags O_RDONLY|O_NONBLOCK)
[pid 216250] 11:21:51.640559 <... rt_sigprocmask resumed>[], 8) = 0
[pid 216248] 11:21:51.640585 mmap(NULL, 8392704, PROT_NONE, MAP_PRIVATE|MAP_ANONYMOUS|MAP_STACK, -1, 0 <unfinished ...>
[pid 216250] 11:21:51.640604 mmap(NULL, 8392704, PROT_NONE, MAP_PRIVATE|MAP_ANONYMOUS|MAP_STACK, -1, 0 <unfinished ...>
[pid 216245] 11:21:51.640620 fcntl(7, F_SETFL, O_RDONLY <unfinished ...>
[pid 216248] 11:21:51.640638 <... mmap resumed>) = 0x74f6892fa000
[pid 216250] 11:21:51.640653 <... mmap resumed>) = 0x74f688af9000
[pid 216245] 11:21:51.640668 <... fcntl resumed>) = 0
[pid 216248] 11:21:51.640683 mprotect(0x74f6892fb000, 8388608, PROT_READ|PROT_WRITE <unfinished ...>
[pid 216250] 11:21:51.640700 mprotect(0x74f688afa000, 8388608, PROT_READ|PROT_WRITE <unfinished ...>
[pid 216245] 11:21:51.640718 fcntl(8, F_GETFL <unfinished ...>
[pid 216250] 11:21:51.640751 <... mprotect resumed>) = 0
[pid 216248] 11:21:51.640769 <... mprotect resumed>) = 0
[pid 216250] 11:21:51.640787 rt_sigprocmask(SIG_BLOCK, ~[],  <unfinished ...>
[pid 216245] 11:21:51.640817 <... fcntl resumed>) = 0x801 (flags O_WRONLY|O_NONBLOCK)
[pid 216248] 11:21:51.640833 rt_sigprocmask(SIG_BLOCK, ~[],  <unfinished ...>
[pid 216250] 11:21:51.640850 <... rt_sigprocmask resumed>~[KILL STOP RTMIN RT_1], 8) = 0
[pid 216248] 11:21:51.640868 <... rt_sigprocmask resumed>~[KILL STOP RTMIN RT_1], 8) = 0
[pid 216245] 11:21:51.640888 fcntl(8, F_SETFL, O_WRONLY <unfinished ...>
[pid 216250] 11:21:51.640907 clone3({flags=CLONE_VM|CLONE_FS|CLONE_FILES|CLONE_SIGHAND|CLONE_THREAD|CLONE_SYSVSEM|CLONE_SETTLS|CLONE_PARENT_SETTID|CLONE_CHILD_CLEARTID, child_tid=0x74f6892f9990, parent_tid=0x74f6892f9990, exit_signal=0, stack=0x74f688af9000, stack_size=0x7fff80, tls=0x74f6892f96c0} <unfinished ...>
[pid 216248] 11:21:51.640931 clone3({flags=CLONE_VM|CLONE_FS|CLONE_FILES|CLONE_SIGHAND|CLONE_THREAD|CLONE_SYSVSEM|CLONE_SETTLS|CLONE_PARENT_SETTID|CLONE_CHILD_CLEARTID, child_tid=0x74f689afa990, parent_tid=0x74f689afa990, exit_signal=0, stack=0x74f6892fa000, stack_size=0x7fff80, tls=0x74f689afa6c0} <unfinished ...>
[pid 216245] 11:21:51.640953 <... fcntl resumed>) = 0
strace: Process 216251 attached
strace: Process 216252 attached
[pid 216245] 11:21:51.641059 pipe2( <unfinished ...>
[pid 216252] 11:21:51.641078 rseq(0x74f689afafe0, 0x20, 0, 0x53053053 <unfinished ...>
[pid 216251] 11:21:51.641094 rseq(0x74f6892f9fe0, 0x20, 0, 0x53053053 <unfinished ...>
[pid 216250] 11:21:51.641112 <... clone3 resumed> => {parent_tid=[216251]}, 88) = 216251
[pid 216248] 11:21:51.641147 <... clone3 resumed> => {parent_tid=[216252]}, 88) = 216252
[pid 216252] 11:21:51.641169 <... rseq resumed>) = 0
[pid 216251] 11:21:51.641184 <... rseq resumed>) = 0
[pid 216250] 11:21:51.641200 rt_sigprocmask(SIG_SETMASK, ~[KILL STOP RTMIN RT_1],  <unfinished ...>
[pid 216245] 11:21:51.641231 <... pipe2 resumed>[9, 10], O_CLOEXEC) = 0
[pid 216252] 11:21:51.641253 set_robust_list(0x74f689afa9a0, 24 <unfinished ...>
[pid 216251] 11:21:51.641270 set_robust_list(0x74f6892f99a0, 24 <unfinished ...>
[pid 216250] 11:21:51.641298 <... rt_sigprocmask resumed>NULL, 8) = 0
[pid 216248] 11:21:51.641315 rt_sigprocmask(SIG_SETMASK, ~[KILL STOP RTMIN RT_1],  <unfinished ...>
[pid 216252] 11:21:51.641337 <... set_robust_list resumed>) = 0
[pid 216251] 11:21:51.641353 <... set_robust_list resumed>) = 0
[pid 216250] 11:21:51.641368 rt_sigprocmask(SIG_SETMASK, [],  <unfinished ...>
[pid 216245] 11:21:51.641385 fcntl(9, F_GETFL <unfinished ...>
[pid 216252] 11:21:51.641403 rt_sigprocmask(SIG_SETMASK, ~[KILL STOP RTMIN RT_1],  <unfinished ...>
[pid 216251] 11:21:51.641423 rt_sigprocmask(SIG_SETMASK, ~[KILL STOP RTMIN RT_1],  <unfinished ...>
[pid 216250] 11:21:51.641440 <... rt_sigprocmask resumed>NULL, 8) = 0
[pid 216248] 11:21:51.641457 <... rt_sigprocmask resumed>NULL, 8) = 0
[pid 216252] 11:21:51.641473 <... rt_sigprocmask resumed>NULL, 8) = 0
[pid 216251] 11:21:51.641488 <... rt_sigprocmask resumed>NULL, 8) = 0
[pid 216245] 11:21:51.641503 <... fcntl resumed>) = 0 (flags O_RDONLY)
[pid 216252] 11:21:51.641522 mmap(NULL, 134217728, PROT_NONE, MAP_PRIVATE|MAP_ANONYMOUS, -1, 0 <unfinished ...>
[pid 216250] 11:21:51.641542 futex(0xf0b5d8, FUTEX_WAIT_PRIVATE, 0, NULL <unfinished ...>
[pid 216248] 11:21:51.641573 rt_sigprocmask(SIG_SETMASK, [],  <unfinished ...>
[pid 216252] 11:21:51.641594 <... mmap resumed>) = 0x74f66c000000
[pid 216251] 11:21:51.641610 mmap(NULL, 134217728, PROT_NONE, MAP_PRIVATE|MAP_ANONYMOUS, -1, 0 <unfinished ...>
[pid 216245] 11:21:51.641625 fcntl(9, F_SETFL, O_RDONLY|O_NONBLOCK <unfinished ...>
[pid 216252] 11:21:51.641644 munmap(0x74f670000000, 67108864 <unfinished ...>
[pid 216251] 11:21:51.641662 <... mmap resumed>) = 0x74f664000000
[pid 216248] 11:21:51.641678 <... rt_sigprocmask resumed>NULL, 8) = 0
[pid 216252] 11:21:51.641694 <... munmap resumed>) = 0
[pid 216251] 11:21:51.641709 munmap(0x74f668000000, 67108864 <unfinished ...>
[pid 216245] 11:21:51.641725 <... fcntl resumed>) = 0
[pid 216252] 11:21:51.641741 mprotect(0x74f66c000000, 135168, PROT_READ|PROT_WRITE <unfinished ...>
[pid 216251] 11:21:51.641758 <... munmap resumed>) = 0
[pid 216248] 11:21:51.641794 futex(0xc000083148, FUTEX_WAKE_PRIVATE, 1 <unfinished ...>
[pid 216252] 11:21:51.641814 <... mprotect resumed>) = 0
[pid 216251] 11:21:51.641829 mprotect(0x74f664000000, 135168, PROT_READ|PROT_WRITE <unfinished ...>
[pid 216245] 11:21:51.641854 epoll_ctl(4, EPOLL_CTL_ADD, 9, {events=EPOLLIN|EPOLLOUT|EPOLLRDHUP|EPOLLET, data={u32=2343567361, u64=8428155477089583105}} <unfinished ...>
[pid 216252] 11:21:51.641875 sigaltstack(NULL,  <unfinished ...>
[pid 216251] 11:21:51.641890 <... mprotect resumed>) = 0
[pid 216248] 11:21:51.641905 <... futex resumed>) = 1
[pid 216247] 11:21:51.641922 <... futex resumed>) = 0
[pid 216252] 11:21:51.641938 <... sigaltstack resumed>{ss_sp=NULL, ss_flags=SS_DISABLE, ss_size=0}) = 0
[pid 216245] 11:21:51.641956 <... epoll_ctl resumed>) = 0
[pid 216251] 11:21:51.641973 sigaltstack(NULL,  <unfinished ...>
[pid 216248] 11:21:51.641988 futex(0xc000083948, FUTEX_WAIT_PRIVATE, 0, NULL <unfinished ...>
[pid 216247] 11:21:51.642003 rt_sigprocmask(SIG_SETMASK, ~[HUP INT QUIT ILL TRAP ABRT BUS FPE SEGV TERM STKFLT CHLD URG PROF SYS RTMIN RT_1 RT_2],  <unfinished ...>
[pid 216252] 11:21:51.642021 sigaltstack({ss_sp=0xc000284000, ss_flags=0, ss_size=32768},  <unfinished ...>
[pid 216251] 11:21:51.642041 <... sigaltstack resumed>{ss_sp=NULL, ss_flags=SS_DISABLE, ss_size=0}) = 0
[pid 216247] 11:21:51.642059 <... rt_sigprocmask resumed>NULL, 8) = 0
[pid 216245] 11:21:51.642077 fcntl(10, F_GETFL <unfinished ...>
[pid 216252] 11:21:51.642104 <... sigaltstack resumed>NULL) = 0
[pid 216251] 11:21:51.642122 sigaltstack({ss_sp=0xc0000c2000, ss_flags=0, ss_size=32768},  <unfinished ...>
[pid 216247] 11:21:51.642131 futex(0xc000083948, FUTEX_WAKE_PRIVATE, 1 <unfinished ...>
[pid 216245] 11:21:51.642144 <... fcntl resumed>) = 0x1 (flags O_WRONLY)
[pid 216252] 11:21:51.642162 rt_sigprocmask(SIG_SETMASK, [],  <unfinished ...>
[pid 216247] 11:21:51.642182 <... futex resumed>) = 1
[pid 216252] 11:21:51.642202 <... rt_sigprocmask resumed>NULL, 8) = 0
[pid 216251] 11:21:51.642217 <... sigaltstack resumed>NULL) = 0
[pid 216248] 11:21:51.642242 <... futex resumed>) = 0
[pid 216245] 11:21:51.642256 fcntl(10, F_SETFL, O_WRONLY|O_NONBLOCK <unfinished ...>
[pid 216252] 11:21:51.642281 gettid( <unfinished ...>
[pid 216251] 11:21:51.642299 rt_sigprocmask(SIG_SETMASK, [],  <unfinished ...>
[pid 216247] 11:21:51.642320 futex(0xc000083148, FUTEX_WAIT_PRIVATE, 0, NULL <unfinished ...>
[pid 216252] 11:21:51.642343 <... gettid resumed>) = 216252
[pid 216251] 11:21:51.642361 <... rt_sigprocmask resumed>NULL, 8) = 0
[pid 216248] 11:21:51.642379 futex(0xc000083148, FUTEX_WAKE_PRIVATE, 1 <unfinished ...>
[pid 216245] 11:21:51.642400 <... fcntl resumed>) = 0
[pid 216252] 11:21:51.642419 futex(0xc000280148, FUTEX_WAIT_PRIVATE, 0, NULL <unfinished ...>
[pid 216251] 11:21:51.642449 gettid( <unfinished ...>
[pid 216248] 11:21:51.642466 <... futex resumed>) = 0
[pid 216247] 11:21:51.642480 <... futex resumed>) = -1 EAGAIN (Resource temporarily unavailable)
[pid 216251] 11:21:51.642500 <... gettid resumed>) = 216251
[pid 216245] 11:21:51.642517 epoll_ctl(4, EPOLL_CTL_ADD, 10, {events=EPOLLIN|EPOLLOUT|EPOLLRDHUP|EPOLLET, data={u32=2325217281, u64=8428155477071233025}} <unfinished ...>
[pid 216248] 11:21:51.642542 futex(0xc000083948, FUTEX_WAIT_PRIVATE, 0, NULL <unfinished ...>
[pid 216251] 11:21:51.642572 nanosleep({tv_sec=0, tv_nsec=3000},  <unfinished ...>
[pid 216247] 11:21:51.642589 futex(0xc000083948, FUTEX_WAKE_PRIVATE, 1 <unfinished ...>
[pid 216245] 11:21:51.642607 <... epoll_ctl resumed>) = 0
[pid 216248] 11:21:51.642623 <... futex resumed>) = -1 EAGAIN (Resource temporarily unavailable)
[pid 216247] 11:21:51.642638 <... futex resumed>) = 0
[pid 216245] 11:21:51.642654 fcntl(9, F_GETFL <unfinished ...>
[pid 216248] 11:21:51.642675 nanosleep({tv_sec=0, tv_nsec=3000},  <unfinished ...>
[pid 216251] 11:21:51.642697 <... nanosleep resumed>NULL) = 0
[pid 216247] 11:21:51.642715 rt_sigprocmask(SIG_SETMASK, ~[HUP INT QUIT ILL TRAP ABRT BUS FPE SEGV TERM STKFLT CHLD URG PROF SYS RTMIN RT_1 RT_2],  <unfinished ...>
[pid 216245] 11:21:51.642737 <... fcntl resumed>) = 0x800 (flags O_RDONLY|O_NONBLOCK)
[pid 216251] 11:21:51.642756 futex(0xc0000c0148, FUTEX_WAIT_PRIVATE, 0, NULL <unfinished ...>
[pid 216247] 11:21:51.642786 <... rt_sigprocmask resumed>NULL, 8) = 0
[pid 216248] 11:21:51.642803 <... nanosleep resumed>NULL) = 0
[pid 216245] 11:21:51.642820 fcntl(9, F_SETFL, O_RDONLY <unfinished ...>
[pid 216248] 11:21:51.642840 futex(0xc000280148, FUTEX_WAKE_PRIVATE, 1 <unfinished ...>
[pid 216247] 11:21:51.642856 futex(0xc0000c0148, FUTEX_WAKE_PRIVATE, 1 <unfinished ...>
[pid 216248] 11:21:51.642877 <... futex resumed>) = 1
[pid 216245] 11:21:51.642896 <... fcntl resumed>) = 0
[pid 216252] 11:21:51.642916 <... futex resumed>) = 0
[pid 216251] 11:21:51.642934 <... futex resumed>) = 0
[pid 216247] 11:21:51.642954 <... futex resumed>) = 1
[pid 216252] 11:21:51.642975 futex(0xc000280148, FUTEX_WAIT_PRIVATE, 0, NULL <unfinished ...>
[pid 216251] 11:21:51.643005 futex(0xc0000c0148, FUTEX_WAIT_PRIVATE, 0, NULL <unfinished ...>
[pid 216248] 11:21:51.643024 futex(0xc000083148, FUTEX_WAKE_PRIVATE, 1 <unfinished ...>
[pid 216245] 11:21:51.643039 fcntl(10, F_GETFL <unfinished ...>
[pid 216248] 11:21:51.643056 <... futex resumed>) = 0
[pid 216247] 11:21:51.643071 rt_sigprocmask(SIG_SETMASK, ~[HUP INT QUIT ILL TRAP ABRT BUS FPE SEGV TERM STKFLT CHLD URG PROF SYS RTMIN RT_1 RT_2],  <unfinished ...>
[pid 216248] 11:21:51.643101 futex(0xc000083948, FUTEX_WAIT_PRIVATE, 0, NULL <unfinished ...>
[pid 216245] 11:21:51.643117 <... fcntl resumed>) = 0x801 (flags O_WRONLY|O_NONBLOCK)
[pid 216247] 11:21:51.643135 <... rt_sigprocmask resumed>NULL, 8) = 0
[pid 216245] 11:21:51.643152 fcntl(10, F_SETFL, O_WRONLY <unfinished ...>
[pid 216247] 11:21:51.643201 futex(0xc000083948, FUTEX_WAKE_PRIVATE, 1 <unfinished ...>
[pid 216245] 11:21:51.643219 <... fcntl resumed>) = 0
[pid 216247] 11:21:51.643254 <... futex resumed>) = 1
[pid 216245] 11:21:51.643269 pipe2( <unfinished ...>
[pid 216248] 11:21:51.643287 <... futex resumed>) = 0
[pid 216247] 11:21:51.643306 futex(0xc0000c0148, FUTEX_WAKE_PRIVATE, 1 <unfinished ...>
[pid 216245] 11:21:51.643334 <... pipe2 resumed>[12, 13], O_CLOEXEC) = 0
[pid 216248] 11:21:51.643353 futex(0xc000280148, FUTEX_WAKE_PRIVATE, 1 <unfinished ...>
[pid 216247] 11:21:51.643371 <... futex resumed>) = 1
[pid 216251] 11:21:51.643390 <... futex resumed>) = 0
[pid 216248] 11:21:51.643406 <... futex resumed>) = 1
[pid 216245] 11:21:51.643424 fcntl(12, F_GETFL <unfinished ...>
[pid 216252] 11:21:51.643444 <... futex resumed>) = 0
[pid 216251] 11:21:51.643451 futex(0xc0000c0148, FUTEX_WAIT_PRIVATE, 0, NULL <unfinished ...>
[pid 216247] 11:21:51.643466 futex(0xc000083148, FUTEX_WAIT_PRIVATE, 0, NULL <unfinished ...>
[pid 216252] 11:21:51.643485 futex(0xc000280148, FUTEX_WAIT_PRIVATE, 0, NULL <unfinished ...>
[pid 216248] 11:21:51.643506 futex(0xc000083148, FUTEX_WAKE_PRIVATE, 1 <unfinished ...>
[pid 216245] 11:21:51.643523 <... fcntl resumed>) = 0 (flags O_RDONLY)
[pid 216248] 11:21:51.643542 <... futex resumed>) = 0
[pid 216247] 11:21:51.643568 <... futex resumed>) = -1 EAGAIN (Resource temporarily unavailable)
[pid 216248] 11:21:51.643590 futex(0xc000083948, FUTEX_WAIT_PRIVATE, 0, NULL <unfinished ...>
[pid 216245] 11:21:51.643609 fcntl(12, F_SETFL, O_RDONLY|O_NONBLOCK <unfinished ...>
[pid 216247] 11:21:51.643629 rt_sigprocmask(SIG_SETMASK, ~[HUP INT QUIT ILL TRAP ABRT BUS FPE USR1 SEGV TERM STKFLT CHLD URG PROF SYS RTMIN RT_1 RT_2],  <unfinished ...>
[pid 216245] 11:21:51.643653 <... fcntl resumed>) = 0
[pid 216247] 11:21:51.643673 <... rt_sigprocmask resumed>NULL, 8) = 0
[pid 216245] 11:21:51.643693 epoll_ctl(4, EPOLL_CTL_ADD, 12, {events=EPOLLIN|EPOLLOUT|EPOLLRDHUP|EPOLLET, data={u32=2306867201, u64=8428155477052882945}} <unfinished ...>
[pid 216247] 11:21:51.643730 futex(0xc000083948, FUTEX_WAKE_PRIVATE, 1) = 1
[pid 216245] 11:21:51.643790 <... epoll_ctl resumed>) = 0
[pid 216248] 11:21:51.643814 <... futex resumed>) = 0
[pid 216247] 11:21:51.643834 futex(0xc000280148, FUTEX_WAKE_PRIVATE, 1 <unfinished ...>
[pid 216245] 11:21:51.643856 fcntl(13, F_GETFL <unfinished ...>
[pid 216248] 11:21:51.643878 futex(0xc0000c0148, FUTEX_WAKE_PRIVATE, 1 <unfinished ...>
[pid 216247] 11:21:51.643898 <... futex resumed>) = 1
[pid 216252] 11:21:51.643917 <... futex resumed>) = 0
[pid 216245] 11:21:51.643946 <... fcntl resumed>) = 0x1 (flags O_WRONLY)
[pid 216251] 11:21:51.643962 <... futex resumed>) = 0
[pid 216248] 11:21:51.643978 <... futex resumed>) = 1
[pid 216247] 11:21:51.643994 futex(0xc000083148, FUTEX_WAIT_PRIVATE, 0, NULL <unfinished ...>
[pid 216252] 11:21:51.644013 futex(0xc000280148, FUTEX_WAIT_PRIVATE, 0, NULL <unfinished ...>
[pid 216251] 11:21:51.644032 futex(0xc0000c0148, FUTEX_WAIT_PRIVATE, 0, NULL <unfinished ...>
[pid 216248] 11:21:51.644050 futex(0xc0000c0148, FUTEX_WAKE_PRIVATE, 1 <unfinished ...>
[pid 216245] 11:21:51.644082 fcntl(13, F_SETFL, O_WRONLY|O_NONBLOCK <unfinished ...>
[pid 216251] 11:21:51.644110 <... futex resumed>) = -1 EAGAIN (Resource temporarily unavailable)
[pid 216248] 11:21:51.644126 <... futex resumed>) = 0
[pid 216245] 11:21:51.644142 <... fcntl resumed>) = 0
[pid 216251] 11:21:51.644158 nanosleep({tv_sec=0, tv_nsec=3000},  <unfinished ...>
[pid 216248] 11:21:51.644178 futex(0xc000083148, FUTEX_WAKE_PRIVATE, 1 <unfinished ...>
[pid 216245] 11:21:51.644199 epoll_ctl(4, EPOLL_CTL_ADD, 13, {events=EPOLLIN|EPOLLOUT|EPOLLRDHUP|EPOLLET, data={u32=2288517121, u64=8428155477034532865}} <unfinished ...>
[pid 216248] 11:21:51.644225 <... futex resumed>) = 1
[pid 216247] 11:21:51.644243 <... futex resumed>) = 0
[pid 216251] 11:21:51.644266 <... nanosleep resumed>NULL) = 0
[pid 216248] 11:21:51.644286 futex(0xc000083948, FUTEX_WAIT_PRIVATE, 0, NULL <unfinished ...>
[pid 216245] 11:21:51.644303 <... epoll_ctl resumed>) = 0
[pid 216251] 11:21:51.644323 futex(0xc0000c0148, FUTEX_WAIT_PRIVATE, 0, NULL <unfinished ...>
[pid 216247] 11:21:51.644341 rt_sigprocmask(SIG_SETMASK, ~[HUP INT QUIT ILL TRAP ABRT BUS FPE USR1 SEGV USR2 TERM STKFLT CHLD URG PROF SYS RTMIN RT_1 RT_2],  <unfinished ...>
[pid 216245] 11:21:51.644365 fcntl(12, F_GETFL <unfinished ...>
[pid 216247] 11:21:51.644384 <... rt_sigprocmask resumed>NULL, 8) = 0
[pid 216245] 11:21:51.644410 <... fcntl resumed>) = 0x800 (flags O_RDONLY|O_NONBLOCK)
[pid 216247] 11:21:51.644438 futex(0xc0000c0148, FUTEX_WAKE_PRIVATE, 1 <unfinished ...>
[pid 216245] 11:21:51.644457 fcntl(12, F_SETFL, O_RDONLY <unfinished ...>
[pid 216251] 11:21:51.644500 <... futex resumed>) = 0
[pid 216247] 11:21:51.644533 <... futex resumed>) = 1
[pid 216245] 11:21:51.644550 <... fcntl resumed>) = 0
[pid 216251] 11:21:51.644568 nanosleep({tv_sec=0, tv_nsec=3000},  <unfinished ...>
[pid 216247] 11:21:51.644592 futex(0xc000083948, FUTEX_WAKE_PRIVATE, 1 <unfinished ...>
[pid 216245] 11:21:51.644620 fcntl(13, F_GETFL <unfinished ...>
[pid 216247] 11:21:51.644638 <... futex resumed>) = 1
[pid 216248] 11:21:51.644656 <... futex resumed>) = 0
[pid 216247] 11:21:51.644673 futex(0xc000083148, FUTEX_WAIT_PRIVATE, 0, NULL <unfinished ...>
[pid 216245] 11:21:51.644694 <... fcntl resumed>) = 0x801 (flags O_WRONLY|O_NONBLOCK)
[pid 216251] 11:21:51.644715 <... nanosleep resumed>NULL) = 0
[pid 216248] 11:21:51.644742 futex(0xc000083148, FUTEX_WAKE_PRIVATE, 1 <unfinished ...>
[pid 216247] 11:21:51.644759 <... futex resumed>) = -1 EAGAIN (Resource temporarily unavailable)
[pid 216251] 11:21:51.644776 futex(0xc0000c0148, FUTEX_WAIT_PRIVATE, 0, NULL <unfinished ...>
[pid 216248] 11:21:51.644792 <... futex resumed>) = 0
[pid 216245] 11:21:51.644809 fcntl(13, F_SETFL, O_WRONLY <unfinished ...>
[pid 216248] 11:21:51.644826 futex(0xc000083948, FUTEX_WAIT_PRIVATE, 0, NULL <unfinished ...>
[pid 216247] 11:21:51.644844 rt_sigprocmask(SIG_SETMASK, ~[HUP INT QUIT ILL TRAP ABRT BUS FPE USR1 SEGV USR2 PIPE TERM STKFLT CHLD URG PROF SYS RTMIN RT_1 RT_2],  <unfinished ...>
[pid 216245] 11:21:51.644875 <... fcntl resumed>) = 0
[pid 216247] 11:21:51.644893 <... rt_sigprocmask resumed>NULL, 8) = 0
[pid 216245] 11:21:51.644909 fchown(7, 1000, 1000 <unfinished ...>
[pid 216247] 11:21:51.644926 futex(0xc000083948, FUTEX_WAKE_PRIVATE, 1 <unfinished ...>
[pid 216245] 11:21:51.644943 <... fchown resumed>) = 0
[pid 216247] 11:21:51.644963 <... futex resumed>) = 1
[pid 216248] 11:21:51.644981 <... futex resumed>) = 0
[pid 216245] 11:21:51.644997 fchown(8, 1000, 1000 <unfinished ...>
[pid 216247] 11:21:51.645016 futex(0xc0000c0148, FUTEX_WAKE_PRIVATE, 1 <unfinished ...>
[pid 216248] 11:21:51.645035 futex(0xc000280148, FUTEX_WAKE_PRIVATE, 1 <unfinished ...>
[pid 216245] 11:21:51.645091 <... fchown resumed>) = 0
[pid 216252] 11:21:51.645120 <... futex resumed>) = 0
[pid 216251] 11:21:51.645138 <... futex resumed>) = 0
[pid 216248] 11:21:51.645156 <... futex resumed>) = 1
[pid 216247] 11:21:51.645209 <... futex resumed>) = 1
[pid 216252] 11:21:51.645252 futex(0xc000280148, FUTEX_WAIT_PRIVATE, 0, NULL <unfinished ...>
[pid 216251] 11:21:51.645273 futex(0xc0000c0148, FUTEX_WAIT_PRIVATE, 0, NULL <unfinished ...>
[pid 216248] 11:21:51.645291 futex(0xc0000c0148, FUTEX_WAKE_PRIVATE, 1 <unfinished ...>
[pid 216245] 11:21:51.645309 fchown(9, 1000, 1000 <unfinished ...>
[pid 216251] 11:21:51.645330 <... futex resumed>) = -1 EAGAIN (Resource temporarily unavailable)
[pid 216248] 11:21:51.645350 <... futex resumed>) = 0
[pid 216247] 11:21:51.645368 futex(0xc000083148, FUTEX_WAIT_PRIVATE, 0, NULL <unfinished ...>
[pid 216251] 11:21:51.645392 nanosleep({tv_sec=0, tv_nsec=3000},  <unfinished ...>
[pid 216245] 11:21:51.645414 <... fchown resumed>) = 0
[pid 216248] 11:21:51.645433 futex(0xc000083148, FUTEX_WAKE_PRIVATE, 1 <unfinished ...>
[pid 216247] 11:21:51.645452 <... futex resumed>) = -1 EAGAIN (Resource temporarily unavailable)
[pid 216248] 11:21:51.645469 <... futex resumed>) = 0
[pid 216245] 11:21:51.645476 fchown(10, 1000, 1000 <unfinished ...>
[pid 216247] 11:21:51.645495 rt_sigprocmask(SIG_SETMASK, ~[HUP INT QUIT ILL TRAP ABRT BUS FPE USR1 SEGV USR2 PIPE ALRM TERM STKFLT CHLD URG PROF SYS RTMIN RT_1 RT_2],  <unfinished ...>
[pid 216251] 11:21:51.645521 <... nanosleep resumed>NULL) = 0
[pid 216245] 11:21:51.645539 <... fchown resumed>) = 0
[pid 216248] 11:21:51.645557 futex(0xc000083948, FUTEX_WAIT_PRIVATE, 0, NULL <unfinished ...>
[pid 216251] 11:21:51.645580 futex(0xc0000c0148, FUTEX_WAIT_PRIVATE, 0, NULL <unfinished ...>
[pid 216247] 11:21:51.645598 <... rt_sigprocmask resumed>NULL, 8) = 0
[pid 216245] 11:21:51.645615 fchown(12, 1000, 1000 <unfinished ...>
[pid 216247] 11:21:51.645644 futex(0xc0000c0148, FUTEX_WAKE_PRIVATE, 1 <unfinished ...>
[pid 216245] 11:21:51.645662 <... fchown resumed>) = 0
[pid 216251] 11:21:51.645710 <... futex resumed>) = 0
[pid 216247] 11:21:51.645735 <... futex resumed>) = 1
[pid 216245] 11:21:51.645752 fchown(13, 1000, 1000 <unfinished ...>
[pid 216251] 11:21:51.645771 nanosleep({tv_sec=0, tv_nsec=3000},  <unfinished ...>
[pid 216247] 11:21:51.645801 futex(0xc000083948, FUTEX_WAKE_PRIVATE, 1 <unfinished ...>
[pid 216245] 11:21:51.645831 <... fchown resumed>) = 0
[pid 216248] 11:21:51.645866 <... futex resumed>) = 0
[pid 216247] 11:21:51.645882 <... futex resumed>) = 1
[pid 216251] 11:21:51.645898 <... nanosleep resumed>NULL) = 0
[pid 216245] 11:21:51.645913 mknodat(AT_FDCWD, "/run/user/1000/anolix-runc/anolix-3e10afe62f83/exec.fifo", S_IFIFO|0622 <unfinished ...>
[pid 216251] 11:21:51.645941 futex(0xc000280148, FUTEX_WAKE_PRIVATE, 1 <unfinished ...>
[pid 216248] 11:21:51.645958 futex(0xc000083148, FUTEX_WAKE_PRIVATE, 1 <unfinished ...>
[pid 216247] 11:21:51.645978 rt_sigprocmask(SIG_SETMASK, ~[HUP INT QUIT ILL TRAP ABRT BUS FPE USR1 SEGV USR2 PIPE ALRM TERM STKFLT CHLD URG PROF SYS RTMIN RT_1 RT_2],  <unfinished ...>
[pid 216252] 11:21:51.646004 <... futex resumed>) = 0
[pid 216251] 11:21:51.646035 <... futex resumed>) = 1
[pid 216248] 11:21:51.646066 <... futex resumed>) = 0
[pid 216245] 11:21:51.646095 <... mknodat resumed>) = 0
[pid 216252] 11:21:51.646148 rt_sigprocmask(SIG_SETMASK, ~[RTMIN RT_1],  <unfinished ...>
[pid 216248] 11:21:51.646193 futex(0xc000083948, FUTEX_WAIT_PRIVATE, 0, NULL <unfinished ...>
[pid 216247] 11:21:51.646210 <... rt_sigprocmask resumed>NULL, 8) = 0
[pid 216245] 11:21:51.646229 fchmodat(AT_FDCWD, "/run/user/1000/anolix-runc/anolix-3e10afe62f83/exec.fifo", 0622 <unfinished ...>
[pid 216252] 11:21:51.646256 <... rt_sigprocmask resumed>[], 8) = 0
[pid 216251] 11:21:51.646277 uname( <unfinished ...>
[pid 216247] 11:21:51.646308 futex(0xc000083948, FUTEX_WAKE_PRIVATE, 1 <unfinished ...>
[pid 216252] 11:21:51.646329 mmap(NULL, 8392704, PROT_NONE, MAP_PRIVATE|MAP_ANONYMOUS|MAP_STACK, -1, 0 <unfinished ...>
[pid 216251] 11:21:51.646346 <... uname resumed>{sysname="Linux", nodename="LAPTOP-BF0J00M9", ...}) = 0
[pid 216245] 11:21:51.646367 <... fchmodat resumed>) = 0
[pid 216252] 11:21:51.646388 <... mmap resumed>) = 0x74f6882f8000
[pid 216251] 11:21:51.646405 copy_file_range(0, NULL, 8, NULL, 2147479552, 0 <unfinished ...>
[pid 216248] 11:21:51.646423 <... futex resumed>) = 0
[pid 216247] 11:21:51.646439 <... futex resumed>) = 1
[pid 216252] 11:21:51.646458 mprotect(0x74f6882f9000, 8388608, PROT_READ|PROT_WRITE <unfinished ...>
[pid 216251] 11:21:51.646475 <... copy_file_range resumed>) = -1 EINVAL (Invalid argument)
[pid 216248] 11:21:51.646494 futex(0xc000083148, FUTEX_WAKE_PRIVATE, 1 <unfinished ...>
[pid 216245] 11:21:51.646525 fchownat(AT_FDCWD, "/run/user/1000/anolix-runc/anolix-3e10afe62f83/exec.fifo", 1000, 1000, 0 <unfinished ...>
[pid 216252] 11:21:51.646552 <... mprotect resumed>) = 0
[pid 216251] 11:21:51.646570 read(0,  <unfinished ...>
[pid 216248] 11:21:51.646589 <... futex resumed>) = 0
[pid 216247] 11:21:51.646608 rt_sigprocmask(SIG_SETMASK, ~[HUP INT QUIT ILL TRAP ABRT BUS FPE USR1 SEGV USR2 PIPE ALRM TERM STKFLT CHLD URG PROF SYS RTMIN RT_1 RT_2],  <unfinished ...>
[pid 216252] 11:21:51.646634 rt_sigprocmask(SIG_BLOCK, ~[],  <unfinished ...>
[pid 216248] 11:21:51.646658 futex(0xc000083948, FUTEX_WAIT_PRIVATE, 0, NULL <unfinished ...>
[pid 216245] 11:21:51.646678 <... fchownat resumed>) = 0
[pid 216252] 11:21:51.646697 <... rt_sigprocmask resumed>~[KILL STOP RTMIN RT_1], 8) = 0
[pid 216247] 11:21:51.646720 <... rt_sigprocmask resumed>NULL, 8) = 0
[pid 216252] 11:21:51.646741 clone3({flags=CLONE_VM|CLONE_FS|CLONE_FILES|CLONE_SIGHAND|CLONE_THREAD|CLONE_SYSVSEM|CLONE_SETTLS|CLONE_PARENT_SETTID|CLONE_CHILD_CLEARTID, child_tid=0x74f688af8990, parent_tid=0x74f688af8990, exit_signal=0, stack=0x74f6882f8000, stack_size=0x7fff80, tls=0x74f688af86c0} <unfinished ...>
[pid 216245] 11:21:51.646764 socketpair(AF_UNIX, SOCK_STREAM|SOCK_CLOEXEC, 0,  <unfinished ...>
[pid 216247] 11:21:51.646786 futex(0xc000083948, FUTEX_WAKE_PRIVATE, 1 <unfinished ...>
[pid 216245] 11:21:51.646806 <... socketpair resumed>[14, 15]) = 0
[pid 216248] 11:21:51.646852 <... futex resumed>) = 0
[pid 216247] 11:21:51.646890 <... futex resumed>) = 1
strace: Process 216253 attached
[pid 216252] 11:21:51.646926 <... clone3 resumed> => {parent_tid=[216253]}, 88) = 216253
[pid 216248] 11:21:51.646954 futex(0xc000083148, FUTEX_WAKE_PRIVATE, 1 <unfinished ...>
[pid 216245] 11:21:51.646973 fcntl(15, F_GETFL <unfinished ...>
[pid 216253] 11:21:51.646994 rseq(0x74f688af8fe0, 0x20, 0, 0x53053053 <unfinished ...>
[pid 216252] 11:21:51.647003 rt_sigprocmask(SIG_SETMASK, ~[KILL STOP RTMIN RT_1],  <unfinished ...>
[pid 216248] 11:21:51.647022 <... futex resumed>) = 0
[pid 216247] 11:21:51.647038 rt_sigprocmask(SIG_SETMASK, [KILL STOP TSTP TTIN TTOU XCPU XFSZ VTALRM WINCH IO PWR RT_3 RT_4 RT_5 RT_6 RT_7 RT_8 RT_9 RT_10 RT_11 RT_12 RT_13 RT_14 RT_15 RT_16 RT_17 RT_18 RT_19 RT_20 RT_21 RT_22 RT_23 RT_24 RT_25 RT_26 RT_27 RT_28 RT_29 RT_30 RT_31 RT_32],  <unfinished ...>
[pid 216253] 11:21:51.647064 <... rseq resumed>) = 0
[pid 216252] 11:21:51.647080 <... rt_sigprocmask resumed>NULL, 8) = 0
[pid 216248] 11:21:51.647103 futex(0xc000083948, FUTEX_WAIT_PRIVATE, 0, NULL <unfinished ...>
[pid 216245] 11:21:51.647122 <... fcntl resumed>) = 0x2 (flags O_RDWR)
[pid 216253] 11:21:51.647144 set_robust_list(0x74f688af89a0, 24 <unfinished ...>
[pid 216252] 11:21:51.647162 rt_sigprocmask(SIG_SETMASK, [],  <unfinished ...>
[pid 216247] 11:21:51.647180 <... rt_sigprocmask resumed>NULL, 8) = 0
[pid 216253] 11:21:51.647199 <... set_robust_list resumed>) = 0
[pid 216252] 11:21:51.647215 <... rt_sigprocmask resumed>NULL, 8) = 0
[pid 216245] 11:21:51.647234 fcntl(14, F_GETFL <unfinished ...>
[pid 216253] 11:21:51.647254 rt_sigprocmask(SIG_SETMASK, ~[KILL STOP RTMIN RT_1],  <unfinished ...>
[pid 216247] 11:21:51.647273 futex(0xc000083948, FUTEX_WAKE_PRIVATE, 1 <unfinished ...>
[pid 216253] 11:21:51.647293 <... rt_sigprocmask resumed>NULL, 8) = 0
[pid 216252] 11:21:51.647310 copy_file_range(9, NULL, 1, NULL, 2147479552, 0 <unfinished ...>
[pid 216245] 11:21:51.647331 <... fcntl resumed>) = 0x2 (flags O_RDWR)
[pid 216253] 11:21:51.647353 mmap(0x74f668000000, 67108864, PROT_NONE, MAP_PRIVATE|MAP_ANONYMOUS, -1, 0 <unfinished ...>
[pid 216252] 11:21:51.647372 <... copy_file_range resumed>) = -1 EINVAL (Invalid argument)
[pid 216248] 11:21:51.647391 <... futex resumed>) = 0
[pid 216247] 11:21:51.647410 <... futex resumed>) = 1
[pid 216253] 11:21:51.647432 <... mmap resumed>) = 0x74f668000000
[pid 216245] 11:21:51.647463 socketpair(AF_UNIX, SOCK_SEQPACKET|SOCK_CLOEXEC, 0,  <unfinished ...>
[pid 216253] 11:21:51.647485 mprotect(0x74f668000000, 135168, PROT_READ|PROT_WRITE <unfinished ...>
[pid 216252] 11:21:51.647502 read(9,  <unfinished ...>
[pid 216248] 11:21:51.647519 rt_sigaction(SIGCONT, NULL,  <unfinished ...>
[pid 216247] 11:21:51.647528 futex(0xc000083148, FUTEX_WAIT_PRIVATE, 0, NULL <unfinished ...>
[pid 216253] 11:21:51.647548 <... mprotect resumed>) = 0
[pid 216248] 11:21:51.647564 <... rt_sigaction resumed>{sa_handler=SIG_DFL, sa_mask=[], sa_flags=0}, 8) = 0
[pid 216245] 11:21:51.647593 <... socketpair resumed>[16, 18]) = 0
[pid 216253] 11:21:51.647613 sigaltstack(NULL,  <unfinished ...>
[pid 216248] 11:21:51.647631 rt_sigaction(SIGCONT, {sa_handler=0x4816e0, sa_mask=~[RTMIN RT_1], sa_flags=SA_RESTORER|SA_ONSTACK|SA_RESTART|SA_SIGINFO, sa_restorer=0x74f6d2e45330},  <unfinished ...>
[pid 216253] 11:21:51.647652 <... sigaltstack resumed>{ss_sp=NULL, ss_flags=SS_DISABLE, ss_size=0}) = 0
[pid 216245] 11:21:51.647680 fcntl(18, F_GETFL <unfinished ...>
[pid 216248] 11:21:51.647697 <... rt_sigaction resumed>NULL, 8) = 0
[pid 216253] 11:21:51.647715 sigaltstack({ss_sp=0xc000292000, ss_flags=0, ss_size=32768},  <unfinished ...>
[pid 216245] 11:21:51.647732 <... fcntl resumed>) = 0x2 (flags O_RDWR)
[pid 216253] 11:21:51.647751 <... sigaltstack resumed>NULL) = 0
[pid 216248] 11:21:51.647768 futex(0xc000083148, FUTEX_WAKE_PRIVATE, 1 <unfinished ...>
[pid 216245] 11:21:51.647789 fcntl(16, F_GETFL <unfinished ...>
[pid 216253] 11:21:51.647810 rt_sigprocmask(SIG_SETMASK, [],  <unfinished ...>
[pid 216248] 11:21:51.647820 <... futex resumed>) = 1
[pid 216253] 11:21:51.647839 <... rt_sigprocmask resumed>NULL, 8) = 0
[pid 216247] 11:21:51.647857 <... futex resumed>) = 0
[pid 216245] 11:21:51.647874 <... fcntl resumed>) = 0x2 (flags O_RDWR)
[pid 216253] 11:21:51.647894 gettid( <unfinished ...>
[pid 216248] 11:21:51.647921 futex(0xc000083948, FUTEX_WAIT_PRIVATE, 0, NULL <unfinished ...>
[pid 216247] 11:21:51.647938 rt_sigprocmask(SIG_SETMASK, [KILL STOP TTIN TTOU XCPU XFSZ VTALRM WINCH IO PWR RT_3 RT_4 RT_5 RT_6 RT_7 RT_8 RT_9 RT_10 RT_11 RT_12 RT_13 RT_14 RT_15 RT_16 RT_17 RT_18 RT_19 RT_20 RT_21 RT_22 RT_23 RT_24 RT_25 RT_26 RT_27 RT_28 RT_29 RT_30 RT_31 RT_32],  <unfinished ...>
[pid 216253] 11:21:51.647958 <... gettid resumed>) = 216253
[pid 216245] 11:21:51.647973 pipe2( <unfinished ...>
[pid 216247] 11:21:51.647992 <... rt_sigprocmask resumed>NULL, 8) = 0
[pid 216253] 11:21:51.648011 nanosleep({tv_sec=0, tv_nsec=3000},  <unfinished ...>
[pid 216245] 11:21:51.648030 <... pipe2 resumed>[19, 22], O_CLOEXEC) = 0
[pid 216247] 11:21:51.648052 futex(0xc000083948, FUTEX_WAKE_PRIVATE, 1 <unfinished ...>
[pid 216246] 11:21:51.648073 <... nanosleep resumed>NULL) = 0
[pid 216247] 11:21:51.648093 <... futex resumed>) = 1
[pid 216245] 11:21:51.648118 fcntl(19, F_GETFL <unfinished ...>
[pid 216253] 11:21:51.648134 <... nanosleep resumed>NULL) = 0
[pid 216248] 11:21:51.648150 <... futex resumed>) = 0
[pid 216247] 11:21:51.648166 futex(0xc000083148, FUTEX_WAIT_PRIVATE, 0, NULL <unfinished ...>
[pid 216246] 11:21:51.648186 epoll_pwait(4,  <unfinished ...>
[pid 216253] 11:21:51.648207 mmap(NULL, 262144, PROT_READ|PROT_WRITE, MAP_PRIVATE|MAP_ANONYMOUS, -1, 0 <unfinished ...>
[pid 216248] 11:21:51.648225 rt_sigaction(SIGTSTP, NULL,  <unfinished ...>
[pid 216245] 11:21:51.648241 <... fcntl resumed>) = 0 (flags O_RDONLY)
[pid 216253] 11:21:51.648261 <... mmap resumed>) = 0x74f6882b8000
[pid 216248] 11:21:51.648279 <... rt_sigaction resumed>{sa_handler=SIG_DFL, sa_mask=[], sa_flags=0}, 8) = 0
[pid 216246] 11:21:51.648300 <... epoll_pwait resumed>[{events=EPOLLOUT, data={u32=2361917441, u64=8428155477107933185}}, {events=EPOLLOUT, data={u32=2325217281, u64=8428155477071233025}}, {events=EPOLLOUT, data={u32=2288517121, u64=8428155477034532865}}], 128, 0, NULL, 0) = 3
[pid 216253] 11:21:51.648346 rt_sigprocmask(SIG_SETMASK, ~[RTMIN RT_1],  <unfinished ...>
[pid 216248] 11:21:51.648365 rt_sigaction(SIGTSTP, {sa_handler=0x4816e0, sa_mask=~[RTMIN RT_1], sa_flags=SA_RESTORER|SA_ONSTACK|SA_RESTART|SA_SIGINFO, sa_restorer=0x74f6d2e45330},  <unfinished ...>
[pid 216245] 11:21:51.648384 fcntl(19, F_SETFL, O_RDONLY|O_NONBLOCK <unfinished ...>
[pid 216253] 11:21:51.648404 <... rt_sigprocmask resumed>[], 8) = 0
[pid 216248] 11:21:51.648423 <... rt_sigaction resumed>NULL, 8) = 0
[pid 216246] 11:21:51.648440 nanosleep({tv_sec=0, tv_nsec=20000},  <unfinished ...>
[pid 216253] 11:21:51.648464 mmap(NULL, 8392704, PROT_NONE, MAP_PRIVATE|MAP_ANONYMOUS|MAP_STACK, -1, 0 <unfinished ...>
[pid 216248] 11:21:51.648484 futex(0xc000083148, FUTEX_WAKE_PRIVATE, 1 <unfinished ...>
[pid 216245] 11:21:51.648502 <... fcntl resumed>) = 0
[pid 216253] 11:21:51.648522 <... mmap resumed>) = 0x74f6737ff000
[pid 216248] 11:21:51.648543 <... futex resumed>) = 1
[pid 216247] 11:21:51.648573 <... futex resumed>) = 0
[pid 216245] 11:21:51.648590 epoll_ctl(4, EPOLL_CTL_ADD, 19, {events=EPOLLIN|EPOLLOUT|EPOLLRDHUP|EPOLLET, data={u32=2270167041, u64=8428155477016182785}} <unfinished ...>
[pid 216253] 11:21:51.648613 mprotect(0x74f673800000, 8388608, PROT_READ|PROT_WRITE <unfinished ...>
[pid 216248] 11:21:51.648630 futex(0xc000083948, FUTEX_WAIT_PRIVATE, 0, NULL <unfinished ...>
[pid 216247] 11:21:51.648648 rt_sigprocmask(SIG_SETMASK, [KILL STOP TTOU XCPU XFSZ VTALRM WINCH IO PWR RT_3 RT_4 RT_5 RT_6 RT_7 RT_8 RT_9 RT_10 RT_11 RT_12 RT_13 RT_14 RT_15 RT_16 RT_17 RT_18 RT_19 RT_20 RT_21 RT_22 RT_23 RT_24 RT_25 RT_26 RT_27 RT_28 RT_29 RT_30 RT_31 RT_32],  <unfinished ...>
[pid 216246] 11:21:51.648672 <... nanosleep resumed>NULL) = 0
[pid 216253] 11:21:51.648692 <... mprotect resumed>) = 0
[pid 216247] 11:21:51.648710 <... rt_sigprocmask resumed>NULL, 8) = 0
[pid 216245] 11:21:51.648729 <... epoll_ctl resumed>) = 0
[pid 216253] 11:21:51.648763 rt_sigprocmask(SIG_BLOCK, ~[],  <unfinished ...>
[pid 216247] 11:21:51.648789 futex(0xc000083948, FUTEX_WAKE_PRIVATE, 1 <unfinished ...>
[pid 216246] 11:21:51.648811 getpid( <unfinished ...>
[pid 216253] 11:21:51.648821 <... rt_sigprocmask resumed>~[KILL STOP RTMIN RT_1], 8) = 0
[pid 216245] 11:21:51.648832 futex(0xf0b5d8, FUTEX_WAKE_PRIVATE, 1 <unfinished ...>
[pid 216253] 11:21:51.648852 clone3({flags=CLONE_VM|CLONE_FS|CLONE_FILES|CLONE_SIGHAND|CLONE_THREAD|CLONE_SYSVSEM|CLONE_SETTLS|CLONE_PARENT_SETTID|CLONE_CHILD_CLEARTID, child_tid=0x74f673fff990, parent_tid=0x74f673fff990, exit_signal=0, stack=0x74f6737ff000, stack_size=0x7fff80, tls=0x74f673fff6c0} <unfinished ...>
[pid 216248] 11:21:51.648877 <... futex resumed>) = 0
[pid 216247] 11:21:51.648896 <... futex resumed>) = 1
[pid 216250] 11:21:51.648919 <... futex resumed>) = 0
[pid 216248] 11:21:51.648938 rt_sigaction(SIGTTIN, NULL,  <unfinished ...>
[pid 216246] 11:21:51.648957 <... getpid resumed>) = 216245
[pid 216245] 11:21:51.648986 <... futex resumed>) = 1
strace: Process 216254 attached
[pid 216250] 11:21:51.649044 sched_yield( <unfinished ...>
[pid 216248] 11:21:51.649062 <... rt_sigaction resumed>{sa_handler=SIG_DFL, sa_mask=[], sa_flags=0}, 8) = 0
[pid 216247] 11:21:51.649088 futex(0xc000083148, FUTEX_WAIT_PRIVATE, 0, NULL <unfinished ...>
[pid 216246] 11:21:51.649121 tgkill(216245, 216245, SIGURG <unfinished ...>
[pid 216254] 11:21:51.649145 rseq(0x74f673ffffe0, 0x20, 0, 0x53053053 <unfinished ...>
[pid 216253] 11:21:51.649166 <... clone3 resumed> => {parent_tid=[216254]}, 88) = 216254
[pid 216250] 11:21:51.649190 <... sched_yield resumed>) = 0
[pid 216248] 11:21:51.649208 rt_sigaction(SIGTTIN, {sa_handler=0x4816e0, sa_mask=~[RTMIN RT_1], sa_flags=SA_RESTORER|SA_ONSTACK|SA_RESTART|SA_SIGINFO, sa_restorer=0x74f6d2e45330},  <unfinished ...>
[pid 216245] 11:21:51.649232 futex(0xeeaf80, FUTEX_WAIT_PRIVATE, 0, NULL <unfinished ...>
[pid 216254] 11:21:51.649254 <... rseq resumed>) = 0
[pid 216253] 11:21:51.649272 rt_sigprocmask(SIG_SETMASK, ~[KILL STOP RTMIN RT_1],  <unfinished ...>
[pid 216250] 11:21:51.649293 rt_sigprocmask(SIG_SETMASK, ~[RTMIN RT_1],  <unfinished ...>
[pid 216248] 11:21:51.649316 <... rt_sigaction resumed>NULL, 8) = 0
[pid 216246] 11:21:51.649335 <... tgkill resumed>) = 0
[pid 216254] 11:21:51.649356 set_robust_list(0x74f673fff9a0, 24 <unfinished ...>
[pid 216253] 11:21:51.649386 <... rt_sigprocmask resumed>NULL, 8) = 0
[pid 216250] 11:21:51.649404 <... rt_sigprocmask resumed>[], 8) = 0
[pid 216248] 11:21:51.649424 futex(0xc000083148, FUTEX_WAKE_PRIVATE, 1 <unfinished ...>
[pid 216245] 11:21:51.649442 <... futex resumed>) = ? ERESTARTSYS (To be restarted if SA_RESTART is set)
[pid 216254] 11:21:51.649461 <... set_robust_list resumed>) = 0
[pid 216253] 11:21:51.649489 rt_sigprocmask(SIG_SETMASK, [],  <unfinished ...>
[pid 216250] 11:21:51.649511 mmap(NULL, 8392704, PROT_NONE, MAP_PRIVATE|MAP_ANONYMOUS|MAP_STACK, -1, 0 <unfinished ...>
[pid 216248] 11:21:51.649528 <... futex resumed>) = 1
[pid 216246] 11:21:51.649543 nanosleep({tv_sec=0, tv_nsec=20000},  <unfinished ...>
[pid 216254] 11:21:51.649570 rt_sigprocmask(SIG_SETMASK, ~[KILL STOP RTMIN RT_1],  <unfinished ...>
[pid 216253] 11:21:51.649602 <... rt_sigprocmask resumed>NULL, 8) = 0
[pid 216250] 11:21:51.649618 <... mmap resumed>) = 0x74f672ffe000
[pid 216248] 11:21:51.649634 futex(0xc000083948, FUTEX_WAIT_PRIVATE, 0, NULL <unfinished ...>
[pid 216247] 11:21:51.649652 <... futex resumed>) = 0
[pid 216245] 11:21:51.649669 --- SIGURG {si_signo=SIGURG, si_code=SI_TKILL, si_pid=216245, si_uid=1000} ---
[pid 216254] 11:21:51.649693 <... rt_sigprocmask resumed>NULL, 8) = 0
[pid 216253] 11:21:51.649714 copy_file_range(12, NULL, 2, NULL, 2147479552, 0 <unfinished ...>
[pid 216250] 11:21:51.649735 mprotect(0x74f672fff000, 8388608, PROT_READ|PROT_WRITE <unfinished ...>
[pid 216246] 11:21:51.649754 <... nanosleep resumed>NULL) = 0
[pid 216254] 11:21:51.649775 openat(AT_FDCWD, "/sys/devices/system/cpu/online", O_RDONLY|O_CLOEXEC <unfinished ...>
[pid 216253] 11:21:51.649826 <... copy_file_range resumed>) = -1 EINVAL (Invalid argument)
[pid 216250] 11:21:51.649845 <... mprotect resumed>) = 0
[pid 216247] 11:21:51.649861 rt_sigprocmask(SIG_SETMASK, [KILL STOP XCPU XFSZ VTALRM WINCH IO PWR RT_3 RT_4 RT_5 RT_6 RT_7 RT_8 RT_9 RT_10 RT_11 RT_12 RT_13 RT_14 RT_15 RT_16 RT_17 RT_18 RT_19 RT_20 RT_21 RT_22 RT_23 RT_24 RT_25 RT_26 RT_27 RT_28 RT_29 RT_30 RT_31 RT_32],  <unfinished ...>
[pid 216245] 11:21:51.649881 rt_sigreturn({mask=[]} <unfinished ...>
[pid 216254] 11:21:51.649906 <... openat resumed>) = 23
[pid 216253] 11:21:51.649923 mmap(NULL, 262144, PROT_READ|PROT_WRITE, MAP_PRIVATE|MAP_ANONYMOUS, -1, 0 <unfinished ...>
[pid 216250] 11:21:51.649943 rt_sigprocmask(SIG_BLOCK, ~[],  <unfinished ...>
[pid 216247] 11:21:51.649986 <... rt_sigprocmask resumed>NULL, 8) = 0
[pid 216246] 11:21:51.650004 futex(0xc000083948, FUTEX_WAKE_PRIVATE, 1 <unfinished ...>
[pid 216254] 11:21:51.650024 read(23,  <unfinished ...>
[pid 216253] 11:21:51.650040 <... mmap resumed>) = 0x74f688278000
[pid 216250] 11:21:51.650059 <... rt_sigprocmask resumed>~[KILL STOP RTMIN RT_1], 8) = 0
[pid 216247] 11:21:51.650079 sched_yield( <unfinished ...>
[pid 216245] 11:21:51.650096 <... rt_sigreturn resumed>) = 202
[pid 216254] 11:21:51.650117 <... read resumed>"0-15\n", 1024) = 5
[pid 216253] 11:21:51.650135 read(12,  <unfinished ...>
[pid 216250] 11:21:51.650153 clone3({flags=CLONE_VM|CLONE_FS|CLONE_FILES|CLONE_SIGHAND|CLONE_THREAD|CLONE_SYSVSEM|CLONE_SETTLS|CLONE_PARENT_SETTID|CLONE_CHILD_CLEARTID, child_tid=0x74f6737fe990, parent_tid=0x74f6737fe990, exit_signal=0, stack=0x74f672ffe000, stack_size=0x7fff80, tls=0x74f6737fe6c0} <unfinished ...>
[pid 216248] 11:21:51.650175 <... futex resumed>) = 0
[pid 216247] 11:21:51.650193 <... sched_yield resumed>) = 0
[pid 216246] 11:21:51.650212 <... futex resumed>) = 1
[pid 216254] 11:21:51.650232 close(23 <unfinished ...>
[pid 216248] 11:21:51.650253 futex(0xeeaf80, FUTEX_WAKE_PRIVATE, 1 <unfinished ...>
[pid 216245] 11:21:51.650272 futex(0xeeaf80, FUTEX_WAIT_PRIVATE, 0, NULLstrace: Process 216255 attached
 <unfinished ...>
[pid 216254] 11:21:51.650324 <... close resumed>) = 0
[pid 216248] 11:21:51.650355 <... futex resumed>) = 0
[pid 216247] 11:21:51.650374 mmap(0xc000400000, 4194304, PROT_READ|PROT_WRITE, MAP_PRIVATE|MAP_FIXED|MAP_ANONYMOUS, -1, 0 <unfinished ...>
[pid 216246] 11:21:51.650394 nanosleep({tv_sec=0, tv_nsec=20000},  <unfinished ...>
[pid 216255] 11:21:51.650474 rseq(0x74f6737fefe0, 0x20, 0, 0x53053053 <unfinished ...>
[pid 216254] 11:21:51.650497 mmap(NULL, 134217728, PROT_NONE, MAP_PRIVATE|MAP_ANONYMOUS, -1, 0 <unfinished ...>
[pid 216250] 11:21:51.650515 <... clone3 resumed> => {parent_tid=[216255]}, 88) = 216255
[pid 216248] 11:21:51.650588 futex(0xc000083948, FUTEX_WAIT_PRIVATE, 0, NULL <unfinished ...>
[pid 216247] 11:21:51.650615 <... mmap resumed>) = 0xc000400000
[pid 216245] 11:21:51.650634 <... futex resumed>) = -1 EAGAIN (Resource temporarily unavailable)
[pid 216255] 11:21:51.650659 <... rseq resumed>) = 0
[pid 216254] 11:21:51.650694 <... mmap resumed>) = 0x74f65c000000
[pid 216250] 11:21:51.650713 rt_sigprocmask(SIG_SETMASK, ~[KILL STOP RTMIN RT_1],  <unfinished ...>
[pid 216246] 11:21:51.650737 <... nanosleep resumed>NULL) = 0
[pid 216255] 11:21:51.650761 set_robust_list(0x74f6737fe9a0, 24 <unfinished ...>
[pid 216254] 11:21:51.650781 munmap(0x74f660000000, 67108864 <unfinished ...>
[pid 216250] 11:21:51.650801 <... rt_sigprocmask resumed>NULL, 8) = 0
[pid 216247] 11:21:51.650820 futex(0xc000083148, FUTEX_WAIT_PRIVATE, 0, NULL <unfinished ...>
[pid 216245] 11:21:51.650840 fcntl(22, F_GETFL <unfinished ...>
[pid 216255] 11:21:51.650862 <... set_robust_list resumed>) = 0
[pid 216254] 11:21:51.650881 <... munmap resumed>) = 0
[pid 216250] 11:21:51.650899 rt_sigprocmask(SIG_SETMASK, [],  <unfinished ...>
[pid 216246] 11:21:51.650932 nanosleep({tv_sec=0, tv_nsec=20000},  <unfinished ...>
[pid 216255] 11:21:51.650957 rt_sigprocmask(SIG_SETMASK, ~[KILL STOP RTMIN RT_1],  <unfinished ...>
[pid 216254] 11:21:51.650978 mprotect(0x74f65c000000, 135168, PROT_READ|PROT_WRITE <unfinished ...>
[pid 216250] 11:21:51.650997 <... rt_sigprocmask resumed>NULL, 8) = 0
[pid 216245] 11:21:51.651017 <... fcntl resumed>) = 0x1 (flags O_WRONLY)
[pid 216255] 11:21:51.651037 <... rt_sigprocmask resumed>NULL, 8) = 0
[pid 216254] 11:21:51.651056 <... mprotect resumed>) = 0
[pid 216250] 11:21:51.651086 rt_sigprocmask(SIG_SETMASK, ~[RTMIN RT_1],  <unfinished ...>
[pid 216255] 11:21:51.651123 mmap(0x74f660000000, 67108864, PROT_NONE, MAP_PRIVATE|MAP_ANONYMOUS, -1, 0 <unfinished ...>
[pid 216254] 11:21:51.651143 sigaltstack(NULL,  <unfinished ...>
[pid 216246] 11:21:51.651163 <... nanosleep resumed>NULL) = 0
[pid 216250] 11:21:51.651182 <... rt_sigprocmask resumed>[], 8) = 0
[pid 216245] 11:21:51.651203 fcntl(22, F_SETFL, O_WRONLY|O_NONBLOCK <unfinished ...>
[pid 216255] 11:21:51.651226 <... mmap resumed>) = 0x74f660000000
[pid 216254] 11:21:51.651244 <... sigaltstack resumed>{ss_sp=NULL, ss_flags=SS_DISABLE, ss_size=0}) = 0
[pid 216250] 11:21:51.651266 mmap(NULL, 8392704, PROT_NONE, MAP_PRIVATE|MAP_ANONYMOUS|MAP_STACK, -1, 0 <unfinished ...>
[pid 216246] 11:21:51.651298 nanosleep({tv_sec=0, tv_nsec=20000},  <unfinished ...>
[pid 216255] 11:21:51.651332 mprotect(0x74f660000000, 135168, PROT_READ|PROT_WRITE <unfinished ...>
[pid 216254] 11:21:51.651352 sigaltstack({ss_sp=0xc000304000, ss_flags=0, ss_size=32768},  <unfinished ...>
[pid 216250] 11:21:51.651409 <... mmap resumed>) = 0x74f6727fd000
[pid 216245] 11:21:51.651439 <... fcntl resumed>) = 0
[pid 216255] 11:21:51.651461 <... mprotect resumed>) = 0
[pid 216254] 11:21:51.651480 <... sigaltstack resumed>NULL) = 0
[pid 216250] 11:21:51.651499 mprotect(0x74f6727fe000, 8388608, PROT_READ|PROT_WRITE <unfinished ...>
[pid 216246] 11:21:51.651518 <... nanosleep resumed>NULL) = 0
[pid 216255] 11:21:51.651534 sigaltstack(NULL,  <unfinished ...>
[pid 216254] 11:21:51.651549 rt_sigprocmask(SIG_SETMASK, [],  <unfinished ...>
[pid 216245] 11:21:51.651568 epoll_ctl(4, EPOLL_CTL_ADD, 22, {events=EPOLLIN|EPOLLOUT|EPOLLRDHUP|EPOLLET, data={u32=2251816961, u64=8428155476997832705}} <unfinished ...>
[pid 216255] 11:21:51.651594 <... sigaltstack resumed>{ss_sp=NULL, ss_flags=SS_DISABLE, ss_size=0}) = 0
[pid 216254] 11:21:51.651614 <... rt_sigprocmask resumed>NULL, 8) = 0
[pid 216250] 11:21:51.651644 <... mprotect resumed>) = 0
[pid 216246] 11:21:51.651663 nanosleep({tv_sec=0, tv_nsec=20000},  <unfinished ...>
[pid 216255] 11:21:51.651686 sigaltstack({ss_sp=0xc000230000, ss_flags=0, ss_size=32768},  <unfinished ...>
[pid 216254] 11:21:51.651712 gettid( <unfinished ...>
[pid 216250] 11:21:51.651728 rt_sigprocmask(SIG_BLOCK, ~[],  <unfinished ...>
[pid 216245] 11:21:51.651748 <... epoll_ctl resumed>) = 0
[pid 216255] 11:21:51.651774 <... sigaltstack resumed>NULL) = 0
[pid 216254] 11:21:51.651791 <... gettid resumed>) = 216254
[pid 216250] 11:21:51.651808 <... rt_sigprocmask resumed>~[KILL STOP RTMIN RT_1], 8) = 0
[pid 216255] 11:21:51.651831 rt_sigprocmask(SIG_SETMASK, [],  <unfinished ...>
[pid 216254] 11:21:51.651852 futex(0xc000083948, FUTEX_WAKE_PRIVATE, 1 <unfinished ...>
[pid 216246] 11:21:51.651867 <... nanosleep resumed>NULL) = 0
[pid 216245] 11:21:51.651882 openat(AT_FDCWD, "/proc/self/exe", O_RDONLY|O_CLOEXEC <unfinished ...>
[pid 216255] 11:21:51.651904 <... rt_sigprocmask resumed>NULL, 8) = 0
[pid 216254] 11:21:51.651920 <... futex resumed>) = 1
[pid 216250] 11:21:51.651937 clone3({flags=CLONE_VM|CLONE_FS|CLONE_FILES|CLONE_SIGHAND|CLONE_THREAD|CLONE_SYSVSEM|CLONE_SETTLS|CLONE_PARENT_SETTID|CLONE_CHILD_CLEARTID, child_tid=0x74f672ffd990, parent_tid=0x74f672ffd990, exit_signal=0, stack=0x74f6727fd000, stack_size=0x7fff80, tls=0x74f672ffd6c0} <unfinished ...>
[pid 216246] 11:21:51.651959 nanosleep({tv_sec=0, tv_nsec=20000},  <unfinished ...>
[pid 216248] 11:21:51.651978 <... futex resumed>) = 0
[pid 216255] 11:21:51.651997 gettid( <unfinished ...>
[pid 216254] 11:21:51.652012 rt_sigaction(SIGTTOU, NULL,  <unfinished ...>
[pid 216245] 11:21:51.652028 <... openat resumed>) = 23
strace: Process 216256 attached
[pid 216255] 11:21:51.652064 <... gettid resumed>) = 216255
[pid 216254] 11:21:51.652085 <... rt_sigaction resumed>{sa_handler=SIG_DFL, sa_mask=[], sa_flags=0}, 8) = 0
[pid 216248] 11:21:51.652104 futex(0xc000083948, FUTEX_WAIT_PRIVATE, 0, NULL <unfinished ...>
[pid 216255] 11:21:51.652130 futex(0xc000101148, FUTEX_WAIT_PRIVATE, 0, NULL <unfinished ...>
[pid 216254] 11:21:51.652149 rt_sigaction(SIGTTOU, {sa_handler=0x4816e0, sa_mask=~[RTMIN RT_1], sa_flags=SA_RESTORER|SA_ONSTACK|SA_RESTART|SA_SIGINFO, sa_restorer=0x74f6d2e45330},  <unfinished ...>
[pid 216250] 11:21:51.652171 <... clone3 resumed> => {parent_tid=[216256]}, 88) = 216256
[pid 216246] 11:21:51.652193 <... nanosleep resumed>NULL) = 0
[pid 216245] 11:21:51.652211 fcntl(23, F_GETFL <unfinished ...>
[pid 216256] 11:21:51.652234 rseq(0x74f672ffdfe0, 0x20, 0, 0x53053053 <unfinished ...>
[pid 216254] 11:21:51.652254 <... rt_sigaction resumed>NULL, 8) = 0
[pid 216250] 11:21:51.652274 rt_sigprocmask(SIG_SETMASK, ~[KILL STOP RTMIN RT_1],  <unfinished ...>
[pid 216246] 11:21:51.652305 nanosleep({tv_sec=0, tv_nsec=20000},  <unfinished ...>
[pid 216256] 11:21:51.652324 <... rseq resumed>) = 0
[pid 216254] 11:21:51.652340 futex(0xc000101148, FUTEX_WAKE_PRIVATE, 1 <unfinished ...>
[pid 216250] 11:21:51.652359 <... rt_sigprocmask resumed>NULL, 8) = 0
[pid 216245] 11:21:51.652375 <... fcntl resumed>) = 0x8000 (flags O_RDONLY|O_LARGEFILE)
[pid 216256] 11:21:51.652397 set_robust_list(0x74f672ffd9a0, 24 <unfinished ...>
[pid 216255] 11:21:51.652416 <... futex resumed>) = 0
[pid 216254] 11:21:51.652431 <... futex resumed>) = 1
[pid 216250] 11:21:51.652449 rt_sigprocmask(SIG_SETMASK, [],  <unfinished ...>
[pid 216256] 11:21:51.652472 <... set_robust_list resumed>) = 0
[pid 216255] 11:21:51.652489 nanosleep({tv_sec=0, tv_nsec=3000},  <unfinished ...>
[pid 216254] 11:21:51.652519 futex(0xc000083148, FUTEX_WAKE_PRIVATE, 1 <unfinished ...>
[pid 216246] 11:21:51.652536 <... nanosleep resumed>NULL) = 0
[pid 216245] 11:21:51.652553 fcntl(23, F_SETFL, O_RDONLY|O_NONBLOCK|O_LARGEFILE <unfinished ...>
[pid 216256] 11:21:51.652571 rt_sigprocmask(SIG_SETMASK, ~[KILL STOP RTMIN RT_1],  <unfinished ...>
[pid 216254] 11:21:51.652588 <... futex resumed>) = 1
[pid 216250] 11:21:51.652606 <... rt_sigprocmask resumed>NULL, 8) = 0
[pid 216256] 11:21:51.652627 <... rt_sigprocmask resumed>NULL, 8) = 0
[pid 216255] 11:21:51.652645 <... nanosleep resumed>NULL) = 0
[pid 216254] 11:21:51.652663 futex(0xc000300148, FUTEX_WAIT_PRIVATE, 0, NULL <unfinished ...>
[pid 216247] 11:21:51.652694 <... futex resumed>) = 0
[pid 216246] 11:21:51.652710 nanosleep({tv_sec=0, tv_nsec=20000},  <unfinished ...>
[pid 216245] 11:21:51.652728 <... fcntl resumed>) = 0
[pid 216256] 11:21:51.652745 mmap(NULL, 134217728, PROT_NONE, MAP_PRIVATE|MAP_ANONYMOUS, -1, 0 <unfinished ...>
[pid 216255] 11:21:51.652762 futex(0xc000101148, FUTEX_WAIT_PRIVATE, 0, NULL <unfinished ...>
[pid 216250] 11:21:51.652780 futex(0xf0b5d8, FUTEX_WAIT_PRIVATE, 0, NULL <unfinished ...>
[pid 216247] 11:21:51.652797 rt_sigprocmask(SIG_SETMASK, [KILL STOP XCPU XFSZ VTALRM WINCH IO PWR RT_3 RT_4 RT_5 RT_6 RT_7 RT_8 RT_9 RT_10 RT_11 RT_12 RT_13 RT_14 RT_15 RT_16 RT_17 RT_18 RT_19 RT_20 RT_21 RT_22 RT_23 RT_24 RT_25 RT_26 RT_27 RT_28 RT_29 RT_30 RT_31 RT_32],  <unfinished ...>
[pid 216256] 11:21:51.652837 <... mmap resumed>) = 0x74f654000000
[pid 216245] 11:21:51.652852 epoll_ctl(4, EPOLL_CTL_ADD, 23, {events=EPOLLIN|EPOLLOUT|EPOLLRDHUP|EPOLLET, data={u32=2233466881, u64=8428155476979482625}} <unfinished ...>
[pid 216246] 11:21:51.652872 <... nanosleep resumed>NULL) = 0
[pid 216256] 11:21:51.652892 munmap(0x74f658000000, 67108864 <unfinished ...>
[pid 216247] 11:21:51.652911 <... rt_sigprocmask resumed>NULL, 8) = 0
[pid 216245] 11:21:51.652930 <... epoll_ctl resumed>) = -1 EPERM (Operation not permitted)
[pid 216256] 11:21:51.652969 <... munmap resumed>) = 0
[pid 216247] 11:21:51.652988 futex(0xc000101148, FUTEX_WAKE_PRIVATE, 1 <unfinished ...>
[pid 216246] 11:21:51.653004 nanosleep({tv_sec=0, tv_nsec=20000},  <unfinished ...>
[pid 216256] 11:21:51.653023 mprotect(0x74f654000000, 135168, PROT_READ|PROT_WRITE <unfinished ...>
[pid 216247] 11:21:51.653042 <... futex resumed>) = 1
[pid 216245] 11:21:51.653060 fcntl(23, F_GETFL <unfinished ...>
[pid 216256] 11:21:51.653095 <... mprotect resumed>) = 0
[pid 216255] 11:21:51.653113 <... futex resumed>) = 0
[pid 216247] 11:21:51.653138 futex(0xc000300148, FUTEX_WAKE_PRIVATE, 1 <unfinished ...>
[pid 216256] 11:21:51.653158 sigaltstack(NULL,  <unfinished ...>
[pid 216255] 11:21:51.653176 futex(0xc000083948, FUTEX_WAKE_PRIVATE, 1 <unfinished ...>
[pid 216246] 11:21:51.653196 <... nanosleep resumed>NULL) = 0
[pid 216245] 11:21:51.653214 <... fcntl resumed>) = 0x8800 (flags O_RDONLY|O_NONBLOCK|O_LARGEFILE)
[pid 216256] 11:21:51.653237 <... sigaltstack resumed>{ss_sp=NULL, ss_flags=SS_DISABLE, ss_size=0}) = 0
[pid 216255] 11:21:51.653259 <... futex resumed>) = 1
[pid 216254] 11:21:51.653278 <... futex resumed>) = 0
[pid 216248] 11:21:51.653297 <... futex resumed>) = 0
[pid 216247] 11:21:51.653315 <... futex resumed>) = 1
[pid 216246] 11:21:51.653335 nanosleep({tv_sec=0, tv_nsec=20000},  <unfinished ...>
[pid 216256] 11:21:51.653360 sigaltstack({ss_sp=0xc000404000, ss_flags=0, ss_size=32768},  <unfinished ...>
[pid 216255] 11:21:51.653379 futex(0xc000083148, FUTEX_WAKE_PRIVATE, 1 <unfinished ...>
[pid 216254] 11:21:51.653409 futex(0xc000300148, FUTEX_WAIT_PRIVATE, 0, NULL <unfinished ...>
[pid 216248] 11:21:51.653429 futex(0xc000083948, FUTEX_WAIT_PRIVATE, 0, NULL <unfinished ...>
[pid 216247] 11:21:51.653447 rt_sigprocmask(SIG_SETMASK, [KILL STOP XFSZ VTALRM WINCH IO PWR RT_3 RT_4 RT_5 RT_6 RT_7 RT_8 RT_9 RT_10 RT_11 RT_12 RT_13 RT_14 RT_15 RT_16 RT_17 RT_18 RT_19 RT_20 RT_21 RT_22 RT_23 RT_24 RT_25 RT_26 RT_27 RT_28 RT_29 RT_30 RT_31 RT_32],  <unfinished ...>
[pid 216245] 11:21:51.653466 fcntl(23, F_SETFL, O_RDONLY|O_LARGEFILE <unfinished ...>
[pid 216256] 11:21:51.653485 <... sigaltstack resumed>NULL) = 0
[pid 216255] 11:21:51.653502 <... futex resumed>) = 0
[pid 216247] 11:21:51.653520 <... rt_sigprocmask resumed>NULL, 8) = 0
[pid 216246] 11:21:51.653538 <... nanosleep resumed>NULL) = 0
[pid 216256] 11:21:51.653560 rt_sigprocmask(SIG_SETMASK, [],  <unfinished ...>
[pid 216255] 11:21:51.653591 futex(0xc000101148, FUTEX_WAIT_PRIVATE, 0, NULL <unfinished ...>
[pid 216245] 11:21:51.653606 <... fcntl resumed>) = 0
[pid 216256] 11:21:51.653627 <... rt_sigprocmask resumed>NULL, 8) = 0
[pid 216255] 11:21:51.653646 <... futex resumed>) = -1 EAGAIN (Resource temporarily unavailable)
[pid 216247] 11:21:51.653677 futex(0xc000101148, FUTEX_WAKE_PRIVATE, 1 <unfinished ...>
[pid 216246] 11:21:51.653695 nanosleep({tv_sec=0, tv_nsec=20000},  <unfinished ...>
[pid 216256] 11:21:51.653717 gettid( <unfinished ...>
[pid 216255] 11:21:51.653734 nanosleep({tv_sec=0, tv_nsec=3000},  <unfinished ...>
[pid 216247] 11:21:51.653755 <... futex resumed>) = 0
[pid 216245] 11:21:51.653812 fcntl(23, F_GET_SEALS <unfinished ...>
[pid 216256] 11:21:51.653848 <... gettid resumed>) = 216256
[pid 216247] 11:21:51.653866 futex(0xc000083948, FUTEX_WAKE_PRIVATE, 1 <unfinished ...>
[pid 216246] 11:21:51.653886 <... nanosleep resumed>NULL) = 0
[pid 216256] 11:21:51.653907 futex(0xc000083148, FUTEX_WAKE_PRIVATE, 1 <unfinished ...>
[pid 216255] 11:21:51.653927 <... nanosleep resumed>NULL) = 0
[pid 216247] 11:21:51.653945 <... futex resumed>) = 1
[pid 216245] 11:21:51.653963 <... fcntl resumed>) = -1 EINVAL (Invalid argument)
[pid 216256] 11:21:51.653984 <... futex resumed>) = 0
[pid 216255] 11:21:51.654019 futex(0xc000101148, FUTEX_WAIT_PRIVATE, 0, NULL <unfinished ...>
[pid 216248] 11:21:51.654038 <... futex resumed>) = 0
[pid 216247] 11:21:51.654059 rt_sigprocmask(SIG_SETMASK, [KILL STOP VTALRM WINCH IO PWR RT_3 RT_4 RT_5 RT_6 RT_7 RT_8 RT_9 RT_10 RT_11 RT_12 RT_13 RT_14 RT_15 RT_16 RT_17 RT_18 RT_19 RT_20 RT_21 RT_22 RT_23 RT_24 RT_25 RT_26 RT_27 RT_28 RT_29 RT_30 RT_31 RT_32],  <unfinished ...>
[pid 216246] 11:21:51.654087 nanosleep({tv_sec=0, tv_nsec=20000},  <unfinished ...>
[pid 216256] 11:21:51.654113 futex(0xc000400148, FUTEX_WAIT_PRIVATE, 0, NULL <unfinished ...>
[pid 216248] 11:21:51.654140 futex(0xc000083948, FUTEX_WAIT_PRIVATE, 0, NULL <unfinished ...>
[pid 216247] 11:21:51.654158 <... rt_sigprocmask resumed>NULL, 8) = 0
[pid 216245] 11:21:51.654177 close(23 <unfinished ...>
[pid 216247] 11:21:51.654241 futex(0xc000083948, FUTEX_WAKE_PRIVATE, 1 <unfinished ...>
[pid 216246] 11:21:51.654267 <... nanosleep resumed>NULL) = 0
[pid 216245] 11:21:51.654284 <... close resumed>) = 0
[pid 216248] 11:21:51.654305 <... futex resumed>) = 0
[pid 216247] 11:21:51.654324 <... futex resumed>) = 1
[pid 216248] 11:21:51.654357 nanosleep({tv_sec=0, tv_nsec=3000},  <unfinished ...>
[pid 216246] 11:21:51.654394 nanosleep({tv_sec=0, tv_nsec=20000},  <unfinished ...>
[pid 216245] 11:21:51.654414 fsopen("overlay", FSOPEN_CLOEXEC <unfinished ...>
[pid 216247] 11:21:51.654435 futex(0xc000400148, FUTEX_WAKE_PRIVATE, 1 <unfinished ...>
[pid 216245] 11:21:51.654456 <... fsopen resumed>) = -1 EPERM (Operation not permitted)
[pid 216256] 11:21:51.654505 <... futex resumed>) = 0
[pid 216248] 11:21:51.654529 <... nanosleep resumed>NULL) = 0
[pid 216247] 11:21:51.654561 <... futex resumed>) = 1
[pid 216256] 11:21:51.654584 futex(0xc000083148, FUTEX_WAKE_PRIVATE, 1 <unfinished ...>
[pid 216248] 11:21:51.654604 futex(0xc000083948, FUTEX_WAIT_PRIVATE, 0, NULL <unfinished ...>
[pid 216246] 11:21:51.654620 <... nanosleep resumed>NULL) = 0
[pid 216245] 11:21:51.654636 openat(AT_FDCWD, "/proc/self/exe", O_RDONLY|O_CLOEXEC <unfinished ...>
[pid 216256] 11:21:51.654663 <... futex resumed>) = 0
[pid 216247] 11:21:51.654679 rt_sigprocmask(SIG_SETMASK, [KILL STOP WINCH IO PWR RT_3 RT_4 RT_5 RT_6 RT_7 RT_8 RT_9 RT_10 RT_11 RT_12 RT_13 RT_14 RT_15 RT_16 RT_17 RT_18 RT_19 RT_20 RT_21 RT_22 RT_23 RT_24 RT_25 RT_26 RT_27 RT_28 RT_29 RT_30 RT_31 RT_32],  <unfinished ...>
[pid 216246] 11:21:51.654715 nanosleep({tv_sec=0, tv_nsec=20000},  <unfinished ...>
[pid 216256] 11:21:51.654735 futex(0xc000400148, FUTEX_WAIT_PRIVATE, 0, NULL <unfinished ...>
[pid 216247] 11:21:51.654750 <... rt_sigprocmask resumed>NULL, 8) = 0
[pid 216245] 11:21:51.654765 <... openat resumed>) = 23
[pid 216247] 11:21:51.654810 futex(0xc000400148, FUTEX_WAKE_PRIVATE, 1 <unfinished ...>
[pid 216245] 11:21:51.654849 fcntl(23, F_GETFL <unfinished ...>
[pid 216247] 11:21:51.654869 <... futex resumed>) = 1
[pid 216246] 11:21:51.654885 <... nanosleep resumed>NULL) = 0
[pid 216256] 11:21:51.654902 <... futex resumed>) = 0
[pid 216245] 11:21:51.654917 <... fcntl resumed>) = 0x8000 (flags O_RDONLY|O_LARGEFILE)
[pid 216256] 11:21:51.654948 futex(0xc000101148, FUTEX_WAKE_PRIVATE, 1 <unfinished ...>
[pid 216247] 11:21:51.654964 futex(0xc000083948, FUTEX_WAKE_PRIVATE, 1 <unfinished ...>
[pid 216246] 11:21:51.654980 nanosleep({tv_sec=0, tv_nsec=20000},  <unfinished ...>
[pid 216256] 11:21:51.655005 <... futex resumed>) = 1
[pid 216255] 11:21:51.655026 <... futex resumed>) = 0
[pid 216247] 11:21:51.655043 <... futex resumed>) = 1
[pid 216245] 11:21:51.655059 fcntl(23, F_SETFL, O_RDONLY|O_NONBLOCK|O_LARGEFILE <unfinished ...>
[pid 216256] 11:21:51.655092 futex(0xc000083148, FUTEX_WAKE_PRIVATE, 1 <unfinished ...>
[pid 216255] 11:21:51.655110 futex(0xc000101148, FUTEX_WAIT_PRIVATE, 0, NULL <unfinished ...>
[pid 216248] 11:21:51.655131 <... futex resumed>) = 0
[pid 216247] 11:21:51.655148 rt_sigprocmask(SIG_SETMASK, [KILL STOP IO PWR RT_3 RT_4 RT_5 RT_6 RT_7 RT_8 RT_9 RT_10 RT_11 RT_12 RT_13 RT_14 RT_15 RT_16 RT_17 RT_18 RT_19 RT_20 RT_21 RT_22 RT_23 RT_24 RT_25 RT_26 RT_27 RT_28 RT_29 RT_30 RT_31 RT_32],  <unfinished ...>
[pid 216256] 11:21:51.655175 <... futex resumed>) = 0
[pid 216248] 11:21:51.655192 futex(0xc000083948, FUTEX_WAIT_PRIVATE, 0, NULL <unfinished ...>
[pid 216246] 11:21:51.655208 <... nanosleep resumed>NULL) = 0
[pid 216245] 11:21:51.655225 <... fcntl resumed>) = 0
[pid 216256] 11:21:51.655241 futex(0xc000400148, FUTEX_WAIT_PRIVATE, 0, NULL <unfinished ...>
[pid 216247] 11:21:51.655260 <... rt_sigprocmask resumed>NULL, 8) = 0
[pid 216246] 11:21:51.655275 nanosleep({tv_sec=0, tv_nsec=20000},  <unfinished ...>
[pid 216245] 11:21:51.655292 epoll_ctl(4, EPOLL_CTL_ADD, 23, {events=EPOLLIN|EPOLLOUT|EPOLLRDHUP|EPOLLET, data={u32=2233466882, u64=8428155476979482626}} <unfinished ...>
[pid 216247] 11:21:51.655316 futex(0xc000400148, FUTEX_WAKE_PRIVATE, 1 <unfinished ...>
[pid 216245] 11:21:51.655344 <... epoll_ctl resumed>) = -1 EPERM (Operation not permitted)
[pid 216256] 11:21:51.655391 <... futex resumed>) = 0
[pid 216247] 11:21:51.655410 <... futex resumed>) = 1
[pid 216246] 11:21:51.655430 <... nanosleep resumed>NULL) = 0
[pid 216245] 11:21:51.655449 fcntl(23, F_GETFL <unfinished ...>
[pid 216256] 11:21:51.655470 nanosleep({tv_sec=0, tv_nsec=3000},  <unfinished ...>
[pid 216247] 11:21:51.655492 futex(0xc000083948, FUTEX_WAKE_PRIVATE, 1 <unfinished ...>
[pid 216246] 11:21:51.655522 nanosleep({tv_sec=0, tv_nsec=20000},  <unfinished ...>
[pid 216248] 11:21:51.655545 <... futex resumed>) = 0
[pid 216247] 11:21:51.655560 <... futex resumed>) = 1
[pid 216245] 11:21:51.655575 <... fcntl resumed>) = 0x8800 (flags O_RDONLY|O_NONBLOCK|O_LARGEFILE)
[pid 216256] 11:21:51.655592 <... nanosleep resumed>NULL) = 0
[pid 216248] 11:21:51.655607 futex(0xc000083148, FUTEX_WAKE_PRIVATE, 1 <unfinished ...>
[pid 216247] 11:21:51.655623 rt_sigprocmask(SIG_SETMASK, [KILL STOP PWR RT_3 RT_4 RT_5 RT_6 RT_7 RT_8 RT_9 RT_10 RT_11 RT_12 RT_13 RT_14 RT_15 RT_16 RT_17 RT_18 RT_19 RT_20 RT_21 RT_22 RT_23 RT_24 RT_25 RT_26 RT_27 RT_28 RT_29 RT_30 RT_31 RT_32],  <unfinished ...>
[pid 216256] 11:21:51.655643 futex(0xc000400148, FUTEX_WAIT_PRIVATE, 0, NULL <unfinished ...>
[pid 216248] 11:21:51.655658 <... futex resumed>) = 0
[pid 216246] 11:21:51.655673 <... nanosleep resumed>NULL) = 0
[pid 216245] 11:21:51.655689 fcntl(23, F_SETFL, O_RDONLY|O_LARGEFILE <unfinished ...>
[pid 216248] 11:21:51.655708 futex(0xc000083948, FUTEX_WAIT_PRIVATE, 0, NULL <unfinished ...>
[pid 216247] 11:21:51.655725 <... rt_sigprocmask resumed>NULL, 8) = 0
[pid 216246] 11:21:51.655741 nanosleep({tv_sec=0, tv_nsec=20000},  <unfinished ...>
[pid 216245] 11:21:51.655757 <... fcntl resumed>) = 0
[pid 216247] 11:21:51.655774 futex(0xc000083948, FUTEX_WAKE_PRIVATE, 1 <unfinished ...>
[pid 216245] 11:21:51.655802 fstat(23,  <unfinished ...>
[pid 216248] 11:21:51.655846 <... futex resumed>) = 0
[pid 216247] 11:21:51.655862 <... futex resumed>) = 1
[pid 216245] 11:21:51.655880 <... fstat resumed>{st_mode=S_IFREG|0755, st_size=11431736, ...}) = 0
[pid 216248] 11:21:51.655901 nanosleep({tv_sec=0, tv_nsec=3000},  <unfinished ...>
[pid 216247] 11:21:51.655928 futex(0xc000400148, FUTEX_WAKE_PRIVATE, 1 <unfinished ...>
[pid 216246] 11:21:51.655943 <... nanosleep resumed>NULL) = 0
[pid 216245] 11:21:51.655960 memfd_create("runc_cloned:/proc/self/exe", MFD_CLOEXEC|MFD_ALLOW_SEALING|MFD_EXEC <unfinished ...>
[pid 216256] 11:21:51.655981 <... futex resumed>) = 0
[pid 216247] 11:21:51.655998 <... futex resumed>) = 1
[pid 216246] 11:21:51.656017 nanosleep({tv_sec=0, tv_nsec=20000},  <unfinished ...>
[pid 216256] 11:21:51.656046 futex(0xc000083148, FUTEX_WAKE_PRIVATE, 1 <unfinished ...>
[pid 216248] 11:21:51.656063 <... nanosleep resumed>NULL) = 0
[pid 216247] 11:21:51.656079 rt_sigprocmask(SIG_SETMASK, [KILL STOP RT_3 RT_4 RT_5 RT_6 RT_7 RT_8 RT_9 RT_10 RT_11 RT_12 RT_13 RT_14 RT_15 RT_16 RT_17 RT_18 RT_19 RT_20 RT_21 RT_22 RT_23 RT_24 RT_25 RT_26 RT_27 RT_28 RT_29 RT_30 RT_31 RT_32],  <unfinished ...>
[pid 216245] 11:21:51.656113 <... memfd_create resumed>) = 25
[pid 216256] 11:21:51.656141 <... futex resumed>) = 0
[pid 216248] 11:21:51.656159 futex(0xc000083948, FUTEX_WAIT_PRIVATE, 0, NULL <unfinished ...>
[pid 216247] 11:21:51.656177 <... rt_sigprocmask resumed>NULL, 8) = 0
[pid 216256] 11:21:51.656196 futex(0xc000400148, FUTEX_WAIT_PRIVATE, 0, NULL <unfinished ...>
[pid 216246] 11:21:51.656212 <... nanosleep resumed>NULL) = 0
[pid 216245] 11:21:51.656227 fcntl(25, F_GETFL <unfinished ...>
[pid 216256] 11:21:51.656244 <... futex resumed>) = -1 EAGAIN (Resource temporarily unavailable)
[pid 216247] 11:21:51.656262 futex(0xc000400148, FUTEX_WAKE_PRIVATE, 1 <unfinished ...>
[pid 216246] 11:21:51.656279 nanosleep({tv_sec=0, tv_nsec=20000},  <unfinished ...>
[pid 216245] 11:21:51.656297 <... fcntl resumed>) = 0x8002 (flags O_RDWR|O_LARGEFILE)
[pid 216256] 11:21:51.656327 nanosleep({tv_sec=0, tv_nsec=3000},  <unfinished ...>
[pid 216247] 11:21:51.656345 <... futex resumed>) = 0
[pid 216245] 11:21:51.656361 fstat(23,  <unfinished ...>
[pid 216247] 11:21:51.656383 futex(0xc000083948, FUTEX_WAKE_PRIVATE, 1 <unfinished ...>
[pid 216246] 11:21:51.656403 <... nanosleep resumed>NULL) = 0
[pid 216245] 11:21:51.656420 <... fstat resumed>{st_mode=S_IFREG|0755, st_size=11431736, ...}) = 0
[pid 216256] 11:21:51.656446 <... nanosleep resumed>NULL) = 0
[pid 216248] 11:21:51.656464 <... futex resumed>) = 0
[pid 216247] 11:21:51.656491 <... futex resumed>) = 1
[pid 216246] 11:21:51.656508 nanosleep({tv_sec=0, tv_nsec=20000},  <unfinished ...>
[pid 216256] 11:21:51.656532 futex(0xc000101148, FUTEX_WAKE_PRIVATE, 1 <unfinished ...>
[pid 216248] 11:21:51.656548 futex(0xc000083948, FUTEX_WAIT_PRIVATE, 0, NULL <unfinished ...>
[pid 216247] 11:21:51.656565 futex(0xc000083148, FUTEX_WAIT_PRIVATE, 0, NULL <unfinished ...>
[pid 216245] 11:21:51.656582 sendfile(25, 23, NULL, 11431736 <unfinished ...>
[pid 216256] 11:21:51.656604 <... futex resumed>) = 1
[pid 216255] 11:21:51.656623 <... futex resumed>) = 0
[pid 216246] 11:21:51.656641 <... nanosleep resumed>NULL) = 0
[pid 216256] 11:21:51.656662 futex(0xc000083148, FUTEX_WAKE_PRIVATE, 1 <unfinished ...>
[pid 216255] 11:21:51.656680 futex(0xc000101148, FUTEX_WAIT_PRIVATE, 0, NULL <unfinished ...>
[pid 216246] 11:21:51.656701 nanosleep({tv_sec=0, tv_nsec=20000},  <unfinished ...>
[pid 216256] 11:21:51.656723 <... futex resumed>) = 1
[pid 216247] 11:21:51.656739 <... futex resumed>) = 0
[pid 216256] 11:21:51.656758 futex(0xc000400148, FUTEX_WAIT_PRIVATE, 0, NULL <unfinished ...>
[pid 216247] 11:21:51.656778 rt_sigprocmask(SIG_SETMASK, [KILL STOP RT_4 RT_5 RT_6 RT_7 RT_8 RT_9 RT_10 RT_11 RT_12 RT_13 RT_14 RT_15 RT_16 RT_17 RT_18 RT_19 RT_20 RT_21 RT_22 RT_23 RT_24 RT_25 RT_26 RT_27 RT_28 RT_29 RT_30 RT_31 RT_32], NULL, 8) = 0
[pid 216246] 11:21:51.656851 <... nanosleep resumed>NULL) = 0
[pid 216247] 11:21:51.656882 futex(0xc000400148, FUTEX_WAKE_PRIVATE, 1 <unfinished ...>
[pid 216246] 11:21:51.656900 nanosleep({tv_sec=0, tv_nsec=20000},  <unfinished ...>
[pid 216256] 11:21:51.656924 <... futex resumed>) = 0
[pid 216247] 11:21:51.656961 <... futex resumed>) = 1
[pid 216256] 11:21:51.656985 nanosleep({tv_sec=0, tv_nsec=3000},  <unfinished ...>
[pid 216247] 11:21:51.657018 futex(0xc000101148, FUTEX_WAKE_PRIVATE, 1 <unfinished ...>
[pid 216246] 11:21:51.657037 <... nanosleep resumed>NULL) = 0
[pid 216255] 11:21:51.657066 <... futex resumed>) = 0
[pid 216247] 11:21:51.657081 <... futex resumed>) = 1
[pid 216246] 11:21:51.657101 nanosleep({tv_sec=0, tv_nsec=20000},  <unfinished ...>
[pid 216256] 11:21:51.657121 <... nanosleep resumed>NULL) = 0
[pid 216255] 11:21:51.657139 futex(0xc000083148, FUTEX_WAKE_PRIVATE, 1 <unfinished ...>
[pid 216247] 11:21:51.657156 rt_sigprocmask(SIG_SETMASK, [KILL STOP RT_5 RT_6 RT_7 RT_8 RT_9 RT_10 RT_11 RT_12 RT_13 RT_14 RT_15 RT_16 RT_17 RT_18 RT_19 RT_20 RT_21 RT_22 RT_23 RT_24 RT_25 RT_26 RT_27 RT_28 RT_29 RT_30 RT_31 RT_32],  <unfinished ...>
[pid 216256] 11:21:51.657179 futex(0xc000400148, FUTEX_WAIT_PRIVATE, 0, NULL <unfinished ...>
[pid 216255] 11:21:51.657198 <... futex resumed>) = 0
[pid 216247] 11:21:51.657215 <... rt_sigprocmask resumed>NULL, 8) = 0
[pid 216255] 11:21:51.657238 futex(0xc000101148, FUTEX_WAIT_PRIVATE, 0, NULL <unfinished ...>
[pid 216246] 11:21:51.657257 <... nanosleep resumed>NULL) = 0
[pid 216255] 11:21:51.657274 <... futex resumed>) = -1 EAGAIN (Resource temporarily unavailable)
[pid 216247] 11:21:51.657290 futex(0xc000101148, FUTEX_WAKE_PRIVATE, 1 <unfinished ...>
[pid 216246] 11:21:51.657308 nanosleep({tv_sec=0, tv_nsec=20000},  <unfinished ...>
[pid 216255] 11:21:51.657329 nanosleep({tv_sec=0, tv_nsec=3000},  <unfinished ...>
[pid 216247] 11:21:51.657346 <... futex resumed>) = 0
[pid 216247] 11:21:51.657396 futex(0xc000400148, FUTEX_WAKE_PRIVATE, 1 <unfinished ...>
[pid 216246] 11:21:51.657439 <... nanosleep resumed>NULL) = 0
[pid 216255] 11:21:51.657458 <... nanosleep resumed>NULL) = 0
[pid 216256] 11:21:51.657478 <... futex resumed>) = 0
[pid 216247] 11:21:51.657497 <... futex resumed>) = 1
[pid 216256] 11:21:51.657517 futex(0xc000400148, FUTEX_WAIT_PRIVATE, 0, NULL <unfinished ...>
[pid 216255] 11:21:51.657537 futex(0xc000083948, FUTEX_WAKE_PRIVATE, 1 <unfinished ...>
[pid 216246] 11:21:51.657556 nanosleep({tv_sec=0, tv_nsec=20000},  <unfinished ...>
[pid 216255] 11:21:51.657582 <... futex resumed>) = 1
[pid 216248] 11:21:51.657600 <... futex resumed>) = 0
[pid 216247] 11:21:51.657621 futex(0xc000083148, FUTEX_WAIT_PRIVATE, 0, NULL <unfinished ...>
[pid 216255] 11:21:51.657642 futex(0xc000083148, FUTEX_WAKE_PRIVATE, 1 <unfinished ...>
[pid 216248] 11:21:51.657674 futex(0xc000083948, FUTEX_WAIT_PRIVATE, 0, NULL <unfinished ...>
[pid 216255] 11:21:51.657696 <... futex resumed>) = 0
[pid 216247] 11:21:51.657713 <... futex resumed>) = -1 EAGAIN (Resource temporarily unavailable)
[pid 216246] 11:21:51.657733 <... nanosleep resumed>NULL) = 0
[pid 216255] 11:21:51.657753 futex(0xc000101148, FUTEX_WAIT_PRIVATE, 0, NULL <unfinished ...>
[pid 216247] 11:21:51.657773 rt_sigprocmask(SIG_SETMASK, [KILL STOP RT_6 RT_7 RT_8 RT_9 RT_10 RT_11 RT_12 RT_13 RT_14 RT_15 RT_16 RT_17 RT_18 RT_19 RT_20 RT_21 RT_22 RT_23 RT_24 RT_25 RT_26 RT_27 RT_28 RT_29 RT_30 RT_31 RT_32],  <unfinished ...>
[pid 216246] 11:21:51.657797 nanosleep({tv_sec=0, tv_nsec=20000},  <unfinished ...>
[pid 216247] 11:21:51.657807 <... rt_sigprocmask resumed>NULL, 8) = 0
[pid 216247] 11:21:51.657864 futex(0xc000101148, FUTEX_WAKE_PRIVATE, 1 <unfinished ...>
[pid 216255] 11:21:51.657944 <... futex resumed>) = 0
[pid 216247] 11:21:51.657964 <... futex resumed>) = 1
[pid 216246] 11:21:51.657983 <... nanosleep resumed>NULL) = 0
[pid 216255] 11:21:51.658003 nanosleep({tv_sec=0, tv_nsec=3000},  <unfinished ...>
[pid 216247] 11:21:51.658025 futex(0xc000083948, FUTEX_WAKE_PRIVATE, 1 <unfinished ...>
[pid 216246] 11:21:51.658045 nanosleep({tv_sec=0, tv_nsec=20000},  <unfinished ...>
[pid 216247] 11:21:51.658068 <... futex resumed>) = 1
[pid 216248] 11:21:51.658085 <... futex resumed>) = 0
[pid 216255] 11:21:51.658123 <... nanosleep resumed>NULL) = 0
[pid 216248] 11:21:51.658157 futex(0xc000083148, FUTEX_WAKE_PRIVATE, 1 <unfinished ...>
[pid 216247] 11:21:51.658180 futex(0xc000083148, FUTEX_WAIT_PRIVATE, 0, NULL <unfinished ...>
[pid 216255] 11:21:51.658202 futex(0xc000101148, FUTEX_WAIT_PRIVATE, 0, NULL <unfinished ...>
[pid 216248] 11:21:51.658220 <... futex resumed>) = 0
[pid 216246] 11:21:51.658239 <... nanosleep resumed>NULL) = 0
[pid 216247] 11:21:51.658255 <... futex resumed>) = -1 EAGAIN (Resource temporarily unavailable)
[pid 216248] 11:21:51.658274 futex(0xc000083948, FUTEX_WAIT_PRIVATE, 0, NULL <unfinished ...>
[pid 216247] 11:21:51.658293 rt_sigprocmask(SIG_SETMASK, [KILL STOP RT_7 RT_8 RT_9 RT_10 RT_11 RT_12 RT_13 RT_14 RT_15 RT_16 RT_17 RT_18 RT_19 RT_20 RT_21 RT_22 RT_23 RT_24 RT_25 RT_26 RT_27 RT_28 RT_29 RT_30 RT_31 RT_32],  <unfinished ...>
[pid 216246] 11:21:51.658315 epoll_pwait(4,  <unfinished ...>
[pid 216247] 11:21:51.658334 <... rt_sigprocmask resumed>NULL, 8) = 0
[pid 216246] 11:21:51.658352 <... epoll_pwait resumed>[{events=EPOLLOUT, data={u32=2251816961, u64=8428155476997832705}}], 128, 0, NULL, 0) = 1
[pid 216247] 11:21:51.658374 futex(0xc000083948, FUTEX_WAKE_PRIVATE, 1 <unfinished ...>
[pid 216246] 11:21:51.658394 nanosleep({tv_sec=0, tv_nsec=20000},  <unfinished ...>
[pid 216247] 11:21:51.658416 <... futex resumed>) = 1
[pid 216248] 11:21:51.658435 <... futex resumed>) = 0
[pid 216247] 11:21:51.658455 futex(0xc000101148, FUTEX_WAKE_PRIVATE, 1 <unfinished ...>
[pid 216248] 11:21:51.658474 futex(0xc000400148, FUTEX_WAKE_PRIVATE, 1 <unfinished ...>
[pid 216255] 11:21:51.658494 <... futex resumed>) = 0
[pid 216247] 11:21:51.658509 <... futex resumed>) = 1
[pid 216256] 11:21:51.658542 <... futex resumed>) = 0
[pid 216255] 11:21:51.658568 futex(0xc000101148, FUTEX_WAIT_PRIVATE, 0, NULL <unfinished ...>
[pid 216248] 11:21:51.658588 <... futex resumed>) = 1
[pid 216247] 11:21:51.658605 futex(0xc000083148, FUTEX_WAIT_PRIVATE, 0, NULL <unfinished ...>
[pid 216256] 11:21:51.658626 futex(0xc000400148, FUTEX_WAIT_PRIVATE, 0, NULL <unfinished ...>
[pid 216248] 11:21:51.658643 futex(0xc000400148, FUTEX_WAKE_PRIVATE, 1 <unfinished ...>
[pid 216246] 11:21:51.658662 <... nanosleep resumed>NULL) = 0
[pid 216256] 11:21:51.658681 <... futex resumed>) = -1 EAGAIN (Resource temporarily unavailable)
[pid 216248] 11:21:51.658699 <... futex resumed>) = 0
[pid 216256] 11:21:51.658718 nanosleep({tv_sec=0, tv_nsec=3000},  <unfinished ...>
[pid 216246] 11:21:51.658737 nanosleep({tv_sec=0, tv_nsec=20000},  <unfinished ...>
[pid 216248] 11:21:51.658755 futex(0xc000083148, FUTEX_WAKE_PRIVATE, 1) = 1
[pid 216247] 11:21:51.658820 <... futex resumed>) = 0
[pid 216256] 11:21:51.658839 <... nanosleep resumed>NULL) = 0
[pid 216248] 11:21:51.658856 futex(0xc000083948, FUTEX_WAIT_PRIVATE, 0, NULL <unfinished ...>
[pid 216256] 11:21:51.658876 futex(0xc000400148, FUTEX_WAIT_PRIVATE, 0, NULL <unfinished ...>
[pid 216247] 11:21:51.658893 rt_sigprocmask(SIG_SETMASK, [KILL STOP RT_8 RT_9 RT_10 RT_11 RT_12 RT_13 RT_14 RT_15 RT_16 RT_17 RT_18 RT_19 RT_20 RT_21 RT_22 RT_23 RT_24 RT_25 RT_26 RT_27 RT_28 RT_29 RT_30 RT_31 RT_32],  <unfinished ...>
[pid 216246] 11:21:51.658914 <... nanosleep resumed>NULL) = 0
[pid 216247] 11:21:51.658929 <... rt_sigprocmask resumed>NULL, 8) = 0
[pid 216246] 11:21:51.658946 nanosleep({tv_sec=0, tv_nsec=20000},  <unfinished ...>
[pid 216247] 11:21:51.658967 futex(0xc000400148, FUTEX_WAKE_PRIVATE, 1 <unfinished ...>
[pid 216256] 11:21:51.659018 <... futex resumed>) = 0
[pid 216247] 11:21:51.659037 <... futex resumed>) = 1
[pid 216256] 11:21:51.659085 futex(0xc000101148, FUTEX_WAKE_PRIVATE, 1 <unfinished ...>
[pid 216247] 11:21:51.659108 futex(0xc000083948, FUTEX_WAKE_PRIVATE, 1 <unfinished ...>
[pid 216246] 11:21:51.659125 <... nanosleep resumed>NULL) = 0
[pid 216256] 11:21:51.659149 <... futex resumed>) = 1
[pid 216247] 11:21:51.659199 <... futex resumed>) = 1
[pid 216256] 11:21:51.659223 futex(0xc000083148, FUTEX_WAKE_PRIVATE, 1 <unfinished ...>
[pid 216255] 11:21:51.659242 <... futex resumed>) = 0
[pid 216248] 11:21:51.659258 <... futex resumed>) = 0
[pid 216246] 11:21:51.659273 getpid( <unfinished ...>
[pid 216256] 11:21:51.659293 <... futex resumed>) = 0
[pid 216255] 11:21:51.659309 futex(0xc000101148, FUTEX_WAIT_PRIVATE, 0, NULL <unfinished ...>
[pid 216247] 11:21:51.659328 rt_sigprocmask(SIG_SETMASK, [KILL STOP RT_9 RT_10 RT_11 RT_12 RT_13 RT_14 RT_15 RT_16 RT_17 RT_18 RT_19 RT_20 RT_21 RT_22 RT_23 RT_24 RT_25 RT_26 RT_27 RT_28 RT_29 RT_30 RT_31 RT_32],  <unfinished ...>
[pid 216256] 11:21:51.659351 futex(0xc000400148, FUTEX_WAIT_PRIVATE, 0, NULL <unfinished ...>
[pid 216248] 11:21:51.659369 futex(0xc000083948, FUTEX_WAIT_PRIVATE, 0, NULL <unfinished ...>
[pid 216246] 11:21:51.659387 <... getpid resumed>) = 216245
[pid 216247] 11:21:51.659406 <... rt_sigprocmask resumed>NULL, 8) = 0
[pid 216246] 11:21:51.659426 tgkill(216245, 216256, SIGURG <unfinished ...>
[pid 216247] 11:21:51.659446 futex(0xc000400148, FUTEX_WAKE_PRIVATE, 1 <unfinished ...>
[pid 216246] 11:21:51.659463 <... tgkill resumed>) = 0
[pid 216256] 11:21:51.659481 <... futex resumed>) = ? ERESTARTSYS (To be restarted if SA_RESTART is set)
[pid 216246] 11:21:51.659500 nanosleep({tv_sec=0, tv_nsec=20000},  <unfinished ...>
[pid 216247] 11:21:51.659530 <... futex resumed>) = 0
[pid 216256] 11:21:51.659547 --- SIGURG {si_signo=SIGURG, si_code=SI_TKILL, si_pid=216245, si_uid=1000} ---
[pid 216247] 11:21:51.659568 futex(0xc000083948, FUTEX_WAKE_PRIVATE, 1 <unfinished ...>
[pid 216256] 11:21:51.659645 futex(0xf0b780, FUTEX_WAKE_PRIVATE, 1 <unfinished ...>
[pid 216248] 11:21:51.659665 <... futex resumed>) = 0
[pid 216247] 11:21:51.659680 <... futex resumed>) = 1
[pid 216256] 11:21:51.659697 <... futex resumed>) = 1
[pid 216249] 11:21:51.659711 <... futex resumed>) = 0
[pid 216246] 11:21:51.659729 <... nanosleep resumed>NULL) = 0
[pid 216256] 11:21:51.659756 rt_sigreturn({mask=[]} <unfinished ...>
[pid 216249] 11:21:51.659776 futex(0xc000100148, FUTEX_WAIT_PRIVATE, 0, NULL <unfinished ...>
[pid 216248] 11:21:51.659792 futex(0xc000083148, FUTEX_WAKE_PRIVATE, 1 <unfinished ...>
[pid 216247] 11:21:51.659807 rt_sigprocmask(SIG_SETMASK, [KILL STOP RT_10 RT_11 RT_12 RT_13 RT_14 RT_15 RT_16 RT_17 RT_18 RT_19 RT_20 RT_21 RT_22 RT_23 RT_24 RT_25 RT_26 RT_27 RT_28 RT_29 RT_30 RT_31 RT_32],  <unfinished ...>
[pid 216256] 11:21:51.659826 <... rt_sigreturn resumed>) = 202
[pid 216248] 11:21:51.659840 <... futex resumed>) = 0
[pid 216246] 11:21:51.659855 nanosleep({tv_sec=0, tv_nsec=20000},  <unfinished ...>
[pid 216256] 11:21:51.659874 futex(0xc000400148, FUTEX_WAIT_PRIVATE, 0, NULL <unfinished ...>
[pid 216247] 11:21:51.659891 <... rt_sigprocmask resumed>NULL, 8) = 0
[pid 216248] 11:21:51.659908 futex(0xc000083948, FUTEX_WAIT_PRIVATE, 0, NULL <unfinished ...>
[pid 216256] 11:21:51.659925 <... futex resumed>) = -1 EAGAIN (Resource temporarily unavailable)
[pid 216247] 11:21:51.659940 futex(0xc000083948, FUTEX_WAKE_PRIVATE, 1 <unfinished ...>
[pid 216256] 11:21:51.659959 futex(0xc000100148, FUTEX_WAKE_PRIVATE, 1 <unfinished ...>
[pid 216248] 11:21:51.659976 <... futex resumed>) = -1 EAGAIN (Resource temporarily unavailable)
[pid 216247] 11:21:51.659994 <... futex resumed>) = 0
[pid 216246] 11:21:51.660011 <... nanosleep resumed>NULL) = 0
[pid 216256] 11:21:51.660032 <... futex resumed>) = 1
[pid 216249] 11:21:51.660040 <... futex resumed>) = 0
[pid 216248] 11:21:51.660056 futex(0xc000083948, FUTEX_WAIT_PRIVATE, 0, NULL <unfinished ...>
[pid 216247] 11:21:51.660074 futex(0xc000083148, FUTEX_WAIT_PRIVATE, 0, NULL <unfinished ...>
[pid 216256] 11:21:51.660094 futex(0xc000083148, FUTEX_WAKE_PRIVATE, 1 <unfinished ...>
[pid 216249] 11:21:51.660111 futex(0xc000100148, FUTEX_WAIT_PRIVATE, 0, NULL <unfinished ...>
[pid 216246] 11:21:51.660129 nanosleep({tv_sec=0, tv_nsec=20000},  <unfinished ...>
[pid 216256] 11:21:51.660153 <... futex resumed>) = 0
[pid 216247] 11:21:51.660170 <... futex resumed>) = -1 EAGAIN (Resource temporarily unavailable)
[pid 216256] 11:21:51.660190 futex(0xc000400148, FUTEX_WAIT_PRIVATE, 0, NULL <unfinished ...>
[pid 216247] 11:21:51.660209 rt_sigprocmask(SIG_SETMASK, [KILL STOP RT_11 RT_12 RT_13 RT_14 RT_15 RT_16 RT_17 RT_18 RT_19 RT_20 RT_21 RT_22 RT_23 RT_24 RT_25 RT_26 RT_27 RT_28 RT_29 RT_30 RT_31 RT_32], NULL, 8) = 0
[pid 216246] 11:21:51.660267 <... nanosleep resumed>NULL) = 0
[pid 216247] 11:21:51.660285 futex(0xc000400148, FUTEX_WAKE_PRIVATE, 1 <unfinished ...>
[pid 216246] 11:21:51.660305 nanosleep({tv_sec=0, tv_nsec=20000},  <unfinished ...>
[pid 216247] 11:21:51.660338 <... futex resumed>) = 1
[pid 216256] 11:21:51.660354 <... futex resumed>) = 0
[pid 216247] 11:21:51.660370 futex(0xc000100148, FUTEX_WAKE_PRIVATE, 1 <unfinished ...>
[pid 216256] 11:21:51.660388 futex(0xc000083948, FUTEX_WAKE_PRIVATE, 1 <unfinished ...>
[pid 216247] 11:21:51.660408 <... futex resumed>) = 1
[pid 216249] 11:21:51.660431 <... futex resumed>) = 0
[pid 216246] 11:21:51.660450 <... nanosleep resumed>NULL) = 0
[pid 216256] 11:21:51.660470 <... futex resumed>) = 1
[pid 216249] 11:21:51.660497 futex(0xc000100148, FUTEX_WAIT_PRIVATE, 0, NULL <unfinished ...>
[pid 216248] 11:21:51.660513 <... futex resumed>) = 0
[pid 216247] 11:21:51.660527 futex(0xc000083148, FUTEX_WAIT_PRIVATE, 0, NULL <unfinished ...>
[pid 216256] 11:21:51.660544 futex(0xc000083148, FUTEX_WAKE_PRIVATE, 1 <unfinished ...>
[pid 216246] 11:21:51.660559 nanosleep({tv_sec=0, tv_nsec=20000},  <unfinished ...>
[pid 216256] 11:21:51.660591 <... futex resumed>) = 0
[pid 216248] 11:21:51.660607 futex(0xc000083948, FUTEX_WAIT_PRIVATE, 0, NULL <unfinished ...>
[pid 216247] 11:21:51.660622 <... futex resumed>) = -1 EAGAIN (Resource temporarily unavailable)
[pid 216256] 11:21:51.660638 futex(0xc000400148, FUTEX_WAIT_PRIVATE, 0, NULL <unfinished ...>
[pid 216247] 11:21:51.660655 rt_sigprocmask(SIG_SETMASK, [KILL STOP RT_12 RT_13 RT_14 RT_15 RT_16 RT_17 RT_18 RT_19 RT_20 RT_21 RT_22 RT_23 RT_24 RT_25 RT_26 RT_27 RT_28 RT_29 RT_30 RT_31 RT_32],  <unfinished ...>
[pid 216246] 11:21:51.660675 <... nanosleep resumed>NULL) = 0
[pid 216247] 11:21:51.660694 <... rt_sigprocmask resumed>NULL, 8) = 0
[pid 216247] 11:21:51.660743 futex(0xc000400148, FUTEX_WAKE_PRIVATE, 1 <unfinished ...>
[pid 216246] 11:21:51.660773 nanosleep({tv_sec=0, tv_nsec=20000},  <unfinished ...>
[pid 216256] 11:21:51.660805 <... futex resumed>) = 0
[pid 216247] 11:21:51.660825 <... futex resumed>) = 1
[pid 216256] 11:21:51.660845 nanosleep({tv_sec=0, tv_nsec=3000},  <unfinished ...>
[pid 216247] 11:21:51.660877 futex(0xc000083948, FUTEX_WAKE_PRIVATE, 1 <unfinished ...>
[pid 216246] 11:21:51.660894 <... nanosleep resumed>NULL) = 0
[pid 216248] 11:21:51.660932 <... futex resumed>) = 0
[pid 216247] 11:21:51.660951 <... futex resumed>) = 1
[pid 216246] 11:21:51.660968 nanosleep({tv_sec=0, tv_nsec=20000},  <unfinished ...>
[pid 216256] 11:21:51.660989 <... nanosleep resumed>NULL) = 0
[pid 216248] 11:21:51.661008 futex(0xc000083148, FUTEX_WAKE_PRIVATE, 1 <unfinished ...>
[pid 216247] 11:21:51.661026 rt_sigprocmask(SIG_SETMASK, [KILL STOP RT_13 RT_14 RT_15 RT_16 RT_17 RT_18 RT_19 RT_20 RT_21 RT_22 RT_23 RT_24 RT_25 RT_26 RT_27 RT_28 RT_29 RT_30 RT_31 RT_32],  <unfinished ...>
[pid 216256] 11:21:51.661047 futex(0xc000400148, FUTEX_WAIT_PRIVATE, 0, NULL <unfinished ...>
[pid 216248] 11:21:51.661067 <... futex resumed>) = 0
[pid 216247] 11:21:51.661083 <... rt_sigprocmask resumed>NULL, 8) = 0
[pid 216246] 11:21:51.661101 <... nanosleep resumed>NULL) = 0
[pid 216248] 11:21:51.661120 futex(0xc000083948, FUTEX_WAIT_PRIVATE, 0, NULL <unfinished ...>
[pid 216247] 11:21:51.661139 futex(0xc000083948, FUTEX_WAKE_PRIVATE, 1 <unfinished ...>
[pid 216248] 11:21:51.661167 <... futex resumed>) = -1 EAGAIN (Resource temporarily unavailable)
[pid 216246] 11:21:51.661185 nanosleep({tv_sec=0, tv_nsec=20000},  <unfinished ...>
[pid 216248] 11:21:51.661205 nanosleep({tv_sec=0, tv_nsec=3000},  <unfinished ...>
[pid 216247] 11:21:51.661225 <... futex resumed>) = 0
[pid 216247] 11:21:51.661278 futex(0xc000400148, FUTEX_WAKE_PRIVATE, 1 <unfinished ...>
[pid 216246] 11:21:51.661303 <... nanosleep resumed>NULL) = 0
[pid 216248] 11:21:51.661319 <... nanosleep resumed>NULL) = 0
[pid 216256] 11:21:51.661340 <... futex resumed>) = 0
[pid 216247] 11:21:51.661365 <... futex resumed>) = 1
[pid 216246] 11:21:51.661382 nanosleep({tv_sec=0, tv_nsec=20000},  <unfinished ...>
[pid 216256] 11:21:51.661404 futex(0xc000400148, FUTEX_WAIT_PRIVATE, 0, NULL <unfinished ...>
[pid 216248] 11:21:51.661419 futex(0xc000100148, FUTEX_WAKE_PRIVATE, 1 <unfinished ...>
[pid 216247] 11:21:51.661435 futex(0xc000083148, FUTEX_WAIT_PRIVATE, 0, NULL <unfinished ...>
[pid 216249] 11:21:51.661497 <... futex resumed>) = 0
[pid 216248] 11:21:51.661525 <... futex resumed>) = 1
[pid 216249] 11:21:51.661547 futex(0xc000100148, FUTEX_WAIT_PRIVATE, 0, NULL <unfinished ...>
[pid 216246] 11:21:51.661567 <... nanosleep resumed>NULL) = 0
[pid 216249] 11:21:51.661589 <... futex resumed>) = -1 EAGAIN (Resource temporarily unavailable)
[pid 216248] 11:21:51.661646 futex(0xc000100148, FUTEX_WAKE_PRIVATE, 1 <unfinished ...>
[pid 216249] 11:21:51.661675 nanosleep({tv_sec=0, tv_nsec=3000},  <unfinished ...>
[pid 216246] 11:21:51.661696 nanosleep({tv_sec=0, tv_nsec=20000},  <unfinished ...>
[pid 216248] 11:21:51.661718 <... futex resumed>) = 0
[pid 216248] 11:21:51.661825 futex(0xc000083148, FUTEX_WAKE_PRIVATE, 1 <unfinished ...>
[pid 216249] 11:21:51.661858 <... nanosleep resumed>NULL) = 0
[pid 216246] 11:21:51.661876 <... nanosleep resumed>NULL) = 0
[pid 216245] 11:21:51.661894 <... sendfile resumed>) = 11431736
[pid 216249] 11:21:51.661914 futex(0xc000100148, FUTEX_WAIT_PRIVATE, 0, NULL <unfinished ...>
[pid 216248] 11:21:51.661934 <... futex resumed>) = 1
[pid 216247] 11:21:51.661964 <... futex resumed>) = 0
[pid 216246] 11:21:51.661990 nanosleep({tv_sec=0, tv_nsec=20000},  <unfinished ...>
[pid 216248] 11:21:51.662020 futex(0xc000083948, FUTEX_WAIT_PRIVATE, 0, NULL <unfinished ...>
[pid 216247] 11:21:51.662050 rt_sigprocmask(SIG_SETMASK, [KILL STOP RT_14 RT_15 RT_16 RT_17 RT_18 RT_19 RT_20 RT_21 RT_22 RT_23 RT_24 RT_25 RT_26 RT_27 RT_28 RT_29 RT_30 RT_31 RT_32],  <unfinished ...>
[pid 216245] 11:21:51.662074 fchmod(25, 0511 <unfinished ...>
[pid 216247] 11:21:51.662097 <... rt_sigprocmask resumed>NULL, 8) = 0
[pid 216247] 11:21:51.662170 futex(0xc000083948, FUTEX_WAKE_PRIVATE, 1 <unfinished ...>
[pid 216246] 11:21:51.662270 <... nanosleep resumed>NULL) = 0
[pid 216245] 11:21:51.662297 <... fchmod resumed>) = 0
[pid 216248] 11:21:51.662319 <... futex resumed>) = 0
[pid 216247] 11:21:51.662337 <... futex resumed>) = 1
[pid 216246] 11:21:51.662356 nanosleep({tv_sec=0, tv_nsec=20000},  <unfinished ...>
[pid 216248] 11:21:51.662383 nanosleep({tv_sec=0, tv_nsec=3000},  <unfinished ...>
[pid 216247] 11:21:51.662403 futex(0xc000100148, FUTEX_WAKE_PRIVATE, 1 <unfinished ...>
[pid 216245] 11:21:51.662423 fcntl(25, F_ADD_SEALS, F_SEAL_EXEC <unfinished ...>
[pid 216247] 11:21:51.662445 <... futex resumed>) = 1
[pid 216249] 11:21:51.662465 <... futex resumed>) = 0
[pid 216245] 11:21:51.662483 <... fcntl resumed>) = 0
[pid 216248] 11:21:51.662505 <... nanosleep resumed>NULL) = 0
[pid 216247] 11:21:51.662523 futex(0xc000083148, FUTEX_WAIT_PRIVATE, 0, NULL <unfinished ...>
[pid 216246] 11:21:51.662541 <... nanosleep resumed>NULL) = 0
[pid 216249] 11:21:51.662561 futex(0xc000083148, FUTEX_WAKE_PRIVATE, 1 <unfinished ...>
[pid 216248] 11:21:51.662624 futex(0xc000083948, FUTEX_WAIT_PRIVATE, 0, NULL <unfinished ...>
[pid 216247] 11:21:51.662647 <... futex resumed>) = -1 EAGAIN (Resource temporarily unavailable)
[pid 216245] 11:21:51.662668 fcntl(25, F_ADD_SEALS, F_SEAL_SEAL|F_SEAL_SHRINK|F_SEAL_GROW|F_SEAL_WRITE <unfinished ...>
[pid 216249] 11:21:51.662694 <... futex resumed>) = 0
[pid 216247] 11:21:51.662710 rt_sigprocmask(SIG_SETMASK, [KILL STOP RT_15 RT_16 RT_17 RT_18 RT_19 RT_20 RT_21 RT_22 RT_23 RT_24 RT_25 RT_26 RT_27 RT_28 RT_29 RT_30 RT_31 RT_32],  <unfinished ...>
[pid 216246] 11:21:51.662736 nanosleep({tv_sec=0, tv_nsec=20000},  <unfinished ...>
[pid 216249] 11:21:51.662757 futex(0xc000100148, FUTEX_WAIT_PRIVATE, 0, NULL <unfinished ...>
[pid 216247] 11:21:51.662776 <... rt_sigprocmask resumed>NULL, 8) = 0
[pid 216245] 11:21:51.662796 <... fcntl resumed>) = 0
[pid 216247] 11:21:51.662818 futex(0xc000100148, FUTEX_WAKE_PRIVATE, 1 <unfinished ...>
[pid 216245] 11:21:51.662842 close(23 <unfinished ...>
[pid 216247] 11:21:51.662865 <... futex resumed>) = 1
[pid 216246] 11:21:51.662886 <... nanosleep resumed>NULL) = 0
[pid 216249] 11:21:51.662908 <... futex resumed>) = 0
[pid 216247] 11:21:51.662926 futex(0xc000083948, FUTEX_WAKE_PRIVATE, 1 <unfinished ...>
[pid 216245] 11:21:51.662945 <... close resumed>) = 0
[pid 216249] 11:21:51.662964 futex(0xc000400148, FUTEX_WAKE_PRIVATE, 1 <unfinished ...>
[pid 216247] 11:21:51.662982 <... futex resumed>) = 1
[pid 216246] 11:21:51.662999 nanosleep({tv_sec=0, tv_nsec=20000},  <unfinished ...>
[pid 216256] 11:21:51.663025 <... futex resumed>) = 0
[pid 216249] 11:21:51.663056 <... futex resumed>) = 1
[pid 216248] 11:21:51.663080 <... futex resumed>) = 0
[pid 216247] 11:21:51.663098 futex(0xc000083148, FUTEX_WAIT_PRIVATE, 0, NULL <unfinished ...>
[pid 216256] 11:21:51.663131 futex(0xc000400148, FUTEX_WAIT_PRIVATE, 0, NULL <unfinished ...>
[pid 216249] 11:21:51.663149 futex(0xc000400148, FUTEX_WAKE_PRIVATE, 1 <unfinished ...>
[pid 216248] 11:21:51.663174 nanosleep({tv_sec=0, tv_nsec=3000},  <unfinished ...>
[pid 216245] 11:21:51.663195 openat(AT_FDCWD, "/run/user/1000/anolix-runc/anolix-3e10afe62f83/exec.fifo", O_RDONLY|O_CLOEXEC|O_PATH <unfinished ...>
[pid 216256] 11:21:51.663235 <... futex resumed>) = -1 EAGAIN (Resource temporarily unavailable)
[pid 216249] 11:21:51.663254 <... futex resumed>) = 0
[pid 216246] 11:21:51.663270 <... nanosleep resumed>NULL) = 0
[pid 216256] 11:21:51.663290 nanosleep({tv_sec=0, tv_nsec=3000},  <unfinished ...>
[pid 216249] 11:21:51.663312 futex(0xc000083148, FUTEX_WAKE_PRIVATE, 1 <unfinished ...>
[pid 216248] 11:21:51.663330 <... nanosleep resumed>NULL) = 0
[pid 216245] 11:21:51.663349 <... openat resumed>) = 23
[pid 216249] 11:21:51.663369 <... futex resumed>) = 1
[pid 216247] 11:21:51.663388 <... futex resumed>) = 0
[pid 216246] 11:21:51.663406 nanosleep({tv_sec=0, tv_nsec=20000},  <unfinished ...>
[pid 216248] 11:21:51.663428 futex(0xc000083948, FUTEX_WAIT_PRIVATE, 0, NULL <unfinished ...>
[pid 216256] 11:21:51.663447 <... nanosleep resumed>NULL) = 0
[pid 216249] 11:21:51.663463 futex(0xc000100148, FUTEX_WAIT_PRIVATE, 0, NULL <unfinished ...>
[pid 216247] 11:21:51.663480 rt_sigprocmask(SIG_SETMASK, [KILL STOP RT_16 RT_17 RT_18 RT_19 RT_20 RT_21 RT_22 RT_23 RT_24 RT_25 RT_26 RT_27 RT_28 RT_29 RT_30 RT_31 RT_32],  <unfinished ...>
[pid 216245] 11:21:51.663500 fcntl(23, F_GETFL <unfinished ...>
[pid 216256] 11:21:51.663520 futex(0xc000400148, FUTEX_WAIT_PRIVATE, 0, NULL <unfinished ...>
[pid 216247] 11:21:51.663537 <... rt_sigprocmask resumed>NULL, 8) = 0
[pid 216246] 11:21:51.663556 <... nanosleep resumed>NULL) = 0
[pid 216245] 11:21:51.663574 <... fcntl resumed>) = 0x200000 (flags O_RDONLY|O_PATH)
[pid 216247] 11:21:51.663608 futex(0xc000400148, FUTEX_WAKE_PRIVATE, 1 <unfinished ...>
[pid 216246] 11:21:51.663628 nanosleep({tv_sec=0, tv_nsec=20000},  <unfinished ...>
[pid 216245] 11:21:51.663646 fcntl(23, F_SETFL, O_RDONLY|O_NONBLOCK|O_PATH <unfinished ...>
[pid 216247] 11:21:51.663664 <... futex resumed>) = 1
[pid 216256] 11:21:51.663681 <... futex resumed>) = 0
[pid 216245] 11:21:51.663695 <... fcntl resumed>) = -1 EBADF (Bad file descriptor)
[pid 216247] 11:21:51.663735 futex(0xc000100148, FUTEX_WAKE_PRIVATE, 1 <unfinished ...>
[pid 216256] 11:21:51.663770 futex(0xc000083948, FUTEX_WAKE_PRIVATE, 1 <unfinished ...>
[pid 216246] 11:21:51.663788 <... nanosleep resumed>NULL) = 0
[pid 216245] 11:21:51.663806 newfstatat(AT_FDCWD, "/home/sh1rogane/.local/sdk/go/bin/newuidmap",  <unfinished ...>
[pid 216256] 11:21:51.663835 <... futex resumed>) = 1
[pid 216249] 11:21:51.663870 <... futex resumed>) = 0
[pid 216248] 11:21:51.663893 <... futex resumed>) = 0
[pid 216247] 11:21:51.663911 <... futex resumed>) = 1
[pid 216246] 11:21:51.663929 nanosleep({tv_sec=0, tv_nsec=20000},  <unfinished ...>
[pid 216256] 11:21:51.663956 futex(0xc000083148, FUTEX_WAKE_PRIVATE, 1 <unfinished ...>
[pid 216249] 11:21:51.663974 futex(0xc000100148, FUTEX_WAIT_PRIVATE, 0, NULL <unfinished ...>
[pid 216248] 11:21:51.664010 futex(0xc000083948, FUTEX_WAIT_PRIVATE, 0, NULL <unfinished ...>
[pid 216247] 11:21:51.664036 rt_sigprocmask(SIG_SETMASK, [KILL STOP RT_17 RT_18 RT_19 RT_20 RT_21 RT_22 RT_23 RT_24 RT_25 RT_26 RT_27 RT_28 RT_29 RT_30 RT_31 RT_32],  <unfinished ...>
[pid 216245] 11:21:51.664084 <... newfstatat resumed>0xc0003241d8, 0) = -1 ENOENT (No such file or directory)
[pid 216256] 11:21:51.664110 <... futex resumed>) = 0
[pid 216247] 11:21:51.664128 <... rt_sigprocmask resumed>NULL, 8) = 0
[pid 216246] 11:21:51.664144 <... nanosleep resumed>NULL) = 0
[pid 216256] 11:21:51.664166 futex(0xc000400148, FUTEX_WAIT_PRIVATE, 0, NULL <unfinished ...>
[pid 216247] 11:21:51.664183 futex(0xc000400148, FUTEX_WAKE_PRIVATE, 1 <unfinished ...>
[pid 216245] 11:21:51.664199 newfstatat(AT_FDCWD, "/home/sh1rogane/go/bin/newuidmap",  <unfinished ...>
[pid 216256] 11:21:51.664241 <... futex resumed>) = -1 EAGAIN (Resource temporarily unavailable)
[pid 216247] 11:21:51.664257 <... futex resumed>) = 0
[pid 216246] 11:21:51.664274 nanosleep({tv_sec=0, tv_nsec=20000},  <unfinished ...>
[pid 216256] 11:21:51.664294 nanosleep({tv_sec=0, tv_nsec=3000},  <unfinished ...>
[pid 216247] 11:21:51.664314 futex(0xc000083948, FUTEX_WAKE_PRIVATE, 1 <unfinished ...>
[pid 216245] 11:21:51.664347 <... newfstatat resumed>0xc0003242a8, 0) = -1 ENOENT (No such file or directory)
[pid 216248] 11:21:51.664404 <... futex resumed>) = 0
[pid 216247] 11:21:51.664424 <... futex resumed>) = 1
[pid 216246] 11:21:51.664444 <... nanosleep resumed>NULL) = 0
[pid 216256] 11:21:51.664479 <... nanosleep resumed>NULL) = 0
[pid 216248] 11:21:51.664499 futex(0xc000083148, FUTEX_WAKE_PRIVATE, 1 <unfinished ...>
[pid 216247] 11:21:51.664520 rt_sigprocmask(SIG_SETMASK, [KILL STOP RT_18 RT_19 RT_20 RT_21 RT_22 RT_23 RT_24 RT_25 RT_26 RT_27 RT_28 RT_29 RT_30 RT_31 RT_32],  <unfinished ...>
[pid 216245] 11:21:51.664545 newfstatat(AT_FDCWD, "/home/sh1rogane/.local/sdk/go/bin/newuidmap",  <unfinished ...>
[pid 216256] 11:21:51.664571 futex(0xc000400148, FUTEX_WAIT_PRIVATE, 0, NULL <unfinished ...>
[pid 216248] 11:21:51.664591 <... futex resumed>) = 0
[pid 216247] 11:21:51.664610 <... rt_sigprocmask resumed>NULL, 8) = 0
[pid 216246] 11:21:51.664630 nanosleep({tv_sec=0, tv_nsec=20000},  <unfinished ...>
[pid 216248] 11:21:51.664655 futex(0xc000083948, FUTEX_WAIT_PRIVATE, 0, NULL <unfinished ...>
[pid 216247] 11:21:51.664675 futex(0xc000083948, FUTEX_WAKE_PRIVATE, 1 <unfinished ...>
[pid 216245] 11:21:51.664695 <... newfstatat resumed>0xc000324378, 0) = -1 ENOENT (No such file or directory)
[pid 216248] 11:21:51.664718 <... futex resumed>) = -1 EAGAIN (Resource temporarily unavailable)
[pid 216247] 11:21:51.664750 <... futex resumed>) = 0
[pid 216248] 11:21:51.664773 nanosleep({tv_sec=0, tv_nsec=3000},  <unfinished ...>
[pid 216246] 11:21:51.664795 <... nanosleep resumed>NULL) = 0
[pid 216245] 11:21:51.664814 newfstatat(AT_FDCWD, "/home/sh1rogane/go/bin/newuidmap",  <unfinished ...>
[pid 216247] 11:21:51.664840 futex(0xc000400148, FUTEX_WAKE_PRIVATE, 1 <unfinished ...>
[pid 216246] 11:21:51.664861 nanosleep({tv_sec=0, tv_nsec=20000},  <unfinished ...>
[pid 216248] 11:21:51.664887 <... nanosleep resumed>NULL) = 0
[pid 216247] 11:21:51.664907 <... futex resumed>) = 1
[pid 216245] 11:21:51.664927 <... newfstatat resumed>0xc000324448, 0) = -1 ENOENT (No such file or directory)
[pid 216256] 11:21:51.664947 <... futex resumed>) = 0
[pid 216248] 11:21:51.664967 futex(0xc000100148, FUTEX_WAKE_PRIVATE, 1 <unfinished ...>
[pid 216247] 11:21:51.664990 futex(0xc000083148, FUTEX_WAIT_PRIVATE, 0, NULL <unfinished ...>
[pid 216256] 11:21:51.665012 futex(0xc000400148, FUTEX_WAIT_PRIVATE, 0, NULL <unfinished ...>
[pid 216246] 11:21:51.665032 <... nanosleep resumed>NULL) = 0
[pid 216245] 11:21:51.665050 newfstatat(AT_FDCWD, "/home/sh1rogane/.qoder-server/bin/85e509d9b77b9c245ac4703b4aa667d5be04a147/bin/remote-cli/newuidmap",  <unfinished ...>
[pid 216249] 11:21:51.665074 <... futex resumed>) = 0
[pid 216248] 11:21:51.665092 <... futex resumed>) = 1
[pid 216246] 11:21:51.665110 nanosleep({tv_sec=0, tv_nsec=20000},  <unfinished ...>
[pid 216249] 11:21:51.665147 futex(0xc000100148, FUTEX_WAIT_PRIVATE, 0, NULL <unfinished ...>
[pid 216248] 11:21:51.665167 futex(0xc000100148, FUTEX_WAKE_PRIVATE, 1 <unfinished ...>
[pid 216245] 11:21:51.665186 <... newfstatat resumed>0xc000324518, 0) = -1 ENOENT (No such file or directory)
[pid 216249] 11:21:51.665206 <... futex resumed>) = -1 EAGAIN (Resource temporarily unavailable)
[pid 216248] 11:21:51.665225 <... futex resumed>) = 0
[pid 216249] 11:21:51.665244 nanosleep({tv_sec=0, tv_nsec=3000},  <unfinished ...>
[pid 216246] 11:21:51.665264 <... nanosleep resumed>NULL) = 0
[pid 216245] 11:21:51.665286 newfstatat(AT_FDCWD, "/home/sh1rogane/.local/bin/newuidmap",  <unfinished ...>
[pid 216248] 11:21:51.665310 futex(0xc000083148, FUTEX_WAKE_PRIVATE, 1 <unfinished ...>
[pid 216246] 11:21:51.665329 nanosleep({tv_sec=0, tv_nsec=20000},  <unfinished ...>
[pid 216248] 11:21:51.665352 <... futex resumed>) = 1
[pid 216245] 11:21:51.665370 <... newfstatat resumed>0xc0003245e8, 0) = -1 ENOENT (No such file or directory)
[pid 216249] 11:21:51.665392 <... nanosleep resumed>NULL) = 0
[pid 216248] 11:21:51.665411 futex(0xc000083948, FUTEX_WAIT_PRIVATE, 0, NULL <unfinished ...>
[pid 216247] 11:21:51.665431 <... futex resumed>) = 0
[pid 216249] 11:21:51.665452 futex(0xc000100148, FUTEX_WAIT_PRIVATE, 0, NULL <unfinished ...>
[pid 216246] 11:21:51.665483 <... nanosleep resumed>NULL) = 0
[pid 216245] 11:21:51.665501 newfstatat(AT_FDCWD, "/home/sh1rogane/.local/sdk/go/bin/newuidmap",  <unfinished ...>
[pid 216247] 11:21:51.665525 rt_sigprocmask(SIG_SETMASK, [KILL STOP RT_19 RT_20 RT_21 RT_22 RT_23 RT_24 RT_25 RT_26 RT_27 RT_28 RT_29 RT_30 RT_31 RT_32],  <unfinished ...>
[pid 216246] 11:21:51.665547 nanosleep({tv_sec=0, tv_nsec=20000},  <unfinished ...>
[pid 216247] 11:21:51.665570 <... rt_sigprocmask resumed>NULL, 8) = 0
[pid 216245] 11:21:51.665589 <... newfstatat resumed>0xc0003246b8, 0) = -1 ENOENT (No such file or directory)
[pid 216247] 11:21:51.665609 futex(0xc000100148, FUTEX_WAKE_PRIVATE, 1 <unfinished ...>
[pid 216245] 11:21:51.665630 newfstatat(AT_FDCWD, "/home/sh1rogane/go/bin/newuidmap",  <unfinished ...>
[pid 216249] 11:21:51.665653 <... futex resumed>) = 0
[pid 216247] 11:21:51.665673 <... futex resumed>) = 1
[pid 216246] 11:21:51.665701 <... nanosleep resumed>NULL) = 0
[pid 216245] 11:21:51.665720 <... newfstatat resumed>0xc000324788, 0) = -1 ENOENT (No such file or directory)
[pid 216249] 11:21:51.665741 nanosleep({tv_sec=0, tv_nsec=3000},  <unfinished ...>
[pid 216247] 11:21:51.665775 futex(0xc000083948, FUTEX_WAKE_PRIVATE, 1 <unfinished ...>
[pid 216246] 11:21:51.665794 nanosleep({tv_sec=0, tv_nsec=20000},  <unfinished ...>
[pid 216248] 11:21:51.665817 <... futex resumed>) = 0
[pid 216247] 11:21:51.665834 <... futex resumed>) = 1
[pid 216245] 11:21:51.665852 newfstatat(AT_FDCWD, "/home/sh1rogane/.local/sdk/go/bin/newuidmap",  <unfinished ...>
[pid 216248] 11:21:51.665876 futex(0xc000083148, FUTEX_WAKE_PRIVATE, 1 <unfinished ...>
[pid 216247] 11:21:51.665895 rt_sigprocmask(SIG_SETMASK, [KILL STOP RT_20 RT_21 RT_22 RT_23 RT_24 RT_25 RT_26 RT_27 RT_28 RT_29 RT_30 RT_31 RT_32],  <unfinished ...>
[pid 216249] 11:21:51.665920 <... nanosleep resumed>NULL) = 0
[pid 216248] 11:21:51.665939 <... futex resumed>) = 0
[pid 216246] 11:21:51.665980 <... nanosleep resumed>NULL) = 0
[pid 216245] 11:21:51.665999 <... newfstatat resumed>0xc000324858, 0) = -1 ENOENT (No such file or directory)
[pid 216249] 11:21:51.666021 futex(0xc000100148, FUTEX_WAIT_PRIVATE, 0, NULL <unfinished ...>
[pid 216248] 11:21:51.666041 futex(0xc000083948, FUTEX_WAIT_PRIVATE, 0, NULL <unfinished ...>
[pid 216247] 11:21:51.666072 <... rt_sigprocmask resumed>NULL, 8) = 0
[pid 216246] 11:21:51.666091 nanosleep({tv_sec=0, tv_nsec=20000},  <unfinished ...>
[pid 216247] 11:21:51.666115 futex(0xc000083948, FUTEX_WAKE_PRIVATE, 1 <unfinished ...>
[pid 216245] 11:21:51.666132 newfstatat(AT_FDCWD, "/home/sh1rogane/go/bin/newuidmap",  <unfinished ...>
[pid 216247] 11:21:51.666155 <... futex resumed>) = 1
[pid 216248] 11:21:51.666174 <... futex resumed>) = 0
[pid 216245] 11:21:51.666206 <... newfstatat resumed>0xc000324928, 0) = -1 ENOENT (No such file or directory)
[pid 216248] 11:21:51.666228 futex(0xc000400148, FUTEX_WAKE_PRIVATE, 1 <unfinished ...>
[pid 216247] 11:21:51.666247 futex(0xc000100148, FUTEX_WAKE_PRIVATE, 1 <unfinished ...>
[pid 216246] 11:21:51.666266 <... nanosleep resumed>NULL) = 0
[pid 216256] 11:21:51.666289 <... futex resumed>) = 0
[pid 216248] 11:21:51.666307 <... futex resumed>) = 1
[pid 216247] 11:21:51.666327 <... futex resumed>) = 1
[pid 216245] 11:21:51.666348 newfstatat(AT_FDCWD, "/usr/local/sbin/newuidmap",  <unfinished ...>
[pid 216256] 11:21:51.666388 futex(0xc000400148, FUTEX_WAIT_PRIVATE, 0, NULL <unfinished ...>
[pid 216249] 11:21:51.666408 <... futex resumed>) = 0
[pid 216248] 11:21:51.666426 futex(0xc000400148, FUTEX_WAKE_PRIVATE, 1 <unfinished ...>
[pid 216247] 11:21:51.666446 futex(0xc000083148, FUTEX_WAIT_PRIVATE, 0, NULL <unfinished ...>
[pid 216246] 11:21:51.666465 nanosleep({tv_sec=0, tv_nsec=20000},  <unfinished ...>
[pid 216256] 11:21:51.666502 <... futex resumed>) = -1 EAGAIN (Resource temporarily unavailable)
[pid 216249] 11:21:51.666523 nanosleep({tv_sec=0, tv_nsec=3000},  <unfinished ...>
[pid 216248] 11:21:51.666544 <... futex resumed>) = 0
[pid 216245] 11:21:51.666563 <... newfstatat resumed>0xc0003249f8, 0) = -1 ENOENT (No such file or directory)
[pid 216256] 11:21:51.666584 nanosleep({tv_sec=0, tv_nsec=3000},  <unfinished ...>
[pid 216248] 11:21:51.666607 futex(0xc000083148, FUTEX_WAKE_PRIVATE, 1 <unfinished ...>
[pid 216249] 11:21:51.666629 <... nanosleep resumed>NULL) = 0
[pid 216246] 11:21:51.666649 <... nanosleep resumed>NULL) = 0
[pid 216245] 11:21:51.666669 newfstatat(AT_FDCWD, "/usr/local/bin/newuidmap",  <unfinished ...>
[pid 216256] 11:21:51.666696 <... nanosleep resumed>NULL) = 0
[pid 216249] 11:21:51.666716 futex(0xc000100148, FUTEX_WAIT_PRIVATE, 0, NULL <unfinished ...>
[pid 216248] 11:21:51.666744 <... futex resumed>) = 1
[pid 216247] 11:21:51.666762 <... futex resumed>) = 0
[pid 216246] 11:21:51.666782 nanosleep({tv_sec=0, tv_nsec=20000},  <unfinished ...>
[pid 216256] 11:21:51.666806 futex(0xc000400148, FUTEX_WAIT_PRIVATE, 0, NULL <unfinished ...>
[pid 216248] 11:21:51.666838 futex(0xc000083948, FUTEX_WAIT_PRIVATE, 0, NULL <unfinished ...>
[pid 216247] 11:21:51.666858 rt_sigprocmask(SIG_SETMASK, [KILL STOP RT_21 RT_22 RT_23 RT_24 RT_25 RT_26 RT_27 RT_28 RT_29 RT_30 RT_31 RT_32],  <unfinished ...>
[pid 216245] 11:21:51.666881 <... newfstatat resumed>0xc000324ac8, 0) = -1 ENOENT (No such file or directory)
[pid 216247] 11:21:51.666891 <... rt_sigprocmask resumed>NULL, 8) = 0
[pid 216246] 11:21:51.666917 <... nanosleep resumed>NULL) = 0
[pid 216247] 11:21:51.666939 futex(0xc000083948, FUTEX_WAKE_PRIVATE, 1 <unfinished ...>
[pid 216245] 11:21:51.666959 newfstatat(AT_FDCWD, "/usr/sbin/newuidmap",  <unfinished ...>
[pid 216248] 11:21:51.666984 <... futex resumed>) = 0
[pid 216247] 11:21:51.667003 <... futex resumed>) = 1
[pid 216246] 11:21:51.667022 nanosleep({tv_sec=0, tv_nsec=20000},  <unfinished ...>
[pid 216248] 11:21:51.667046 nanosleep({tv_sec=0, tv_nsec=3000},  <unfinished ...>
[pid 216247] 11:21:51.667068 futex(0xc000400148, FUTEX_WAKE_PRIVATE, 1 <unfinished ...>
[pid 216245] 11:21:51.667087 <... newfstatat resumed>0xc000390038, 0) = -1 ENOENT (No such file or directory)
[pid 216247] 11:21:51.667109 <... futex resumed>) = 1
[pid 216256] 11:21:51.667129 <... futex resumed>) = 0
[pid 216245] 11:21:51.667160 newfstatat(AT_FDCWD, "/usr/bin/newuidmap",  <unfinished ...>
[pid 216256] 11:21:51.667185 futex(0xc000083148, FUTEX_WAKE_PRIVATE, 1 <unfinished ...>
[pid 216248] 11:21:51.667204 <... nanosleep resumed>NULL) = 0
[pid 216247] 11:21:51.667224 futex(0xc000083148, FUTEX_WAIT_PRIVATE, 0, NULL <unfinished ...>
[pid 216246] 11:21:51.667252 <... nanosleep resumed>NULL) = 0
[pid 216256] 11:21:51.667270 <... futex resumed>) = 0
[pid 216248] 11:21:51.667289 futex(0xc000083948, FUTEX_WAIT_PRIVATE, 0, NULL <unfinished ...>
[pid 216247] 11:21:51.667308 <... futex resumed>) = -1 EAGAIN (Resource temporarily unavailable)
[pid 216245] 11:21:51.667325 <... newfstatat resumed>0xc000390108, 0) = -1 ENOENT (No such file or directory)
[pid 216256] 11:21:51.667343 futex(0xc000400148, FUTEX_WAIT_PRIVATE, 0, NULL <unfinished ...>
[pid 216247] 11:21:51.667362 rt_sigprocmask(SIG_SETMASK, [KILL STOP RT_22 RT_23 RT_24 RT_25 RT_26 RT_27 RT_28 RT_29 RT_30 RT_31 RT_32],  <unfinished ...>
[pid 216246] 11:21:51.667381 nanosleep({tv_sec=0, tv_nsec=20000},  <unfinished ...>
[pid 216247] 11:21:51.667399 <... rt_sigprocmask resumed>NULL, 8) = 0
[pid 216245] 11:21:51.667413 newfstatat(AT_FDCWD, "/sbin/newuidmap",  <unfinished ...>
[pid 216247] 11:21:51.667431 futex(0xc000400148, FUTEX_WAKE_PRIVATE, 1 <unfinished ...>
[pid 216245] 11:21:51.667449 <... newfstatat resumed>0xc0003901d8, 0) = -1 ENOENT (No such file or directory)
[pid 216247] 11:21:51.667469 <... futex resumed>) = 1
[pid 216256] 11:21:51.667487 <... futex resumed>) = 0
[pid 216247] 11:21:51.667509 futex(0xc000083948, FUTEX_WAKE_PRIVATE, 1 <unfinished ...>
[pid 216246] 11:21:51.667527 <... nanosleep resumed>NULL) = 0
[pid 216245] 11:21:51.667546 newfstatat(AT_FDCWD, "/bin/newuidmap",  <unfinished ...>
[pid 216256] 11:21:51.667571 futex(0xc000100148, FUTEX_WAKE_PRIVATE, 1 <unfinished ...>
[pid 216248] 11:21:51.667590 <... futex resumed>) = 0
[pid 216247] 11:21:51.667608 <... futex resumed>) = 1
[pid 216246] 11:21:51.667637 nanosleep({tv_sec=0, tv_nsec=20000},  <unfinished ...>
[pid 216256] 11:21:51.667657 <... futex resumed>) = 1
[pid 216249] 11:21:51.667672 <... futex resumed>) = 0
[pid 216248] 11:21:51.667686 futex(0xc000083948, FUTEX_WAIT_PRIVATE, 0, NULL <unfinished ...>
[pid 216247] 11:21:51.667702 futex(0xc000083148, FUTEX_WAIT_PRIVATE, 0, NULL <unfinished ...>
[pid 216245] 11:21:51.667717 <... newfstatat resumed>0xc0003902a8, 0) = -1 ENOENT (No such file or directory)
[pid 216256] 11:21:51.667735 futex(0xc000083148, FUTEX_WAKE_PRIVATE, 1 <unfinished ...>
[pid 216249] 11:21:51.667754 futex(0xc000100148, FUTEX_WAIT_PRIVATE, 0, NULL <unfinished ...>
[pid 216247] 11:21:51.667771 <... futex resumed>) = -1 EAGAIN (Resource temporarily unavailable)
[pid 216256] 11:21:51.667791 <... futex resumed>) = 0
[pid 216246] 11:21:51.667818 <... nanosleep resumed>NULL) = 0
[pid 216245] 11:21:51.667833 newfstatat(AT_FDCWD, "/usr/games/newuidmap",  <unfinished ...>
[pid 216256] 11:21:51.667852 futex(0xc000400148, FUTEX_WAIT_PRIVATE, 0, NULL <unfinished ...>
[pid 216247] 11:21:51.667867 rt_sigprocmask(SIG_SETMASK, [KILL STOP RT_23 RT_24 RT_25 RT_26 RT_27 RT_28 RT_29 RT_30 RT_31 RT_32],  <unfinished ...>
[pid 216246] 11:21:51.667888 nanosleep({tv_sec=0, tv_nsec=20000},  <unfinished ...>
[pid 216245] 11:21:51.667908 <... newfstatat resumed>0xc000390378, 0) = -1 ENOENT (No such file or directory)
[pid 216247] 11:21:51.667925 <... rt_sigprocmask resumed>NULL, 8) = 0
[pid 216247] 11:21:51.667966 futex(0xc000400148, FUTEX_WAKE_PRIVATE, 1 <unfinished ...>
[pid 216245] 11:21:51.668008 newfstatat(AT_FDCWD, "/usr/local/games/newuidmap",  <unfinished ...>
[pid 216256] 11:21:51.668037 <... futex resumed>) = 0
[pid 216247] 11:21:51.668056 <... futex resumed>) = 1
[pid 216246] 11:21:51.668077 <... nanosleep resumed>NULL) = 0
[pid 216256] 11:21:51.668110 nanosleep({tv_sec=0, tv_nsec=3000},  <unfinished ...>
[pid 216247] 11:21:51.668132 futex(0xc000100148, FUTEX_WAKE_PRIVATE, 1 <unfinished ...>
[pid 216245] 11:21:51.668152 <... newfstatat resumed>0xc000390448, 0) = -1 ENOENT (No such file or directory)
[pid 216249] 11:21:51.668189 <... futex resumed>) = 0
[pid 216247] 11:21:51.668208 <... futex resumed>) = 1
[pid 216246] 11:21:51.668227 nanosleep({tv_sec=0, tv_nsec=20000},  <unfinished ...>
[pid 216256] 11:21:51.668264 <... nanosleep resumed>NULL) = 0
[pid 216249] 11:21:51.668284 futex(0xc000083148, FUTEX_WAKE_PRIVATE, 1 <unfinished ...>
[pid 216247] 11:21:51.668303 rt_sigprocmask(SIG_SETMASK, [KILL STOP RT_24 RT_25 RT_26 RT_27 RT_28 RT_29 RT_30 RT_31 RT_32],  <unfinished ...>
[pid 216245] 11:21:51.668326 newfstatat(AT_FDCWD, "/usr/lib/wsl/lib/newuidmap",  <unfinished ...>
[pid 216256] 11:21:51.668351 futex(0xc000400148, FUTEX_WAIT_PRIVATE, 0, NULL <unfinished ...>
[pid 216249] 11:21:51.668371 <... futex resumed>) = 0
[pid 216247] 11:21:51.668390 <... rt_sigprocmask resumed>NULL, 8) = 0
[pid 216246] 11:21:51.668409 <... nanosleep resumed>NULL) = 0
[pid 216249] 11:21:51.668427 futex(0xc000100148, FUTEX_WAIT_PRIVATE, 0, NULL <unfinished ...>
[pid 216247] 11:21:51.668443 futex(0xc000100148, FUTEX_WAKE_PRIVATE, 1 <unfinished ...>
[pid 216245] 11:21:51.668459 <... newfstatat resumed>0xc000390518, 0) = -1 ENOENT (No such file or directory)
[pid 216249] 11:21:51.668480 <... futex resumed>) = -1 EAGAIN (Resource temporarily unavailable)
[pid 216247] 11:21:51.668499 <... futex resumed>) = 0
[pid 216246] 11:21:51.668514 epoll_pwait(4,  <unfinished ...>
[pid 216249] 11:21:51.668531 nanosleep({tv_sec=0, tv_nsec=3000},  <unfinished ...>
[pid 216245] 11:21:51.668549 newfstatat(AT_FDCWD, "/mnt/c/windows/system32/newuidmap",  <unfinished ...>
[pid 216247] 11:21:51.668569 futex(0xc000400148, FUTEX_WAKE_PRIVATE, 1 <unfinished ...>
[pid 216246] 11:21:51.668588 <... epoll_pwait resumed>[], 128, 0, NULL, 0) = 0
[pid 216247] 11:21:51.668620 <... futex resumed>) = 1
[pid 216256] 11:21:51.668652 <... futex resumed>) = 0
[pid 216249] 11:21:51.668670 <... nanosleep resumed>NULL) = 0
[pid 216246] 11:21:51.668687 nanosleep({tv_sec=0, tv_nsec=20000},  <unfinished ...>
[pid 216256] 11:21:51.668708 futex(0xc000083148, FUTEX_WAKE_PRIVATE, 1 <unfinished ...>
[pid 216249] 11:21:51.668727 futex(0xc000100148, FUTEX_WAIT_PRIVATE, 0, NULL <unfinished ...>
[pid 216247] 11:21:51.668744 futex(0xc000083148, FUTEX_WAIT_PRIVATE, 0, NULL <unfinished ...>
[pid 216256] 11:21:51.668761 <... futex resumed>) = 0
[pid 216247] 11:21:51.668781 <... futex resumed>) = -1 EAGAIN (Resource temporarily unavailable)
[pid 216256] 11:21:51.668798 futex(0xc000400148, FUTEX_WAIT_PRIVATE, 0, NULL <unfinished ...>
[pid 216247] 11:21:51.668832 rt_sigprocmask(SIG_SETMASK, [KILL STOP RT_25 RT_26 RT_27 RT_28 RT_29 RT_30 RT_31 RT_32],  <unfinished ...>
[pid 216246] 11:21:51.668855 <... nanosleep resumed>NULL) = 0
[pid 216247] 11:21:51.668875 <... rt_sigprocmask resumed>NULL, 8) = 0
[pid 216246] 11:21:51.668897 nanosleep({tv_sec=0, tv_nsec=20000},  <unfinished ...>
[pid 216247] 11:21:51.668931 futex(0xc000400148, FUTEX_WAKE_PRIVATE, 1 <unfinished ...>
[pid 216256] 11:21:51.668995 <... futex resumed>) = 0
[pid 216247] 11:21:51.669020 <... futex resumed>) = 1
[pid 216256] 11:21:51.669039 nanosleep({tv_sec=0, tv_nsec=3000},  <unfinished ...>
[pid 216246] 11:21:51.669062 <... nanosleep resumed>NULL) = 0
[pid 216247] 11:21:51.669081 futex(0xc000100148, FUTEX_WAKE_PRIVATE, 1 <unfinished ...>
[pid 216246] 11:21:51.669112 nanosleep({tv_sec=0, tv_nsec=20000},  <unfinished ...>
[pid 216247] 11:21:51.669139 <... futex resumed>) = 1
[pid 216256] 11:21:51.669160 <... nanosleep resumed>NULL) = 0
[pid 216249] 11:21:51.669178 <... futex resumed>) = 0
[pid 216256] 11:21:51.669197 futex(0xc000083948, FUTEX_WAKE_PRIVATE, 1 <unfinished ...>
[pid 216247] 11:21:51.669217 futex(0xc000083148, FUTEX_WAIT_PRIVATE, 0, NULL <unfinished ...>
[pid 216256] 11:21:51.669237 <... futex resumed>) = 1
[pid 216249] 11:21:51.669264 futex(0xc000100148, FUTEX_WAIT_PRIVATE, 0, NULL <unfinished ...>
[pid 216256] 11:21:51.669297 futex(0xc000083148, FUTEX_WAKE_PRIVATE, 1 <unfinished ...>
[pid 216248] 11:21:51.669316 <... futex resumed>) = 0
[pid 216246] 11:21:51.669331 <... nanosleep resumed>NULL) = 0
[pid 216256] 11:21:51.669351 <... futex resumed>) = 1
[pid 216248] 11:21:51.669369 futex(0xc000083948, FUTEX_WAIT_PRIVATE, 0, NULL <unfinished ...>
[pid 216247] 11:21:51.669387 <... futex resumed>) = 0
[pid 216256] 11:21:51.669404 futex(0xc000400148, FUTEX_WAIT_PRIVATE, 0, NULL <unfinished ...>
[pid 216246] 11:21:51.669422 nanosleep({tv_sec=0, tv_nsec=20000},  <unfinished ...>
[pid 216247] 11:21:51.669443 rt_sigprocmask(SIG_SETMASK, [KILL STOP RT_26 RT_27 RT_28 RT_29 RT_30 RT_31 RT_32], NULL, 8) = 0
[pid 216247] 11:21:51.669546 futex(0xc000400148, FUTEX_WAKE_PRIVATE, 1 <unfinished ...>
[pid 216246] 11:21:51.669583 <... nanosleep resumed>NULL) = 0
[pid 216247] 11:21:51.669604 <... futex resumed>) = 1
[pid 216256] 11:21:51.669625 <... futex resumed>) = 0
[pid 216246] 11:21:51.669644 nanosleep({tv_sec=0, tv_nsec=20000},  <unfinished ...>
[pid 216256] 11:21:51.669671 futex(0xc000100148, FUTEX_WAKE_PRIVATE, 1 <unfinished ...>
[pid 216247] 11:21:51.669690 futex(0xc000083948, FUTEX_WAKE_PRIVATE, 1 <unfinished ...>
[pid 216256] 11:21:51.669717 <... futex resumed>) = 1
[pid 216249] 11:21:51.669737 <... futex resumed>) = 0
[pid 216248] 11:21:51.669756 <... futex resumed>) = 0
[pid 216247] 11:21:51.669777 <... futex resumed>) = 1
[pid 216256] 11:21:51.669804 futex(0xc000083148, FUTEX_WAKE_PRIVATE, 1 <unfinished ...>
[pid 216249] 11:21:51.669823 futex(0xc000100148, FUTEX_WAIT_PRIVATE, 0, NULL <unfinished ...>
[pid 216246] 11:21:51.669841 <... nanosleep resumed>NULL) = 0
[pid 216256] 11:21:51.669860 <... futex resumed>) = 0
[pid 216248] 11:21:51.669877 futex(0xc000083948, FUTEX_WAIT_PRIVATE, 0, NULL <unfinished ...>
[pid 216247] 11:21:51.669895 rt_sigprocmask(SIG_SETMASK, [KILL STOP RT_27 RT_28 RT_29 RT_30 RT_31 RT_32],  <unfinished ...>
[pid 216256] 11:21:51.669919 futex(0xc000400148, FUTEX_WAIT_PRIVATE, 0, NULL <unfinished ...>
[pid 216246] 11:21:51.669937 nanosleep({tv_sec=0, tv_nsec=20000},  <unfinished ...>
[pid 216247] 11:21:51.669956 <... rt_sigprocmask resumed>NULL, 8) = 0
[pid 216247] 11:21:51.670010 futex(0xc000400148, FUTEX_WAKE_PRIVATE, 1) = 1
[pid 216256] 11:21:51.670092 <... futex resumed>) = 0
[pid 216246] 11:21:51.670115 <... nanosleep resumed>NULL) = 0
[pid 216247] 11:21:51.670135 futex(0xc000083948, FUTEX_WAKE_PRIVATE, 1 <unfinished ...>
[pid 216256] 11:21:51.670167 futex(0xc000100148, FUTEX_WAKE_PRIVATE, 1 <unfinished ...>
[pid 216246] 11:21:51.670185 nanosleep({tv_sec=0, tv_nsec=20000},  <unfinished ...>
[pid 216256] 11:21:51.670211 <... futex resumed>) = 1
[pid 216248] 11:21:51.670229 <... futex resumed>) = 0
[pid 216247] 11:21:51.670257 <... futex resumed>) = 1
[pid 216249] 11:21:51.670287 <... futex resumed>) = 0
[pid 216256] 11:21:51.670309 futex(0xc000083148, FUTEX_WAKE_PRIVATE, 1 <unfinished ...>
[pid 216248] 11:21:51.670327 futex(0xc000083948, FUTEX_WAIT_PRIVATE, 0, NULL <unfinished ...>
[pid 216247] 11:21:51.670345 rt_sigprocmask(SIG_SETMASK, [KILL STOP RT_28 RT_29 RT_30 RT_31 RT_32],  <unfinished ...>
[pid 216246] 11:21:51.670368 <... nanosleep resumed>NULL) = 0
[pid 216256] 11:21:51.670389 <... futex resumed>) = 0
[pid 216249] 11:21:51.670407 futex(0xc000100148, FUTEX_WAIT_PRIVATE, 0, NULL <unfinished ...>
[pid 216247] 11:21:51.670426 <... rt_sigprocmask resumed>NULL, 8) = 0
[pid 216256] 11:21:51.670449 futex(0xc000400148, FUTEX_WAIT_PRIVATE, 0, NULL <unfinished ...>
[pid 216246] 11:21:51.670471 nanosleep({tv_sec=0, tv_nsec=20000},  <unfinished ...>
[pid 216256] 11:21:51.670496 <... futex resumed>) = -1 EAGAIN (Resource temporarily unavailable)
[pid 216247] 11:21:51.670514 futex(0xc000400148, FUTEX_WAKE_PRIVATE, 1 <unfinished ...>
[pid 216256] 11:21:51.670555 nanosleep({tv_sec=0, tv_nsec=3000},  <unfinished ...>
[pid 216247] 11:21:51.670579 <... futex resumed>) = 0
[pid 216246] 11:21:51.670599 <... nanosleep resumed>NULL) = 0
[pid 216245] 11:21:51.670617 <... newfstatat resumed>0xc0003905e8, 0) = -1 ENOENT (No such file or directory)
[pid 216247] 11:21:51.670637 futex(0xc000100148, FUTEX_WAKE_PRIVATE, 1 <unfinished ...>
[pid 216246] 11:21:51.670663 nanosleep({tv_sec=0, tv_nsec=20000},  <unfinished ...>
[pid 216256] 11:21:51.670681 <... nanosleep resumed>NULL) = 0
[pid 216245] 11:21:51.670695 newfstatat(AT_FDCWD, "/mnt/c/windows/newuidmap",  <unfinished ...>
[pid 216256] 11:21:51.670716 futex(0xc000083948, FUTEX_WAKE_PRIVATE, 1 <unfinished ...>
[pid 216249] 11:21:51.670731 <... futex resumed>) = 0
[pid 216247] 11:21:51.670748 <... futex resumed>) = 1
[pid 216256] 11:21:51.670769 <... futex resumed>) = 1
[pid 216249] 11:21:51.670785 futex(0xc000100148, FUTEX_WAIT_PRIVATE, 0, NULL <unfinished ...>
[pid 216248] 11:21:51.670813 <... futex resumed>) = 0
[pid 216256] 11:21:51.670833 futex(0xc000083148, FUTEX_WAKE_PRIVATE, 1 <unfinished ...>
[pid 216247] 11:21:51.670852 futex(0xc000083148, FUTEX_WAIT_PRIVATE, 0, NULL <unfinished ...>
[pid 216246] 11:21:51.670859 <... nanosleep resumed>NULL) = 0
[pid 216256] 11:21:51.670872 <... futex resumed>) = 0
[pid 216248] 11:21:51.670888 futex(0xc000083948, FUTEX_WAIT_PRIVATE, 0, NULL <unfinished ...>
[pid 216256] 11:21:51.670909 futex(0xc000400148, FUTEX_WAIT_PRIVATE, 0, NULL <unfinished ...>
[pid 216247] 11:21:51.670926 <... futex resumed>) = -1 EAGAIN (Resource temporarily unavailable)
[pid 216246] 11:21:51.670942 nanosleep({tv_sec=0, tv_nsec=20000},  <unfinished ...>
[pid 216247] 11:21:51.670960 rt_sigprocmask(SIG_SETMASK, [KILL STOP RT_29 RT_30 RT_31 RT_32], NULL, 8) = 0
[pid 216247] 11:21:51.671064 futex(0xc000400148, FUTEX_WAKE_PRIVATE, 1 <unfinished ...>
[pid 216246] 11:21:51.671085 <... nanosleep resumed>NULL) = 0
[pid 216256] 11:21:51.671132 <... futex resumed>) = 0
[pid 216247] 11:21:51.671150 <... futex resumed>) = 1
[pid 216246] 11:21:51.671169 nanosleep({tv_sec=0, tv_nsec=20000},  <unfinished ...>
[pid 216256] 11:21:51.671193 nanosleep({tv_sec=0, tv_nsec=3000},  <unfinished ...>
[pid 216247] 11:21:51.671213 futex(0xc000083948, FUTEX_WAKE_PRIVATE, 1) = 1
[pid 216248] 11:21:51.671296 <... futex resumed>) = 0
[pid 216256] 11:21:51.671320 <... nanosleep resumed>NULL) = 0
[pid 216247] 11:21:51.671338 futex(0xc000083148, FUTEX_WAIT_PRIVATE, 0, NULL <unfinished ...>
[pid 216246] 11:21:51.671354 <... nanosleep resumed>NULL) = 0
[pid 216245] 11:21:51.671369 <... newfstatat resumed>0xc0003906b8, 0) = -1 ENOENT (No such file or directory)
[pid 216256] 11:21:51.671388 futex(0xc000400148, FUTEX_WAIT_PRIVATE, 0, NULL <unfinished ...>
[pid 216248] 11:21:51.671412 futex(0xc000083148, FUTEX_WAKE_PRIVATE, 1 <unfinished ...>
[pid 216247] 11:21:51.671429 <... futex resumed>) = -1 EAGAIN (Resource temporarily unavailable)
[pid 216246] 11:21:51.671443 nanosleep({tv_sec=0, tv_nsec=20000},  <unfinished ...>
[pid 216248] 11:21:51.671463 <... futex resumed>) = 0
[pid 216247] 11:21:51.671478 rt_sigprocmask(SIG_SETMASK, [KILL STOP RT_30 RT_31 RT_32],  <unfinished ...>
[pid 216245] 11:21:51.671497 newfstatat(AT_FDCWD, "/mnt/c/windows/System32/Wbem/newuidmap",  <unfinished ...>
[pid 216248] 11:21:51.671520 futex(0xc000083948, FUTEX_WAIT_PRIVATE, 0, NULL <unfinished ...>
[pid 216247] 11:21:51.671539 <... rt_sigprocmask resumed>NULL, 8) = 0
[pid 216246] 11:21:51.671559 <... nanosleep resumed>NULL) = 0
[pid 216247] 11:21:51.671577 futex(0xc000083948, FUTEX_WAKE_PRIVATE, 1 <unfinished ...>
[pid 216246] 11:21:51.671597 nanosleep({tv_sec=0, tv_nsec=20000},  <unfinished ...>
[pid 216247] 11:21:51.671616 <... futex resumed>) = 1
[pid 216248] 11:21:51.671635 <... futex resumed>) = 0
[pid 216247] 11:21:51.671654 futex(0xc000400148, FUTEX_WAKE_PRIVATE, 1 <unfinished ...>
[pid 216248] 11:21:51.671675 futex(0xc000100148, FUTEX_WAKE_PRIVATE, 1 <unfinished ...>
[pid 216247] 11:21:51.671697 <... futex resumed>) = 1
[pid 216256] 11:21:51.671713 <... futex resumed>) = 0
[pid 216249] 11:21:51.671729 <... futex resumed>) = 0
[pid 216248] 11:21:51.671746 <... futex resumed>) = 1
[pid 216247] 11:21:51.671764 futex(0xc000083148, FUTEX_WAIT_PRIVATE, 0, NULL <unfinished ...>
[pid 216246] 11:21:51.671781 <... nanosleep resumed>NULL) = 0
[pid 216256] 11:21:51.671800 futex(0xc000400148, FUTEX_WAIT_PRIVATE, 0, NULL <unfinished ...>
[pid 216249] 11:21:51.671830 futex(0xc000100148, FUTEX_WAIT_PRIVATE, 0, NULL <unfinished ...>
[pid 216248] 11:21:51.671848 futex(0xc000100148, FUTEX_WAKE_PRIVATE, 1 <unfinished ...>
[pid 216249] 11:21:51.671868 <... futex resumed>) = -1 EAGAIN (Resource temporarily unavailable)
[pid 216246] 11:21:51.671886 nanosleep({tv_sec=0, tv_nsec=20000},  <unfinished ...>
[pid 216249] 11:21:51.671908 nanosleep({tv_sec=0, tv_nsec=3000},  <unfinished ...>
[pid 216248] 11:21:51.671926 <... futex resumed>) = 0
[pid 216248] 11:21:51.671979 futex(0xc000083148, FUTEX_WAKE_PRIVATE, 1 <unfinished ...>
[pid 216246] 11:21:51.672012 <... nanosleep resumed>NULL) = 0
[pid 216249] 11:21:51.672034 <... nanosleep resumed>NULL) = 0
[pid 216248] 11:21:51.672063 <... futex resumed>) = 1
[pid 216249] 11:21:51.672084 futex(0xc000100148, FUTEX_WAIT_PRIVATE, 0, NULL <unfinished ...>
[pid 216247] 11:21:51.672105 <... futex resumed>) = 0
[pid 216246] 11:21:51.672124 nanosleep({tv_sec=0, tv_nsec=20000},  <unfinished ...>
[pid 216248] 11:21:51.672149 futex(0xc000083948, FUTEX_WAIT_PRIVATE, 0, NULL <unfinished ...>
[pid 216247] 11:21:51.672166 rt_sigprocmask(SIG_SETMASK, [KILL STOP RT_31 RT_32], NULL, 8) = 0
[pid 216246] 11:21:51.672260 <... nanosleep resumed>NULL) = 0
[pid 216247] 11:21:51.672282 futex(0xc000083948, FUTEX_WAKE_PRIVATE, 1 <unfinished ...>
[pid 216246] 11:21:51.672299 nanosleep({tv_sec=0, tv_nsec=20000},  <unfinished ...>
[pid 216247] 11:21:51.672321 <... futex resumed>) = 1
[pid 216248] 11:21:51.672351 <... futex resumed>) = 0
[pid 216247] 11:21:51.672367 futex(0xc000100148, FUTEX_WAKE_PRIVATE, 1 <unfinished ...>
[pid 216248] 11:21:51.672427 futex(0xc000400148, FUTEX_WAKE_PRIVATE, 1 <unfinished ...>
[pid 216247] 11:21:51.672447 <... futex resumed>) = 1
[pid 216249] 11:21:51.672454 <... futex resumed>) = 0
[pid 216246] 11:21:51.672467 <... nanosleep resumed>NULL) = 0
[pid 216256] 11:21:51.672485 <... futex resumed>) = 0
[pid 216248] 11:21:51.672503 <... futex resumed>) = 1
[pid 216256] 11:21:51.672531 futex(0xc000400148, FUTEX_WAIT_PRIVATE, 0, NULL <unfinished ...>
[pid 216249] 11:21:51.672548 futex(0xc000100148, FUTEX_WAIT_PRIVATE, 0, NULL <unfinished ...>
[pid 216247] 11:21:51.672564 futex(0xc000083148, FUTEX_WAIT_PRIVATE, 0, NULL <unfinished ...>
[pid 216246] 11:21:51.672579 nanosleep({tv_sec=0, tv_nsec=20000},  <unfinished ...>
[pid 216256] 11:21:51.672599 <... futex resumed>) = -1 EAGAIN (Resource temporarily unavailable)
[pid 216248] 11:21:51.672614 futex(0xc000400148, FUTEX_WAKE_PRIVATE, 1 <unfinished ...>
[pid 216256] 11:21:51.672631 nanosleep({tv_sec=0, tv_nsec=3000},  <unfinished ...>
[pid 216248] 11:21:51.672650 <... futex resumed>) = 0
[pid 216248] 11:21:51.672694 futex(0xc000083148, FUTEX_WAKE_PRIVATE, 1 <unfinished ...>
[pid 216246] 11:21:51.672728 <... nanosleep resumed>NULL) = 0
[pid 216248] 11:21:51.672744 <... futex resumed>) = 1
[pid 216256] 11:21:51.672762 <... nanosleep resumed>NULL) = 0
[pid 216247] 11:21:51.672777 <... futex resumed>) = 0
[pid 216246] 11:21:51.672793 nanosleep({tv_sec=0, tv_nsec=20000},  <unfinished ...>
[pid 216256] 11:21:51.672823 futex(0xc000400148, FUTEX_WAIT_PRIVATE, 0, NULL <unfinished ...>
[pid 216248] 11:21:51.672842 futex(0xc000083948, FUTEX_WAIT_PRIVATE, 0, NULL <unfinished ...>
[pid 216247] 11:21:51.672860 rt_sigprocmask(SIG_SETMASK, [KILL STOP RT_32], NULL, 8) = 0
[pid 216246] 11:21:51.672931 <... nanosleep resumed>NULL) = 0
[pid 216247] 11:21:51.672948 futex(0xc000400148, FUTEX_WAKE_PRIVATE, 1 <unfinished ...>
[pid 216246] 11:21:51.672968 nanosleep({tv_sec=0, tv_nsec=20000},  <unfinished ...>
[pid 216247] 11:21:51.672986 <... futex resumed>) = 1
[pid 216256] 11:21:51.673003 <... futex resumed>) = 0
[pid 216256] 11:21:51.673045 futex(0xc000100148, FUTEX_WAKE_PRIVATE, 1 <unfinished ...>
[pid 216247] 11:21:51.673064 futex(0xc000083948, FUTEX_WAKE_PRIVATE, 1 <unfinished ...>
[pid 216256] 11:21:51.673089 <... futex resumed>) = 1
[pid 216249] 11:21:51.673112 <... futex resumed>) = 0
[pid 216248] 11:21:51.673129 <... futex resumed>) = 0
[pid 216247] 11:21:51.673144 <... futex resumed>) = 1
[pid 216246] 11:21:51.673168 <... nanosleep resumed>NULL) = 0
[pid 216256] 11:21:51.673188 futex(0xc000083148, FUTEX_WAKE_PRIVATE, 1 <unfinished ...>
[pid 216249] 11:21:51.673203 futex(0xc000100148, FUTEX_WAIT_PRIVATE, 0, NULL <unfinished ...>
[pid 216248] 11:21:51.673219 futex(0xc000083948, FUTEX_WAIT_PRIVATE, 0, NULL <unfinished ...>
[pid 216256] 11:21:51.673238 <... futex resumed>) = 0
[pid 216247] 11:21:51.673262 rt_sigprocmask(SIG_SETMASK, [KILL STOP],  <unfinished ...>
[pid 216246] 11:21:51.673294 nanosleep({tv_sec=0, tv_nsec=20000},  <unfinished ...>
[pid 216256] 11:21:51.673315 futex(0xc000400148, FUTEX_WAIT_PRIVATE, 0, NULL <unfinished ...>
[pid 216247] 11:21:51.673331 <... rt_sigprocmask resumed>NULL, 8) = 0
[pid 216247] 11:21:51.673379 futex(0xc000400148, FUTEX_WAKE_PRIVATE, 1 <unfinished ...>
[pid 216246] 11:21:51.673429 <... nanosleep resumed>NULL) = 0
[pid 216245] 11:21:51.673449 <... newfstatat resumed>0xc000390788, 0) = -1 ENOENT (No such file or directory)
[pid 216256] 11:21:51.673471 <... futex resumed>) = 0
[pid 216247] 11:21:51.673486 <... futex resumed>) = 1
[pid 216246] 11:21:51.673501 nanosleep({tv_sec=0, tv_nsec=20000},  <unfinished ...>
[pid 216256] 11:21:51.673532 nanosleep({tv_sec=0, tv_nsec=3000},  <unfinished ...>
[pid 216247] 11:21:51.673549 futex(0xc000083948, FUTEX_WAKE_PRIVATE, 1 <unfinished ...>
[pid 216245] 11:21:51.673564 newfstatat(AT_FDCWD, "/mnt/c/windows/System32/WindowsPowerShell/v1.0/newuidmap",  <unfinished ...>
[pid 216247] 11:21:51.673585 <... futex resumed>) = 1
[pid 216248] 11:21:51.673605 <... futex resumed>) = 0
[pid 216247] 11:21:51.673631 futex(0xc000083148, FUTEX_WAIT_PRIVATE, 0, NULL <unfinished ...>
[pid 216246] 11:21:51.673663 <... nanosleep resumed>NULL) = 0
[pid 216256] 11:21:51.673683 <... nanosleep resumed>NULL) = 0
[pid 216248] 11:21:51.673700 futex(0xf0b780, FUTEX_WAIT_PRIVATE, 0, NULL <unfinished ...>
[pid 216256] 11:21:51.673721 futex(0xc000400148, FUTEX_WAIT_PRIVATE, 0, NULL <unfinished ...>
[pid 216246] 11:21:51.673740 nanosleep({tv_sec=0, tv_nsec=20000}, NULL) = 0
[pid 216246] 11:21:51.673928 nanosleep({tv_sec=0, tv_nsec=20000}, NULL) = 0
[pid 216246] 11:21:51.674130 nanosleep({tv_sec=0, tv_nsec=20000}, NULL) = 0
[pid 216246] 11:21:51.674351 nanosleep({tv_sec=0, tv_nsec=20000}, NULL) = 0
[pid 216246] 11:21:51.674532 nanosleep({tv_sec=0, tv_nsec=20000}, NULL) = 0
[pid 216246] 11:21:51.674723 nanosleep({tv_sec=0, tv_nsec=20000}, NULL) = 0
[pid 216246] 11:21:51.674928 nanosleep({tv_sec=0, tv_nsec=20000}, NULL) = 0
[pid 216246] 11:21:51.675136 nanosleep({tv_sec=0, tv_nsec=20000}, NULL) = 0
[pid 216246] 11:21:51.675349 nanosleep({tv_sec=0, tv_nsec=20000},  <unfinished ...>
[pid 216245] 11:21:51.675404 <... newfstatat resumed>0xc000390858, 0) = -1 ENOENT (No such file or directory)
[pid 216245] 11:21:51.675462 newfstatat(AT_FDCWD, "/mnt/c/windows/System32/OpenSSH/newuidmap",  <unfinished ...>
[pid 216246] 11:21:51.675539 <... nanosleep resumed>NULL) = 0
[pid 216246] 11:21:51.675597 nanosleep({tv_sec=0, tv_nsec=20000}, NULL) = 0
[pid 216246] 11:21:51.675823 nanosleep({tv_sec=0, tv_nsec=20000}, NULL) = 0
[pid 216246] 11:21:51.676033 nanosleep({tv_sec=0, tv_nsec=20000}, NULL) = 0
[pid 216246] 11:21:51.676221 nanosleep({tv_sec=0, tv_nsec=20000}, NULL) = 0
[pid 216246] 11:21:51.676419 nanosleep({tv_sec=0, tv_nsec=20000}, NULL) = 0
[pid 216246] 11:21:51.676601 nanosleep({tv_sec=0, tv_nsec=20000}, NULL) = 0
[pid 216246] 11:21:51.676784 nanosleep({tv_sec=0, tv_nsec=20000}, NULL) = 0
[pid 216246] 11:21:51.676970 nanosleep({tv_sec=0, tv_nsec=20000},  <unfinished ...>
[pid 216245] 11:21:51.677008 <... newfstatat resumed>0xc000390928, 0) = -1 ENOENT (No such file or directory)
[pid 216245] 11:21:51.677065 newfstatat(AT_FDCWD, "/mnt/c/Program Files/NVIDIA Corporation/NVIDIA NvDLISR/newuidmap",  <unfinished ...>
[pid 216246] 11:21:51.677124 <... nanosleep resumed>NULL) = 0
[pid 216246] 11:21:51.677170 nanosleep({tv_sec=0, tv_nsec=20000}, NULL) = 0
[pid 216246] 11:21:51.677385 nanosleep({tv_sec=0, tv_nsec=20000}, NULL) = 0
[pid 216246] 11:21:51.677586 nanosleep({tv_sec=0, tv_nsec=20000}, NULL) = 0
[pid 216246] 11:21:51.677792 nanosleep({tv_sec=0, tv_nsec=20000}, NULL) = 0
[pid 216246] 11:21:51.677989 nanosleep({tv_sec=0, tv_nsec=20000},  <unfinished ...>
[pid 216245] 11:21:51.678012 <... newfstatat resumed>0xc0003909f8, 0) = -1 ENOENT (No such file or directory)
[pid 216245] 11:21:51.678071 newfstatat(AT_FDCWD, "/mnt/c/Windows/system32/newuidmap",  <unfinished ...>
[pid 216246] 11:21:51.678110 <... nanosleep resumed>NULL) = 0
[pid 216246] 11:21:51.678159 nanosleep({tv_sec=0, tv_nsec=20000}, NULL) = 0
[pid 216246] 11:21:51.678428 nanosleep({tv_sec=0, tv_nsec=20000}, NULL) = 0
[pid 216246] 11:21:51.678663 epoll_pwait(4, [], 128, 0, NULL, 0) = 0
[pid 216246] 11:21:51.678779 nanosleep({tv_sec=0, tv_nsec=40000}, NULL) = 0
[pid 216246] 11:21:51.679013 nanosleep({tv_sec=0, tv_nsec=80000}, NULL) = 0
[pid 216246] 11:21:51.679308 nanosleep({tv_sec=0, tv_nsec=160000}, NULL) = 0
[pid 216246] 11:21:51.679683 nanosleep({tv_sec=0, tv_nsec=320000},  <unfinished ...>
[pid 216245] 11:21:51.679786 <... newfstatat resumed>0xc000390ac8, 0) = -1 ENOENT (No such file or directory)
[pid 216245] 11:21:51.679854 newfstatat(AT_FDCWD, "/mnt/c/Windows/newuidmap",  <unfinished ...>
[pid 216246] 11:21:51.680142 <... nanosleep resumed>NULL) = 0
[pid 216246] 11:21:51.680183 nanosleep({tv_sec=0, tv_nsec=640000},  <unfinished ...>
[pid 216245] 11:21:51.680754 <... newfstatat resumed>0xc000390b98, 0) = -1 ENOENT (No such file or directory)
[pid 216245] 11:21:51.680820 newfstatat(AT_FDCWD, "/mnt/c/Windows/System32/Wbem/newuidmap",  <unfinished ...>
[pid 216246] 11:21:51.680959 <... nanosleep resumed>NULL) = 0
[pid 216246] 11:21:51.681004 nanosleep({tv_sec=0, tv_nsec=1280000},  <unfinished ...>
[pid 216245] 11:21:51.682232 <... newfstatat resumed>0xc000390c68, 0) = -1 ENOENT (No such file or directory)
[pid 216245] 11:21:51.682281 newfstatat(AT_FDCWD, "/mnt/c/Windows/System32/WindowsPowerShell/v1.0/newuidmap",  <unfinished ...>
[pid 216246] 11:21:51.682422 <... nanosleep resumed>NULL) = 0
[pid 216246] 11:21:51.682465 nanosleep({tv_sec=0, tv_nsec=2560000},  <unfinished ...>
[pid 216245] 11:21:51.683785 <... newfstatat resumed>0xc000390d38, 0) = -1 ENOENT (No such file or directory)
[pid 216245] 11:21:51.683831 newfstatat(AT_FDCWD, "/mnt/c/Windows/System32/OpenSSH/newuidmap", 0xc000390e08, 0) = -1 ENOENT (No such file or directory)
[pid 216246] 11:21:51.685168 <... nanosleep resumed>NULL) = 0
[pid 216245] 11:21:51.685196 newfstatat(AT_FDCWD, "/mnt/c/mingw64/bin/newuidmap",  <unfinished ...>
[pid 216246] 11:21:51.685234 futex(0xc000400148, FUTEX_WAKE_PRIVATE, 1 <unfinished ...>
[pid 216256] 11:21:51.685321 <... futex resumed>) = 0
[pid 216246] 11:21:51.685346 <... futex resumed>) = 1
[pid 216256] 11:21:51.685410 futex(0xc000400148, FUTEX_WAIT_PRIVATE, 0, NULL <unfinished ...>
[pid 216246] 11:21:51.685449 nanosleep({tv_sec=0, tv_nsec=20000},  <unfinished ...>
[pid 216245] 11:21:51.685550 <... newfstatat resumed>0xc000390ed8, 0) = -1 ENOENT (No such file or directory)
[pid 216246] 11:21:51.685576 <... nanosleep resumed>NULL) = 0
[pid 216245] 11:21:51.685609 newfstatat(AT_FDCWD, "/mnt/c/vscode/mingw/mingw64/bin/newuidmap",  <unfinished ...>
[pid 216246] 11:21:51.685635 futex(0xc000400148, FUTEX_WAKE_PRIVATE, 1 <unfinished ...>
[pid 216256] 11:21:51.685718 <... futex resumed>) = 0
[pid 216246] 11:21:51.685742 <... futex resumed>) = 1
[pid 216256] 11:21:51.685802 futex(0xc000400148, FUTEX_WAIT_PRIVATE, 0, NULL <unfinished ...>
[pid 216246] 11:21:51.685825 nanosleep({tv_sec=0, tv_nsec=20000}, NULL) = 0
[pid 216246] 11:21:51.686051 futex(0xeec8c0, FUTEX_WAIT_PRIVATE, 0, {tv_sec=60, tv_nsec=0} <unfinished ...>
[pid 216245] 11:21:51.686431 <... newfstatat resumed>0xc000390fa8, 0) = -1 ENOENT (No such file or directory)
[pid 216245] 11:21:51.686488 futex(0xeec8c0, FUTEX_WAKE_PRIVATE, 1 <unfinished ...>
[pid 216246] 11:21:51.686565 <... futex resumed>) = 0
[pid 216245] 11:21:51.686583 <... futex resumed>) = 1
[pid 216246] 11:21:51.686634 sched_yield( <unfinished ...>
[pid 216245] 11:21:51.686666 newfstatat(AT_FDCWD, "/mnt/c/Program Files/dotnet/newuidmap",  <unfinished ...>
[pid 216246] 11:21:51.686687 <... sched_yield resumed>) = 0
[pid 216246] 11:21:51.686749 futex(0xc000400148, FUTEX_WAKE_PRIVATE, 1 <unfinished ...>
[pid 216256] 11:21:51.686819 <... futex resumed>) = 0
[pid 216246] 11:21:51.686840 <... futex resumed>) = 1
[pid 216256] 11:21:51.686891 futex(0xc000400148, FUTEX_WAIT_PRIVATE, 0, NULL <unfinished ...>
[pid 216246] 11:21:51.686924 nanosleep({tv_sec=0, tv_nsec=20000}, NULL) = 0
[pid 216246] 11:21:51.687139 futex(0xeec8c0, FUTEX_WAIT_PRIVATE, 0, {tv_sec=60, tv_nsec=0} <unfinished ...>
[pid 216245] 11:21:51.687960 <... newfstatat resumed>0xc000391078, 0) = -1 ENOENT (No such file or directory)
[pid 216245] 11:21:51.688026 futex(0xeec8c0, FUTEX_WAKE_PRIVATE, 1 <unfinished ...>
[pid 216246] 11:21:51.688102 <... futex resumed>) = 0
[pid 216245] 11:21:51.688137 <... futex resumed>) = 1
[pid 216246] 11:21:51.688189 sched_yield( <unfinished ...>
[pid 216245] 11:21:51.688211 newfstatat(AT_FDCWD, "/mnt/c/Program Files/AskLink/newuidmap",  <unfinished ...>
[pid 216246] 11:21:51.688239 <... sched_yield resumed>) = 0
[pid 216246] 11:21:51.688305 futex(0xc000400148, FUTEX_WAKE_PRIVATE, 1) = 1
[pid 216256] 11:21:51.688415 <... futex resumed>) = 0
[pid 216246] 11:21:51.688442 nanosleep({tv_sec=0, tv_nsec=20000},  <unfinished ...>
[pid 216256] 11:21:51.688482 futex(0xc000400148, FUTEX_WAIT_PRIVATE, 0, NULL <unfinished ...>
[pid 216246] 11:21:51.688609 <... nanosleep resumed>NULL) = 0
[pid 216246] 11:21:51.688665 futex(0xeec8c0, FUTEX_WAIT_PRIVATE, 0, {tv_sec=60, tv_nsec=0} <unfinished ...>
[pid 216245] 11:21:51.689312 <... newfstatat resumed>0xc000391148, 0) = -1 ENOENT (No such file or directory)
[pid 216245] 11:21:51.689361 futex(0xeec8c0, FUTEX_WAKE_PRIVATE, 1 <unfinished ...>
[pid 216246] 11:21:51.689460 <... futex resumed>) = 0
[pid 216245] 11:21:51.689481 <... futex resumed>) = 1
[pid 216246] 11:21:51.689501 sched_yield( <unfinished ...>
[pid 216245] 11:21:51.689520 newfstatat(AT_FDCWD, "/mnt/c/Program Files/NVIDIA Corporation/NVIDIA App/NvDLISR/newuidmap",  <unfinished ...>
[pid 216246] 11:21:51.689553 <... sched_yield resumed>) = 0
[pid 216246] 11:21:51.689607 epoll_pwait(4, [], 128, 0, NULL, 0) = 0
[pid 216246] 11:21:51.689739 futex(0xc000400148, FUTEX_WAKE_PRIVATE, 1 <unfinished ...>
[pid 216256] 11:21:51.689832 <... futex resumed>) = 0
[pid 216246] 11:21:51.689861 <... futex resumed>) = 1
[pid 216256] 11:21:51.689885 futex(0xc000400148, FUTEX_WAIT_PRIVATE, 0, NULL <unfinished ...>
[pid 216246] 11:21:51.689906 nanosleep({tv_sec=0, tv_nsec=20000}, NULL) = 0
[pid 216246] 11:21:51.690127 futex(0xeec8c0, FUTEX_WAIT_PRIVATE, 0, {tv_sec=60, tv_nsec=0} <unfinished ...>
[pid 216245] 11:21:51.691826 <... newfstatat resumed>0xc000391218, 0) = -1 ENOENT (No such file or directory)
[pid 216245] 11:21:51.691898 futex(0xeec8c0, FUTEX_WAKE_PRIVATE, 1 <unfinished ...>
[pid 216246] 11:21:51.692018 <... futex resumed>) = 0
[pid 216245] 11:21:51.692042 <... futex resumed>) = 1
[pid 216246] 11:21:51.692073 sched_yield( <unfinished ...>
[pid 216245] 11:21:51.692091 newfstatat(AT_FDCWD, "/mnt/c/Program Files (x86)/NVIDIA Corporation/PhysX/Common/newuidmap",  <unfinished ...>
[pid 216246] 11:21:51.692115 <... sched_yield resumed>) = 0
[pid 216246] 11:21:51.692161 futex(0xc000400148, FUTEX_WAKE_PRIVATE, 1 <unfinished ...>
[pid 216256] 11:21:51.692235 <... futex resumed>) = 0
[pid 216246] 11:21:51.692255 <... futex resumed>) = 1
[pid 216256] 11:21:51.692277 futex(0xc000400148, FUTEX_WAIT_PRIVATE, 0, NULL <unfinished ...>
[pid 216246] 11:21:51.692300 nanosleep({tv_sec=0, tv_nsec=20000}, NULL) = 0
[pid 216246] 11:21:51.692515 futex(0xeec8c0, FUTEX_WAIT_PRIVATE, 0, {tv_sec=60, tv_nsec=0} <unfinished ...>
[pid 216245] 11:21:51.694060 <... newfstatat resumed>0xc0003912e8, 0) = -1 ENOENT (No such file or directory)
[pid 216245] 11:21:51.694126 futex(0xeec8c0, FUTEX_WAKE_PRIVATE, 1 <unfinished ...>
[pid 216246] 11:21:51.694206 <... futex resumed>) = 0
[pid 216245] 11:21:51.694225 <... futex resumed>) = 1
[pid 216246] 11:21:51.694268 sched_yield( <unfinished ...>
[pid 216245] 11:21:51.694304 newfstatat(AT_FDCWD, "/mnt/c/Program Files/nodejs/newuidmap",  <unfinished ...>
[pid 216246] 11:21:51.694327 <... sched_yield resumed>) = 0
[pid 216246] 11:21:51.694382 futex(0xc000400148, FUTEX_WAKE_PRIVATE, 1 <unfinished ...>
[pid 216256] 11:21:51.694475 <... futex resumed>) = 0
[pid 216246] 11:21:51.694508 <... futex resumed>) = 1
[pid 216256] 11:21:51.694543 futex(0xc000400148, FUTEX_WAIT_PRIVATE, 0, NULL <unfinished ...>
[pid 216246] 11:21:51.694565 nanosleep({tv_sec=0, tv_nsec=20000}, NULL) = 0
[pid 216246] 11:21:51.694772 futex(0xeec8c0, FUTEX_WAIT_PRIVATE, 0, {tv_sec=60, tv_nsec=0} <unfinished ...>
[pid 216245] 11:21:51.695779 <... newfstatat resumed>0xc0003913b8, 0) = -1 ENOENT (No such file or directory)
[pid 216245] 11:21:51.695831 futex(0xeec8c0, FUTEX_WAKE_PRIVATE, 1 <unfinished ...>
[pid 216246] 11:21:51.695906 <... futex resumed>) = 0
[pid 216245] 11:21:51.695933 <... futex resumed>) = 1
[pid 216246] 11:21:51.695983 sched_yield( <unfinished ...>
[pid 216245] 11:21:51.696013 newfstatat(AT_FDCWD, "/mnt/d/Git/cmd/newuidmap",  <unfinished ...>
[pid 216246] 11:21:51.696053 <... sched_yield resumed>) = 0
[pid 216246] 11:21:51.696102 futex(0xc000400148, FUTEX_WAKE_PRIVATE, 1 <unfinished ...>
[pid 216256] 11:21:51.696213 <... futex resumed>) = 0
[pid 216246] 11:21:51.696245 <... futex resumed>) = 1
[pid 216256] 11:21:51.696305 futex(0xc000400148, FUTEX_WAIT_PRIVATE, 0, NULL <unfinished ...>
[pid 216246] 11:21:51.696448 nanosleep({tv_sec=0, tv_nsec=20000}, NULL) = 0
[pid 216246] 11:21:51.696678 futex(0xeec8c0, FUTEX_WAIT_PRIVATE, 0, {tv_sec=60, tv_nsec=0} <unfinished ...>
[pid 216245] 11:21:51.697504 <... newfstatat resumed>0xc000391488, 0) = -1 ENOENT (No such file or directory)
[pid 216245] 11:21:51.697577 futex(0xeec8c0, FUTEX_WAKE_PRIVATE, 1 <unfinished ...>
[pid 216246] 11:21:51.697672 <... futex resumed>) = 0
[pid 216245] 11:21:51.697698 <... futex resumed>) = 1
[pid 216246] 11:21:51.697748 sched_yield( <unfinished ...>
[pid 216245] 11:21:51.697795 newfstatat(AT_FDCWD, "/mnt/c/python/Scripts/newuidmap",  <unfinished ...>
[pid 216246] 11:21:51.697825 <... sched_yield resumed>) = 0
[pid 216246] 11:21:51.697887 futex(0xc000400148, FUTEX_WAKE_PRIVATE, 1 <unfinished ...>
[pid 216256] 11:21:51.697996 <... futex resumed>) = 0
[pid 216246] 11:21:51.698024 <... futex resumed>) = 1
[pid 216256] 11:21:51.698045 futex(0xc000400148, FUTEX_WAIT_PRIVATE, 0, NULL <unfinished ...>
[pid 216246] 11:21:51.698105 nanosleep({tv_sec=0, tv_nsec=20000}, NULL) = 0
[pid 216246] 11:21:51.698317 futex(0xeec8c0, FUTEX_WAIT_PRIVATE, 0, {tv_sec=60, tv_nsec=0} <unfinished ...>
[pid 216245] 11:21:51.698863 <... newfstatat resumed>0xc000391558, 0) = -1 ENOENT (No such file or directory)
[pid 216245] 11:21:51.698933 futex(0xeec8c0, FUTEX_WAKE_PRIVATE, 1 <unfinished ...>
[pid 216246] 11:21:51.699029 <... futex resumed>) = 0
[pid 216245] 11:21:51.699053 <... futex resumed>) = 1
[pid 216246] 11:21:51.699072 sched_yield() = 0
[pid 216245] 11:21:51.699165 newfstatat(AT_FDCWD, "/mnt/c/python/newuidmap",  <unfinished ...>
[pid 216246] 11:21:51.699205 futex(0xc000400148, FUTEX_WAKE_PRIVATE, 1 <unfinished ...>
[pid 216256] 11:21:51.699300 <... futex resumed>) = 0
[pid 216246] 11:21:51.699329 <... futex resumed>) = 1
[pid 216256] 11:21:51.699353 futex(0xc000400148, FUTEX_WAIT_PRIVATE, 0, NULL <unfinished ...>
[pid 216246] 11:21:51.699378 nanosleep({tv_sec=0, tv_nsec=20000}, NULL) = 0
[pid 216246] 11:21:51.699614 futex(0xeec8c0, FUTEX_WAIT_PRIVATE, 0, {tv_sec=60, tv_nsec=0} <unfinished ...>
[pid 216245] 11:21:51.699910 <... newfstatat resumed>0xc000391628, 0) = -1 ENOENT (No such file or directory)
[pid 216245] 11:21:51.699972 futex(0xeec8c0, FUTEX_WAKE_PRIVATE, 1 <unfinished ...>
[pid 216246] 11:21:51.700077 <... futex resumed>) = 0
[pid 216245] 11:21:51.700097 <... futex resumed>) = 1
[pid 216246] 11:21:51.700143 sched_yield( <unfinished ...>
[pid 216245] 11:21:51.700164 newfstatat(AT_FDCWD, "/mnt/c/Users/zhang/AppData/Local/Programs/Python/Launcher/newuidmap",  <unfinished ...>
[pid 216246] 11:21:51.700193 <... sched_yield resumed>) = 0
[pid 216246] 11:21:51.700250 epoll_pwait(4, [], 128, 0, NULL, 0) = 0
[pid 216246] 11:21:51.700394 futex(0xc000400148, FUTEX_WAKE_PRIVATE, 1 <unfinished ...>
[pid 216256] 11:21:51.700514 <... futex resumed>) = 0
[pid 216246] 11:21:51.700544 <... futex resumed>) = 1
[pid 216256] 11:21:51.700569 futex(0xc000400148, FUTEX_WAIT_PRIVATE, 0, NULL <unfinished ...>
[pid 216246] 11:21:51.700605 nanosleep({tv_sec=0, tv_nsec=20000}, NULL) = 0
[pid 216246] 11:21:51.700857 futex(0xeec8c0, FUTEX_WAIT_PRIVATE, 0, {tv_sec=60, tv_nsec=0} <unfinished ...>
[pid 216245] 11:21:51.704100 <... newfstatat resumed>0xc0003916f8, 0) = -1 ENOENT (No such file or directory)
[pid 216245] 11:21:51.704168 futex(0xeec8c0, FUTEX_WAKE_PRIVATE, 1 <unfinished ...>
[pid 216246] 11:21:51.704245 <... futex resumed>) = 0
[pid 216245] 11:21:51.704263 <... futex resumed>) = 1
[pid 216246] 11:21:51.704319 sched_yield( <unfinished ...>
[pid 216245] 11:21:51.704366 newfstatat(AT_FDCWD, "/mnt/c/Users/zhang/AppData/Local/Microsoft/WindowsApps/newuidmap",  <unfinished ...>
[pid 216246] 11:21:51.704394 <... sched_yield resumed>) = 0
[pid 216246] 11:21:51.704453 futex(0xc000400148, FUTEX_WAKE_PRIVATE, 1 <unfinished ...>
[pid 216256] 11:21:51.704531 <... futex resumed>) = 0
[pid 216246] 11:21:51.704549 <... futex resumed>) = 1
[pid 216256] 11:21:51.704593 futex(0xc000400148, FUTEX_WAIT_PRIVATE, 0, NULL <unfinished ...>
[pid 216246] 11:21:51.704630 nanosleep({tv_sec=0, tv_nsec=20000}, NULL) = 0
[pid 216246] 11:21:51.704836 futex(0xeec8c0, FUTEX_WAIT_PRIVATE, 0, {tv_sec=60, tv_nsec=0} <unfinished ...>
[pid 216245] 11:21:51.706976 <... newfstatat resumed>0xc0003917c8, 0) = -1 ENOENT (No such file or directory)
[pid 216245] 11:21:51.707044 futex(0xeec8c0, FUTEX_WAKE_PRIVATE, 1 <unfinished ...>
[pid 216246] 11:21:51.707142 <... futex resumed>) = 0
[pid 216245] 11:21:51.707164 <... futex resumed>) = 1
[pid 216246] 11:21:51.707216 sched_yield( <unfinished ...>
[pid 216245] 11:21:51.707255 newfstatat(AT_FDCWD, "/mnt/c/vscode/mingw/mingw64/bin/newuidmap",  <unfinished ...>
[pid 216246] 11:21:51.707285 <... sched_yield resumed>) = 0
[pid 216246] 11:21:51.707345 futex(0xc000400148, FUTEX_WAKE_PRIVATE, 1 <unfinished ...>
[pid 216256] 11:21:51.707464 <... futex resumed>) = 0
[pid 216246] 11:21:51.707487 <... futex resumed>) = 1
[pid 216256] 11:21:51.707540 futex(0xc000400148, FUTEX_WAIT_PRIVATE, 0, NULL <unfinished ...>
[pid 216246] 11:21:51.707584 nanosleep({tv_sec=0, tv_nsec=20000}, NULL) = 0
[pid 216246] 11:21:51.707816 futex(0xeec8c0, FUTEX_WAIT_PRIVATE, 0, {tv_sec=60, tv_nsec=0} <unfinished ...>
[pid 216245] 11:21:51.707903 <... newfstatat resumed>0xc000391898, 0) = -1 ENOENT (No such file or directory)
[pid 216245] 11:21:51.707961 futex(0xeec8c0, FUTEX_WAKE_PRIVATE, 1 <unfinished ...>
[pid 216246] 11:21:51.708053 <... futex resumed>) = 0
[pid 216245] 11:21:51.708082 <... futex resumed>) = 1
[pid 216246] 11:21:51.708132 sched_yield( <unfinished ...>
[pid 216245] 11:21:51.708165 newfstatat(AT_FDCWD, "/mnt/c/Users/zhang/.dotnet/tools/newuidmap",  <unfinished ...>
[pid 216246] 11:21:51.708190 <... sched_yield resumed>) = 0
[pid 216246] 11:21:51.708247 futex(0xc000400148, FUTEX_WAKE_PRIVATE, 1 <unfinished ...>
[pid 216256] 11:21:51.708366 <... futex resumed>) = 0
[pid 216246] 11:21:51.708386 <... futex resumed>) = 1
[pid 216256] 11:21:51.708432 futex(0xc000400148, FUTEX_WAIT_PRIVATE, 0, NULL <unfinished ...>
[pid 216246] 11:21:51.708468 nanosleep({tv_sec=0, tv_nsec=20000}, NULL) = 0
[pid 216246] 11:21:51.708689 futex(0xeec8c0, FUTEX_WAIT_PRIVATE, 0, {tv_sec=60, tv_nsec=0} <unfinished ...>
[pid 216245] 11:21:51.710317 <... newfstatat resumed>0xc000391968, 0) = -1 ENOENT (No such file or directory)
[pid 216245] 11:21:51.710382 futex(0xeec8c0, FUTEX_WAKE_PRIVATE, 1 <unfinished ...>
[pid 216246] 11:21:51.710476 <... futex resumed>) = 0
[pid 216245] 11:21:51.710498 <... futex resumed>) = 1
[pid 216246] 11:21:51.710554 sched_yield( <unfinished ...>
[pid 216245] 11:21:51.710593 newfstatat(AT_FDCWD, "/mnt/c/vsCode/Microsoft VS Code/bin/newuidmap",  <unfinished ...>
[pid 216246] 11:21:51.710621 <... sched_yield resumed>) = 0
[pid 216246] 11:21:51.710682 epoll_pwait(4, [], 128, 0, NULL, 0) = 0
[pid 216246] 11:21:51.710792 futex(0xc000400148, FUTEX_WAKE_PRIVATE, 1 <unfinished ...>
[pid 216256] 11:21:51.710873 <... futex resumed>) = 0
[pid 216246] 11:21:51.710891 <... futex resumed>) = 1
[pid 216256] 11:21:51.710912 futex(0xc000400148, FUTEX_WAIT_PRIVATE, 0, NULL <unfinished ...>
[pid 216246] 11:21:51.710934 nanosleep({tv_sec=0, tv_nsec=20000}, NULL) = 0
[pid 216246] 11:21:51.711157 futex(0xeec8c0, FUTEX_WAIT_PRIVATE, 0, {tv_sec=60, tv_nsec=0} <unfinished ...>
[pid 216245] 11:21:51.712295 <... newfstatat resumed>0xc000391a38, 0) = -1 ENOENT (No such file or directory)
[pid 216245] 11:21:51.712356 futex(0xeec8c0, FUTEX_WAKE_PRIVATE, 1 <unfinished ...>
[pid 216246] 11:21:51.712443 <... futex resumed>) = 0
[pid 216245] 11:21:51.712463 <... futex resumed>) = 1
[pid 216246] 11:21:51.712483 sched_yield( <unfinished ...>
[pid 216245] 11:21:51.712504 newfstatat(AT_FDCWD, "/mnt/d/cursor/resources/app/bin/newuidmap",  <unfinished ...>
[pid 216246] 11:21:51.712531 <... sched_yield resumed>) = 0
[pid 216246] 11:21:51.712588 futex(0xc000400148, FUTEX_WAKE_PRIVATE, 1 <unfinished ...>
[pid 216256] 11:21:51.712666 <... futex resumed>) = 0
[pid 216246] 11:21:51.712693 <... futex resumed>) = 1
[pid 216256] 11:21:51.712736 futex(0xc000400148, FUTEX_WAIT_PRIVATE, 0, NULL <unfinished ...>
[pid 216246] 11:21:51.712756 nanosleep({tv_sec=0, tv_nsec=20000}, NULL) = 0
[pid 216246] 11:21:51.712950 futex(0xeec8c0, FUTEX_WAIT_PRIVATE, 0, {tv_sec=60, tv_nsec=0} <unfinished ...>
[pid 216245] 11:21:51.714367 <... newfstatat resumed>0xc000391b08, 0) = -1 ENOENT (No such file or directory)
[pid 216245] 11:21:51.714421 futex(0xeec8c0, FUTEX_WAKE_PRIVATE, 1 <unfinished ...>
[pid 216246] 11:21:51.714504 <... futex resumed>) = 0
[pid 216245] 11:21:51.714527 <... futex resumed>) = 1
[pid 216246] 11:21:51.714578 sched_yield( <unfinished ...>
[pid 216245] 11:21:51.714612 newfstatat(AT_FDCWD, "/mnt/c/Users/zhang/AppData/Roaming/npm/newuidmap",  <unfinished ...>
[pid 216246] 11:21:51.714636 <... sched_yield resumed>) = 0
[pid 216246] 11:21:51.714688 futex(0xc000400148, FUTEX_WAKE_PRIVATE, 1 <unfinished ...>
[pid 216256] 11:21:51.714772 <... futex resumed>) = 0
[pid 216246] 11:21:51.714791 <... futex resumed>) = 1
[pid 216256] 11:21:51.714817 futex(0xc000400148, FUTEX_WAIT_PRIVATE, 0, NULL <unfinished ...>
[pid 216246] 11:21:51.714843 nanosleep({tv_sec=0, tv_nsec=20000}, NULL) = 0
[pid 216246] 11:21:51.715027 futex(0xeec8c0, FUTEX_WAIT_PRIVATE, 0, {tv_sec=60, tv_nsec=0} <unfinished ...>
[pid 216245] 11:21:51.718177 <... newfstatat resumed>0xc000391bd8, 0) = -1 ENOENT (No such file or directory)
[pid 216245] 11:21:51.718236 futex(0xeec8c0, FUTEX_WAKE_PRIVATE, 1 <unfinished ...>
[pid 216246] 11:21:51.718303 <... futex resumed>) = 0
[pid 216245] 11:21:51.718318 <... futex resumed>) = 1
[pid 216246] 11:21:51.718371 getpid( <unfinished ...>
[pid 216245] 11:21:51.718397 futex(0xc000400148, FUTEX_WAKE_PRIVATE, 1 <unfinished ...>
[pid 216246] 11:21:51.718421 <... getpid resumed>) = 216245
[pid 216245] 11:21:51.718443 <... futex resumed>) = 1
[pid 216256] 11:21:51.718464 <... futex resumed>) = 0
[pid 216246] 11:21:51.718480 tgkill(216245, 216245, SIGURG <unfinished ...>
[pid 216245] 11:21:51.718499 futex(0xc000100148, FUTEX_WAKE_PRIVATE, 1 <unfinished ...>
[pid 216256] 11:21:51.718521 futex(0xc000101148, FUTEX_WAKE_PRIVATE, 1 <unfinished ...>
[pid 216246] 11:21:51.718542 <... tgkill resumed>) = 0
[pid 216245] 11:21:51.718564 <... futex resumed>) = 1
[pid 216256] 11:21:51.718588 <... futex resumed>) = 1
[pid 216255] 11:21:51.718607 <... futex resumed>) = 0
[pid 216249] 11:21:51.718625 <... futex resumed>) = 0
[pid 216246] 11:21:51.718644 nanosleep({tv_sec=0, tv_nsec=20000},  <unfinished ...>
[pid 216256] 11:21:51.718675 futex(0xeeaf80, FUTEX_WAKE_PRIVATE, 1 <unfinished ...>
[pid 216255] 11:21:51.718692 futex(0xc000101148, FUTEX_WAIT_PRIVATE, 0, NULL <unfinished ...>
[pid 216249] 11:21:51.718708 futex(0xc000100148, FUTEX_WAIT_PRIVATE, 0, NULL <unfinished ...>
[pid 216245] 11:21:51.718752 --- SIGURG {si_signo=SIGURG, si_code=SI_TKILL, si_pid=216245, si_uid=1000} ---
[pid 216256] 11:21:51.718774 <... futex resumed>) = 0
[pid 216246] 11:21:51.718796 <... nanosleep resumed>NULL) = 0
[pid 216256] 11:21:51.718819 futex(0xc000400148, FUTEX_WAIT_PRIVATE, 0, NULL <unfinished ...>
[pid 216245] 11:21:51.718838 futex(0xf0b780, FUTEX_WAKE_PRIVATE, 1 <unfinished ...>
[pid 216246] 11:21:51.718871 nanosleep({tv_sec=0, tv_nsec=20000},  <unfinished ...>
[pid 216248] 11:21:51.718900 <... futex resumed>) = 0
[pid 216245] 11:21:51.718916 <... futex resumed>) = 1
[pid 216248] 11:21:51.718973 futex(0xf0b780, FUTEX_WAIT_PRIVATE, 0, NULL <unfinished ...>
[pid 216245] 11:21:51.719014 rt_sigreturn({mask=[]} <unfinished ...>
[pid 216246] 11:21:51.719040 <... nanosleep resumed>NULL) = 0
[pid 216245] 11:21:51.719058 <... rt_sigreturn resumed>) = 1
[pid 216246] 11:21:51.719082 nanosleep({tv_sec=0, tv_nsec=20000},  <unfinished ...>
[pid 216245] 11:21:51.719222 newfstatat(AT_FDCWD, "/mnt/d/Qoder IDE/bin/newuidmap",  <unfinished ...>
[pid 216246] 11:21:51.719254 <... nanosleep resumed>NULL) = 0
[pid 216246] 11:21:51.719307 nanosleep({tv_sec=0, tv_nsec=20000}, NULL) = 0
[pid 216246] 11:21:51.719531 nanosleep({tv_sec=0, tv_nsec=20000}, NULL) = 0
[pid 216246] 11:21:51.719742 nanosleep({tv_sec=0, tv_nsec=20000},  <unfinished ...>
[pid 216245] 11:21:51.719896 <... newfstatat resumed>0xc0002b4038, 0) = -1 ENOENT (No such file or directory)
[pid 216246] 11:21:51.719922 <... nanosleep resumed>NULL) = 0
[pid 216245] 11:21:51.719940 newfstatat(AT_FDCWD, "/snap/bin/newuidmap",  <unfinished ...>
[pid 216246] 11:21:51.719965 nanosleep({tv_sec=0, tv_nsec=20000},  <unfinished ...>
[pid 216245] 11:21:51.719993 <... newfstatat resumed>0xc0002b4108, 0) = -1 ENOENT (No such file or directory)
[pid 216245] 11:21:51.720053 newfstatat(AT_FDCWD, "/home/sh1rogane/.qoder-server/extensions/ms-python.debugpy-2025.14.0-linux-x64/bundled/scripts/noConfigScripts/newuidmap",  <unfinished ...>
[pid 216246] 11:21:51.720124 <... nanosleep resumed>NULL) = 0
[pid 216245] 11:21:51.720146 <... newfstatat resumed>0xc0002b41d8, 0) = -1 ENOENT (No such file or directory)
[pid 216246] 11:21:51.720167 nanosleep({tv_sec=0, tv_nsec=20000},  <unfinished ...>
[pid 216245] 11:21:51.720240 newfstatat(AT_FDCWD, "/home/sh1rogane/.local/sdk/go/bin/newgidmap",  <unfinished ...>
[pid 216246] 11:21:51.720308 <... nanosleep resumed>NULL) = 0
[pid 216245] 11:21:51.720340 <... newfstatat resumed>0xc0002b4378, 0) = -1 ENOENT (No such file or directory)
[pid 216246] 11:21:51.720381 nanosleep({tv_sec=0, tv_nsec=20000},  <unfinished ...>
[pid 216245] 11:21:51.720406 newfstatat(AT_FDCWD, "/home/sh1rogane/go/bin/newgidmap", 0xc0002b4448, 0) = -1 ENOENT (No such file or directory)
[pid 216245] 11:21:51.720507 newfstatat(AT_FDCWD, "/home/sh1rogane/.local/sdk/go/bin/newgidmap",  <unfinished ...>
[pid 216246] 11:21:51.720540 <... nanosleep resumed>NULL) = 0
[pid 216245] 11:21:51.720560 <... newfstatat resumed>0xc0002b4518, 0) = -1 ENOENT (No such file or directory)
[pid 216246] 11:21:51.720606 nanosleep({tv_sec=0, tv_nsec=20000},  <unfinished ...>
[pid 216245] 11:21:51.720650 newfstatat(AT_FDCWD, "/home/sh1rogane/go/bin/newgidmap", 0xc0002b45e8, 0) = -1 ENOENT (No such file or directory)
[pid 216246] 11:21:51.720765 <... nanosleep resumed>NULL) = 0
[pid 216245] 11:21:51.720808 newfstatat(AT_FDCWD, "/home/sh1rogane/.qoder-server/bin/85e509d9b77b9c245ac4703b4aa667d5be04a147/bin/remote-cli/newgidmap",  <unfinished ...>
[pid 216246] 11:21:51.720831 epoll_pwait(4,  <unfinished ...>
[pid 216245] 11:21:51.720850 <... newfstatat resumed>0xc0002b46b8, 0) = -1 ENOENT (No such file or directory)
[pid 216246] 11:21:51.720877 <... epoll_pwait resumed>[], 128, 0, NULL, 0) = 0
[pid 216245] 11:21:51.720900 newfstatat(AT_FDCWD, "/home/sh1rogane/.local/bin/newgidmap",  <unfinished ...>
[pid 216246] 11:21:51.720927 nanosleep({tv_sec=0, tv_nsec=20000},  <unfinished ...>
[pid 216245] 11:21:51.720953 <... newfstatat resumed>0xc0002b4788, 0) = -1 ENOENT (No such file or directory)
[pid 216245] 11:21:51.721007 newfstatat(AT_FDCWD, "/home/sh1rogane/.local/sdk/go/bin/newgidmap",  <unfinished ...>
[pid 216246] 11:21:51.721077 <... nanosleep resumed>NULL) = 0
[pid 216245] 11:21:51.721095 <... newfstatat resumed>0xc0002b4858, 0) = -1 ENOENT (No such file or directory)
[pid 216246] 11:21:51.721118 nanosleep({tv_sec=0, tv_nsec=20000},  <unfinished ...>
[pid 216245] 11:21:51.721140 newfstatat(AT_FDCWD, "/home/sh1rogane/go/bin/newgidmap", 0xc0002b4928, 0) = -1 ENOENT (No such file or directory)
[pid 216246] 11:21:51.721244 <... nanosleep resumed>NULL) = 0
[pid 216245] 11:21:51.721267 newfstatat(AT_FDCWD, "/home/sh1rogane/.local/sdk/go/bin/newgidmap",  <unfinished ...>
[pid 216246] 11:21:51.721291 nanosleep({tv_sec=0, tv_nsec=20000},  <unfinished ...>
[pid 216245] 11:21:51.721312 <... newfstatat resumed>0xc0002b49f8, 0) = -1 ENOENT (No such file or directory)
[pid 216245] 11:21:51.721365 newfstatat(AT_FDCWD, "/home/sh1rogane/go/bin/newgidmap", 0xc0002b4ac8, 0) = -1 ENOENT (No such file or directory)
[pid 216246] 11:21:51.721449 <... nanosleep resumed>NULL) = 0
[pid 216245] 11:21:51.721472 newfstatat(AT_FDCWD, "/usr/local/sbin/newgidmap",  <unfinished ...>
[pid 216246] 11:21:51.721506 nanosleep({tv_sec=0, tv_nsec=20000},  <unfinished ...>
[pid 216245] 11:21:51.721529 <... newfstatat resumed>0xc0002b4b98, 0) = -1 ENOENT (No such file or directory)
[pid 216245] 11:21:51.721597 newfstatat(AT_FDCWD, "/usr/local/bin/newgidmap",  <unfinished ...>
[pid 216246] 11:21:51.721643 <... nanosleep resumed>NULL) = 0
[pid 216245] 11:21:51.721663 <... newfstatat resumed>0xc0002b4c68, 0) = -1 ENOENT (No such file or directory)
[pid 216246] 11:21:51.721682 nanosleep({tv_sec=0, tv_nsec=20000},  <unfinished ...>
[pid 216245] 11:21:51.721705 newfstatat(AT_FDCWD, "/usr/sbin/newgidmap", 0xc0002b4d38, 0) = -1 ENOENT (No such file or directory)
[pid 216246] 11:21:51.721803 <... nanosleep resumed>NULL) = 0
[pid 216245] 11:21:51.721849 newfstatat(AT_FDCWD, "/usr/bin/newgidmap",  <unfinished ...>
[pid 216246] 11:21:51.721891 nanosleep({tv_sec=0, tv_nsec=20000},  <unfinished ...>
[pid 216245] 11:21:51.721917 <... newfstatat resumed>0xc0002b4e08, 0) = -1 ENOENT (No such file or directory)
[pid 216245] 11:21:51.721971 newfstatat(AT_FDCWD, "/sbin/newgidmap",  <unfinished ...>
[pid 216246] 11:21:51.722048 <... nanosleep resumed>NULL) = 0
[pid 216245] 11:21:51.722083 <... newfstatat resumed>0xc0002b4ed8, 0) = -1 ENOENT (No such file or directory)
[pid 216246] 11:21:51.722114 nanosleep({tv_sec=0, tv_nsec=20000},  <unfinished ...>
[pid 216245] 11:21:51.722140 newfstatat(AT_FDCWD, "/bin/newgidmap", 0xc0002b4fa8, 0) = -1 ENOENT (No such file or directory)
[pid 216246] 11:21:51.722241 <... nanosleep resumed>NULL) = 0
[pid 216245] 11:21:51.722277 newfstatat(AT_FDCWD, "/usr/games/newgidmap",  <unfinished ...>
[pid 216246] 11:21:51.722304 nanosleep({tv_sec=0, tv_nsec=20000},  <unfinished ...>
[pid 216245] 11:21:51.722333 <... newfstatat resumed>0xc0002b5078, 0) = -1 ENOENT (No such file or directory)
[pid 216245] 11:21:51.722390 newfstatat(AT_FDCWD, "/usr/local/games/newgidmap",  <unfinished ...>
[pid 216246] 11:21:51.722461 <... nanosleep resumed>NULL) = 0
[pid 216245] 11:21:51.722480 <... newfstatat resumed>0xc0002b5148, 0) = -1 ENOENT (No such file or directory)
[pid 216246] 11:21:51.722502 nanosleep({tv_sec=0, tv_nsec=20000},  <unfinished ...>
[pid 216245] 11:21:51.722528 newfstatat(AT_FDCWD, "/usr/lib/wsl/lib/newgidmap", 0xc0002b5218, 0) = -1 ENOENT (No such file or directory)
[pid 216246] 11:21:51.722643 <... nanosleep resumed>NULL) = 0
[pid 216245] 11:21:51.722667 newfstatat(AT_FDCWD, "/mnt/c/windows/system32/newgidmap",  <unfinished ...>
[pid 216246] 11:21:51.722689 nanosleep({tv_sec=0, tv_nsec=20000}, NULL) = 0
[pid 216246] 11:21:51.722912 nanosleep({tv_sec=0, tv_nsec=20000}, NULL) = 0
[pid 216246] 11:21:51.723149 nanosleep({tv_sec=0, tv_nsec=20000}, NULL) = 0
[pid 216246] 11:21:51.723376 nanosleep({tv_sec=0, tv_nsec=20000}, NULL) = 0
[pid 216246] 11:21:51.723597 nanosleep({tv_sec=0, tv_nsec=20000}, NULL) = 0
[pid 216246] 11:21:51.723798 nanosleep({tv_sec=0, tv_nsec=20000},  <unfinished ...>
[pid 216245] 11:21:51.723821 <... newfstatat resumed>0xc0002b52e8, 0) = -1 ENOENT (No such file or directory)
[pid 216245] 11:21:51.723884 newfstatat(AT_FDCWD, "/mnt/c/windows/newgidmap",  <unfinished ...>
[pid 216246] 11:21:51.723930 <... nanosleep resumed>NULL) = 0
[pid 216246] 11:21:51.723985 nanosleep({tv_sec=0, tv_nsec=20000}, NULL) = 0
[pid 216246] 11:21:51.724184 nanosleep({tv_sec=0, tv_nsec=20000}, NULL) = 0
[pid 216246] 11:21:51.724359 nanosleep({tv_sec=0, tv_nsec=20000}, NULL) = 0
[pid 216245] 11:21:51.724522 <... newfstatat resumed>0xc0002b53b8, 0) = -1 ENOENT (No such file or directory)
[pid 216246] 11:21:51.724541 nanosleep({tv_sec=0, tv_nsec=20000},  <unfinished ...>
[pid 216245] 11:21:51.724565 newfstatat(AT_FDCWD, "/mnt/c/windows/System32/Wbem/newgidmap",  <unfinished ...>
[pid 216246] 11:21:51.724682 <... nanosleep resumed>NULL) = 0
[pid 216246] 11:21:51.724719 nanosleep({tv_sec=0, tv_nsec=20000}, NULL) = 0
[pid 216246] 11:21:51.724906 nanosleep({tv_sec=0, tv_nsec=20000}, NULL) = 0
[pid 216246] 11:21:51.725110 nanosleep({tv_sec=0, tv_nsec=20000}, NULL) = 0
[pid 216246] 11:21:51.725317 nanosleep({tv_sec=0, tv_nsec=20000}, NULL) = 0
[pid 216246] 11:21:51.725524 nanosleep({tv_sec=0, tv_nsec=20000}, NULL) = 0
[pid 216246] 11:21:51.725729 nanosleep({tv_sec=0, tv_nsec=20000}, NULL) = 0
[pid 216246] 11:21:51.725877 nanosleep({tv_sec=0, tv_nsec=20000}, NULL) = 0
[pid 216245] 11:21:51.726058 <... newfstatat resumed>0xc0002b5488, 0) = -1 ENOENT (No such file or directory)
[pid 216246] 11:21:51.726078 nanosleep({tv_sec=0, tv_nsec=20000},  <unfinished ...>
[pid 216245] 11:21:51.726098 newfstatat(AT_FDCWD, "/mnt/c/windows/System32/WindowsPowerShell/v1.0/newgidmap",  <unfinished ...>
[pid 216246] 11:21:51.726213 <... nanosleep resumed>NULL) = 0
[pid 216246] 11:21:51.726251 nanosleep({tv_sec=0, tv_nsec=20000}, NULL) = 0
[pid 216246] 11:21:51.726463 nanosleep({tv_sec=0, tv_nsec=20000}, NULL) = 0
[pid 216246] 11:21:51.726693 nanosleep({tv_sec=0, tv_nsec=20000}, NULL) = 0
[pid 216246] 11:21:51.726893 nanosleep({tv_sec=0, tv_nsec=20000}, NULL) = 0
[pid 216246] 11:21:51.727085 nanosleep({tv_sec=0, tv_nsec=20000}, NULL) = 0
[pid 216246] 11:21:51.727270 nanosleep({tv_sec=0, tv_nsec=20000}, NULL) = 0
[pid 216246] 11:21:51.727461 nanosleep({tv_sec=0, tv_nsec=20000}, NULL) = 0
[pid 216246] 11:21:51.727648 nanosleep({tv_sec=0, tv_nsec=20000}, NULL) = 0
[pid 216246] 11:21:51.727841 nanosleep({tv_sec=0, tv_nsec=20000},  <unfinished ...>
[pid 216245] 11:21:51.727866 <... newfstatat resumed>0xc0002b5558, 0) = -1 ENOENT (No such file or directory)
[pid 216245] 11:21:51.727922 newfstatat(AT_FDCWD, "/mnt/c/windows/System32/OpenSSH/newgidmap",  <unfinished ...>
[pid 216246] 11:21:51.727998 <... nanosleep resumed>NULL) = 0
[pid 216246] 11:21:51.728042 nanosleep({tv_sec=0, tv_nsec=20000}, NULL) = 0
[pid 216246] 11:21:51.728222 nanosleep({tv_sec=0, tv_nsec=20000}, NULL) = 0
[pid 216246] 11:21:51.728413 nanosleep({tv_sec=0, tv_nsec=20000}, NULL) = 0
[pid 216246] 11:21:51.728639 nanosleep({tv_sec=0, tv_nsec=20000}, NULL) = 0
[pid 216246] 11:21:51.728885 nanosleep({tv_sec=0, tv_nsec=40000}, NULL) = 0
[pid 216246] 11:21:51.729151 nanosleep({tv_sec=0, tv_nsec=80000},  <unfinished ...>
[pid 216245] 11:21:51.729368 <... newfstatat resumed>0xc0002b5628, 0) = -1 ENOENT (No such file or directory)
[pid 216246] 11:21:51.729391 <... nanosleep resumed>NULL) = 0
[pid 216246] 11:21:51.729439 nanosleep({tv_sec=0, tv_nsec=160000},  <unfinished ...>
[pid 216245] 11:21:51.729476 newfstatat(AT_FDCWD, "/mnt/c/Program Files/NVIDIA Corporation/NVIDIA NvDLISR/newgidmap",  <unfinished ...>
[pid 216246] 11:21:51.729752 <... nanosleep resumed>NULL) = 0
[pid 216246] 11:21:51.729866 nanosleep({tv_sec=0, tv_nsec=320000}, NULL) = 0
[pid 216246] 11:21:51.730377 nanosleep({tv_sec=0, tv_nsec=640000},  <unfinished ...>
[pid 216245] 11:21:51.730873 <... newfstatat resumed>0xc0002b56f8, 0) = -1 ENOENT (No such file or directory)
[pid 216245] 11:21:51.730924 newfstatat(AT_FDCWD, "/mnt/c/Windows/system32/newgidmap",  <unfinished ...>
[pid 216246] 11:21:51.731157 <... nanosleep resumed>NULL) = 0
[pid 216246] 11:21:51.731208 epoll_pwait(4, [], 128, 0, NULL, 0) = 0
[pid 216246] 11:21:51.731333 nanosleep({tv_sec=0, tv_nsec=1280000},  <unfinished ...>
[pid 216245] 11:21:51.732429 <... newfstatat resumed>0xc0002b57c8, 0) = -1 ENOENT (No such file or directory)
[pid 216245] 11:21:51.732505 newfstatat(AT_FDCWD, "/mnt/c/Windows/newgidmap",  <unfinished ...>
[pid 216246] 11:21:51.732783 <... nanosleep resumed>NULL) = 0
[pid 216246] 11:21:51.732834 nanosleep({tv_sec=0, tv_nsec=2560000},  <unfinished ...>
[pid 216245] 11:21:51.733082 <... newfstatat resumed>0xc0002b5898, 0) = -1 ENOENT (No such file or directory)
[pid 216245] 11:21:51.733151 newfstatat(AT_FDCWD, "/mnt/c/Windows/System32/Wbem/newgidmap", 0xc0002b5968, 0) = -1 ENOENT (No such file or directory)
[pid 216245] 11:21:51.734619 newfstatat(AT_FDCWD, "/mnt/c/Windows/System32/WindowsPowerShell/v1.0/newgidmap",  <unfinished ...>
[pid 216246] 11:21:51.735571 <... nanosleep resumed>NULL) = 0
[pid 216246] 11:21:51.735628 nanosleep({tv_sec=0, tv_nsec=5120000},  <unfinished ...>
[pid 216245] 11:21:51.736304 <... newfstatat resumed>0xc0002b5a38, 0) = -1 ENOENT (No such file or directory)
[pid 216245] 11:21:51.736362 newfstatat(AT_FDCWD, "/mnt/c/Windows/System32/OpenSSH/newgidmap", 0xc0002b5b08, 0) = -1 ENOENT (No such file or directory)
[pid 216245] 11:21:51.738079 newfstatat(AT_FDCWD, "/mnt/c/mingw64/bin/newgidmap", 0xc0002b5bd8, 0) = -1 ENOENT (No such file or directory)
[pid 216245] 11:21:51.738372 newfstatat(AT_FDCWD, "/mnt/c/vscode/mingw/mingw64/bin/newgidmap", 0xc0002b5ca8, 0) = -1 ENOENT (No such file or directory)
[pid 216245] 11:21:51.739509 newfstatat(AT_FDCWD, "/mnt/c/Program Files/dotnet/newgidmap", 0xc0002b5d78, 0) = -1 ENOENT (No such file or directory)
[pid 216245] 11:21:51.740631 newfstatat(AT_FDCWD, "/mnt/c/Program Files/AskLink/newgidmap",  <unfinished ...>
[pid 216246] 11:21:51.740896 <... nanosleep resumed>NULL) = 0
[pid 216246] 11:21:51.740957 futex(0xc000400148, FUTEX_WAKE_PRIVATE, 1 <unfinished ...>
[pid 216256] 11:21:51.741048 <... futex resumed>) = 0
[pid 216246] 11:21:51.741073 <... futex resumed>) = 1
[pid 216256] 11:21:51.741122 futex(0xc000400148, FUTEX_WAIT_PRIVATE, 0, NULL <unfinished ...>
[pid 216246] 11:21:51.741142 nanosleep({tv_sec=0, tv_nsec=20000}, NULL) = 0
[pid 216246] 11:21:51.741340 futex(0xeec8c0, FUTEX_WAIT_PRIVATE, 0, {tv_sec=60, tv_nsec=0} <unfinished ...>
[pid 216245] 11:21:51.741946 <... newfstatat resumed>0xc0002b5e48, 0) = -1 ENOENT (No such file or directory)
[pid 216245] 11:21:51.741996 futex(0xeec8c0, FUTEX_WAKE_PRIVATE, 1 <unfinished ...>
[pid 216246] 11:21:51.742060 <... futex resumed>) = 0
[pid 216245] 11:21:51.742077 <... futex resumed>) = 1
[pid 216246] 11:21:51.742094 sched_yield() = 0
[pid 216245] 11:21:51.742144 newfstatat(AT_FDCWD, "/mnt/c/Program Files/NVIDIA Corporation/NVIDIA App/NvDLISR/newgidmap",  <unfinished ...>
[pid 216246] 11:21:51.742167 epoll_pwait(4, [], 128, 0, NULL, 0) = 0
[pid 216246] 11:21:51.742263 futex(0xc000400148, FUTEX_WAKE_PRIVATE, 1 <unfinished ...>
[pid 216256] 11:21:51.742335 <... futex resumed>) = 0
[pid 216246] 11:21:51.742352 <... futex resumed>) = 1
[pid 216256] 11:21:51.742390 futex(0xc000400148, FUTEX_WAIT_PRIVATE, 0, NULL <unfinished ...>
[pid 216246] 11:21:51.742410 nanosleep({tv_sec=0, tv_nsec=20000}, NULL) = 0
[pid 216246] 11:21:51.742615 futex(0xeec8c0, FUTEX_WAIT_PRIVATE, 0, {tv_sec=60, tv_nsec=0} <unfinished ...>
[pid 216245] 11:21:51.743942 <... newfstatat resumed>0xc0002c8038, 0) = -1 ENOENT (No such file or directory)
[pid 216245] 11:21:51.743987 futex(0xeec8c0, FUTEX_WAKE_PRIVATE, 1 <unfinished ...>
[pid 216246] 11:21:51.744052 <... futex resumed>) = 0
[pid 216245] 11:21:51.744073 <... futex resumed>) = 1
[pid 216246] 11:21:51.744120 sched_yield( <unfinished ...>
[pid 216245] 11:21:51.744141 newfstatat(AT_FDCWD, "/mnt/c/Program Files (x86)/NVIDIA Corporation/PhysX/Common/newgidmap",  <unfinished ...>
[pid 216246] 11:21:51.744165 <... sched_yield resumed>) = 0
[pid 216246] 11:21:51.744214 futex(0xc000400148, FUTEX_WAKE_PRIVATE, 1 <unfinished ...>
[pid 216256] 11:21:51.744279 <... futex resumed>) = 0
[pid 216246] 11:21:51.744296 <... futex resumed>) = 1
[pid 216256] 11:21:51.744334 futex(0xc000400148, FUTEX_WAIT_PRIVATE, 0, NULL <unfinished ...>
[pid 216246] 11:21:51.744360 nanosleep({tv_sec=0, tv_nsec=20000}, NULL) = 0
[pid 216246] 11:21:51.744525 futex(0xeec8c0, FUTEX_WAIT_PRIVATE, 0, {tv_sec=60, tv_nsec=0} <unfinished ...>
[pid 216245] 11:21:51.745636 <... newfstatat resumed>0xc0002c8108, 0) = -1 ENOENT (No such file or directory)
[pid 216245] 11:21:51.745689 futex(0xeec8c0, FUTEX_WAKE_PRIVATE, 1 <unfinished ...>
[pid 216246] 11:21:51.745822 <... futex resumed>) = 0
[pid 216245] 11:21:51.745833 <... futex resumed>) = 1
[pid 216246] 11:21:51.745874 sched_yield( <unfinished ...>
[pid 216245] 11:21:51.745893 newfstatat(AT_FDCWD, "/mnt/c/Program Files/nodejs/newgidmap",  <unfinished ...>
[pid 216246] 11:21:51.745915 <... sched_yield resumed>) = 0
[pid 216246] 11:21:51.745964 futex(0xc000400148, FUTEX_WAKE_PRIVATE, 1 <unfinished ...>
[pid 216256] 11:21:51.746029 <... futex resumed>) = 0
[pid 216246] 11:21:51.746050 <... futex resumed>) = 1
[pid 216256] 11:21:51.746080 futex(0xc000400148, FUTEX_WAIT_PRIVATE, 0, NULL <unfinished ...>
[pid 216246] 11:21:51.746100 nanosleep({tv_sec=0, tv_nsec=20000}, NULL) = 0
[pid 216246] 11:21:51.746286 futex(0xeec8c0, FUTEX_WAIT_PRIVATE, 0, {tv_sec=60, tv_nsec=0} <unfinished ...>
[pid 216245] 11:21:51.746751 <... newfstatat resumed>0xc0002c81d8, 0) = -1 ENOENT (No such file or directory)
[pid 216245] 11:21:51.746806 futex(0xeec8c0, FUTEX_WAKE_PRIVATE, 1 <unfinished ...>
[pid 216246] 11:21:51.746880 <... futex resumed>) = 0
[pid 216245] 11:21:51.746895 <... futex resumed>) = 1
[pid 216246] 11:21:51.746911 sched_yield( <unfinished ...>
[pid 216245] 11:21:51.746928 newfstatat(AT_FDCWD, "/mnt/d/Git/cmd/newgidmap",  <unfinished ...>
[pid 216246] 11:21:51.746948 <... sched_yield resumed>) = 0
[pid 216246] 11:21:51.746989 futex(0xc000400148, FUTEX_WAKE_PRIVATE, 1 <unfinished ...>
[pid 216256] 11:21:51.747056 <... futex resumed>) = 0
[pid 216246] 11:21:51.747075 <... futex resumed>) = 1
[pid 216256] 11:21:51.747095 futex(0xc000400148, FUTEX_WAIT_PRIVATE, 0, NULL <unfinished ...>
[pid 216246] 11:21:51.747115 nanosleep({tv_sec=0, tv_nsec=20000}, NULL) = 0
[pid 216246] 11:21:51.747304 futex(0xeec8c0, FUTEX_WAIT_PRIVATE, 0, {tv_sec=60, tv_nsec=0} <unfinished ...>
[pid 216245] 11:21:51.747948 <... newfstatat resumed>0xc0002c82a8, 0) = -1 ENOENT (No such file or directory)
[pid 216245] 11:21:51.748018 futex(0xeec8c0, FUTEX_WAKE_PRIVATE, 1 <unfinished ...>
[pid 216246] 11:21:51.748104 <... futex resumed>) = 0
[pid 216245] 11:21:51.748128 <... futex resumed>) = 1
[pid 216246] 11:21:51.748148 sched_yield( <unfinished ...>
[pid 216245] 11:21:51.748168 newfstatat(AT_FDCWD, "/mnt/c/python/Scripts/newgidmap",  <unfinished ...>
[pid 216246] 11:21:51.748207 <... sched_yield resumed>) = 0
[pid 216246] 11:21:51.748274 futex(0xc000400148, FUTEX_WAKE_PRIVATE, 1 <unfinished ...>
[pid 216256] 11:21:51.748370 <... futex resumed>) = 0
[pid 216246] 11:21:51.748392 <... futex resumed>) = 1
[pid 216256] 11:21:51.748410 futex(0xc000400148, FUTEX_WAIT_PRIVATE, 0, NULL <unfinished ...>
[pid 216246] 11:21:51.748430 nanosleep({tv_sec=0, tv_nsec=20000}, NULL) = 0
[pid 216246] 11:21:51.748620 futex(0xeec8c0, FUTEX_WAIT_PRIVATE, 0, {tv_sec=60, tv_nsec=0} <unfinished ...>
[pid 216245] 11:21:51.749368 <... newfstatat resumed>0xc0002c8378, 0) = -1 ENOENT (No such file or directory)
[pid 216245] 11:21:51.749430 futex(0xeec8c0, FUTEX_WAKE_PRIVATE, 1 <unfinished ...>
[pid 216246] 11:21:51.749489 <... futex resumed>) = 0
[pid 216245] 11:21:51.749509 <... futex resumed>) = 1
[pid 216246] 11:21:51.749539 sched_yield( <unfinished ...>
[pid 216245] 11:21:51.749557 newfstatat(AT_FDCWD, "/mnt/c/python/newgidmap",  <unfinished ...>
[pid 216246] 11:21:51.749577 <... sched_yield resumed>) = 0
[pid 216246] 11:21:51.749619 futex(0xc000400148, FUTEX_WAKE_PRIVATE, 1 <unfinished ...>
[pid 216256] 11:21:51.749693 <... futex resumed>) = 0
[pid 216246] 11:21:51.749713 <... futex resumed>) = 1
[pid 216256] 11:21:51.749731 futex(0xc000400148, FUTEX_WAIT_PRIVATE, 0, NULL <unfinished ...>
[pid 216246] 11:21:51.749751 nanosleep({tv_sec=0, tv_nsec=20000}, NULL) = 0
[pid 216246] 11:21:51.749965 futex(0xeec8c0, FUTEX_WAIT_PRIVATE, 0, {tv_sec=60, tv_nsec=0} <unfinished ...>
[pid 216245] 11:21:51.750153 <... newfstatat resumed>0xc0002c8448, 0) = -1 ENOENT (No such file or directory)
[pid 216245] 11:21:51.750193 futex(0xeec8c0, FUTEX_WAKE_PRIVATE, 1 <unfinished ...>
[pid 216246] 11:21:51.750260 <... futex resumed>) = 0
[pid 216245] 11:21:51.750275 <... futex resumed>) = 1
[pid 216246] 11:21:51.750318 sched_yield( <unfinished ...>
[pid 216245] 11:21:51.750350 newfstatat(AT_FDCWD, "/mnt/c/Users/zhang/AppData/Local/Programs/Python/Launcher/newgidmap",  <unfinished ...>
[pid 216246] 11:21:51.750373 <... sched_yield resumed>) = 0
[pid 216246] 11:21:51.750419 futex(0xc000400148, FUTEX_WAKE_PRIVATE, 1 <unfinished ...>
[pid 216256] 11:21:51.750488 <... futex resumed>) = 0
[pid 216246] 11:21:51.750508 <... futex resumed>) = 1
[pid 216256] 11:21:51.750554 futex(0xc000400148, FUTEX_WAIT_PRIVATE, 0, NULL <unfinished ...>
[pid 216246] 11:21:51.750588 nanosleep({tv_sec=0, tv_nsec=20000}, NULL) = 0
[pid 216246] 11:21:51.750767 futex(0xeec8c0, FUTEX_WAIT_PRIVATE, 0, {tv_sec=60, tv_nsec=0} <unfinished ...>
[pid 216245] 11:21:51.752796 <... newfstatat resumed>0xc0002c8518, 0) = -1 ENOENT (No such file or directory)
[pid 216245] 11:21:51.752858 futex(0xeec8c0, FUTEX_WAKE_PRIVATE, 1 <unfinished ...>
[pid 216246] 11:21:51.752954 <... futex resumed>) = 0
[pid 216245] 11:21:51.752978 <... futex resumed>) = 1
[pid 216246] 11:21:51.752995 sched_yield() = 0
[pid 216245] 11:21:51.753070 newfstatat(AT_FDCWD, "/mnt/c/Users/zhang/AppData/Local/Microsoft/WindowsApps/newgidmap",  <unfinished ...>
[pid 216246] 11:21:51.753097 epoll_pwait(4, [], 128, 0, NULL, 0) = 0
[pid 216246] 11:21:51.753191 futex(0xc000400148, FUTEX_WAKE_PRIVATE, 1 <unfinished ...>
[pid 216256] 11:21:51.753277 <... futex resumed>) = 0
[pid 216246] 11:21:51.753298 <... futex resumed>) = 1
[pid 216256] 11:21:51.753316 futex(0xc000400148, FUTEX_WAIT_PRIVATE, 0, NULL <unfinished ...>
[pid 216246] 11:21:51.753336 nanosleep({tv_sec=0, tv_nsec=20000}, NULL) = 0
[pid 216246] 11:21:51.753559 futex(0xeec8c0, FUTEX_WAIT_PRIVATE, 0, {tv_sec=60, tv_nsec=0} <unfinished ...>
[pid 216245] 11:21:51.755239 <... newfstatat resumed>0xc0002c85e8, 0) = -1 ENOENT (No such file or directory)
[pid 216245] 11:21:51.755283 futex(0xeec8c0, FUTEX_WAKE_PRIVATE, 1 <unfinished ...>
[pid 216246] 11:21:51.755349 <... futex resumed>) = 0
[pid 216245] 11:21:51.755369 <... futex resumed>) = 1
[pid 216246] 11:21:51.755412 sched_yield( <unfinished ...>
[pid 216245] 11:21:51.755446 newfstatat(AT_FDCWD, "/mnt/c/vscode/mingw/mingw64/bin/newgidmap",  <unfinished ...>
[pid 216246] 11:21:51.755468 <... sched_yield resumed>) = 0
[pid 216246] 11:21:51.755509 futex(0xc000400148, FUTEX_WAKE_PRIVATE, 1 <unfinished ...>
[pid 216256] 11:21:51.755574 <... futex resumed>) = 0
[pid 216246] 11:21:51.755591 <... futex resumed>) = 1
[pid 216256] 11:21:51.755623 futex(0xc000400148, FUTEX_WAIT_PRIVATE, 0, NULL <unfinished ...>
[pid 216246] 11:21:51.755640 nanosleep({tv_sec=0, tv_nsec=20000}, NULL) = 0
[pid 216246] 11:21:51.755818 futex(0xeec8c0, FUTEX_WAIT_PRIVATE, 0, {tv_sec=60, tv_nsec=0} <unfinished ...>
[pid 216245] 11:21:51.756043 <... newfstatat resumed>0xc0002c86b8, 0) = -1 ENOENT (No such file or directory)
[pid 216245] 11:21:51.756109 futex(0xeec8c0, FUTEX_WAKE_PRIVATE, 1 <unfinished ...>
[pid 216246] 11:21:51.756177 <... futex resumed>) = 0
[pid 216245] 11:21:51.756202 <... futex resumed>) = 1
[pid 216246] 11:21:51.756254 sched_yield( <unfinished ...>
[pid 216245] 11:21:51.756289 newfstatat(AT_FDCWD, "/mnt/c/Users/zhang/.dotnet/tools/newgidmap",  <unfinished ...>
[pid 216246] 11:21:51.756310 <... sched_yield resumed>) = 0
[pid 216246] 11:21:51.756363 futex(0xc000400148, FUTEX_WAKE_PRIVATE, 1 <unfinished ...>
[pid 216256] 11:21:51.756441 <... futex resumed>) = 0
[pid 216246] 11:21:51.756464 <... futex resumed>) = 1
[pid 216256] 11:21:51.756489 futex(0xc000400148, FUTEX_WAIT_PRIVATE, 0, NULL <unfinished ...>
[pid 216246] 11:21:51.756510 nanosleep({tv_sec=0, tv_nsec=20000}, NULL) = 0
[pid 216246] 11:21:51.756708 futex(0xeec8c0, FUTEX_WAIT_PRIVATE, 0, {tv_sec=60, tv_nsec=0} <unfinished ...>
[pid 216245] 11:21:51.757537 <... newfstatat resumed>0xc0002c8788, 0) = -1 ENOENT (No such file or directory)
[pid 216245] 11:21:51.757584 futex(0xeec8c0, FUTEX_WAKE_PRIVATE, 1 <unfinished ...>
[pid 216246] 11:21:51.757653 <... futex resumed>) = 0
[pid 216245] 11:21:51.757673 <... futex resumed>) = 1
[pid 216246] 11:21:51.757693 sched_yield( <unfinished ...>
[pid 216245] 11:21:51.757713 newfstatat(AT_FDCWD, "/mnt/c/vsCode/Microsoft VS Code/bin/newgidmap",  <unfinished ...>
[pid 216246] 11:21:51.757738 <... sched_yield resumed>) = 0
[pid 216246] 11:21:51.757807 futex(0xc000400148, FUTEX_WAKE_PRIVATE, 1 <unfinished ...>
[pid 216256] 11:21:51.757884 <... futex resumed>) = 0
[pid 216246] 11:21:51.757906 <... futex resumed>) = 1
[pid 216256] 11:21:51.757928 futex(0xc000400148, FUTEX_WAIT_PRIVATE, 0, NULL <unfinished ...>
[pid 216246] 11:21:51.757949 nanosleep({tv_sec=0, tv_nsec=20000}, NULL) = 0
[pid 216246] 11:21:51.758151 futex(0xeec8c0, FUTEX_WAIT_PRIVATE, 0, {tv_sec=60, tv_nsec=0} <unfinished ...>
[pid 216245] 11:21:51.759042 <... newfstatat resumed>0xc0002c8858, 0) = -1 ENOENT (No such file or directory)
[pid 216245] 11:21:51.759091 futex(0xeec8c0, FUTEX_WAKE_PRIVATE, 1 <unfinished ...>
[pid 216246] 11:21:51.759163 <... futex resumed>) = 0
[pid 216245] 11:21:51.759182 <... futex resumed>) = 1
[pid 216246] 11:21:51.759200 sched_yield( <unfinished ...>
[pid 216245] 11:21:51.759217 newfstatat(AT_FDCWD, "/mnt/d/cursor/resources/app/bin/newgidmap",  <unfinished ...>
[pid 216246] 11:21:51.759250 <... sched_yield resumed>) = 0
[pid 216246] 11:21:51.759299 futex(0xc000400148, FUTEX_WAKE_PRIVATE, 1 <unfinished ...>
[pid 216256] 11:21:51.759416 <... futex resumed>) = 0
[pid 216246] 11:21:51.759434 <... futex resumed>) = 1
[pid 216256] 11:21:51.759451 futex(0xc000400148, FUTEX_WAIT_PRIVATE, 0, NULL <unfinished ...>
[pid 216246] 11:21:51.759469 nanosleep({tv_sec=0, tv_nsec=20000}, NULL) = 0
[pid 216246] 11:21:51.759641 futex(0xeec8c0, FUTEX_WAIT_PRIVATE, 0, {tv_sec=60, tv_nsec=0} <unfinished ...>
[pid 216245] 11:21:51.760575 <... newfstatat resumed>0xc0002c8928, 0) = -1 ENOENT (No such file or directory)
[pid 216245] 11:21:51.760629 futex(0xeec8c0, FUTEX_WAKE_PRIVATE, 1 <unfinished ...>
[pid 216246] 11:21:51.760695 <... futex resumed>) = 0
[pid 216245] 11:21:51.760711 <... futex resumed>) = 1
[pid 216246] 11:21:51.760750 sched_yield( <unfinished ...>
[pid 216245] 11:21:51.760770 newfstatat(AT_FDCWD, "/mnt/c/Users/zhang/AppData/Roaming/npm/newgidmap",  <unfinished ...>
[pid 216246] 11:21:51.760796 <... sched_yield resumed>) = 0
[pid 216246] 11:21:51.760851 futex(0xc000400148, FUTEX_WAKE_PRIVATE, 1 <unfinished ...>
[pid 216256] 11:21:51.760927 <... futex resumed>) = 0
[pid 216246] 11:21:51.760947 <... futex resumed>) = 1
[pid 216256] 11:21:51.760992 futex(0xc000400148, FUTEX_WAIT_PRIVATE, 0, NULL <unfinished ...>
[pid 216246] 11:21:51.761026 nanosleep({tv_sec=0, tv_nsec=20000}, NULL) = 0
[pid 216246] 11:21:51.761210 futex(0xeec8c0, FUTEX_WAIT_PRIVATE, 0, {tv_sec=60, tv_nsec=0} <unfinished ...>
[pid 216245] 11:21:51.762821 <... newfstatat resumed>0xc0002c89f8, 0) = -1 ENOENT (No such file or directory)
[pid 216245] 11:21:51.762891 futex(0xeec8c0, FUTEX_WAKE_PRIVATE, 1 <unfinished ...>
[pid 216246] 11:21:51.762976 <... futex resumed>) = 0
[pid 216245] 11:21:51.762994 <... futex resumed>) = 1
[pid 216246] 11:21:51.763051 sched_yield( <unfinished ...>
[pid 216245] 11:21:51.763094 newfstatat(AT_FDCWD, "/mnt/d/Qoder IDE/bin/newgidmap",  <unfinished ...>
[pid 216246] 11:21:51.763123 <... sched_yield resumed>) = 0
[pid 216246] 11:21:51.763176 epoll_pwait(4, [], 128, 0, NULL, 0) = 0
[pid 216246] 11:21:51.763280 futex(0xc000400148, FUTEX_WAKE_PRIVATE, 1 <unfinished ...>
[pid 216256] 11:21:51.763346 <... futex resumed>) = 0
[pid 216246] 11:21:51.763361 <... futex resumed>) = 1
[pid 216256] 11:21:51.763380 futex(0xc000400148, FUTEX_WAIT_PRIVATE, 0, NULL <unfinished ...>
[pid 216246] 11:21:51.763414 nanosleep({tv_sec=0, tv_nsec=20000}, NULL) = 0
[pid 216246] 11:21:51.763604 futex(0xeec8c0, FUTEX_WAIT_PRIVATE, 0, {tv_sec=60, tv_nsec=0} <unfinished ...>
[pid 216245] 11:21:51.763627 <... newfstatat resumed>0xc0002c8ac8, 0) = -1 ENOENT (No such file or directory)
[pid 216245] 11:21:51.763671 futex(0xeec8c0, FUTEX_WAKE_PRIVATE, 1 <unfinished ...>
[pid 216246] 11:21:51.763733 <... futex resumed>) = 0
[pid 216245] 11:21:51.763749 <... futex resumed>) = 1
[pid 216246] 11:21:51.763766 sched_yield( <unfinished ...>
[pid 216245] 11:21:51.763795 newfstatat(AT_FDCWD, "/snap/bin/newgidmap",  <unfinished ...>
[pid 216246] 11:21:51.763815 <... sched_yield resumed>) = 0
[pid 216246] 11:21:51.763853 futex(0xc000400148, FUTEX_WAKE_PRIVATE, 1 <unfinished ...>
[pid 216245] 11:21:51.763871 <... newfstatat resumed>0xc0002c8b98, 0) = -1 ENOENT (No such file or directory)
[pid 216246] 11:21:51.763893 <... futex resumed>) = 1
[pid 216256] 11:21:51.763920 <... futex resumed>) = 0
[pid 216245] 11:21:51.763936 newfstatat(AT_FDCWD, "/home/sh1rogane/.qoder-server/extensions/ms-python.debugpy-2025.14.0-linux-x64/bundled/scripts/noConfigScripts/newgidmap",  <unfinished ...>
[pid 216246] 11:21:51.763957 nanosleep({tv_sec=0, tv_nsec=20000},  <unfinished ...>
[pid 216256] 11:21:51.763978 futex(0xc000400148, FUTEX_WAIT_PRIVATE, 0, NULL <unfinished ...>
[pid 216245] 11:21:51.763993 <... newfstatat resumed>0xc000391ca8, 0) = -1 ENOENT (No such file or directory)
[pid 216245] 11:21:51.764048 getegid( <unfinished ...>
[pid 216246] 11:21:51.764087 <... nanosleep resumed>NULL) = 0
[pid 216245] 11:21:51.764108 <... getegid resumed>) = 1000
[pid 216246] 11:21:51.764127 getpid( <unfinished ...>
[pid 216245] 11:21:51.764146 futex(0xc000400148, FUTEX_WAKE_PRIVATE, 1 <unfinished ...>
[pid 216246] 11:21:51.764166 <... getpid resumed>) = 216245
[pid 216245] 11:21:51.764187 <... futex resumed>) = 1
[pid 216256] 11:21:51.764206 <... futex resumed>) = 0
[pid 216246] 11:21:51.764235 tgkill(216245, 216245, SIGURG <unfinished ...>
[pid 216256] 11:21:51.764255 futex(0xc000101148, FUTEX_WAKE_PRIVATE, 1 <unfinished ...>
[pid 216245] 11:21:51.764276 futex(0xc000100148, FUTEX_WAKE_PRIVATE, 1 <unfinished ...>
[pid 216246] 11:21:51.764297 <... tgkill resumed>) = 0
[pid 216256] 11:21:51.764318 <... futex resumed>) = 1
[pid 216255] 11:21:51.764336 <... futex resumed>) = 0
[pid 216245] 11:21:51.764354 <... futex resumed>) = 1
[pid 216256] 11:21:51.764374 futex(0xeeaf80, FUTEX_WAKE_PRIVATE, 1 <unfinished ...>
[pid 216255] 11:21:51.764392 futex(0xc000101148, FUTEX_WAIT_PRIVATE, 0, NULL <unfinished ...>
[pid 216249] 11:21:51.764417 <... futex resumed>) = 0
[pid 216246] 11:21:51.764435 nanosleep({tv_sec=0, tv_nsec=20000},  <unfinished ...>
[pid 216256] 11:21:51.764461 <... futex resumed>) = 0
[pid 216249] 11:21:51.764477 futex(0xc000100148, FUTEX_WAIT_PRIVATE, 0, NULL <unfinished ...>
[pid 216245] 11:21:51.764496 --- SIGURG {si_signo=SIGURG, si_code=SI_TKILL, si_pid=216245, si_uid=1000} ---
[pid 216256] 11:21:51.764518 futex(0xc000400148, FUTEX_WAIT_PRIVATE, 0, NULL <unfinished ...>
[pid 216246] 11:21:51.764582 <... nanosleep resumed>NULL) = 0
[pid 216245] 11:21:51.764604 futex(0xf0b780, FUTEX_WAKE_PRIVATE, 1 <unfinished ...>
[pid 216246] 11:21:51.764622 nanosleep({tv_sec=0, tv_nsec=20000},  <unfinished ...>
[pid 216245] 11:21:51.764646 <... futex resumed>) = 1
[pid 216248] 11:21:51.764662 <... futex resumed>) = 0
[pid 216245] 11:21:51.764691 rt_sigreturn({mask=[]} <unfinished ...>
[pid 216248] 11:21:51.764715 futex(0xf0b780, FUTEX_WAIT_PRIVATE, 0, NULL <unfinished ...>
[pid 216245] 11:21:51.764731 <... rt_sigreturn resumed>) = 1
[pid 216246] 11:21:51.764781 <... nanosleep resumed>NULL) = 0
[pid 216246] 11:21:51.764844 nanosleep({tv_sec=0, tv_nsec=20000},  <unfinished ...>
[pid 216245] 11:21:51.764897 futex(0xc000400148, FUTEX_WAKE_PRIVATE, 1 <unfinished ...>
[pid 216256] 11:21:51.764965 <... futex resumed>) = 0
[pid 216245] 11:21:51.764986 <... futex resumed>) = 1
[pid 216246] 11:21:51.765003 <... nanosleep resumed>NULL) = 0
[pid 216256] 11:21:51.765024 nanosleep({tv_sec=0, tv_nsec=3000},  <unfinished ...>
[pid 216245] 11:21:51.765045 fcntl(0, F_DUPFD_CLOEXEC, 0 <unfinished ...>
[pid 216246] 11:21:51.765062 nanosleep({tv_sec=0, tv_nsec=20000},  <unfinished ...>
[pid 216245] 11:21:51.765082 <... fcntl resumed>) = 26
[pid 216256] 11:21:51.765127 <... nanosleep resumed>NULL) = 0
[pid 216245] 11:21:51.765147 close_range(26, 26, CLOSE_RANGE_CLOEXEC <unfinished ...>
[pid 216256] 11:21:51.765202 futex(0xc000100148, FUTEX_WAKE_PRIVATE, 1 <unfinished ...>
[pid 216246] 11:21:51.765222 <... nanosleep resumed>NULL) = 0
[pid 216245] 11:21:51.765237 <... close_range resumed>) = 0
[pid 216256] 11:21:51.765255 <... futex resumed>) = 1
[pid 216249] 11:21:51.765271 <... futex resumed>) = 0
[pid 216246] 11:21:51.765289 nanosleep({tv_sec=0, tv_nsec=20000},  <unfinished ...>
[pid 216256] 11:21:51.765309 read(19,  <unfinished ...>
[pid 216249] 11:21:51.765324 futex(0xc000100148, FUTEX_WAIT_PRIVATE, 0, NULL <unfinished ...>
[pid 216245] 11:21:51.765343 close(26 <unfinished ...>
[pid 216256] 11:21:51.765359 <... read resumed>0xc0002ca000, 4096) = -1 EAGAIN (Resource temporarily unavailable)
[pid 216245] 11:21:51.765376 <... close resumed>) = 0
[pid 216256] 11:21:51.765416 epoll_pwait(4,  <unfinished ...>
[pid 216246] 11:21:51.765454 <... nanosleep resumed>NULL) = 0
[pid 216245] 11:21:51.765469 close_range(3, 2147483647, CLOSE_RANGE_CLOEXEC <unfinished ...>
[pid 216256] 11:21:51.765487 <... epoll_pwait resumed>[], 128, 0, NULL, 0) = 0
[pid 216246] 11:21:51.765504 nanosleep({tv_sec=0, tv_nsec=20000},  <unfinished ...>
[pid 216245] 11:21:51.765532 <... close_range resumed>) = 0
[pid 216256] 11:21:51.765548 epoll_pwait(4,  <unfinished ...>
[pid 216245] 11:21:51.765589 getpid( <unfinished ...>
[pid 216246] 11:21:51.765647 <... nanosleep resumed>NULL) = 0
[pid 216245] 11:21:51.765666 <... getpid resumed>) = 216245
[pid 216246] 11:21:51.765700 nanosleep({tv_sec=0, tv_nsec=20000},  <unfinished ...>
[pid 216245] 11:21:51.765722 pidfd_open(216245, 0) = 26
[pid 216246] 11:21:51.765797 <... nanosleep resumed>NULL) = 0
[pid 216245] 11:21:51.765823 waitid(P_PIDFD, 26,  <unfinished ...>
[pid 216246] 11:21:51.765840 nanosleep({tv_sec=0, tv_nsec=20000},  <unfinished ...>
[pid 216245] 11:21:51.765859 <... waitid resumed>NULL, WEXITED, NULL) = -1 ECHILD (No child processes)
[pid 216245] 11:21:51.765908 pidfd_send_signal(26, 0, NULL, 0 <unfinished ...>
[pid 216246] 11:21:51.765971 <... nanosleep resumed>NULL) = 0
[pid 216245] 11:21:51.765987 <... pidfd_send_signal resumed>) = 0
[pid 216246] 11:21:51.766008 nanosleep({tv_sec=0, tv_nsec=20000},  <unfinished ...>
[pid 216245] 11:21:51.766026 clone(child_stack=NULL, flags=CLONE_VM|CLONE_PIDFD|CLONE_VFORKstrace: Process 216257 attached
 <unfinished ...>
[pid 216246] 11:21:51.766153 <... nanosleep resumed>NULL) = 0
[pid 216257] 11:21:51.766180 exit_group(0 <unfinished ...>
[pid 216246] 11:21:51.766195 nanosleep({tv_sec=0, tv_nsec=20000},  <unfinished ...>
[pid 216257] 11:21:51.766222 <... exit_group resumed>) = ?
[pid 216257] 11:21:51.766300 +++ exited with 0 +++
[pid 216245] 11:21:51.766318 <... clone resumed>, parent_tid=[27]) = 216257
[pid 216246] 11:21:51.766337 <... nanosleep resumed>NULL) = 0
[pid 216245] 11:21:51.766353 waitid(P_PIDFD, 27,  <unfinished ...>
[pid 216246] 11:21:51.766371 nanosleep({tv_sec=0, tv_nsec=20000},  <unfinished ...>
[pid 216245] 11:21:51.766389 <... waitid resumed>NULL, WEXITED|__WCLONE, NULL) = 0
[pid 216245] 11:21:51.766436 close(27)  = 0
[pid 216246] 11:21:51.766506 <... nanosleep resumed>NULL) = 0
[pid 216245] 11:21:51.766537 close(26 <unfinished ...>
[pid 216246] 11:21:51.766557 nanosleep({tv_sec=0, tv_nsec=20000},  <unfinished ...>
[pid 216245] 11:21:51.766587 <... close resumed>) = 0
[pid 216245] 11:21:51.766641 fcntl(7, F_GETFL <unfinished ...>
[pid 216246] 11:21:51.766693 <... nanosleep resumed>NULL) = 0
[pid 216245] 11:21:51.766708 <... fcntl resumed>) = 0 (flags O_RDONLY)
[pid 216246] 11:21:51.766725 nanosleep({tv_sec=0, tv_nsec=20000},  <unfinished ...>
[pid 216245] 11:21:51.766743 fcntl(10, F_GETFL) = 0x1 (flags O_WRONLY)
[pid 216246] 11:21:51.766848 <... nanosleep resumed>NULL) = 0
[pid 216245] 11:21:51.766879 fcntl(13, F_GETFL <unfinished ...>
[pid 216246] 11:21:51.766897 nanosleep({tv_sec=0, tv_nsec=20000},  <unfinished ...>
[pid 216245] 11:21:51.766918 <... fcntl resumed>) = 0x1 (flags O_WRONLY)
[pid 216245] 11:21:51.766964 fcntl(22, F_GETFL <unfinished ...>
[pid 216246] 11:21:51.767020 <... nanosleep resumed>NULL) = 0
[pid 216245] 11:21:51.767036 <... fcntl resumed>) = 0x801 (flags O_WRONLY|O_NONBLOCK)
[pid 216246] 11:21:51.767054 nanosleep({tv_sec=0, tv_nsec=20000},  <unfinished ...>
[pid 216245] 11:21:51.767072 fcntl(22, F_SETFL, O_WRONLY) = 0
[pid 216245] 11:21:51.767158 pipe2( <unfinished ...>
[pid 216246] 11:21:51.767178 <... nanosleep resumed>NULL) = 0
[pid 216245] 11:21:51.767198 <... pipe2 resumed>[26, 27], O_CLOEXEC) = 0
[pid 216246] 11:21:51.767220 nanosleep({tv_sec=0, tv_nsec=20000},  <unfinished ...>
[pid 216245] 11:21:51.767253 getpid()   = 216245
[pid 216245] 11:21:51.767334 rt_sigprocmask(SIG_SETMASK, NULL,  <unfinished ...>
[pid 216246] 11:21:51.767374 <... nanosleep resumed>NULL) = 0
[pid 216245] 11:21:51.767391 <... rt_sigprocmask resumed>[], 8) = 0
[pid 216246] 11:21:51.767412 nanosleep({tv_sec=0, tv_nsec=20000},  <unfinished ...>
[pid 216245] 11:21:51.767430 rt_sigprocmask(SIG_SETMASK, ~[], NULL, 8) = 0
[pid 216245] 11:21:51.767525 clone(child_stack=NULL, flags=CLONE_VM|CLONE_PIDFD|CLONE_VFORK|SIGCHLD <unfinished ...>
[pid 216246] 11:21:51.767548 <... nanosleep resumed>NULL) = 0
[pid 216246] 11:21:51.767602 nanosleep({tv_sec=0, tv_nsec=20000}, strace: Process 216258 attached
 <unfinished ...>
[pid 216258] 11:21:51.767661 rt_sigaction(SIGHUP, {sa_handler=SIG_DFL, sa_mask=~[], sa_flags=SA_RESTORER|SA_ONSTACK|SA_RESTART|SA_SIGINFO, sa_restorer=0x4817a0}, NULL, 8) = 0
[pid 216246] 11:21:51.767741 <... nanosleep resumed>NULL) = 0
[pid 216258] 11:21:51.767762 rt_sigaction(SIGINT, {sa_handler=SIG_DFL, sa_mask=~[], sa_flags=SA_RESTORER|SA_ONSTACK|SA_RESTART|SA_SIGINFO, sa_restorer=0x4817a0},  <unfinished ...>
[pid 216246] 11:21:51.767788 nanosleep({tv_sec=0, tv_nsec=20000},  <unfinished ...>
[pid 216258] 11:21:51.767821 <... rt_sigaction resumed>NULL, 8) = 0
[pid 216258] 11:21:51.767869 rt_sigaction(SIGQUIT, {sa_handler=SIG_DFL, sa_mask=~[], sa_flags=SA_RESTORER|SA_ONSTACK|SA_RESTART|SA_SIGINFO, sa_restorer=0x4817a0}, NULL, 8) = 0
[pid 216246] 11:21:51.767955 <... nanosleep resumed>NULL) = 0
[pid 216258] 11:21:51.767973 rt_sigaction(SIGILL, {sa_handler=SIG_DFL, sa_mask=~[], sa_flags=SA_RESTORER|SA_ONSTACK|SA_RESTART|SA_SIGINFO, sa_restorer=0x4817a0},  <unfinished ...>
[pid 216246] 11:21:51.767997 nanosleep({tv_sec=0, tv_nsec=20000},  <unfinished ...>
[pid 216258] 11:21:51.768015 <... rt_sigaction resumed>NULL, 8) = 0
[pid 216258] 11:21:51.768061 rt_sigaction(SIGTRAP, {sa_handler=SIG_DFL, sa_mask=~[], sa_flags=SA_RESTORER|SA_ONSTACK|SA_RESTART|SA_SIGINFO, sa_restorer=0x4817a0}, NULL, 8) = 0
[pid 216246] 11:21:51.768127 <... nanosleep resumed>NULL) = 0
[pid 216258] 11:21:51.768142 rt_sigaction(SIGABRT, {sa_handler=SIG_DFL, sa_mask=~[], sa_flags=SA_RESTORER|SA_ONSTACK|SA_RESTART|SA_SIGINFO, sa_restorer=0x4817a0},  <unfinished ...>
[pid 216246] 11:21:51.768161 nanosleep({tv_sec=0, tv_nsec=20000},  <unfinished ...>
[pid 216258] 11:21:51.768181 <... rt_sigaction resumed>NULL, 8) = 0
[pid 216258] 11:21:51.768225 rt_sigaction(SIGBUS, {sa_handler=SIG_DFL, sa_mask=~[], sa_flags=SA_RESTORER|SA_ONSTACK|SA_RESTART|SA_SIGINFO, sa_restorer=0x4817a0}, NULL, 8) = 0
[pid 216246] 11:21:51.768302 <... nanosleep resumed>NULL) = 0
[pid 216258] 11:21:51.768323 rt_sigaction(SIGFPE, {sa_handler=SIG_DFL, sa_mask=~[], sa_flags=SA_RESTORER|SA_ONSTACK|SA_RESTART|SA_SIGINFO, sa_restorer=0x4817a0},  <unfinished ...>
[pid 216246] 11:21:51.768352 nanosleep({tv_sec=0, tv_nsec=20000},  <unfinished ...>
[pid 216258] 11:21:51.768370 <... rt_sigaction resumed>NULL, 8) = 0
[pid 216258] 11:21:51.768418 rt_sigaction(SIGUSR1, {sa_handler=SIG_DFL, sa_mask=~[], sa_flags=SA_RESTORER|SA_ONSTACK|SA_RESTART|SA_SIGINFO, sa_restorer=0x4817a0}, NULL, 8) = 0
[pid 216246] 11:21:51.768491 <... nanosleep resumed>NULL) = 0
[pid 216258] 11:21:51.768508 rt_sigaction(SIGSEGV, {sa_handler=SIG_DFL, sa_mask=~[], sa_flags=SA_RESTORER|SA_ONSTACK|SA_RESTART|SA_SIGINFO, sa_restorer=0x4817a0},  <unfinished ...>
[pid 216246] 11:21:51.768543 nanosleep({tv_sec=0, tv_nsec=20000},  <unfinished ...>
[pid 216258] 11:21:51.768560 <... rt_sigaction resumed>NULL, 8) = 0
[pid 216258] 11:21:51.768599 rt_sigaction(SIGUSR2, {sa_handler=SIG_DFL, sa_mask=~[], sa_flags=SA_RESTORER|SA_ONSTACK|SA_RESTART|SA_SIGINFO, sa_restorer=0x4817a0}, NULL, 8) = 0
[pid 216258] 11:21:51.768668 rt_sigaction(SIGPIPE, {sa_handler=SIG_DFL, sa_mask=~[], sa_flags=SA_RESTORER|SA_ONSTACK|SA_RESTART|SA_SIGINFO, sa_restorer=0x4817a0},  <unfinished ...>
[pid 216246] 11:21:51.768689 <... nanosleep resumed>NULL) = 0
[pid 216258] 11:21:51.768708 <... rt_sigaction resumed>NULL, 8) = 0
[pid 216246] 11:21:51.768723 nanosleep({tv_sec=0, tv_nsec=20000},  <unfinished ...>
[pid 216258] 11:21:51.768741 rt_sigaction(SIGALRM, {sa_handler=SIG_DFL, sa_mask=~[], sa_flags=SA_RESTORER|SA_ONSTACK|SA_RESTART|SA_SIGINFO, sa_restorer=0x4817a0}, NULL, 8) = 0
[pid 216258] 11:21:51.768826 rt_sigaction(SIGTERM, {sa_handler=SIG_DFL, sa_mask=~[], sa_flags=SA_RESTORER|SA_ONSTACK|SA_RESTART|SA_SIGINFO, sa_restorer=0x4817a0},  <unfinished ...>
[pid 216246] 11:21:51.768854 <... nanosleep resumed>NULL) = 0
[pid 216258] 11:21:51.768872 <... rt_sigaction resumed>NULL, 8) = 0
[pid 216246] 11:21:51.768889 nanosleep({tv_sec=0, tv_nsec=20000},  <unfinished ...>
[pid 216258] 11:21:51.768909 rt_sigaction(SIGSTKFLT, {sa_handler=SIG_DFL, sa_mask=~[], sa_flags=SA_RESTORER|SA_ONSTACK|SA_RESTART|SA_SIGINFO, sa_restorer=0x4817a0}, NULL, 8) = 0
[pid 216258] 11:21:51.769013 rt_sigaction(SIGCHLD, {sa_handler=SIG_DFL, sa_mask=~[], sa_flags=SA_RESTORER|SA_ONSTACK|SA_RESTART|SA_SIGINFO, sa_restorer=0x4817a0},  <unfinished ...>
[pid 216246] 11:21:51.769035 <... nanosleep resumed>NULL) = 0
[pid 216258] 11:21:51.769050 <... rt_sigaction resumed>NULL, 8) = 0
[pid 216246] 11:21:51.769066 nanosleep({tv_sec=0, tv_nsec=20000},  <unfinished ...>
[pid 216258] 11:21:51.769086 rt_sigaction(SIGCONT, {sa_handler=SIG_DFL, sa_mask=~[], sa_flags=SA_RESTORER|SA_ONSTACK|SA_RESTART|SA_SIGINFO, sa_restorer=0x4817a0}, NULL, 8) = 0
[pid 216258] 11:21:51.769184 rt_sigaction(SIGTSTP, {sa_handler=SIG_DFL, sa_mask=~[], sa_flags=SA_RESTORER|SA_ONSTACK|SA_RESTART|SA_SIGINFO, sa_restorer=0x4817a0},  <unfinished ...>
[pid 216246] 11:21:51.769219 <... nanosleep resumed>NULL) = 0
[pid 216258] 11:21:51.769234 <... rt_sigaction resumed>NULL, 8) = 0
[pid 216246] 11:21:51.769250 nanosleep({tv_sec=0, tv_nsec=20000},  <unfinished ...>
[pid 216258] 11:21:51.769267 rt_sigaction(SIGTTIN, {sa_handler=SIG_DFL, sa_mask=~[], sa_flags=SA_RESTORER|SA_ONSTACK|SA_RESTART|SA_SIGINFO, sa_restorer=0x4817a0}, NULL, 8) = 0
[pid 216258] 11:21:51.769342 rt_sigaction(SIGTTOU, {sa_handler=SIG_DFL, sa_mask=~[], sa_flags=SA_RESTORER|SA_ONSTACK|SA_RESTART|SA_SIGINFO, sa_restorer=0x4817a0},  <unfinished ...>
[pid 216246] 11:21:51.769373 <... nanosleep resumed>NULL) = 0
[pid 216258] 11:21:51.769388 <... rt_sigaction resumed>NULL, 8) = 0
[pid 216246] 11:21:51.769403 nanosleep({tv_sec=0, tv_nsec=20000},  <unfinished ...>
[pid 216258] 11:21:51.769430 rt_sigaction(SIGURG, {sa_handler=SIG_DFL, sa_mask=~[], sa_flags=SA_RESTORER|SA_ONSTACK|SA_RESTART|SA_SIGINFO, sa_restorer=0x4817a0}, NULL, 8) = 0
[pid 216258] 11:21:51.769536 rt_sigaction(SIGXCPU, {sa_handler=SIG_DFL, sa_mask=~[], sa_flags=SA_RESTORER|SA_ONSTACK|SA_RESTART|SA_SIGINFO, sa_restorer=0x4817a0},  <unfinished ...>
[pid 216246] 11:21:51.769566 <... nanosleep resumed>NULL) = 0
[pid 216258] 11:21:51.769581 <... rt_sigaction resumed>NULL, 8) = 0
[pid 216246] 11:21:51.769597 nanosleep({tv_sec=0, tv_nsec=20000},  <unfinished ...>
[pid 216258] 11:21:51.769614 rt_sigaction(SIGXFSZ, {sa_handler=SIG_DFL, sa_mask=~[], sa_flags=SA_RESTORER|SA_ONSTACK|SA_RESTART|SA_SIGINFO, sa_restorer=0x4817a0}, NULL, 8) = 0
[pid 216258] 11:21:51.769698 rt_sigaction(SIGVTALRM, {sa_handler=SIG_DFL, sa_mask=~[], sa_flags=SA_RESTORER|SA_ONSTACK|SA_RESTART|SA_SIGINFO, sa_restorer=0x4817a0},  <unfinished ...>
[pid 216246] 11:21:51.769716 <... nanosleep resumed>NULL) = 0
[pid 216258] 11:21:51.769732 <... rt_sigaction resumed>NULL, 8) = 0
[pid 216246] 11:21:51.769747 nanosleep({tv_sec=0, tv_nsec=20000},  <unfinished ...>
[pid 216258] 11:21:51.769787 rt_sigaction(SIGPROF, {sa_handler=SIG_DFL, sa_mask=~[], sa_flags=SA_RESTORER|SA_ONSTACK|SA_RESTART|SA_SIGINFO, sa_restorer=0x4817a0}, NULL, 8) = 0
[pid 216258] 11:21:51.769881 rt_sigaction(SIGWINCH, {sa_handler=SIG_DFL, sa_mask=~[], sa_flags=SA_RESTORER|SA_ONSTACK|SA_RESTART|SA_SIGINFO, sa_restorer=0x4817a0},  <unfinished ...>
[pid 216246] 11:21:51.769908 <... nanosleep resumed>NULL) = 0
[pid 216258] 11:21:51.769927 <... rt_sigaction resumed>NULL, 8) = 0
[pid 216246] 11:21:51.769956 nanosleep({tv_sec=0, tv_nsec=20000},  <unfinished ...>
[pid 216258] 11:21:51.769975 rt_sigaction(SIGIO, {sa_handler=SIG_DFL, sa_mask=~[], sa_flags=SA_RESTORER|SA_ONSTACK|SA_RESTART|SA_SIGINFO, sa_restorer=0x4817a0}, NULL, 8) = 0
[pid 216258] 11:21:51.770058 rt_sigaction(SIGPWR, {sa_handler=SIG_DFL, sa_mask=~[], sa_flags=SA_RESTORER|SA_ONSTACK|SA_RESTART|SA_SIGINFO, sa_restorer=0x4817a0},  <unfinished ...>
[pid 216246] 11:21:51.770091 <... nanosleep resumed>NULL) = 0
[pid 216258] 11:21:51.770107 <... rt_sigaction resumed>NULL, 8) = 0
[pid 216246] 11:21:51.770123 nanosleep({tv_sec=0, tv_nsec=20000},  <unfinished ...>
[pid 216258] 11:21:51.770141 rt_sigaction(SIGSYS, {sa_handler=SIG_DFL, sa_mask=~[], sa_flags=SA_RESTORER|SA_ONSTACK|SA_RESTART|SA_SIGINFO, sa_restorer=0x4817a0}, NULL, 8) = 0
[pid 216258] 11:21:51.770228 rt_sigaction(SIGRT_3, {sa_handler=SIG_DFL, sa_mask=~[], sa_flags=SA_RESTORER|SA_ONSTACK|SA_RESTART|SA_SIGINFO, sa_restorer=0x4817a0},  <unfinished ...>
[pid 216246] 11:21:51.770247 <... nanosleep resumed>NULL) = 0
[pid 216258] 11:21:51.770263 <... rt_sigaction resumed>NULL, 8) = 0
[pid 216246] 11:21:51.770279 nanosleep({tv_sec=0, tv_nsec=20000},  <unfinished ...>
[pid 216258] 11:21:51.770296 rt_sigaction(SIGRT_4, {sa_handler=SIG_DFL, sa_mask=~[], sa_flags=SA_RESTORER|SA_ONSTACK|SA_RESTART|SA_SIGINFO, sa_restorer=0x4817a0}, NULL, 8) = 0
[pid 216258] 11:21:51.770380 rt_sigaction(SIGRT_5, {sa_handler=SIG_DFL, sa_mask=~[], sa_flags=SA_RESTORER|SA_ONSTACK|SA_RESTART|SA_SIGINFO, sa_restorer=0x4817a0},  <unfinished ...>
[pid 216246] 11:21:51.770409 <... nanosleep resumed>NULL) = 0
[pid 216258] 11:21:51.770424 <... rt_sigaction resumed>NULL, 8) = 0
[pid 216246] 11:21:51.770442 nanosleep({tv_sec=0, tv_nsec=20000},  <unfinished ...>
[pid 216258] 11:21:51.770463 rt_sigaction(SIGRT_6, {sa_handler=SIG_DFL, sa_mask=~[], sa_flags=SA_RESTORER|SA_ONSTACK|SA_RESTART|SA_SIGINFO, sa_restorer=0x4817a0}, NULL, 8) = 0
[pid 216258] 11:21:51.770553 rt_sigaction(SIGRT_7, {sa_handler=SIG_DFL, sa_mask=~[], sa_flags=SA_RESTORER|SA_ONSTACK|SA_RESTART|SA_SIGINFO, sa_restorer=0x4817a0},  <unfinished ...>
[pid 216246] 11:21:51.770596 <... nanosleep resumed>NULL) = 0
[pid 216258] 11:21:51.770614 <... rt_sigaction resumed>NULL, 8) = 0
[pid 216246] 11:21:51.770630 nanosleep({tv_sec=0, tv_nsec=20000},  <unfinished ...>
[pid 216258] 11:21:51.770648 rt_sigaction(SIGRT_8, {sa_handler=SIG_DFL, sa_mask=~[], sa_flags=SA_RESTORER|SA_ONSTACK|SA_RESTART|SA_SIGINFO, sa_restorer=0x4817a0}, NULL, 8) = 0
[pid 216258] 11:21:51.770739 rt_sigaction(SIGRT_9, {sa_handler=SIG_DFL, sa_mask=~[], sa_flags=SA_RESTORER|SA_ONSTACK|SA_RESTART|SA_SIGINFO, sa_restorer=0x4817a0},  <unfinished ...>
[pid 216246] 11:21:51.770761 <... nanosleep resumed>NULL) = 0
[pid 216258] 11:21:51.770777 <... rt_sigaction resumed>NULL, 8) = 0
[pid 216246] 11:21:51.770793 nanosleep({tv_sec=0, tv_nsec=20000},  <unfinished ...>
[pid 216258] 11:21:51.770810 rt_sigaction(SIGRT_10, {sa_handler=SIG_DFL, sa_mask=~[], sa_flags=SA_RESTORER|SA_ONSTACK|SA_RESTART|SA_SIGINFO, sa_restorer=0x4817a0}, NULL, 8) = 0
[pid 216258] 11:21:51.770906 rt_sigaction(SIGRT_11, {sa_handler=SIG_DFL, sa_mask=~[], sa_flags=SA_RESTORER|SA_ONSTACK|SA_RESTART|SA_SIGINFO, sa_restorer=0x4817a0},  <unfinished ...>
[pid 216246] 11:21:51.770931 <... nanosleep resumed>NULL) = 0
[pid 216258] 11:21:51.770948 <... rt_sigaction resumed>NULL, 8) = 0
[pid 216246] 11:21:51.770967 nanosleep({tv_sec=0, tv_nsec=20000},  <unfinished ...>
[pid 216258] 11:21:51.770985 rt_sigaction(SIGRT_12, {sa_handler=SIG_DFL, sa_mask=~[], sa_flags=SA_RESTORER|SA_ONSTACK|SA_RESTART|SA_SIGINFO, sa_restorer=0x4817a0}, NULL, 8) = 0
[pid 216258] 11:21:51.771074 rt_sigaction(SIGRT_13, {sa_handler=SIG_DFL, sa_mask=~[], sa_flags=SA_RESTORER|SA_ONSTACK|SA_RESTART|SA_SIGINFO, sa_restorer=0x4817a0},  <unfinished ...>
[pid 216246] 11:21:51.771095 <... nanosleep resumed>NULL) = 0
[pid 216258] 11:21:51.771110 <... rt_sigaction resumed>NULL, 8) = 0
[pid 216246] 11:21:51.771136 nanosleep({tv_sec=0, tv_nsec=20000},  <unfinished ...>
[pid 216258] 11:21:51.771153 rt_sigaction(SIGRT_14, {sa_handler=SIG_DFL, sa_mask=~[], sa_flags=SA_RESTORER|SA_ONSTACK|SA_RESTART|SA_SIGINFO, sa_restorer=0x4817a0}, NULL, 8) = 0
[pid 216258] 11:21:51.771235 rt_sigaction(SIGRT_15, {sa_handler=SIG_DFL, sa_mask=~[], sa_flags=SA_RESTORER|SA_ONSTACK|SA_RESTART|SA_SIGINFO, sa_restorer=0x4817a0},  <unfinished ...>
[pid 216246] 11:21:51.771254 <... nanosleep resumed>NULL) = 0
[pid 216258] 11:21:51.771270 <... rt_sigaction resumed>NULL, 8) = 0
[pid 216246] 11:21:51.771286 nanosleep({tv_sec=0, tv_nsec=20000},  <unfinished ...>
[pid 216258] 11:21:51.771304 rt_sigaction(SIGRT_16, {sa_handler=SIG_DFL, sa_mask=~[], sa_flags=SA_RESTORER|SA_ONSTACK|SA_RESTART|SA_SIGINFO, sa_restorer=0x4817a0}, NULL, 8) = 0
[pid 216258] 11:21:51.771405 rt_sigaction(SIGRT_17, {sa_handler=SIG_DFL, sa_mask=~[], sa_flags=SA_RESTORER|SA_ONSTACK|SA_RESTART|SA_SIGINFO, sa_restorer=0x4817a0},  <unfinished ...>
[pid 216246] 11:21:51.771426 <... nanosleep resumed>NULL) = 0
[pid 216258] 11:21:51.771452 <... rt_sigaction resumed>NULL, 8) = 0
[pid 216246] 11:21:51.771477 nanosleep({tv_sec=0, tv_nsec=20000},  <unfinished ...>
[pid 216258] 11:21:51.771495 rt_sigaction(SIGRT_18, {sa_handler=SIG_DFL, sa_mask=~[], sa_flags=SA_RESTORER|SA_ONSTACK|SA_RESTART|SA_SIGINFO, sa_restorer=0x4817a0}, NULL, 8) = 0
[pid 216258] 11:21:51.771577 rt_sigaction(SIGRT_19, {sa_handler=SIG_DFL, sa_mask=~[], sa_flags=SA_RESTORER|SA_ONSTACK|SA_RESTART|SA_SIGINFO, sa_restorer=0x4817a0},  <unfinished ...>
[pid 216246] 11:21:51.771607 <... nanosleep resumed>NULL) = 0
[pid 216258] 11:21:51.771622 <... rt_sigaction resumed>NULL, 8) = 0
[pid 216246] 11:21:51.771639 nanosleep({tv_sec=0, tv_nsec=20000},  <unfinished ...>
[pid 216258] 11:21:51.771660 rt_sigaction(SIGRT_20, {sa_handler=SIG_DFL, sa_mask=~[], sa_flags=SA_RESTORER|SA_ONSTACK|SA_RESTART|SA_SIGINFO, sa_restorer=0x4817a0}, NULL, 8) = 0
[pid 216258] 11:21:51.771757 rt_sigaction(SIGRT_21, {sa_handler=SIG_DFL, sa_mask=~[], sa_flags=SA_RESTORER|SA_ONSTACK|SA_RESTART|SA_SIGINFO, sa_restorer=0x4817a0},  <unfinished ...>
[pid 216246] 11:21:51.771780 <... nanosleep resumed>NULL) = 0
[pid 216258] 11:21:51.771799 <... rt_sigaction resumed>NULL, 8) = 0
[pid 216246] 11:21:51.771818 nanosleep({tv_sec=0, tv_nsec=20000},  <unfinished ...>
[pid 216258] 11:21:51.771840 rt_sigaction(SIGRT_22, {sa_handler=SIG_DFL, sa_mask=~[], sa_flags=SA_RESTORER|SA_ONSTACK|SA_RESTART|SA_SIGINFO, sa_restorer=0x4817a0}, NULL, 8) = 0
[pid 216258] 11:21:51.771925 rt_sigaction(SIGRT_23, {sa_handler=SIG_DFL, sa_mask=~[], sa_flags=SA_RESTORER|SA_ONSTACK|SA_RESTART|SA_SIGINFO, sa_restorer=0x4817a0},  <unfinished ...>
[pid 216246] 11:21:51.771950 <... nanosleep resumed>NULL) = 0
[pid 216258] 11:21:51.771969 <... rt_sigaction resumed>NULL, 8) = 0
[pid 216246] 11:21:51.771988 nanosleep({tv_sec=0, tv_nsec=20000},  <unfinished ...>
[pid 216258] 11:21:51.772010 rt_sigaction(SIGRT_24, {sa_handler=SIG_DFL, sa_mask=~[], sa_flags=SA_RESTORER|SA_ONSTACK|SA_RESTART|SA_SIGINFO, sa_restorer=0x4817a0}, NULL, 8) = 0
[pid 216258] 11:21:51.772132 rt_sigaction(SIGRT_25, {sa_handler=SIG_DFL, sa_mask=~[], sa_flags=SA_RESTORER|SA_ONSTACK|SA_RESTART|SA_SIGINFO, sa_restorer=0x4817a0},  <unfinished ...>
[pid 216246] 11:21:51.772156 <... nanosleep resumed>NULL) = 0
[pid 216258] 11:21:51.772174 <... rt_sigaction resumed>NULL, 8) = 0
[pid 216246] 11:21:51.772193 nanosleep({tv_sec=0, tv_nsec=20000},  <unfinished ...>
[pid 216258] 11:21:51.772214 rt_sigaction(SIGRT_26, {sa_handler=SIG_DFL, sa_mask=~[], sa_flags=SA_RESTORER|SA_ONSTACK|SA_RESTART|SA_SIGINFO, sa_restorer=0x4817a0}, NULL, 8) = 0
[pid 216258] 11:21:51.772314 rt_sigaction(SIGRT_27, {sa_handler=SIG_DFL, sa_mask=~[], sa_flags=SA_RESTORER|SA_ONSTACK|SA_RESTART|SA_SIGINFO, sa_restorer=0x4817a0},  <unfinished ...>
[pid 216246] 11:21:51.772353 <... nanosleep resumed>NULL) = 0
[pid 216258] 11:21:51.772371 <... rt_sigaction resumed>NULL, 8) = 0
[pid 216246] 11:21:51.772388 nanosleep({tv_sec=0, tv_nsec=20000},  <unfinished ...>
[pid 216258] 11:21:51.772411 rt_sigaction(SIGRT_28, {sa_handler=SIG_DFL, sa_mask=~[], sa_flags=SA_RESTORER|SA_ONSTACK|SA_RESTART|SA_SIGINFO, sa_restorer=0x4817a0}, NULL, 8) = 0
[pid 216258] 11:21:51.772514 rt_sigaction(SIGRT_29, {sa_handler=SIG_DFL, sa_mask=~[], sa_flags=SA_RESTORER|SA_ONSTACK|SA_RESTART|SA_SIGINFO, sa_restorer=0x4817a0},  <unfinished ...>
[pid 216246] 11:21:51.772556 <... nanosleep resumed>NULL) = 0
[pid 216258] 11:21:51.772574 <... rt_sigaction resumed>NULL, 8) = 0
[pid 216246] 11:21:51.772590 nanosleep({tv_sec=0, tv_nsec=20000},  <unfinished ...>
[pid 216258] 11:21:51.772608 rt_sigaction(SIGRT_30, {sa_handler=SIG_DFL, sa_mask=~[], sa_flags=SA_RESTORER|SA_ONSTACK|SA_RESTART|SA_SIGINFO, sa_restorer=0x4817a0}, NULL, 8) = 0
[pid 216258] 11:21:51.772714 rt_sigaction(SIGRT_31, {sa_handler=SIG_DFL, sa_mask=~[], sa_flags=SA_RESTORER|SA_ONSTACK|SA_RESTART|SA_SIGINFO, sa_restorer=0x4817a0},  <unfinished ...>
[pid 216246] 11:21:51.772742 <... nanosleep resumed>NULL) = 0
[pid 216258] 11:21:51.772762 <... rt_sigaction resumed>NULL, 8) = 0
[pid 216246] 11:21:51.772777 nanosleep({tv_sec=0, tv_nsec=20000},  <unfinished ...>
[pid 216258] 11:21:51.772798 rt_sigaction(SIGRT_32, {sa_handler=SIG_DFL, sa_mask=~[], sa_flags=SA_RESTORER|SA_ONSTACK|SA_RESTART|SA_SIGINFO, sa_restorer=0x4817a0}, NULL, 8) = 0
[pid 216258] 11:21:51.772892 rt_sigprocmask(SIG_SETMASK, [],  <unfinished ...>
[pid 216246] 11:21:51.772919 <... nanosleep resumed>NULL) = 0
[pid 216258] 11:21:51.772938 <... rt_sigprocmask resumed>NULL, 8) = 0
[pid 216246] 11:21:51.772971 nanosleep({tv_sec=0, tv_nsec=20000},  <unfinished ...>
[pid 216258] 11:21:51.772993 chdir("/home/sh1rogane/Anolix/rootfs") = 0
[pid 216258] 11:21:51.773089 dup3(7, 0, 0 <unfinished ...>
[pid 216246] 11:21:51.773127 <... nanosleep resumed>NULL) = 0
[pid 216258] 11:21:51.773143 <... dup3 resumed>) = 0
[pid 216246] 11:21:51.773159 nanosleep({tv_sec=0, tv_nsec=20000},  <unfinished ...>
[pid 216258] 11:21:51.773179 dup3(10, 1, 0) = 1
[pid 216258] 11:21:51.773271 dup3(13, 2, 0 <unfinished ...>
[pid 216246] 11:21:51.773294 <... nanosleep resumed>NULL) = 0
[pid 216258] 11:21:51.773313 <... dup3 resumed>) = 2
[pid 216246] 11:21:51.773343 nanosleep({tv_sec=0, tv_nsec=20000},  <unfinished ...>
[pid 216258] 11:21:51.773365 dup3(14, 3, 0) = 3
[pid 216258] 11:21:51.773462 dup3(16, 4, 0 <unfinished ...>
[pid 216246] 11:21:51.773486 <... nanosleep resumed>NULL) = 0
[pid 216258] 11:21:51.773504 <... dup3 resumed>) = 4
[pid 216246] 11:21:51.773522 nanosleep({tv_sec=0, tv_nsec=40000},  <unfinished ...>
[pid 216258] 11:21:51.773545 dup3(22, 5, 0) = 5
[pid 216258] 11:21:51.773625 dup3(25, 6, 0) = 6
[pid 216246] 11:21:51.773675 <... nanosleep resumed>NULL) = 0
[pid 216258] 11:21:51.773699 dup3(23, 7, 0 <unfinished ...>
[pid 216246] 11:21:51.773715 nanosleep({tv_sec=0, tv_nsec=80000},  <unfinished ...>
[pid 216258] 11:21:51.773732 <... dup3 resumed>) = 7
[pid 216258] 11:21:51.773773 execve("/proc/self/fd/6", ["/usr/sbin/runc", "init"], 0xc0003aa040 /* 7 vars */ <unfinished ...>
[pid 216246] 11:21:51.773916 <... nanosleep resumed>NULL) = 0
[pid 216245] 11:21:51.773933 <... clone resumed>, parent_tid=[28]) = 216258
[pid 216246] 11:21:51.773954 nanosleep({tv_sec=0, tv_nsec=160000},  <unfinished ...>
[pid 216245] 11:21:51.773972 rt_sigprocmask(SIG_SETMASK, [], NULL, 8) = 0
[pid 216258] 11:21:51.774052 <... execve resumed>) = 0
[pid 216245] 11:21:51.774072 close(27 <unfinished ...>
[pid 216258] 11:21:51.774133 brk(NULL <unfinished ...>
[pid 216245] 11:21:51.774153 <... close resumed>) = 0
[pid 216258] 11:21:51.774169 <... brk resumed>) = 0x21073000
[pid 216245] 11:21:51.774185 read(26,  <unfinished ...>
[pid 216246] 11:21:51.774239 <... nanosleep resumed>NULL) = 0
[pid 216245] 11:21:51.774257 <... read resumed>"", 8) = 0
[pid 216258] 11:21:51.774277 mmap(NULL, 8192, PROT_READ|PROT_WRITE, MAP_PRIVATE|MAP_ANONYMOUS, -1, 0 <unfinished ...>
[pid 216246] 11:21:51.774298 nanosleep({tv_sec=0, tv_nsec=320000},  <unfinished ...>
[pid 216258] 11:21:51.774321 <... mmap resumed>) = 0x71f9cb9f7000
[pid 216245] 11:21:51.774340 close(26 <unfinished ...>
[pid 216258] 11:21:51.774360 access("/etc/ld.so.preload", R_OK <unfinished ...>
[pid 216245] 11:21:51.774383 <... close resumed>) = 0
[pid 216258] 11:21:51.774401 <... access resumed>) = -1 ENOENT (No such file or directory)
[pid 216245] 11:21:51.774422 close(14 <unfinished ...>
[pid 216258] 11:21:51.774441 openat(AT_FDCWD, "/etc/ld.so.cache", O_RDONLY|O_CLOEXEC <unfinished ...>
[pid 216245] 11:21:51.774470 <... close resumed>) = 0
[pid 216258] 11:21:51.774488 <... openat resumed>) = 8
[pid 216245] 11:21:51.774506 close(16 <unfinished ...>
[pid 216258] 11:21:51.774524 fstat(8,  <unfinished ...>
[pid 216245] 11:21:51.774543 <... close resumed>) = 0
[pid 216258] 11:21:51.774561 <... fstat resumed>{st_mode=S_IFREG|0644, st_size=35251, ...}) = 0
[pid 216245] 11:21:51.774585 epoll_ctl(4, EPOLL_CTL_DEL, 22, 0xc0001a0c64 <unfinished ...>
[pid 216258] 11:21:51.774605 mmap(NULL, 35251, PROT_READ, MAP_PRIVATE, 8, 0 <unfinished ...>
[pid 216245] 11:21:51.774624 <... epoll_ctl resumed>) = 0
[pid 216258] 11:21:51.774642 <... mmap resumed>) = 0x71f9cb9ee000
[pid 216245] 11:21:51.774671 close(22 <unfinished ...>
[pid 216258] 11:21:51.774689 close(8 <unfinished ...>
[pid 216245] 11:21:51.774708 <... close resumed>) = 0
[pid 216258] 11:21:51.774716 <... close resumed>) = 0
[pid 216246] 11:21:51.774732 <... nanosleep resumed>NULL) = 0
[pid 216258] 11:21:51.774754 openat(AT_FDCWD, "/lib/x86_64-linux-gnu/libseccomp.so.2", O_RDONLY|O_CLOEXEC <unfinished ...>
[pid 216245] 11:21:51.774775 fsopen("proc", FSOPEN_CLOEXEC <unfinished ...>
[pid 216258] 11:21:51.774797 <... openat resumed>) = 8
[pid 216246] 11:21:51.774814 nanosleep({tv_sec=0, tv_nsec=640000},  <unfinished ...>
[pid 216258] 11:21:51.774835 read(8,  <unfinished ...>
[pid 216245] 11:21:51.774852 <... fsopen resumed>) = -1 EPERM (Operation not permitted)
[pid 216258] 11:21:51.774871 <... read resumed>"\177ELF\2\1\1\0\0\0\0\0\0\0\0\0\3\0>\0\1\0\0\0\0\0\0\0\0\0\0\0"..., 832) = 832
[pid 216245] 11:21:51.774890 open_tree(-9, "/proc", OPEN_TREE_CLONE|OPEN_TREE_CLOEXEC <unfinished ...>
[pid 216258] 11:21:51.774912 fstat(8,  <unfinished ...>
[pid 216245] 11:21:51.774930 <... open_tree resumed>) = -1 EPERM (Operation not permitted)
[pid 216258] 11:21:51.774948 <... fstat resumed>{st_mode=S_IFREG|0644, st_size=125360, ...}) = 0
[pid 216245] 11:21:51.774977 open_tree(-9, "/proc", OPEN_TREE_CLONE|OPEN_TREE_CLOEXEC|AT_RECURSIVE <unfinished ...>
[pid 216258] 11:21:51.774998 mmap(NULL, 127296, PROT_READ, MAP_PRIVATE|MAP_DENYWRITE, 8, 0 <unfinished ...>
[pid 216245] 11:21:51.775017 <... open_tree resumed>) = -1 EPERM (Operation not permitted)
[pid 216258] 11:21:51.775035 <... mmap resumed>) = 0x71f9cb9ce000
[pid 216258] 11:21:51.775081 mmap(0x71f9cb9d0000, 57344, PROT_READ|PROT_EXEC, MAP_PRIVATE|MAP_FIXED|MAP_DENYWRITE, 8, 0x2000 <unfinished ...>
[pid 216245] 11:21:51.775107 openat(AT_FDCWD, "/proc", O_RDONLY|O_NOFOLLOW|O_CLOEXEC|O_PATH|O_DIRECTORY <unfinished ...>
[pid 216258] 11:21:51.775131 <... mmap resumed>) = 0x71f9cb9d0000
[pid 216245] 11:21:51.775147 <... openat resumed>) = 14
[pid 216258] 11:21:51.775162 mmap(0x71f9cb9de000, 57344, PROT_READ, MAP_PRIVATE|MAP_FIXED|MAP_DENYWRITE, 8, 0x10000 <unfinished ...>
[pid 216245] 11:21:51.775180 fcntl(14, F_GETFL <unfinished ...>
[pid 216258] 11:21:51.775196 <... mmap resumed>) = 0x71f9cb9de000
[pid 216245] 11:21:51.775212 <... fcntl resumed>) = 0x230000 (flags O_RDONLY|O_NOFOLLOW|O_PATH|O_DIRECTORY)
[pid 216258] 11:21:51.775228 mmap(0x71f9cb9ec000, 8192, PROT_READ|PROT_WRITE, MAP_PRIVATE|MAP_FIXED|MAP_DENYWRITE, 8, 0x1d000 <unfinished ...>
[pid 216245] 11:21:51.775246 fcntl(14, F_SETFL, O_RDONLY|O_NONBLOCK|O_NOFOLLOW|O_PATH|O_DIRECTORY <unfinished ...>
[pid 216258] 11:21:51.775300 <... mmap resumed>) = 0x71f9cb9ec000
[pid 216245] 11:21:51.775321 <... fcntl resumed>) = -1 EBADF (Bad file descriptor)
[pid 216258] 11:21:51.775339 close(8 <unfinished ...>
[pid 216245] 11:21:51.775354 fstatfs(14,  <unfinished ...>
[pid 216258] 11:21:51.775380 <... close resumed>) = 0
[pid 216245] 11:21:51.775396 <... fstatfs resumed>{f_type=PROC_SUPER_MAGIC, f_bsize=4096, f_blocks=0, f_bfree=0, f_bavail=0, f_files=0, f_ffree=0, f_fsid={val=[0x3d, 0]}, f_namelen=255, f_frsize=4096, f_flags=ST_VALID|ST_NOSUID|ST_NODEV|ST_NOEXEC|ST_NOATIME}) = 0
[pid 216258] 11:21:51.775419 openat(AT_FDCWD, "/lib/x86_64-linux-gnu/libc.so.6", O_RDONLY|O_CLOEXEC <unfinished ...>
[pid 216245] 11:21:51.775438 fstat(14,  <unfinished ...>
[pid 216258] 11:21:51.775453 <... openat resumed>) = 8
[pid 216245] 11:21:51.775476 <... fstat resumed>{st_mode=S_IFDIR|0555, st_size=0, ...}) = 0
[pid 216258] 11:21:51.775494 read(8,  <unfinished ...>
[pid 216245] 11:21:51.775510 faccessat2(14, "uptime", F_OK, AT_SYMLINK_NOFOLLOW <unfinished ...>
[pid 216258] 11:21:51.775538 <... read resumed>"\177ELF\2\1\1\3\0\0\0\0\0\0\0\0\3\0>\0\1\0\0\0\220\243\2\0\0\0\0\0"..., 832) = 832
[pid 216245] 11:21:51.775557 <... faccessat2 resumed>) = 0
[pid 216258] 11:21:51.775572 pread64(8,  <unfinished ...>
[pid 216246] 11:21:51.775587 <... nanosleep resumed>NULL) = 0
[pid 216258] 11:21:51.775602 <... pread64 resumed>"\6\0\0\0\4\0\0\0@\0\0\0\0\0\0\0@\0\0\0\0\0\0\0@\0\0\0\0\0\0\0"..., 784, 64) = 784
[pid 216245] 11:21:51.775618 fstatfs(14,  <unfinished ...>
[pid 216258] 11:21:51.775635 fstat(8,  <unfinished ...>
[pid 216246] 11:21:51.775649 nanosleep({tv_sec=0, tv_nsec=1280000},  <unfinished ...>
[pid 216258] 11:21:51.775666 <... fstat resumed>{st_mode=S_IFREG|0755, st_size=2129424, ...}) = 0
[pid 216245] 11:21:51.775683 <... fstatfs resumed>{f_type=PROC_SUPER_MAGIC, f_bsize=4096, f_blocks=0, f_bfree=0, f_bavail=0, f_files=0, f_ffree=0, f_fsid={val=[0x3d, 0]}, f_namelen=255, f_frsize=4096, f_flags=ST_VALID|ST_NOSUID|ST_NODEV|ST_NOEXEC|ST_NOATIME}) = 0
[pid 216258] 11:21:51.775702 pread64(8,  <unfinished ...>
[pid 216245] 11:21:51.775718 fstat(14,  <unfinished ...>
[pid 216258] 11:21:51.775733 <... pread64 resumed>"\6\0\0\0\4\0\0\0@\0\0\0\0\0\0\0@\0\0\0\0\0\0\0@\0\0\0\0\0\0\0"..., 784, 64) = 784
[pid 216245] 11:21:51.775752 <... fstat resumed>{st_mode=S_IFDIR|0555, st_size=0, ...}) = 0
[pid 216258] 11:21:51.775778 mmap(NULL, 2174352, PROT_READ, MAP_PRIVATE|MAP_DENYWRITE, 8, 0 <unfinished ...>
[pid 216245] 11:21:51.775795 openat2(AT_FDCWD, ".", {flags=O_RDONLY|O_CLOEXEC|O_PATH, resolve=RESOLVE_NO_SYMLINKS|RESOLVE_IN_ROOT}, 24 <unfinished ...>
[pid 216258] 11:21:51.775821 <... mmap resumed>) = 0x71f9cb600000
[pid 216245] 11:21:51.775836 <... openat2 resumed>) = 16
[pid 216258] 11:21:51.775861 mmap(0x71f9cb628000, 1609728, PROT_READ|PROT_EXEC, MAP_PRIVATE|MAP_FIXED|MAP_DENYWRITE, 8, 0x28000 <unfinished ...>
[pid 216245] 11:21:51.775878 close(16 <unfinished ...>
[pid 216258] 11:21:51.775916 <... mmap resumed>) = 0x71f9cb628000
[pid 216245] 11:21:51.775933 <... close resumed>) = 0
[pid 216258] 11:21:51.775949 mmap(0x71f9cb7b1000, 323584, PROT_READ, MAP_PRIVATE|MAP_FIXED|MAP_DENYWRITE, 8, 0x1b1000 <unfinished ...>
[pid 216245] 11:21:51.775967 openat2(14, "./216258/stat", {flags=O_RDONLY|O_NOFOLLOW|O_CLOEXEC|O_PATH, resolve=RESOLVE_NO_XDEV|RESOLVE_NO_MAGICLINKS|RESOLVE_BENEATH}, 24 <unfinished ...>
[pid 216258] 11:21:51.775989 <... mmap resumed>) = 0x71f9cb7b1000
[pid 216245] 11:21:51.776008 <... openat2 resumed>) = 16
[pid 216258] 11:21:51.776026 mmap(0x71f9cb800000, 24576, PROT_READ|PROT_WRITE, MAP_PRIVATE|MAP_FIXED|MAP_DENYWRITE, 8, 0x1ff000 <unfinished ...>
[pid 216245] 11:21:51.776043 fcntl(16, F_GETFL <unfinished ...>
[pid 216258] 11:21:51.776067 <... mmap resumed>) = 0x71f9cb800000
[pid 216245] 11:21:51.776087 <... fcntl resumed>) = 0x220000 (flags O_RDONLY|O_NOFOLLOW|O_PATH)
[pid 216258] 11:21:51.776107 mmap(0x71f9cb806000, 52624, PROT_READ|PROT_WRITE, MAP_PRIVATE|MAP_FIXED|MAP_ANONYMOUS, -1, 0 <unfinished ...>
[pid 216245] 11:21:51.776127 fsopen("proc", FSOPEN_CLOEXEC <unfinished ...>
[pid 216258] 11:21:51.776145 <... mmap resumed>) = 0x71f9cb806000
[pid 216245] 11:21:51.776161 <... fsopen resumed>) = -1 EPERM (Operation not permitted)
[pid 216258] 11:21:51.776203 close(8 <unfinished ...>
[pid 216245] 11:21:51.776220 open_tree(-9, "/proc", OPEN_TREE_CLONE|OPEN_TREE_CLOEXEC <unfinished ...>
[pid 216258] 11:21:51.776240 <... close resumed>) = 0
[pid 216245] 11:21:51.776259 <... open_tree resumed>) = -1 EPERM (Operation not permitted)
[pid 216258] 11:21:51.776291 mmap(NULL, 12288, PROT_READ|PROT_WRITE, MAP_PRIVATE|MAP_ANONYMOUS, -1, 0 <unfinished ...>
[pid 216245] 11:21:51.776310 open_tree(-9, "/proc", OPEN_TREE_CLONE|OPEN_TREE_CLOEXEC|AT_RECURSIVE <unfinished ...>
[pid 216258] 11:21:51.776331 <... mmap resumed>) = 0x71f9cb9cb000
[pid 216245] 11:21:51.776349 <... open_tree resumed>) = -1 EPERM (Operation not permitted)
[pid 216258] 11:21:51.776376 arch_prctl(ARCH_SET_FS, 0x71f9cb9cb740) = 0
[pid 216245] 11:21:51.776425 openat(AT_FDCWD, "/proc", O_RDONLY|O_NOFOLLOW|O_CLOEXEC|O_PATH|O_DIRECTORY <unfinished ...>
[pid 216258] 11:21:51.776453 set_tid_address(0x71f9cb9cba10 <unfinished ...>
[pid 216245] 11:21:51.776469 <... openat resumed>) = 22
[pid 216258] 11:21:51.776495 <... set_tid_address resumed>) = 216258
[pid 216245] 11:21:51.776510 fcntl(22, F_GETFL <unfinished ...>
[pid 216258] 11:21:51.776529 set_robust_list(0x71f9cb9cba20, 24 <unfinished ...>
[pid 216245] 11:21:51.776545 <... fcntl resumed>) = 0x230000 (flags O_RDONLY|O_NOFOLLOW|O_PATH|O_DIRECTORY)
[pid 216258] 11:21:51.776562 <... set_robust_list resumed>) = 0
[pid 216245] 11:21:51.776577 fcntl(22, F_SETFL, O_RDONLY|O_NONBLOCK|O_NOFOLLOW|O_PATH|O_DIRECTORY <unfinished ...>
[pid 216258] 11:21:51.776593 rseq(0x71f9cb9cc060, 0x20, 0, 0x53053053 <unfinished ...>
[pid 216245] 11:21:51.776610 <... fcntl resumed>) = -1 EBADF (Bad file descriptor)
[pid 216258] 11:21:51.776629 <... rseq resumed>) = 0
[pid 216245] 11:21:51.776647 fstatfs(22, {f_type=PROC_SUPER_MAGIC, f_bsize=4096, f_blocks=0, f_bfree=0, f_bavail=0, f_files=0, f_ffree=0, f_fsid={val=[0x3d, 0]}, f_namelen=255, f_frsize=4096, f_flags=ST_VALID|ST_NOSUID|ST_NODEV|ST_NOEXEC|ST_NOATIME}) = 0
[pid 216258] 11:21:51.776719 mprotect(0x71f9cb800000, 16384, PROT_READ <unfinished ...>
[pid 216245] 11:21:51.776738 fstat(22,  <unfinished ...>
[pid 216258] 11:21:51.776758 <... mprotect resumed>) = 0
[pid 216245] 11:21:51.776775 <... fstat resumed>{st_mode=S_IFDIR|0555, st_size=0, ...}) = 0
[pid 216258] 11:21:51.776806 mprotect(0x71f9cb9ec000, 4096, PROT_READ <unfinished ...>
[pid 216245] 11:21:51.776821 faccessat2(22, "uptime", F_OK, AT_SYMLINK_NOFOLLOW <unfinished ...>
[pid 216258] 11:21:51.776839 <... mprotect resumed>) = 0
[pid 216245] 11:21:51.776855 <... faccessat2 resumed>) = 0
[pid 216258] 11:21:51.776874 mprotect(0xe9c000, 4096, PROT_READ <unfinished ...>
[pid 216245] 11:21:51.776897 fstatfs(22,  <unfinished ...>
[pid 216258] 11:21:51.776916 <... mprotect resumed>) = 0
[pid 216245] 11:21:51.776932 <... fstatfs resumed>{f_type=PROC_SUPER_MAGIC, f_bsize=4096, f_blocks=0, f_bfree=0, f_bavail=0, f_files=0, f_ffree=0, f_fsid={val=[0x3d, 0]}, f_namelen=255, f_frsize=4096, f_flags=ST_VALID|ST_NOSUID|ST_NODEV|ST_NOEXEC|ST_NOATIME}) = 0
[pid 216258] 11:21:51.776955 mprotect(0x71f9cba37000, 8192, PROT_READ <unfinished ...>
[pid 216245] 11:21:51.776972 fstat(22,  <unfinished ...>
[pid 216258] 11:21:51.776991 <... mprotect resumed>) = 0
[pid 216245] 11:21:51.777006 <... fstat resumed>{st_mode=S_IFDIR|0555, st_size=0, ...}) = 0
[pid 216258] 11:21:51.777024 prlimit64(0, RLIMIT_STACK, NULL,  <unfinished ...>
[pid 216246] 11:21:51.777050 <... nanosleep resumed>NULL) = 0
[pid 216245] 11:21:51.777064 openat2(AT_FDCWD, ".", {flags=O_RDONLY|O_CLOEXEC|O_PATH, resolve=RESOLVE_NO_SYMLINKS|RESOLVE_IN_ROOT}, 24 <unfinished ...>
[pid 216258] 11:21:51.777084 <... prlimit64 resumed>{rlim_cur=8192*1024, rlim_max=RLIM64_INFINITY}) = 0
[pid 216246] 11:21:51.777103 nanosleep({tv_sec=0, tv_nsec=2560000},  <unfinished ...>
[pid 216258] 11:21:51.777131 munmap(0x71f9cb9ee000, 35251 <unfinished ...>
[pid 216245] 11:21:51.777148 <... openat2 resumed>) = 26
[pid 216258] 11:21:51.777170 <... munmap resumed>) = 0
[pid 216245] 11:21:51.777189 close(26)  = 0
[pid 216258] 11:21:51.777244 read(3,  <unfinished ...>
[pid 216245] 11:21:51.777262 openat2(22, "thread-self/fd/", {flags=O_RDONLY|O_NOFOLLOW|O_CLOEXEC|O_PATH, resolve=RESOLVE_NO_XDEV|RESOLVE_NO_MAGICLINKS|RESOLVE_BENEATH}, 24) = 26
[pid 216245] 11:21:51.777359 fcntl(26, F_GETFL) = 0x220000 (flags O_RDONLY|O_NOFOLLOW|O_PATH)
[pid 216245] 11:21:51.777448 statx(22, "", AT_STATX_SYNC_AS_STAT|AT_SYMLINK_NOFOLLOW|AT_EMPTY_PATH, STATX_MNT_ID|STATX_MNT_ID_UNIQUE, {stx_mask=STATX_BASIC_STATS|STATX_MNT_ID_UNIQUE, stx_attributes=STATX_ATTR_MOUNT_ROOT, stx_mode=S_IFDIR|0555, stx_size=0, ...}) = 0
[pid 216245] 11:21:51.777544 statx(26, "16", AT_STATX_SYNC_AS_STAT|AT_SYMLINK_NOFOLLOW|AT_EMPTY_PATH, STATX_MNT_ID|STATX_MNT_ID_UNIQUE, {stx_mask=STATX_BASIC_STATS|STATX_MNT_ID_UNIQUE, stx_attributes=0, stx_mode=S_IFLNK|000, stx_size=64, ...}) = 0
[pid 216245] 11:21:51.777647 openat(26, "16", O_RDONLY|O_CLOEXEC) = 27
[pid 216245] 11:21:51.777742 fcntl(27, F_GETFL) = 0x8000 (flags O_RDONLY|O_LARGEFILE)
[pid 216245] 11:21:51.777852 close(26)  = 0
[pid 216245] 11:21:51.777944 close(22)  = 0
[pid 216245] 11:21:51.778039 close(16)  = 0
[pid 216245] 11:21:51.778125 close(14)  = 0
[pid 216245] 11:21:51.778217 read(27, "216258 (6) S 216245 216231 1047 "..., 512) = 280
[pid 216245] 11:21:51.778326 read(27, "", 232) = 0
[pid 216245] 11:21:51.778407 close(27)  = 0
[pid 216245] 11:21:51.778535 newfstatat(AT_FDCWD, "/proc/self/ns/user", {st_mode=S_IFREG|0444, st_size=0, ...}, 0) = 0
[pid 216245] 11:21:51.778699 newfstatat(AT_FDCWD, "/proc/self/ns/ipc", {st_mode=S_IFREG|0444, st_size=0, ...}, 0) = 0
[pid 216245] 11:21:51.778841 newfstatat(AT_FDCWD, "/proc/self/ns/uts", {st_mode=S_IFREG|0444, st_size=0, ...}, 0) = 0
[pid 216245] 11:21:51.778967 newfstatat(AT_FDCWD, "/proc/self/ns/net", {st_mode=S_IFREG|0444, st_size=0, ...}, 0) = 0
[pid 216245] 11:21:51.779089 newfstatat(AT_FDCWD, "/proc/self/ns/pid", {st_mode=S_IFREG|0444, st_size=0, ...}, 0) = 0
[pid 216245] 11:21:51.779209 newfstatat(AT_FDCWD, "/proc/self/ns/mnt", {st_mode=S_IFREG|0444, st_size=0, ...}, 0) = 0
[pid 216245] 11:21:51.779375 newfstatat(AT_FDCWD, "/proc/self/ns/cgroup", {st_mode=S_IFREG|0444, st_size=0, ...}, 0) = 0
[pid 216245] 11:21:51.779508 newfstatat(AT_FDCWD, "/proc/self/ns/time", {st_mode=S_IFREG|0444, st_size=0, ...}, 0) = 0
[pid 216245] 11:21:51.779668 openat(AT_FDCWD, "/run/user/1000/anolix-runc/anolix-3e10afe62f83/state-3411215367", O_RDWR|O_CREAT|O_EXCL|O_CLOEXEC, 0600) = 14
[pid 216246] 11:21:51.779783 <... nanosleep resumed>NULL) = 0
[pid 216245] 11:21:51.779804 fcntl(14, F_GETFL <unfinished ...>
[pid 216246] 11:21:51.779821 nanosleep({tv_sec=0, tv_nsec=5120000},  <unfinished ...>
[pid 216245] 11:21:51.779851 <... fcntl resumed>) = 0x8002 (flags O_RDWR|O_LARGEFILE)
[pid 216245] 11:21:51.779895 fcntl(14, F_SETFL, O_RDWR|O_NONBLOCK|O_LARGEFILE) = 0
[pid 216245] 11:21:51.779983 epoll_ctl(4, EPOLL_CTL_ADD, 14, {events=EPOLLIN|EPOLLOUT|EPOLLRDHUP|EPOLLET, data={u32=2251816962, u64=8428155476997832706}}) = -1 EPERM (Operation not permitted)
[pid 216245] 11:21:51.780075 fcntl(14, F_GETFL) = 0x8802 (flags O_RDWR|O_NONBLOCK|O_LARGEFILE)
[pid 216245] 11:21:51.780152 fcntl(14, F_SETFL, O_RDWR|O_LARGEFILE) = 0
[pid 216245] 11:21:51.780701 write(14, "{\"id\":\"anolix-3e10afe62f83\",\"ini"..., 11684) = 11684
[pid 216245] 11:21:51.780799 close(14)  = 0
[pid 216245] 11:21:51.780888 newfstatat(AT_FDCWD, "/run/user/1000/anolix-runc/anolix-3e10afe62f83/state.json", 0xc0003ead38, AT_SYMLINK_NOFOLLOW) = -1 ENOENT (No such file or directory)
[pid 216245] 11:21:51.780996 renameat(AT_FDCWD, "/run/user/1000/anolix-runc/anolix-3e10afe62f83/state-3411215367", AT_FDCWD, "/run/user/1000/anolix-runc/anolix-3e10afe62f83/state.json") = 0
[pid 216245] 11:21:51.781105 openat2(3, "cgroup.controllers", {flags=O_RDONLY|O_CLOEXEC, resolve=RESOLVE_NO_XDEV|RESOLVE_NO_MAGICLINKS|RESOLVE_NO_SYMLINKS|RESOLVE_BENEATH}, 24) = 14
[pid 216245] 11:21:51.781205 fcntl(14, F_GETFL) = 0x8000 (flags O_RDONLY|O_LARGEFILE)
[pid 216245] 11:21:51.781297 read(14, "cpuset cpu io memory hugetlb pid"..., 512) = 39
[pid 216245] 11:21:51.781409 read(14, "", 985) = 0
[pid 216245] 11:21:51.781512 close(14)  = 0
[pid 216245] 11:21:51.781629 openat2(3, "cgroup.subtree_control", {flags=O_WRONLY|O_CLOEXEC, resolve=RESOLVE_NO_XDEV|RESOLVE_NO_MAGICLINKS|RESOLVE_NO_SYMLINKS|RESOLVE_BENEATH}, 24) = -1 EACCES (Permission denied)
[pid 216245] 11:21:51.781739 readlinkat(AT_FDCWD, "/proc/thread-self/fd/3", "/sys/fs/cgroup", 128) = 14
[pid 216245] 11:21:51.781899 openat2(3, "cgroup.subtree_control", {flags=O_WRONLY|O_CLOEXEC, resolve=RESOLVE_NO_XDEV|RESOLVE_NO_MAGICLINKS|RESOLVE_NO_SYMLINKS|RESOLVE_BENEATH}, 24) = -1 EACCES (Permission denied)
[pid 216245] 11:21:51.782011 readlinkat(AT_FDCWD, "/proc/thread-self/fd/3", "/sys/fs/cgroup", 128) = 14
[pid 216245] 11:21:51.782121 openat2(3, "cgroup.subtree_control", {flags=O_WRONLY|O_CLOEXEC, resolve=RESOLVE_NO_XDEV|RESOLVE_NO_MAGICLINKS|RESOLVE_NO_SYMLINKS|RESOLVE_BENEATH}, 24) = -1 EACCES (Permission denied)
[pid 216245] 11:21:51.782229 readlinkat(AT_FDCWD, "/proc/thread-self/fd/3", "/sys/fs/cgroup", 128) = 14
[pid 216245] 11:21:51.782346 openat2(3, "cgroup.subtree_control", {flags=O_WRONLY|O_CLOEXEC, resolve=RESOLVE_NO_XDEV|RESOLVE_NO_MAGICLINKS|RESOLVE_NO_SYMLINKS|RESOLVE_BENEATH}, 24) = -1 EACCES (Permission denied)
[pid 216245] 11:21:51.782463 readlinkat(AT_FDCWD, "/proc/thread-self/fd/3", "/sys/fs/cgroup", 128) = 14
[pid 216245] 11:21:51.782581 openat2(3, "cgroup.subtree_control", {flags=O_WRONLY|O_CLOEXEC, resolve=RESOLVE_NO_XDEV|RESOLVE_NO_MAGICLINKS|RESOLVE_NO_SYMLINKS|RESOLVE_BENEATH}, 24) = -1 EACCES (Permission denied)
[pid 216245] 11:21:51.782686 readlinkat(AT_FDCWD, "/proc/thread-self/fd/3", "/sys/fs/cgroup", 128) = 14
[pid 216245] 11:21:51.782785 openat2(3, "cgroup.subtree_control", {flags=O_WRONLY|O_CLOEXEC, resolve=RESOLVE_NO_XDEV|RESOLVE_NO_MAGICLINKS|RESOLVE_NO_SYMLINKS|RESOLVE_BENEATH}, 24) = -1 EACCES (Permission denied)
[pid 216245] 11:21:51.782902 readlinkat(AT_FDCWD, "/proc/thread-self/fd/3", "/sys/fs/cgroup", 128) = 14
[pid 216245] 11:21:51.783045 openat2(3, "cgroup.subtree_control", {flags=O_WRONLY|O_CLOEXEC, resolve=RESOLVE_NO_XDEV|RESOLVE_NO_MAGICLINKS|RESOLVE_NO_SYMLINKS|RESOLVE_BENEATH}, 24) = -1 EACCES (Permission denied)
[pid 216245] 11:21:51.783156 readlinkat(AT_FDCWD, "/proc/thread-self/fd/3", "/sys/fs/cgroup", 128) = 14
[pid 216245] 11:21:51.783266 openat2(3, "cgroup.subtree_control", {flags=O_WRONLY|O_CLOEXEC, resolve=RESOLVE_NO_XDEV|RESOLVE_NO_MAGICLINKS|RESOLVE_NO_SYMLINKS|RESOLVE_BENEATH}, 24) = -1 EACCES (Permission denied)
[pid 216245] 11:21:51.783378 readlinkat(AT_FDCWD, "/proc/thread-self/fd/3", "/sys/fs/cgroup", 128) = 14
[pid 216245] 11:21:51.783507 mkdirat(AT_FDCWD, "/sys/fs/cgroup/anolix-3e10afe62f83", 0755) = -1 EACCES (Permission denied)
[pid 216245] 11:21:51.783632 openat2(3, "cgroup.controllers", {flags=O_RDONLY|O_CLOEXEC, resolve=RESOLVE_NO_XDEV|RESOLVE_NO_MAGICLINKS|RESOLVE_NO_SYMLINKS|RESOLVE_BENEATH}, 24) = 14
[pid 216245] 11:21:51.783749 fcntl(14, F_GETFL) = 0x8000 (flags O_RDONLY|O_LARGEFILE)
[pid 216245] 11:21:51.783847 read(14, "cpuset cpu io memory hugetlb pid"..., 512) = 39
[pid 216245] 11:21:51.783954 read(14, "", 985) = 0
[pid 216245] 11:21:51.784061 close(14)  = 0
[pid 216245] 11:21:51.784178 sched_setaffinity(216258, 128, [0 1 2 3 4 5 6 7 8 9 10 11 12 13 14 15 16 17 18 19 20 21 22 23 24 25 26 27 28 29 30 31 32 33 34 35 36 37 38 39 40 41 42 43 44 45 46 47 48 49 50 51 52 53 54 55 56 57 58 59 60 61 62 63 64 65 66 67 68 69 70 71 72 73 74 75 76 77 78 79 80 81 82 83 84 85 86 87 88 89 90 91 92 93 94 95 96 97 98 99 100 101 102 103 104 105 106 107 108 109 110 111 112 113 114 115 116 117 118 119 120 121 122 123 124 125 126 127 128 129 130 131 132 133 134 135 136 137 138 139 140 141 142 143 144 145 146 147 148 149 150 151 152 153 154 155 156 157 158 159 160 161 162 163 164 165 166 167 168 169 170 171 172 173 174 175 176 177 178 179 180 181 182 183 184 185 186 187 188 189 190 191 192 193 194 195 196 197 198 199 200 201 202 203 204 205 206 207 208 209 210 211 212 213 214 215 216 217 218 219 220 221 222 223 224 225 226 227 228 229 230 231 232 233 234 235 236 237 238 239 240 241 242 243 244 245 246 247 248 249 250 251 252 253 254 255 256 257 258 259 260 261 262 263 264 265 266 267 268 269 270 271 272 273 274 275 276 277 278 279 280 281 282 283 284 285 286 287 288 289 290 291 292 293 294 295 296 297 298 299 300 301 302 303 304 305 306 307 308 309 310 311 312 313 314 315 316 317 318 319 320 321 322 323 324 325 326 327 328 329 330 331 332 333 334 335 336 337 338 339 340 341 342 343 344 345 346 347 348 349 350 351 352 353 354 355 356 357 358 359 360 361 362 363 364 365 366 367 368 369 370 371 372 373 374 375 376 377 378 379 380 381 382 383 384 385 386 387 388 389 390 391 392 393 394 395 396 397 398 399 400 401 402 403 404 405 406 407 408 409 410 411 412 413 414 415 416 417 418 419 420 421 422 423 424 425 426 427 428 429 430 431 432 433 434 435 436 437 438 439 440 441 442 443 444 445 446 447 448 449 450 451 452 453 454 455 456 457 458 459 460 461 462 463 464 465 466 467 468 469 470 471 472 473 474 475 476 477 478 479 480 481 482 483 484 485 486 487 488 489 490 491 492 493 494 495 496 497 498 499 500 501 502 503 504 505 506 507 508 509 510 511 512 513 514 515 516 517 518 519 520 521 522 523 524 525 526 527 528 529 530 531 532 533 534 535 536 537 538 539 540 541 542 543 544 545 546 547 548 549 550 551 552 553 554 555 556 557 558 559 560 561 562 563 564 565 566 567 568 569 570 571 572 573 574 575 576 577 578 579 580 581 582 583 584 585 586 587 588 589 590 591 592 593 594 595 596 597 598 599 600 601 602 603 604 605 606 607 608 609 610 611 612 613 614 615 616 617 618 619 620 621 622 623 624 625 626 627 628 629 630 631 632 633 634 635 636 637 638 639 640 641 642 643 644 645 646 647 648 649 650 651 652 653 654 655 656 657 658 659 660 661 662 663 664 665 666 667 668 669 670 671 672 673 674 675 676 677 678 679 680 681 682 683 684 685 686 687 688 689 690 691 692 693 694 695 696 697 698 699 700 701 702 703 704 705 706 707 708 709 710 711 712 713 714 715 716 717 718 719 720 721 722 723 724 725 726 727 728 729 730 731 732 733 734 735 736 737 738 739 740 741 742 743 744 745 746 747 748 749 750 751 752 753 754 755 756 757 758 759 760 761 762 763 764 765 766 767 768 769 770 771 772 773 774 775 776 777 778 779 780 781 782 783 784 785 786 787 788 789 790 791 792 793 794 795 796 797 798 799 800 801 802 803 804 805 806 807 808 809 810 811 812 813 814 815 816 817 818 819 820 821 822 823 824 825 826 827 828 829 830 831 832 833 834 835 836 837 838 839 840 841 842 843 844 845 846 847 848 849 850 851 852 853 854 855 856 857 858 859 860 861 862 863 864 865 866 867 868 869 870 871 872 873 874 875 876 877 878 879 880 881 882 883 884 885 886 887 888 889 890 891 892 893 894 895 896 897 898 899 900 901 902 903 904 905 906 907 908 909 910 911 912 913 914 915 916 917 918 919 920 921 922 923 924 925 926 927 928 929 930 931 932 933 934 935 936 937 938 939 940 941 942 943 944 945 946 947 948 949 950 951 952 953 954 955 956 957 958 959 960 961 962 963 964 965 966 967 968 969 970 971 972 973 974 975 976 977 978 979 980 981 982 983 984 985 986 987 988 989 990 991 992 993 994 995 996 997 998 999 1000 1001 1002 1003 1004 1005 1006 1007 1008 1009 1010 1011 1012 1013 1014 1015 1016 1017 1018 1019 1020 1021 1022 1023]) = 0
[pid 216245] 11:21:51.784369 write(15, "@\0\0\0000\362\1\0\1\0\0\0\0\0\0\0\10\0\221j\0\0\2~\16\0\223j0 10"..., 64 <unfinished ...>
[pid 216258] 11:21:51.784469 <... read resumed>"@\0\0\0000\362\1\0\1\0\0\0\0\0\0\0", 16) = 16
[pid 216245] 11:21:51.784493 <... write resumed>) = 64
[pid 216245] 11:21:51.784546 read(15,  <unfinished ...>
[pid 216258] 11:21:51.784578 getrandom("\x5a\x40\x53\xe5\x1f\x2d\x0a\x6b", 8, GRND_NONBLOCK) = 8
[pid 216258] 11:21:51.784689 brk(NULL)  = 0x21073000
[pid 216258] 11:21:51.784795 brk(0x21094000) = 0x21094000
[pid 216258] 11:21:51.784902 read(3, "\10\0\221j\0\0\2~\16\0\223j0 1000 1\n\0\0\0\16\0\224j0 10"..., 48) = 48
[pid 216258] 11:21:51.785018 socketpair(AF_UNIX, SOCK_STREAM, 0, [8, 9]) = 0
[pid 216246] 11:21:51.785111 <... nanosleep resumed>NULL) = 0
[pid 216258] 11:21:51.785131 socketpair(AF_UNIX, SOCK_STREAM, 0,  <unfinished ...>
[pid 216246] 11:21:51.785148 nanosleep({tv_sec=0, tv_nsec=20000},  <unfinished ...>
[pid 216258] 11:21:51.785167 <... socketpair resumed>[10, 11]) = 0
[pid 216258] 11:21:51.785216 prctl(PR_SET_NAME, "runc:[0:PARENT]"...) = 0
[pid 216246] 11:21:51.785300 <... nanosleep resumed>NULL) = 0
[pid 216258] 11:21:51.785322 clone(child_stack=0x7ffdbf259ae0, flags=CLONE_PARENT|SIGCHLD <unfinished ...>
[pid 216246] 11:21:51.785342 futex(0xeec8c0, FUTEX_WAIT_PRIVATE, 0, {tv_sec=60, tv_nsec=0}strace: Process 216259 attached
 <unfinished ...>
[pid 216258] 11:21:51.785575 <... clone resumed>) = 216259
[pid 216259] 11:21:51.785628 close(9 <unfinished ...>
[pid 216258] 11:21:51.785654 close(8 <unfinished ...>
[pid 216259] 11:21:51.785669 <... close resumed>) = 0
[pid 216258] 11:21:51.785684 <... close resumed>) = 0
[pid 216259] 11:21:51.785700 prctl(PR_SET_NAME, "runc:[1:CHILD]" <unfinished ...>
[pid 216258] 11:21:51.785725 read(9,  <unfinished ...>
[pid 216259] 11:21:51.785773 <... prctl resumed>) = 0
[pid 216259] 11:21:51.785833 unshare(CLONE_NEWUSER) = 0
[pid 216259] 11:21:51.786010 write(8, "@\0\0\0", 4) = 4
[pid 216258] 11:21:51.786117 <... read resumed>"@\0\0\0", 4) = 4
[pid 216259] 11:21:51.786146 read(8,  <unfinished ...>
[pid 216258] 11:21:51.786190 openat(AT_FDCWD, "/proc/216259/setgroups", O_RDWR) = 8
[pid 216258] 11:21:51.786311 write(8, "deny", 4) = 4
[pid 216258] 11:21:51.786425 close(8)   = 0
[pid 216258] 11:21:51.786518 openat(AT_FDCWD, "/proc/216259/uid_map", O_RDWR) = 8
[pid 216258] 11:21:51.786614 write(8, "0 1000 1\n\0", 10) = 10
[pid 216258] 11:21:51.786998 close(8)   = 0
[pid 216258] 11:21:51.787092 openat(AT_FDCWD, "/proc/216259/gid_map", O_RDWR) = 8
[pid 216258] 11:21:51.787197 write(8, "0 1000 1\n\0", 10) = 10
[pid 216258] 11:21:51.787290 close(8)   = 0
[pid 216258] 11:21:51.787383 write(9, "A\0\0\0", 4 <unfinished ...>
[pid 216259] 11:21:51.787477 <... read resumed>"A\0\0\0", 4) = 4
[pid 216258] 11:21:51.787544 <... write resumed>) = 4
[pid 216259] 11:21:51.787567 setresuid(0, 0, 0 <unfinished ...>
[pid 216258] 11:21:51.787588 read(9,  <unfinished ...>
[pid 216259] 11:21:51.787607 <... setresuid resumed>) = 0
[pid 216259] 11:21:51.787653 unshare(CLONE_NEWNS|CLONE_NEWCGROUP|CLONE_NEWUTS|CLONE_NEWIPC|CLONE_NEWPID|CLONE_NEWNET) = 0
[pid 216259] 11:21:51.792193 clone(child_stack=0x7ffdbf259ae0, flags=CLONE_PARENT|SIGCHLDstrace: Process 216260 attached
) = 216260
[pid 216260] 11:21:51.792492 close(11 <unfinished ...>
[pid 216259] 11:21:51.792515 write(8, "B\0\0\0", 4 <unfinished ...>
[pid 216260] 11:21:51.792537 <... close resumed>) = 0
[pid 216260] 11:21:51.792576 close(8 <unfinished ...>
[pid 216259] 11:21:51.792603 <... write resumed>) = 4
[pid 216258] 11:21:51.792617 <... read resumed>"B\0\0\0", 4) = 4
[pid 216260] 11:21:51.792636 <... close resumed>) = 0
[pid 216259] 11:21:51.792651 write(8, "\304L\3\0", 4 <unfinished ...>
[pid 216260] 11:21:51.792669 prctl(PR_SET_NAME, "runc:[2:INIT]" <unfinished ...>
[pid 216258] 11:21:51.792691 read(9,  <unfinished ...>
[pid 216259] 11:21:51.792706 <... write resumed>) = 4
[pid 216260] 11:21:51.792723 <... prctl resumed>) = 0
[pid 216258] 11:21:51.792740 <... read resumed>"\304L\3\0", 4) = 4
[pid 216260] 11:21:51.792758 read(10,  <unfinished ...>
[pid 216259] 11:21:51.792773 read(8,  <unfinished ...>
[pid 216258] 11:21:51.792788 write(9, "C\0\0\0", 4 <unfinished ...>
[pid 216259] 11:21:51.792855 <... read resumed>"C\0\0\0", 4) = 4
[pid 216258] 11:21:51.792877 <... write resumed>) = 4
[pid 216259] 11:21:51.792893 write(8, "E\0\0\0", 4 <unfinished ...>
[pid 216258] 11:21:51.792910 write(3, "{\"stage1_pid\":216259,\"stage2_pid"..., 42 <unfinished ...>
[pid 216259] 11:21:51.792928 <... write resumed>) = 4
[pid 216258] 11:21:51.792970 <... write resumed>) = 42
[pid 216245] 11:21:51.792988 <... read resumed>"{\"stage1_pid\":216259,\"stage2_pid"..., 512) = 42
[pid 216258] 11:21:51.793010 read(9,  <unfinished ...>
[pid 216259] 11:21:51.793031 exit_group(0 <unfinished ...>
[pid 216245] 11:21:51.793050 futex(0xeec8c0, FUTEX_WAKE_PRIVATE, 1 <unfinished ...>
[pid 216259] 11:21:51.793079 <... exit_group resumed>) = ?
[pid 216258] 11:21:51.793097 <... read resumed>"E\0\0\0", 4) = 4
[pid 216246] 11:21:51.793121 <... futex resumed>) = 0
[pid 216245] 11:21:51.793140 <... futex resumed>) = 1
[pid 216258] 11:21:51.793161 close(10 <unfinished ...>
[pid 216246] 11:21:51.793179 sched_yield( <unfinished ...>
[pid 216258] 11:21:51.793198 <... close resumed>) = 0
[pid 216259] 11:21:51.793229 +++ exited with 0 +++
[pid 216258] 11:21:51.793238 write(11, "D\0\0\0", 4 <unfinished ...>
[pid 216246] 11:21:51.793257 <... sched_yield resumed>) = 0
[pid 216245] 11:21:51.793274 pidfd_open(216259, 0 <unfinished ...>
[pid 216260] 11:21:51.793298 <... read resumed>"D\0\0\0", 4) = 4
[pid 216258] 11:21:51.793321 <... write resumed>) = 4
[pid 216247] 11:21:51.793338 <... futex resumed>) = ? ERESTARTSYS (To be restarted if SA_RESTART is set)
[pid 216246] 11:21:51.793356 --- SIGCHLD {si_signo=SIGCHLD, si_code=CLD_EXITED, si_pid=216259, si_uid=1000, si_status=0, si_utime=0, si_stime=0} ---
[pid 216260] 11:21:51.793379 setsid( <unfinished ...>
[pid 216258] 11:21:51.793397 read(11,  <unfinished ...>
[pid 216247] 11:21:51.793414 futex(0xc000083148, FUTEX_WAIT_PRIVATE, 0, NULL <unfinished ...>
[pid 216245] 11:21:51.793432 <... pidfd_open resumed>) = 14
[pid 216260] 11:21:51.793450 <... setsid resumed>) = 1
[pid 216246] 11:21:51.793469 futex(0xf0b780, FUTEX_WAKE_PRIVATE, 1 <unfinished ...>
[pid 216260] 11:21:51.793489 setuid(0 <unfinished ...>
[pid 216245] 11:21:51.793507 waitid(P_PIDFD, 14,  <unfinished ...>
[pid 216260] 11:21:51.793528 <... setuid resumed>) = 0
[pid 216248] 11:21:51.793547 <... futex resumed>) = 0
[pid 216246] 11:21:51.793564 <... futex resumed>) = 1
[pid 216260] 11:21:51.793585 setgid(0 <unfinished ...>
[pid 216248] 11:21:51.793603 futex(0xf0b780, FUTEX_WAIT_PRIVATE, 0, NULL <unfinished ...>
[pid 216245] 11:21:51.793624 <... waitid resumed>{si_signo=SIGCHLD, si_code=CLD_EXITED, si_pid=216259, si_uid=1000, si_status=0, si_utime=0, si_stime=0}, WEXITED, {ru_utime={tv_sec=0, tv_usec=0}, ru_stime={tv_sec=0, tv_usec=5227}, ...}) = 0
[pid 216260] 11:21:51.793655 <... setgid resumed>) = 0
[pid 216246] 11:21:51.793673 rt_sigreturn({mask=[]} <unfinished ...>
[pid 216260] 11:21:51.793696 write(10, "E\0\0\0", 4 <unfinished ...>
[pid 216245] 11:21:51.793718 close(14 <unfinished ...>
[pid 216246] 11:21:51.793738 <... rt_sigreturn resumed>) = 0
[pid 216260] 11:21:51.793760 <... write resumed>) = 4
[pid 216258] 11:21:51.793798 <... read resumed>"E\0\0\0", 4) = 4
[pid 216245] 11:21:51.793809 <... close resumed>) = 0
[pid 216260] 11:21:51.793828 close(10 <unfinished ...>
[pid 216246] 11:21:51.793846 nanosleep({tv_sec=0, tv_nsec=20000},  <unfinished ...>
[pid 216260] 11:21:51.793870 <... close resumed>) = 0
[pid 216245] 11:21:51.793887 readlinkat(AT_FDCWD, "/proc/216260/fd/0",  <unfinished ...>
[pid 216258] 11:21:51.793925 exit_group(0 <unfinished ...>
[pid 216260] 11:21:51.793972 openat(AT_FDCWD, "/proc/self/maps", O_RDONLY|O_CLOEXEC <unfinished ...>
[pid 216258] 11:21:51.794007 <... exit_group resumed>) = ?
[pid 216245] 11:21:51.794028 <... readlinkat resumed>"pipe:[4266647]", 128) = 14
[pid 216260] 11:21:51.794051 <... openat resumed>) = 8
[pid 216246] 11:21:51.794070 <... nanosleep resumed>NULL) = 0
[pid 216260] 11:21:51.794089 prlimit64(0, RLIMIT_STACK, NULL,  <unfinished ...>
[pid 216245] 11:21:51.794105 readlinkat(AT_FDCWD, "/proc/216260/fd/1",  <unfinished ...>
[pid 216260] 11:21:51.794126 <... prlimit64 resumed>{rlim_cur=8192*1024, rlim_max=RLIM64_INFINITY}) = 0
[pid 216258] 11:21:51.794142 +++ exited with 0 +++
[pid 216246] 11:21:51.794147 nanosleep({tv_sec=0, tv_nsec=20000},  <unfinished ...>
[pid 216260] 11:21:51.794163 fstat(8,  <unfinished ...>
[pid 216245] 11:21:51.794179 <... readlinkat resumed>"pipe:[4261780]", 128) = 14
[pid 216260] 11:21:51.794197 <... fstat resumed>{st_mode=S_IFREG|0444, st_size=0, ...}) = 0
[pid 216246] 11:21:51.794216 <... nanosleep resumed>NULL) = ? ERESTART_RESTARTBLOCK (Interrupted by signal)
[pid 216260] 11:21:51.794232 read(8,  <unfinished ...>
[pid 216245] 11:21:51.794247 --- SIGCHLD {si_signo=SIGCHLD, si_code=CLD_EXITED, si_pid=216258, si_uid=1000, si_status=0, si_utime=0, si_stime=0} ---
[pid 216246] 11:21:51.794263 restart_syscall(<... resuming interrupted nanosleep ...> <unfinished ...>
[pid 216260] 11:21:51.794289 <... read resumed>"00400000-00403000 r--p 00000000 "..., 1024) = 1024
[pid 216245] 11:21:51.794306 futex(0xf0b780, FUTEX_WAKE_PRIVATE, 1 <unfinished ...>
[pid 216246] 11:21:51.794322 <... restart_syscall resumed>) = 0
[pid 216260] 11:21:51.794338 read(8,  <unfinished ...>
[pid 216248] 11:21:51.794365 <... futex resumed>) = 0
[pid 216246] 11:21:51.794380 futex(0xeec8c0, FUTEX_WAIT_PRIVATE, 0, {tv_sec=60, tv_nsec=0} <unfinished ...>
[pid 216245] 11:21:51.794398 <... futex resumed>) = 1
[pid 216260] 11:21:51.794414 <... read resumed>"ibc.so.6\n71f9cb800000-71f9cb8040"..., 1024) = 1024
[pid 216248] 11:21:51.794430 futex(0xeec8c0, FUTEX_WAKE_PRIVATE, 1 <unfinished ...>
[pid 216246] 11:21:51.794446 <... futex resumed>) = -1 EAGAIN (Resource temporarily unavailable)
[pid 216260] 11:21:51.794464 read(8,  <unfinished ...>
[pid 216248] 11:21:51.794479 <... futex resumed>) = 0
[pid 216245] 11:21:51.794493 rt_sigreturn({mask=[]} <unfinished ...>
[pid 216260] 11:21:51.794514 <... read resumed>"                  [vvar]\n71f9cb9"..., 1024) = 873
[pid 216248] 11:21:51.794541 futex(0xf0b780, FUTEX_WAIT_PRIVATE, 0, NULL <unfinished ...>
[pid 216246] 11:21:51.794556 sched_yield( <unfinished ...>
[pid 216260] 11:21:51.794572 close(8 <unfinished ...>
[pid 216245] 11:21:51.794587 <... rt_sigreturn resumed>) = 14
[pid 216260] 11:21:51.794603 <... close resumed>) = 0
[pid 216246] 11:21:51.794617 <... sched_yield resumed>) = 0
[pid 216260] 11:21:51.794633 sched_getaffinity(216258, 32,  <unfinished ...>
[pid 216245] 11:21:51.794648 readlinkat(AT_FDCWD, "/proc/216260/fd/2",  <unfinished ...>
[pid 216260] 11:21:51.794666 <... sched_getaffinity resumed>0x21073a70) = -1 ESRCH (No such process)
[pid 216246] 11:21:51.794681 nanosleep({tv_sec=0, tv_nsec=20000},  <unfinished ...>
[pid 216245] 11:21:51.794699 <... readlinkat resumed>"pipe:[4248142]", 128) = 14
[pid 216260] 11:21:51.794751 sched_getaffinity(0, 8192,  <unfinished ...>
[pid 216245] 11:21:51.794777 waitid(P_PIDFD, 28,  <unfinished ...>
[pid 216260] 11:21:51.794793 <... sched_getaffinity resumed>[0 1 2 3 4 5 6 7 8 9 10 11 12 13 14 15]) = 8
[pid 216246] 11:21:51.794811 <... nanosleep resumed>NULL) = 0
[pid 216260] 11:21:51.794827 openat(AT_FDCWD, "/sys/kernel/mm/transparent_hugepage/hpage_pmd_size", O_RDONLY <unfinished ...>
[pid 216245] 11:21:51.794847 <... waitid resumed>{si_signo=SIGCHLD, si_code=CLD_EXITED, si_pid=216258, si_uid=1000, si_status=0, si_utime=0, si_stime=0}, WEXITED, {ru_utime={tv_sec=0, tv_usec=3798}, ru_stime={tv_sec=0, tv_usec=0}, ...}) = 0
[pid 216260] 11:21:51.794868 <... openat resumed>) = 8
[pid 216246] 11:21:51.794883 nanosleep({tv_sec=0, tv_nsec=20000},  <unfinished ...>
[pid 216260] 11:21:51.794901 read(8,  <unfinished ...>
[pid 216245] 11:21:51.794916 close(28 <unfinished ...>
[pid 216260] 11:21:51.794931 <... read resumed>"2097152\n", 20) = 8
[pid 216245] 11:21:51.794948 <... close resumed>) = 0
[pid 216260] 11:21:51.794964 close(8 <unfinished ...>
[pid 216245] 11:21:51.794984 pidfd_open(216260, 0 <unfinished ...>
[pid 216260] 11:21:51.795001 <... close resumed>) = 0
[pid 216246] 11:21:51.795019 <... nanosleep resumed>NULL) = 0
[pid 216245] 11:21:51.795035 <... pidfd_open resumed>) = 14
[pid 216246] 11:21:51.795070 nanosleep({tv_sec=0, tv_nsec=20000},  <unfinished ...>
[pid 216260] 11:21:51.795102 mmap(NULL, 262144, PROT_READ|PROT_WRITE, MAP_PRIVATE|MAP_ANONYMOUS, -1, 0) = 0x71f9cb98b000
[pid 216260] 11:21:51.795205 mmap(NULL, 131072, PROT_NONE, MAP_PRIVATE|MAP_ANONYMOUS, -1, 0 <unfinished ...>
[pid 216246] 11:21:51.795235 <... nanosleep resumed>NULL) = 0
[pid 216260] 11:21:51.795255 <... mmap resumed>) = 0x71f9cb96b000
[pid 216246] 11:21:51.795272 getpid( <unfinished ...>
[pid 216245] 11:21:51.795297 futex(0xc000100148, FUTEX_WAKE_PRIVATE, 1 <unfinished ...>
[pid 216260] 11:21:51.795318 mmap(NULL, 1048576, PROT_NONE, MAP_PRIVATE|MAP_ANONYMOUS, -1, 0 <unfinished ...>
[pid 216246] 11:21:51.795338 <... getpid resumed>) = 216245
[pid 216260] 11:21:51.795355 <... mmap resumed>) = 0x71f9cb86b000
[pid 216249] 11:21:51.795370 <... futex resumed>) = 0
[pid 216245] 11:21:51.795386 <... futex resumed>) = 1
[pid 216260] 11:21:51.795402 mmap(NULL, 8388608, PROT_NONE, MAP_PRIVATE|MAP_ANONYMOUS, -1, 0 <unfinished ...>
[pid 216246] 11:21:51.795418 tgkill(216245, 216245, SIGURG <unfinished ...>
[pid 216260] 11:21:51.795438 <... mmap resumed>) = 0x71f9cae00000
[pid 216249] 11:21:51.795454 futex(0xc000101148, FUTEX_WAKE_PRIVATE, 1 <unfinished ...>
[pid 216245] 11:21:51.795472 futex(0xeeaf80, FUTEX_WAIT_PRIVATE, 0, NULL <unfinished ...>
[pid 216260] 11:21:51.795492 mmap(NULL, 67108864, PROT_NONE, MAP_PRIVATE|MAP_ANONYMOUS, -1, 0 <unfinished ...>
[pid 216249] 11:21:51.795509 <... futex resumed>) = 1
[pid 216246] 11:21:51.795526 <... tgkill resumed>) = 0
[pid 216260] 11:21:51.795548 <... mmap resumed>) = 0x71f9c6e00000
[pid 216255] 11:21:51.795566 <... futex resumed>) = 0
[pid 216245] 11:21:51.795581 <... futex resumed>) = ? ERESTARTSYS (To be restarted if SA_RESTART is set)
[pid 216249] 11:21:51.795597 futex(0xeeaf80, FUTEX_WAKE_PRIVATE, 1 <unfinished ...>
[pid 216260] 11:21:51.795635 mmap(NULL, 536870912, PROT_NONE, MAP_PRIVATE|MAP_ANONYMOUS, -1, 0 <unfinished ...>
[pid 216255] 11:21:51.795653 futex(0xc000101148, FUTEX_WAIT_PRIVATE, 0, NULL <unfinished ...>
[pid 216246] 11:21:51.795669 nanosleep({tv_sec=0, tv_nsec=20000},  <unfinished ...>
[pid 216245] 11:21:51.795687 --- SIGURG {si_signo=SIGURG, si_code=SI_TKILL, si_pid=216245, si_uid=1000} ---
[pid 216260] 11:21:51.795707 <... mmap resumed>) = 0x71f9a6e00000
[pid 216249] 11:21:51.795725 <... futex resumed>) = 0
[pid 216260] 11:21:51.795741 mmap(NULL, 536870912, PROT_NONE, MAP_PRIVATE|MAP_ANONYMOUS, -1, 0 <unfinished ...>
[pid 216245] 11:21:51.795758 futex(0xf0b780, FUTEX_WAKE_PRIVATE, 1 <unfinished ...>
[pid 216260] 11:21:51.795777 <... mmap resumed>) = 0x71f986e00000
[pid 216249] 11:21:51.795793 futex(0xc000100148, FUTEX_WAIT_PRIVATE, 0, NULL <unfinished ...>
[pid 216248] 11:21:51.795834 <... futex resumed>) = 0
[pid 216246] 11:21:51.795851 <... nanosleep resumed>NULL) = 0
[pid 216245] 11:21:51.795866 <... futex resumed>) = 1
[pid 216260] 11:21:51.795882 mmap(0xc000000000, 67108864, PROT_NONE, MAP_PRIVATE|MAP_ANONYMOUS, -1, 0 <unfinished ...>
[pid 216248] 11:21:51.795897 futex(0xf0b780, FUTEX_WAIT_PRIVATE, 0, NULL <unfinished ...>
[pid 216260] 11:21:51.795914 <... mmap resumed>) = 0xc000000000
[pid 216246] 11:21:51.795928 nanosleep({tv_sec=0, tv_nsec=20000},  <unfinished ...>
[pid 216245] 11:21:51.795948 rt_sigreturn({mask=[]} <unfinished ...>
[pid 216260] 11:21:51.795967 mmap(NULL, 33554432, PROT_READ|PROT_WRITE, MAP_PRIVATE|MAP_ANONYMOUS, -1, 0 <unfinished ...>
[pid 216245] 11:21:51.795984 <... rt_sigreturn resumed>) = 202
[pid 216260] 11:21:51.795998 <... mmap resumed>) = 0x71f984e00000
[pid 216245] 11:21:51.796014 futex(0xeeaf80, FUTEX_WAIT_PRIVATE, 0, NULL <unfinished ...>
[pid 216260] 11:21:51.796032 madvise(0x71f984e00000, 33554432, MADV_NOHUGEPAGE <unfinished ...>
[pid 216245] 11:21:51.796051 <... futex resumed>) = -1 EAGAIN (Resource temporarily unavailable)
[pid 216260] 11:21:51.796069 <... madvise resumed>) = 0
[pid 216246] 11:21:51.796086 <... nanosleep resumed>NULL) = 0
[pid 216260] 11:21:51.796104 mmap(NULL, 68624, PROT_READ|PROT_WRITE, MAP_PRIVATE|MAP_ANONYMOUS, -1, 0 <unfinished ...>
[pid 216246] 11:21:51.796135 nanosleep({tv_sec=0, tv_nsec=20000},  <unfinished ...>
[pid 216245] 11:21:51.796152 write(15, "{\"config\":{\"no_pivot_root\":false"..., 11987 <unfinished ...>
[pid 216260] 11:21:51.796169 <... mmap resumed>) = 0x71f9cb85a000
[pid 216260] 11:21:51.796228 mmap(0xc000000000, 4194304, PROT_READ|PROT_WRITE, MAP_PRIVATE|MAP_FIXED|MAP_ANONYMOUS, -1, 0 <unfinished ...>
[pid 216245] 11:21:51.796249 <... write resumed>) = 11987
[pid 216260] 11:21:51.796266 <... mmap resumed>) = 0xc000000000
[pid 216246] 11:21:51.796280 <... nanosleep resumed>NULL) = 0
[pid 216260] 11:21:51.796308 mmap(0x71f9cb96b000, 131072, PROT_READ|PROT_WRITE, MAP_PRIVATE|MAP_FIXED|MAP_ANONYMOUS, -1, 0 <unfinished ...>
[pid 216245] 11:21:51.796324 recvfrom(18,  <unfinished ...>
[pid 216260] 11:21:51.796344 <... mmap resumed>) = 0x71f9cb96b000
[pid 216246] 11:21:51.796359 nanosleep({tv_sec=0, tv_nsec=20000},  <unfinished ...>
[pid 216260] 11:21:51.796377 mmap(0x71f9cb8eb000, 4096, PROT_READ|PROT_WRITE, MAP_PRIVATE|MAP_FIXED|MAP_ANONYMOUS, -1, 0) = 0x71f9cb8eb000
[pid 216260] 11:21:51.796472 mmap(0x71f9cb206000, 4096, PROT_READ|PROT_WRITE, MAP_PRIVATE|MAP_FIXED|MAP_ANONYMOUS, -1, 0 <unfinished ...>
[pid 216246] 11:21:51.796490 <... nanosleep resumed>NULL) = 0
[pid 216260] 11:21:51.796505 <... mmap resumed>) = 0x71f9cb206000
[pid 216246] 11:21:51.796531 nanosleep({tv_sec=0, tv_nsec=20000},  <unfinished ...>
[pid 216260] 11:21:51.796554 mmap(0x71f9c8e30000, 4096, PROT_READ|PROT_WRITE, MAP_PRIVATE|MAP_FIXED|MAP_ANONYMOUS, -1, 0) = 0x71f9c8e30000
[pid 216260] 11:21:51.796644 mmap(0x71f9b6f80000, 4096, PROT_READ|PROT_WRITE, MAP_PRIVATE|MAP_FIXED|MAP_ANONYMOUS, -1, 0 <unfinished ...>
[pid 216246] 11:21:51.796683 <... nanosleep resumed>NULL) = 0
[pid 216260] 11:21:51.796704 <... mmap resumed>) = 0x71f9b6f80000
[pid 216246] 11:21:51.796719 nanosleep({tv_sec=0, tv_nsec=20000},  <unfinished ...>
[pid 216260] 11:21:51.796743 mmap(0x71f996f80000, 4096, PROT_READ|PROT_WRITE, MAP_PRIVATE|MAP_FIXED|MAP_ANONYMOUS, -1, 0) = 0x71f996f80000
[pid 216260] 11:21:51.796864 mmap(NULL, 1048576, PROT_READ|PROT_WRITE, MAP_PRIVATE|MAP_ANONYMOUS, -1, 0 <unfinished ...>
[pid 216246] 11:21:51.796890 <... nanosleep resumed>NULL) = 0
[pid 216260] 11:21:51.796912 <... mmap resumed>) = 0x71f984d00000
[pid 216246] 11:21:51.796931 nanosleep({tv_sec=0, tv_nsec=20000},  <unfinished ...>
[pid 216260] 11:21:51.796965 madvise(0x71f984d00000, 1048576, MADV_NOHUGEPAGE) = 0
[pid 216246] 11:21:51.797081 <... nanosleep resumed>NULL) = 0
[pid 216260] 11:21:51.797110 mmap(NULL, 65536, PROT_READ|PROT_WRITE, MAP_PRIVATE|MAP_ANONYMOUS, -1, 0 <unfinished ...>
[pid 216246] 11:21:51.797127 nanosleep({tv_sec=0, tv_nsec=20000},  <unfinished ...>
[pid 216260] 11:21:51.797145 <... mmap resumed>) = 0x71f9cb84a000
[pid 216260] 11:21:51.797206 mmap(NULL, 65536, PROT_READ|PROT_WRITE, MAP_PRIVATE|MAP_ANONYMOUS, -1, 0) = 0x71f9cb83a000
[pid 216246] 11:21:51.797278 <... nanosleep resumed>NULL) = 0
[pid 216246] 11:21:51.797326 nanosleep({tv_sec=0, tv_nsec=20000},  <unfinished ...>
[pid 216260] 11:21:51.797467 rt_sigprocmask(SIG_SETMASK, NULL,  <unfinished ...>
[pid 216246] 11:21:51.797484 <... nanosleep resumed>NULL) = 0
[pid 216260] 11:21:51.797503 <... rt_sigprocmask resumed>[], 8) = 0
[pid 216246] 11:21:51.797523 nanosleep({tv_sec=0, tv_nsec=20000},  <unfinished ...>
[pid 216260] 11:21:51.797598 fcntl(0, F_GETFD) = 0
[pid 216246] 11:21:51.797656 <... nanosleep resumed>NULL) = 0
[pid 216260] 11:21:51.797672 fcntl(1, F_GETFD <unfinished ...>
[pid 216246] 11:21:51.797701 nanosleep({tv_sec=0, tv_nsec=20000},  <unfinished ...>
[pid 216260] 11:21:51.797721 <... fcntl resumed>) = 0
[pid 216260] 11:21:51.797762 fcntl(2, F_GETFD <unfinished ...>
[pid 216246] 11:21:51.797795 <... nanosleep resumed>NULL) = 0
[pid 216260] 11:21:51.797814 <... fcntl resumed>) = 0
[pid 216246] 11:21:51.797831 nanosleep({tv_sec=0, tv_nsec=20000}, NULL) = 0
[pid 216260] 11:21:51.798017 sigaltstack(NULL,  <unfinished ...>
[pid 216246] 11:21:51.798037 nanosleep({tv_sec=0, tv_nsec=20000},  <unfinished ...>
[pid 216260] 11:21:51.798061 <... sigaltstack resumed>{ss_sp=NULL, ss_flags=SS_DISABLE, ss_size=0}) = 0
[pid 216260] 11:21:51.798110 sigaltstack({ss_sp=0xc000006000, ss_flags=0, ss_size=32768}, NULL) = 0
[pid 216246] 11:21:51.798179 <... nanosleep resumed>NULL) = 0
[pid 216260] 11:21:51.798196 rt_sigprocmask(SIG_SETMASK, [],  <unfinished ...>
[pid 216246] 11:21:51.798228 nanosleep({tv_sec=0, tv_nsec=20000},  <unfinished ...>
[pid 216260] 11:21:51.798247 <... rt_sigprocmask resumed>NULL, 8) = 0
[pid 216260] 11:21:51.798294 gettid()   = 1
[pid 216246] 11:21:51.798372 <... nanosleep resumed>NULL) = 0
[pid 216260] 11:21:51.798419 rt_sigaction(SIGHUP, NULL,  <unfinished ...>
[pid 216246] 11:21:51.798454 nanosleep({tv_sec=0, tv_nsec=20000},  <unfinished ...>
[pid 216260] 11:21:51.798476 <... rt_sigaction resumed>{sa_handler=SIG_DFL, sa_mask=[], sa_flags=0}, 8) = 0
[pid 216260] 11:21:51.798524 rt_sigaction(SIGHUP, {sa_handler=0x4816e0, sa_mask=~[RTMIN RT_1], sa_flags=SA_RESTORER|SA_ONSTACK|SA_RESTART|SA_SIGINFO, sa_restorer=0x71f9cb645330}, NULL, 8) = 0
[pid 216246] 11:21:51.798597 <... nanosleep resumed>NULL) = 0
[pid 216260] 11:21:51.798614 rt_sigaction(SIGINT, NULL,  <unfinished ...>
[pid 216246] 11:21:51.798630 nanosleep({tv_sec=0, tv_nsec=20000},  <unfinished ...>
[pid 216260] 11:21:51.798657 <... rt_sigaction resumed>{sa_handler=SIG_DFL, sa_mask=[], sa_flags=0}, 8) = 0
[pid 216260] 11:21:51.798699 rt_sigaction(SIGINT, {sa_handler=0x4816e0, sa_mask=~[RTMIN RT_1], sa_flags=SA_RESTORER|SA_ONSTACK|SA_RESTART|SA_SIGINFO, sa_restorer=0x71f9cb645330}, NULL, 8) = 0
[pid 216260] 11:21:51.798792 rt_sigaction(SIGQUIT, NULL,  <unfinished ...>
[pid 216246] 11:21:51.798810 <... nanosleep resumed>NULL) = 0
[pid 216260] 11:21:51.798837 <... rt_sigaction resumed>{sa_handler=SIG_DFL, sa_mask=[], sa_flags=0}, 8) = 0
[pid 216246] 11:21:51.798858 nanosleep({tv_sec=0, tv_nsec=20000},  <unfinished ...>
[pid 216260] 11:21:51.798891 rt_sigaction(SIGQUIT, {sa_handler=0x4816e0, sa_mask=~[RTMIN RT_1], sa_flags=SA_RESTORER|SA_ONSTACK|SA_RESTART|SA_SIGINFO, sa_restorer=0x71f9cb645330}, NULL, 8) = 0
[pid 216260] 11:21:51.798979 rt_sigaction(SIGILL, NULL,  <unfinished ...>
[pid 216246] 11:21:51.799001 <... nanosleep resumed>NULL) = 0
[pid 216260] 11:21:51.799019 <... rt_sigaction resumed>{sa_handler=SIG_DFL, sa_mask=[], sa_flags=0}, 8) = 0
[pid 216246] 11:21:51.799042 nanosleep({tv_sec=0, tv_nsec=20000},  <unfinished ...>
[pid 216260] 11:21:51.799075 rt_sigaction(SIGILL, {sa_handler=0x4816e0, sa_mask=~[RTMIN RT_1], sa_flags=SA_RESTORER|SA_ONSTACK|SA_RESTART|SA_SIGINFO, sa_restorer=0x71f9cb645330}, NULL, 8) = 0
[pid 216260] 11:21:51.799153 rt_sigaction(SIGTRAP, NULL,  <unfinished ...>
[pid 216246] 11:21:51.799174 <... nanosleep resumed>NULL) = 0
[pid 216260] 11:21:51.799193 <... rt_sigaction resumed>{sa_handler=SIG_DFL, sa_mask=[], sa_flags=0}, 8) = 0
[pid 216246] 11:21:51.799218 nanosleep({tv_sec=0, tv_nsec=20000},  <unfinished ...>
[pid 216260] 11:21:51.799246 rt_sigaction(SIGTRAP, {sa_handler=0x4816e0, sa_mask=~[RTMIN RT_1], sa_flags=SA_RESTORER|SA_ONSTACK|SA_RESTART|SA_SIGINFO, sa_restorer=0x71f9cb645330}, NULL, 8) = 0
[pid 216260] 11:21:51.799324 rt_sigaction(SIGABRT, NULL,  <unfinished ...>
[pid 216246] 11:21:51.799353 <... nanosleep resumed>NULL) = 0
[pid 216260] 11:21:51.799369 <... rt_sigaction resumed>{sa_handler=SIG_DFL, sa_mask=[], sa_flags=0}, 8) = 0
[pid 216246] 11:21:51.799387 nanosleep({tv_sec=0, tv_nsec=20000},  <unfinished ...>
[pid 216260] 11:21:51.799404 rt_sigaction(SIGABRT, {sa_handler=0x4816e0, sa_mask=~[RTMIN RT_1], sa_flags=SA_RESTORER|SA_ONSTACK|SA_RESTART|SA_SIGINFO, sa_restorer=0x71f9cb645330}, NULL, 8) = 0
[pid 216260] 11:21:51.799529 rt_sigaction(SIGBUS, NULL,  <unfinished ...>
[pid 216246] 11:21:51.799550 <... nanosleep resumed>NULL) = 0
[pid 216260] 11:21:51.799577 <... rt_sigaction resumed>{sa_handler=SIG_DFL, sa_mask=[], sa_flags=0}, 8) = 0
[pid 216246] 11:21:51.799600 nanosleep({tv_sec=0, tv_nsec=20000},  <unfinished ...>
[pid 216260] 11:21:51.799622 rt_sigaction(SIGBUS, {sa_handler=0x4816e0, sa_mask=~[RTMIN RT_1], sa_flags=SA_RESTORER|SA_ONSTACK|SA_RESTART|SA_SIGINFO, sa_restorer=0x71f9cb645330}, NULL, 8) = 0
[pid 216260] 11:21:51.799708 rt_sigaction(SIGFPE, NULL,  <unfinished ...>
[pid 216246] 11:21:51.799738 <... nanosleep resumed>NULL) = 0
[pid 216260] 11:21:51.799753 <... rt_sigaction resumed>{sa_handler=SIG_DFL, sa_mask=[], sa_flags=0}, 8) = 0
[pid 216246] 11:21:51.799772 nanosleep({tv_sec=0, tv_nsec=20000},  <unfinished ...>
[pid 216260] 11:21:51.799789 rt_sigaction(SIGFPE, {sa_handler=0x4816e0, sa_mask=~[RTMIN RT_1], sa_flags=SA_RESTORER|SA_ONSTACK|SA_RESTART|SA_SIGINFO, sa_restorer=0x71f9cb645330}, NULL, 8) = 0
[pid 216260] 11:21:51.799899 rt_sigaction(SIGUSR1, NULL,  <unfinished ...>
[pid 216246] 11:21:51.799919 <... nanosleep resumed>NULL) = 0
[pid 216260] 11:21:51.799936 <... rt_sigaction resumed>{sa_handler=SIG_DFL, sa_mask=[], sa_flags=0}, 8) = 0
[pid 216246] 11:21:51.799958 nanosleep({tv_sec=0, tv_nsec=20000},  <unfinished ...>
[pid 216260] 11:21:51.799978 rt_sigaction(SIGUSR1, {sa_handler=0x4816e0, sa_mask=~[RTMIN RT_1], sa_flags=SA_RESTORER|SA_ONSTACK|SA_RESTART|SA_SIGINFO, sa_restorer=0x71f9cb645330}, NULL, 8) = 0
[pid 216260] 11:21:51.800085 rt_sigaction(SIGSEGV, NULL,  <unfinished ...>
[pid 216246] 11:21:51.800119 <... nanosleep resumed>NULL) = 0
[pid 216260] 11:21:51.800136 <... rt_sigaction resumed>{sa_handler=SIG_DFL, sa_mask=[], sa_flags=0}, 8) = 0
[pid 216246] 11:21:51.800162 nanosleep({tv_sec=0, tv_nsec=20000},  <unfinished ...>
[pid 216260] 11:21:51.800195 rt_sigaction(SIGSEGV, {sa_handler=0x4816e0, sa_mask=~[RTMIN RT_1], sa_flags=SA_RESTORER|SA_ONSTACK|SA_RESTART|SA_SIGINFO, sa_restorer=0x71f9cb645330}, NULL, 8) = 0
[pid 216260] 11:21:51.800296 rt_sigaction(SIGUSR2, NULL,  <unfinished ...>
[pid 216246] 11:21:51.800322 <... nanosleep resumed>NULL) = 0
[pid 216260] 11:21:51.800341 <... rt_sigaction resumed>{sa_handler=SIG_DFL, sa_mask=[], sa_flags=0}, 8) = 0
[pid 216246] 11:21:51.800363 nanosleep({tv_sec=0, tv_nsec=20000},  <unfinished ...>
[pid 216260] 11:21:51.800384 rt_sigaction(SIGUSR2, {sa_handler=0x4816e0, sa_mask=~[RTMIN RT_1], sa_flags=SA_RESTORER|SA_ONSTACK|SA_RESTART|SA_SIGINFO, sa_restorer=0x71f9cb645330}, NULL, 8) = 0
[pid 216260] 11:21:51.800470 rt_sigaction(SIGPIPE, NULL,  <unfinished ...>
[pid 216246] 11:21:51.800495 <... nanosleep resumed>NULL) = 0
[pid 216260] 11:21:51.800511 <... rt_sigaction resumed>{sa_handler=SIG_DFL, sa_mask=[], sa_flags=0}, 8) = 0
[pid 216246] 11:21:51.800528 nanosleep({tv_sec=0, tv_nsec=20000},  <unfinished ...>
[pid 216260] 11:21:51.800546 rt_sigaction(SIGPIPE, {sa_handler=0x4816e0, sa_mask=~[RTMIN RT_1], sa_flags=SA_RESTORER|SA_ONSTACK|SA_RESTART|SA_SIGINFO, sa_restorer=0x71f9cb645330}, NULL, 8) = 0
[pid 216260] 11:21:51.800625 rt_sigaction(SIGALRM, NULL,  <unfinished ...>
[pid 216246] 11:21:51.800656 <... nanosleep resumed>NULL) = 0
[pid 216260] 11:21:51.800675 <... rt_sigaction resumed>{sa_handler=SIG_DFL, sa_mask=[], sa_flags=0}, 8) = 0
[pid 216246] 11:21:51.800695 nanosleep({tv_sec=0, tv_nsec=20000},  <unfinished ...>
[pid 216260] 11:21:51.800713 rt_sigaction(SIGALRM, {sa_handler=0x4816e0, sa_mask=~[RTMIN RT_1], sa_flags=SA_RESTORER|SA_ONSTACK|SA_RESTART|SA_SIGINFO, sa_restorer=0x71f9cb645330}, NULL, 8) = 0
[pid 216260] 11:21:51.800815 rt_sigaction(SIGTERM, NULL,  <unfinished ...>
[pid 216246] 11:21:51.800836 <... nanosleep resumed>NULL) = 0
[pid 216260] 11:21:51.800852 <... rt_sigaction resumed>{sa_handler=SIG_DFL, sa_mask=[], sa_flags=0}, 8) = 0
[pid 216246] 11:21:51.800875 nanosleep({tv_sec=0, tv_nsec=20000},  <unfinished ...>
[pid 216260] 11:21:51.800897 rt_sigaction(SIGTERM, {sa_handler=0x4816e0, sa_mask=~[RTMIN RT_1], sa_flags=SA_RESTORER|SA_ONSTACK|SA_RESTART|SA_SIGINFO, sa_restorer=0x71f9cb645330}, NULL, 8) = 0
[pid 216260] 11:21:51.800997 rt_sigaction(SIGSTKFLT, NULL,  <unfinished ...>
[pid 216246] 11:21:51.801020 <... nanosleep resumed>NULL) = 0
[pid 216260] 11:21:51.801038 <... rt_sigaction resumed>{sa_handler=SIG_DFL, sa_mask=[], sa_flags=0}, 8) = 0
[pid 216246] 11:21:51.801080 nanosleep({tv_sec=0, tv_nsec=20000},  <unfinished ...>
[pid 216260] 11:21:51.801103 rt_sigaction(SIGSTKFLT, {sa_handler=0x4816e0, sa_mask=~[RTMIN RT_1], sa_flags=SA_RESTORER|SA_ONSTACK|SA_RESTART|SA_SIGINFO, sa_restorer=0x71f9cb645330}, NULL, 8) = 0
[pid 216260] 11:21:51.801206 rt_sigaction(SIGCHLD, NULL,  <unfinished ...>
[pid 216246] 11:21:51.801225 <... nanosleep resumed>NULL) = 0
[pid 216260] 11:21:51.801244 <... rt_sigaction resumed>{sa_handler=SIG_DFL, sa_mask=[], sa_flags=0}, 8) = 0
[pid 216246] 11:21:51.801267 nanosleep({tv_sec=0, tv_nsec=20000},  <unfinished ...>
[pid 216260] 11:21:51.801288 rt_sigaction(SIGCHLD, {sa_handler=0x4816e0, sa_mask=~[RTMIN RT_1], sa_flags=SA_RESTORER|SA_ONSTACK|SA_RESTART|SA_SIGINFO, sa_restorer=0x71f9cb645330}, NULL, 8) = 0
[pid 216260] 11:21:51.801398 rt_sigaction(SIGURG, NULL,  <unfinished ...>
[pid 216246] 11:21:51.801420 <... nanosleep resumed>NULL) = 0
[pid 216260] 11:21:51.801439 <... rt_sigaction resumed>{sa_handler=SIG_DFL, sa_mask=[], sa_flags=0}, 8) = 0
[pid 216246] 11:21:51.801462 nanosleep({tv_sec=0, tv_nsec=20000},  <unfinished ...>
[pid 216260] 11:21:51.801484 rt_sigaction(SIGURG, {sa_handler=0x4816e0, sa_mask=~[RTMIN RT_1], sa_flags=SA_RESTORER|SA_ONSTACK|SA_RESTART|SA_SIGINFO, sa_restorer=0x71f9cb645330}, NULL, 8) = 0
[pid 216260] 11:21:51.801609 rt_sigaction(SIGXCPU, NULL,  <unfinished ...>
[pid 216246] 11:21:51.801632 <... nanosleep resumed>NULL) = 0
[pid 216260] 11:21:51.801651 <... rt_sigaction resumed>{sa_handler=SIG_DFL, sa_mask=[], sa_flags=0}, 8) = 0
[pid 216246] 11:21:51.801688 nanosleep({tv_sec=0, tv_nsec=20000},  <unfinished ...>
[pid 216260] 11:21:51.801709 rt_sigaction(SIGXCPU, {sa_handler=0x4816e0, sa_mask=~[RTMIN RT_1], sa_flags=SA_RESTORER|SA_ONSTACK|SA_RESTART|SA_SIGINFO, sa_restorer=0x71f9cb645330}, NULL, 8) = 0
[pid 216260] 11:21:51.801823 rt_sigaction(SIGXFSZ, NULL,  <unfinished ...>
[pid 216246] 11:21:51.801845 <... nanosleep resumed>NULL) = 0
[pid 216260] 11:21:51.801864 <... rt_sigaction resumed>{sa_handler=SIG_DFL, sa_mask=[], sa_flags=0}, 8) = 0
[pid 216246] 11:21:51.801887 nanosleep({tv_sec=0, tv_nsec=20000},  <unfinished ...>
[pid 216260] 11:21:51.801909 rt_sigaction(SIGXFSZ, {sa_handler=0x4816e0, sa_mask=~[RTMIN RT_1], sa_flags=SA_RESTORER|SA_ONSTACK|SA_RESTART|SA_SIGINFO, sa_restorer=0x71f9cb645330}, NULL, 8) = 0
[pid 216260] 11:21:51.802012 rt_sigaction(SIGVTALRM, NULL,  <unfinished ...>
[pid 216246] 11:21:51.802032 <... nanosleep resumed>NULL) = 0
[pid 216260] 11:21:51.802054 <... rt_sigaction resumed>{sa_handler=SIG_DFL, sa_mask=[], sa_flags=0}, 8) = 0
[pid 216246] 11:21:51.802091 nanosleep({tv_sec=0, tv_nsec=20000},  <unfinished ...>
[pid 216260] 11:21:51.802113 rt_sigaction(SIGVTALRM, {sa_handler=0x4816e0, sa_mask=~[RTMIN RT_1], sa_flags=SA_RESTORER|SA_ONSTACK|SA_RESTART|SA_SIGINFO, sa_restorer=0x71f9cb645330}, NULL, 8) = 0
[pid 216260] 11:21:51.802211 rt_sigaction(SIGPROF, NULL,  <unfinished ...>
[pid 216246] 11:21:51.802244 <... nanosleep resumed>NULL) = 0
[pid 216260] 11:21:51.802260 <... rt_sigaction resumed>{sa_handler=SIG_DFL, sa_mask=[], sa_flags=0}, 8) = 0
[pid 216246] 11:21:51.802285 nanosleep({tv_sec=0, tv_nsec=20000},  <unfinished ...>
[pid 216260] 11:21:51.802307 rt_sigaction(SIGPROF, {sa_handler=0x4816e0, sa_mask=~[RTMIN RT_1], sa_flags=SA_RESTORER|SA_ONSTACK|SA_RESTART|SA_SIGINFO, sa_restorer=0x71f9cb645330}, NULL, 8) = 0
[pid 216260] 11:21:51.802417 rt_sigaction(SIGWINCH, NULL,  <unfinished ...>
[pid 216246] 11:21:51.802437 <... nanosleep resumed>NULL) = 0
[pid 216260] 11:21:51.802454 <... rt_sigaction resumed>{sa_handler=SIG_DFL, sa_mask=[], sa_flags=0}, 8) = 0
[pid 216246] 11:21:51.802477 nanosleep({tv_sec=0, tv_nsec=20000},  <unfinished ...>
[pid 216260] 11:21:51.802497 rt_sigaction(SIGWINCH, {sa_handler=0x4816e0, sa_mask=~[RTMIN RT_1], sa_flags=SA_RESTORER|SA_ONSTACK|SA_RESTART|SA_SIGINFO, sa_restorer=0x71f9cb645330}, NULL, 8) = 0
[pid 216260] 11:21:51.802581 rt_sigaction(SIGIO, NULL,  <unfinished ...>
[pid 216246] 11:21:51.802612 <... nanosleep resumed>NULL) = 0
[pid 216260] 11:21:51.802627 <... rt_sigaction resumed>{sa_handler=SIG_DFL, sa_mask=[], sa_flags=0}, 8) = 0
[pid 216246] 11:21:51.802645 nanosleep({tv_sec=0, tv_nsec=20000},  <unfinished ...>
[pid 216260] 11:21:51.802663 rt_sigaction(SIGIO, {sa_handler=0x4816e0, sa_mask=~[RTMIN RT_1], sa_flags=SA_RESTORER|SA_ONSTACK|SA_RESTART|SA_SIGINFO, sa_restorer=0x71f9cb645330}, NULL, 8) = 0
[pid 216260] 11:21:51.802762 rt_sigaction(SIGPWR, NULL,  <unfinished ...>
[pid 216246] 11:21:51.802780 <... nanosleep resumed>NULL) = 0
[pid 216260] 11:21:51.802796 <... rt_sigaction resumed>{sa_handler=SIG_DFL, sa_mask=[], sa_flags=0}, 8) = 0
[pid 216246] 11:21:51.802815 nanosleep({tv_sec=0, tv_nsec=20000},  <unfinished ...>
[pid 216260] 11:21:51.802847 rt_sigaction(SIGPWR, {sa_handler=0x4816e0, sa_mask=~[RTMIN RT_1], sa_flags=SA_RESTORER|SA_ONSTACK|SA_RESTART|SA_SIGINFO, sa_restorer=0x71f9cb645330}, NULL, 8) = 0
[pid 216260] 11:21:51.802929 rt_sigaction(SIGSYS, NULL,  <unfinished ...>
[pid 216246] 11:21:51.802956 <... nanosleep resumed>NULL) = 0
[pid 216260] 11:21:51.802975 <... rt_sigaction resumed>{sa_handler=SIG_DFL, sa_mask=[], sa_flags=0}, 8) = 0
[pid 216246] 11:21:51.802997 nanosleep({tv_sec=0, tv_nsec=20000},  <unfinished ...>
[pid 216260] 11:21:51.803019 rt_sigaction(SIGSYS, {sa_handler=0x4816e0, sa_mask=~[RTMIN RT_1], sa_flags=SA_RESTORER|SA_ONSTACK|SA_RESTART|SA_SIGINFO, sa_restorer=0x71f9cb645330}, NULL, 8) = 0
[pid 216246] 11:21:51.803158 <... nanosleep resumed>NULL) = 0
[pid 216260] 11:21:51.803181 rt_sigaction(SIGRTMIN, NULL,  <unfinished ...>
[pid 216246] 11:21:51.803199 nanosleep({tv_sec=0, tv_nsec=20000},  <unfinished ...>
[pid 216260] 11:21:51.803222 <... rt_sigaction resumed>{sa_handler=SIG_DFL, sa_mask=[], sa_flags=0}, 8) = 0
[pid 216260] 11:21:51.803271 rt_sigaction(SIGRT_1, NULL, {sa_handler=SIG_DFL, sa_mask=[], sa_flags=0}, 8) = 0
[pid 216246] 11:21:51.803348 <... nanosleep resumed>NULL) = 0
[pid 216260] 11:21:51.803367 rt_sigaction(SIGRT_2, NULL,  <unfinished ...>
[pid 216246] 11:21:51.803387 nanosleep({tv_sec=0, tv_nsec=20000},  <unfinished ...>
[pid 216260] 11:21:51.803408 <... rt_sigaction resumed>{sa_handler=SIG_DFL, sa_mask=[], sa_flags=0}, 8) = 0
[pid 216260] 11:21:51.803462 rt_sigaction(SIGRT_3, NULL, {sa_handler=SIG_DFL, sa_mask=[], sa_flags=0}, 8) = 0
[pid 216246] 11:21:51.803564 <... nanosleep resumed>NULL) = 0
[pid 216260] 11:21:51.803582 rt_sigaction(SIGRT_3, {sa_handler=0x4816e0, sa_mask=~[RTMIN RT_1], sa_flags=SA_RESTORER|SA_ONSTACK|SA_RESTART|SA_SIGINFO, sa_restorer=0x71f9cb645330},  <unfinished ...>
[pid 216246] 11:21:51.803602 nanosleep({tv_sec=0, tv_nsec=20000},  <unfinished ...>
[pid 216260] 11:21:51.803620 <... rt_sigaction resumed>NULL, 8) = 0
[pid 216260] 11:21:51.803665 rt_sigaction(SIGRT_4, NULL, {sa_handler=SIG_DFL, sa_mask=[], sa_flags=0}, 8) = 0
[pid 216246] 11:21:51.803740 <... nanosleep resumed>NULL) = 0
[pid 216260] 11:21:51.803764 rt_sigaction(SIGRT_4, {sa_handler=0x4816e0, sa_mask=~[RTMIN RT_1], sa_flags=SA_RESTORER|SA_ONSTACK|SA_RESTART|SA_SIGINFO, sa_restorer=0x71f9cb645330},  <unfinished ...>
[pid 216246] 11:21:51.803798 nanosleep({tv_sec=0, tv_nsec=20000},  <unfinished ...>
[pid 216260] 11:21:51.803821 <... rt_sigaction resumed>NULL, 8) = 0
[pid 216260] 11:21:51.803871 rt_sigaction(SIGRT_5, NULL, {sa_handler=SIG_DFL, sa_mask=[], sa_flags=0}, 8) = 0
[pid 216246] 11:21:51.803968 <... nanosleep resumed>NULL) = 0
[pid 216260] 11:21:51.803994 rt_sigaction(SIGRT_5, {sa_handler=0x4816e0, sa_mask=~[RTMIN RT_1], sa_flags=SA_RESTORER|SA_ONSTACK|SA_RESTART|SA_SIGINFO, sa_restorer=0x71f9cb645330},  <unfinished ...>
[pid 216246] 11:21:51.804022 nanosleep({tv_sec=0, tv_nsec=20000},  <unfinished ...>
[pid 216260] 11:21:51.804046 <... rt_sigaction resumed>NULL, 8) = 0
[pid 216260] 11:21:51.804109 rt_sigaction(SIGRT_6, NULL, {sa_handler=SIG_DFL, sa_mask=[], sa_flags=0}, 8) = 0
[pid 216246] 11:21:51.804203 <... nanosleep resumed>NULL) = 0
[pid 216260] 11:21:51.804226 rt_sigaction(SIGRT_6, {sa_handler=0x4816e0, sa_mask=~[RTMIN RT_1], sa_flags=SA_RESTORER|SA_ONSTACK|SA_RESTART|SA_SIGINFO, sa_restorer=0x71f9cb645330},  <unfinished ...>
[pid 216246] 11:21:51.804264 nanosleep({tv_sec=0, tv_nsec=20000},  <unfinished ...>
[pid 216260] 11:21:51.804291 <... rt_sigaction resumed>NULL, 8) = 0
[pid 216260] 11:21:51.804345 rt_sigaction(SIGRT_7, NULL, {sa_handler=SIG_DFL, sa_mask=[], sa_flags=0}, 8) = 0
[pid 216246] 11:21:51.804429 <... nanosleep resumed>NULL) = 0
[pid 216260] 11:21:51.804451 rt_sigaction(SIGRT_7, {sa_handler=0x4816e0, sa_mask=~[RTMIN RT_1], sa_flags=SA_RESTORER|SA_ONSTACK|SA_RESTART|SA_SIGINFO, sa_restorer=0x71f9cb645330},  <unfinished ...>
[pid 216246] 11:21:51.804492 nanosleep({tv_sec=0, tv_nsec=20000},  <unfinished ...>
[pid 216260] 11:21:51.804515 <... rt_sigaction resumed>NULL, 8) = 0
[pid 216260] 11:21:51.804564 rt_sigaction(SIGRT_8, NULL, {sa_handler=SIG_DFL, sa_mask=[], sa_flags=0}, 8) = 0
[pid 216246] 11:21:51.804624 <... nanosleep resumed>NULL) = 0
[pid 216260] 11:21:51.804643 rt_sigaction(SIGRT_8, {sa_handler=0x4816e0, sa_mask=~[RTMIN RT_1], sa_flags=SA_RESTORER|SA_ONSTACK|SA_RESTART|SA_SIGINFO, sa_restorer=0x71f9cb645330},  <unfinished ...>
[pid 216246] 11:21:51.804667 nanosleep({tv_sec=0, tv_nsec=20000},  <unfinished ...>
[pid 216260] 11:21:51.804687 <... rt_sigaction resumed>NULL, 8) = 0
[pid 216260] 11:21:51.804736 rt_sigaction(SIGRT_9, NULL, {sa_handler=SIG_DFL, sa_mask=[], sa_flags=0}, 8) = 0
[pid 216246] 11:21:51.804825 <... nanosleep resumed>NULL) = 0
[pid 216260] 11:21:51.804850 rt_sigaction(SIGRT_9, {sa_handler=0x4816e0, sa_mask=~[RTMIN RT_1], sa_flags=SA_RESTORER|SA_ONSTACK|SA_RESTART|SA_SIGINFO, sa_restorer=0x71f9cb645330},  <unfinished ...>
[pid 216246] 11:21:51.804876 nanosleep({tv_sec=0, tv_nsec=20000},  <unfinished ...>
[pid 216260] 11:21:51.804899 <... rt_sigaction resumed>NULL, 8) = 0
[pid 216260] 11:21:51.804955 rt_sigaction(SIGRT_10, NULL,  <unfinished ...>
[pid 216246] 11:21:51.804988 <... nanosleep resumed>NULL) = 0
[pid 216260] 11:21:51.805003 <... rt_sigaction resumed>{sa_handler=SIG_DFL, sa_mask=[], sa_flags=0}, 8) = 0
[pid 216246] 11:21:51.805024 nanosleep({tv_sec=0, tv_nsec=20000},  <unfinished ...>
[pid 216260] 11:21:51.805042 rt_sigaction(SIGRT_10, {sa_handler=0x4816e0, sa_mask=~[RTMIN RT_1], sa_flags=SA_RESTORER|SA_ONSTACK|SA_RESTART|SA_SIGINFO, sa_restorer=0x71f9cb645330}, NULL, 8) = 0
[pid 216260] 11:21:51.805163 rt_sigaction(SIGRT_11, NULL,  <unfinished ...>
[pid 216246] 11:21:51.805200 <... nanosleep resumed>NULL) = 0
[pid 216260] 11:21:51.805218 <... rt_sigaction resumed>{sa_handler=SIG_DFL, sa_mask=[], sa_flags=0}, 8) = 0
[pid 216246] 11:21:51.805239 nanosleep({tv_sec=0, tv_nsec=20000},  <unfinished ...>
[pid 216260] 11:21:51.805257 rt_sigaction(SIGRT_11, {sa_handler=0x4816e0, sa_mask=~[RTMIN RT_1], sa_flags=SA_RESTORER|SA_ONSTACK|SA_RESTART|SA_SIGINFO, sa_restorer=0x71f9cb645330}, NULL, 8) = 0
[pid 216260] 11:21:51.805364 rt_sigaction(SIGRT_12, NULL,  <unfinished ...>
[pid 216246] 11:21:51.805384 <... nanosleep resumed>NULL) = 0
[pid 216260] 11:21:51.805400 <... rt_sigaction resumed>{sa_handler=SIG_DFL, sa_mask=[], sa_flags=0}, 8) = 0
[pid 216246] 11:21:51.805421 nanosleep({tv_sec=0, tv_nsec=40000},  <unfinished ...>
[pid 216260] 11:21:51.805442 rt_sigaction(SIGRT_12, {sa_handler=0x4816e0, sa_mask=~[RTMIN RT_1], sa_flags=SA_RESTORER|SA_ONSTACK|SA_RESTART|SA_SIGINFO, sa_restorer=0x71f9cb645330}, NULL, 8) = 0
[pid 216260] 11:21:51.805540 rt_sigaction(SIGRT_13, NULL,  <unfinished ...>
[pid 216246] 11:21:51.805563 <... nanosleep resumed>NULL) = 0
[pid 216260] 11:21:51.805578 <... rt_sigaction resumed>{sa_handler=SIG_DFL, sa_mask=[], sa_flags=0}, 8) = 0
[pid 216246] 11:21:51.805601 nanosleep({tv_sec=0, tv_nsec=80000},  <unfinished ...>
[pid 216260] 11:21:51.805621 rt_sigaction(SIGRT_13, {sa_handler=0x4816e0, sa_mask=~[RTMIN RT_1], sa_flags=SA_RESTORER|SA_ONSTACK|SA_RESTART|SA_SIGINFO, sa_restorer=0x71f9cb645330}, NULL, 8) = 0
[pid 216260] 11:21:51.805716 rt_sigaction(SIGRT_14, NULL, {sa_handler=SIG_DFL, sa_mask=[], sa_flags=0}, 8) = 0
[pid 216246] 11:21:51.805814 <... nanosleep resumed>NULL) = 0
[pid 216260] 11:21:51.805838 rt_sigaction(SIGRT_14, {sa_handler=0x4816e0, sa_mask=~[RTMIN RT_1], sa_flags=SA_RESTORER|SA_ONSTACK|SA_RESTART|SA_SIGINFO, sa_restorer=0x71f9cb645330},  <unfinished ...>
[pid 216246] 11:21:51.805861 nanosleep({tv_sec=0, tv_nsec=160000},  <unfinished ...>
[pid 216260] 11:21:51.805883 <... rt_sigaction resumed>NULL, 8) = 0
[pid 216260] 11:21:51.805928 rt_sigaction(SIGRT_15, NULL, {sa_handler=SIG_DFL, sa_mask=[], sa_flags=0}, 8) = 0
[pid 216260] 11:21:51.806028 rt_sigaction(SIGRT_15, {sa_handler=0x4816e0, sa_mask=~[RTMIN RT_1], sa_flags=SA_RESTORER|SA_ONSTACK|SA_RESTART|SA_SIGINFO, sa_restorer=0x71f9cb645330}, NULL, 8) = 0
[pid 216260] 11:21:51.806128 rt_sigaction(SIGRT_16, NULL,  <unfinished ...>
[pid 216246] 11:21:51.806157 <... nanosleep resumed>NULL) = 0
[pid 216260] 11:21:51.806178 <... rt_sigaction resumed>{sa_handler=SIG_DFL, sa_mask=[], sa_flags=0}, 8) = 0
[pid 216246] 11:21:51.806204 nanosleep({tv_sec=0, tv_nsec=320000},  <unfinished ...>
[pid 216260] 11:21:51.806228 rt_sigaction(SIGRT_16, {sa_handler=0x4816e0, sa_mask=~[RTMIN RT_1], sa_flags=SA_RESTORER|SA_ONSTACK|SA_RESTART|SA_SIGINFO, sa_restorer=0x71f9cb645330}, NULL, 8) = 0
[pid 216260] 11:21:51.806332 rt_sigaction(SIGRT_17, NULL, {sa_handler=SIG_DFL, sa_mask=[], sa_flags=0}, 8) = 0
[pid 216260] 11:21:51.806452 rt_sigaction(SIGRT_17, {sa_handler=0x4816e0, sa_mask=~[RTMIN RT_1], sa_flags=SA_RESTORER|SA_ONSTACK|SA_RESTART|SA_SIGINFO, sa_restorer=0x71f9cb645330}, NULL, 8) = 0
[pid 216260] 11:21:51.806560 rt_sigaction(SIGRT_18, NULL, {sa_handler=SIG_DFL, sa_mask=[], sa_flags=0}, 8) = 0
[pid 216260] 11:21:51.806638 rt_sigaction(SIGRT_18, {sa_handler=0x4816e0, sa_mask=~[RTMIN RT_1], sa_flags=SA_RESTORER|SA_ONSTACK|SA_RESTART|SA_SIGINFO, sa_restorer=0x71f9cb645330},  <unfinished ...>
[pid 216246] 11:21:51.806667 <... nanosleep resumed>NULL) = 0
[pid 216260] 11:21:51.806683 <... rt_sigaction resumed>NULL, 8) = 0
[pid 216246] 11:21:51.806698 nanosleep({tv_sec=0, tv_nsec=20000},  <unfinished ...>
[pid 216260] 11:21:51.806716 rt_sigaction(SIGRT_19, NULL, {sa_handler=SIG_DFL, sa_mask=[], sa_flags=0}, 8) = 0
[pid 216260] 11:21:51.806824 rt_sigaction(SIGRT_19, {sa_handler=0x4816e0, sa_mask=~[RTMIN RT_1], sa_flags=SA_RESTORER|SA_ONSTACK|SA_RESTART|SA_SIGINFO, sa_restorer=0x71f9cb645330},  <unfinished ...>
[pid 216246] 11:21:51.806859 <... nanosleep resumed>NULL) = 0
[pid 216260] 11:21:51.806888 <... rt_sigaction resumed>NULL, 8) = 0
[pid 216246] 11:21:51.806909 futex(0xeec8c0, FUTEX_WAIT_PRIVATE, 0, {tv_sec=60, tv_nsec=0} <unfinished ...>
[pid 216260] 11:21:51.806935 rt_sigaction(SIGRT_20, NULL, {sa_handler=SIG_DFL, sa_mask=[], sa_flags=0}, 8) = 0
[pid 216260] 11:21:51.807051 rt_sigaction(SIGRT_20, {sa_handler=0x4816e0, sa_mask=~[RTMIN RT_1], sa_flags=SA_RESTORER|SA_ONSTACK|SA_RESTART|SA_SIGINFO, sa_restorer=0x71f9cb645330}, NULL, 8) = 0
[pid 216260] 11:21:51.807171 rt_sigaction(SIGRT_21, NULL, {sa_handler=SIG_DFL, sa_mask=[], sa_flags=0}, 8) = 0
[pid 216260] 11:21:51.807286 rt_sigaction(SIGRT_21, {sa_handler=0x4816e0, sa_mask=~[RTMIN RT_1], sa_flags=SA_RESTORER|SA_ONSTACK|SA_RESTART|SA_SIGINFO, sa_restorer=0x71f9cb645330}, NULL, 8) = 0
[pid 216260] 11:21:51.807377 rt_sigaction(SIGRT_22, NULL, {sa_handler=SIG_DFL, sa_mask=[], sa_flags=0}, 8) = 0
[pid 216260] 11:21:51.807489 rt_sigaction(SIGRT_22, {sa_handler=0x4816e0, sa_mask=~[RTMIN RT_1], sa_flags=SA_RESTORER|SA_ONSTACK|SA_RESTART|SA_SIGINFO, sa_restorer=0x71f9cb645330}, NULL, 8) = 0
[pid 216260] 11:21:51.807597 rt_sigaction(SIGRT_23, NULL, {sa_handler=SIG_DFL, sa_mask=[], sa_flags=0}, 8) = 0
[pid 216260] 11:21:51.807714 rt_sigaction(SIGRT_23, {sa_handler=0x4816e0, sa_mask=~[RTMIN RT_1], sa_flags=SA_RESTORER|SA_ONSTACK|SA_RESTART|SA_SIGINFO, sa_restorer=0x71f9cb645330}, NULL, 8) = 0
[pid 216260] 11:21:51.807819 rt_sigaction(SIGRT_24, NULL, {sa_handler=SIG_DFL, sa_mask=[], sa_flags=0}, 8) = 0
[pid 216260] 11:21:51.807918 rt_sigaction(SIGRT_24, {sa_handler=0x4816e0, sa_mask=~[RTMIN RT_1], sa_flags=SA_RESTORER|SA_ONSTACK|SA_RESTART|SA_SIGINFO, sa_restorer=0x71f9cb645330}, NULL, 8) = 0
[pid 216260] 11:21:51.808024 rt_sigaction(SIGRT_25, NULL, {sa_handler=SIG_DFL, sa_mask=[], sa_flags=0}, 8) = 0
[pid 216260] 11:21:51.808112 rt_sigaction(SIGRT_25, {sa_handler=0x4816e0, sa_mask=~[RTMIN RT_1], sa_flags=SA_RESTORER|SA_ONSTACK|SA_RESTART|SA_SIGINFO, sa_restorer=0x71f9cb645330}, NULL, 8) = 0
[pid 216260] 11:21:51.808197 rt_sigaction(SIGRT_26, NULL, {sa_handler=SIG_DFL, sa_mask=[], sa_flags=0}, 8) = 0
[pid 216260] 11:21:51.808289 rt_sigaction(SIGRT_26, {sa_handler=0x4816e0, sa_mask=~[RTMIN RT_1], sa_flags=SA_RESTORER|SA_ONSTACK|SA_RESTART|SA_SIGINFO, sa_restorer=0x71f9cb645330}, NULL, 8) = 0
[pid 216260] 11:21:51.808388 rt_sigaction(SIGRT_27, NULL, {sa_handler=SIG_DFL, sa_mask=[], sa_flags=0}, 8) = 0
[pid 216260] 11:21:51.808477 rt_sigaction(SIGRT_27, {sa_handler=0x4816e0, sa_mask=~[RTMIN RT_1], sa_flags=SA_RESTORER|SA_ONSTACK|SA_RESTART|SA_SIGINFO, sa_restorer=0x71f9cb645330}, NULL, 8) = 0
[pid 216260] 11:21:51.808567 rt_sigaction(SIGRT_28, NULL, {sa_handler=SIG_DFL, sa_mask=[], sa_flags=0}, 8) = 0
[pid 216260] 11:21:51.808666 rt_sigaction(SIGRT_28, {sa_handler=0x4816e0, sa_mask=~[RTMIN RT_1], sa_flags=SA_RESTORER|SA_ONSTACK|SA_RESTART|SA_SIGINFO, sa_restorer=0x71f9cb645330}, NULL, 8) = 0
[pid 216260] 11:21:51.808774 rt_sigaction(SIGRT_29, NULL, {sa_handler=SIG_DFL, sa_mask=[], sa_flags=0}, 8) = 0
[pid 216260] 11:21:51.808881 rt_sigaction(SIGRT_29, {sa_handler=0x4816e0, sa_mask=~[RTMIN RT_1], sa_flags=SA_RESTORER|SA_ONSTACK|SA_RESTART|SA_SIGINFO, sa_restorer=0x71f9cb645330}, NULL, 8) = 0
[pid 216260] 11:21:51.808988 rt_sigaction(SIGRT_30, NULL, {sa_handler=SIG_DFL, sa_mask=[], sa_flags=0}, 8) = 0
[pid 216260] 11:21:51.809091 rt_sigaction(SIGRT_30, {sa_handler=0x4816e0, sa_mask=~[RTMIN RT_1], sa_flags=SA_RESTORER|SA_ONSTACK|SA_RESTART|SA_SIGINFO, sa_restorer=0x71f9cb645330}, NULL, 8) = 0
[pid 216260] 11:21:51.809222 rt_sigaction(SIGRT_31, NULL, {sa_handler=SIG_DFL, sa_mask=[], sa_flags=0}, 8) = 0
[pid 216260] 11:21:51.809333 rt_sigaction(SIGRT_31, {sa_handler=0x4816e0, sa_mask=~[RTMIN RT_1], sa_flags=SA_RESTORER|SA_ONSTACK|SA_RESTART|SA_SIGINFO, sa_restorer=0x71f9cb645330}, NULL, 8) = 0
[pid 216260] 11:21:51.809426 rt_sigaction(SIGRT_32, NULL, {sa_handler=SIG_DFL, sa_mask=[], sa_flags=0}, 8) = 0
[pid 216260] 11:21:51.809524 rt_sigaction(SIGRT_32, {sa_handler=0x4816e0, sa_mask=~[RTMIN RT_1], sa_flags=SA_RESTORER|SA_ONSTACK|SA_RESTART|SA_SIGINFO, sa_restorer=0x71f9cb645330}, NULL, 8) = 0
[pid 216260] 11:21:51.809647 rt_sigprocmask(SIG_SETMASK, ~[RTMIN RT_1], [], 8) = 0
[pid 216260] 11:21:51.809773 rt_sigaction(SIGRT_1, {sa_handler=0x71f9cb699610, sa_mask=[], sa_flags=SA_RESTORER|SA_ONSTACK|SA_RESTART|SA_SIGINFO, sa_restorer=0x71f9cb645330}, NULL, 8) = 0
[pid 216260] 11:21:51.809913 rt_sigprocmask(SIG_UNBLOCK, [RTMIN RT_1], NULL, 8) = 0
[pid 216260] 11:21:51.810025 mmap(NULL, 8392704, PROT_NONE, MAP_PRIVATE|MAP_ANONYMOUS|MAP_STACK, -1, 0) = 0x71f9844ff000
[pid 216260] 11:21:51.810152 mprotect(0x71f984500000, 8388608, PROT_READ|PROT_WRITE) = 0
[pid 216260] 11:21:51.810273 rt_sigprocmask(SIG_BLOCK, ~[], ~[KILL STOP RTMIN RT_1], 8) = 0
[pid 216260] 11:21:51.810379 clone3({flags=CLONE_VM|CLONE_FS|CLONE_FILES|CLONE_SIGHAND|CLONE_THREAD|CLONE_SYSVSEM|CLONE_SETTLS|CLONE_PARENT_SETTID|CLONE_CHILD_CLEARTID, child_tid=0x71f984cff990, parent_tid=0x71f984cff990, exit_signal=0, stack=0x71f9844ff000, stack_size=0x7fff80, tls=0x71f984cff6c0}strace: Process 216261 attached
 <unfinished ...>
[pid 216261] 11:21:51.810567 rseq(0x71f984cfffe0, 0x20, 0, 0x53053053 <unfinished ...>
[pid 216260] 11:21:51.810600 <... clone3 resumed> => {parent_tid=[2]}, 88) = 2
[pid 216261] 11:21:51.810624 <... rseq resumed>) = 0
[pid 216260] 11:21:51.810641 rt_sigprocmask(SIG_SETMASK, ~[KILL STOP RTMIN RT_1],  <unfinished ...>
[pid 216261] 11:21:51.810660 set_robust_list(0x71f984cff9a0, 24 <unfinished ...>
[pid 216260] 11:21:51.810682 <... rt_sigprocmask resumed>NULL, 8) = 0
[pid 216261] 11:21:51.810698 <... set_robust_list resumed>) = 0
[pid 216260] 11:21:51.810717 rt_sigprocmask(SIG_SETMASK, [],  <unfinished ...>
[pid 216261] 11:21:51.810739 rt_sigprocmask(SIG_SETMASK, ~[KILL STOP RTMIN RT_1],  <unfinished ...>
[pid 216260] 11:21:51.810758 <... rt_sigprocmask resumed>NULL, 8) = 0
[pid 216261] 11:21:51.810774 <... rt_sigprocmask resumed>NULL, 8) = 0
[pid 216261] 11:21:51.810829 mmap(NULL, 134217728, PROT_NONE, MAP_PRIVATE|MAP_ANONYMOUS, -1, 0 <unfinished ...>
[pid 216260] 11:21:51.810863 mmap(NULL, 262144, PROT_READ|PROT_WRITE, MAP_PRIVATE|MAP_ANONYMOUS, -1, 0 <unfinished ...>
[pid 216261] 11:21:51.810883 <... mmap resumed>) = 0x71f97c400000
[pid 216261] 11:21:51.810923 munmap(0x71f97c400000, 62914560 <unfinished ...>
[pid 216260] 11:21:51.810954 <... mmap resumed>) = 0x71f9844bf000
[pid 216261] 11:21:51.810998 <... munmap resumed>) = 0
[pid 216260] 11:21:51.811018 rt_sigprocmask(SIG_SETMASK, ~[RTMIN RT_1],  <unfinished ...>
[pid 216261] 11:21:51.811042 munmap(0x71f984000000, 4194304 <unfinished ...>
[pid 216260] 11:21:51.811062 <... rt_sigprocmask resumed>[], 8) = 0
[pid 216261] 11:21:51.811108 <... munmap resumed>) = 0
[pid 216260] 11:21:51.811142 mmap(NULL, 8392704, PROT_NONE, MAP_PRIVATE|MAP_ANONYMOUS|MAP_STACK, -1, 0 <unfinished ...>
[pid 216261] 11:21:51.811181 mprotect(0x71f980000000, 135168, PROT_READ|PROT_WRITE <unfinished ...>
[pid 216260] 11:21:51.811200 <... mmap resumed>) = 0x71f97f7ff000
[pid 216261] 11:21:51.811220 <... mprotect resumed>) = 0
[pid 216260] 11:21:51.811250 mprotect(0x71f97f800000, 8388608, PROT_READ|PROT_WRITE <unfinished ...>
[pid 216261] 11:21:51.811267 sigaltstack(NULL,  <unfinished ...>
[pid 216260] 11:21:51.811284 <... mprotect resumed>) = 0
[pid 216261] 11:21:51.811299 <... sigaltstack resumed>{ss_sp=NULL, ss_flags=SS_DISABLE, ss_size=0}) = 0
[pid 216260] 11:21:51.811320 rt_sigprocmask(SIG_BLOCK, ~[],  <unfinished ...>
[pid 216261] 11:21:51.811338 sigaltstack({ss_sp=0xc000080000, ss_flags=0, ss_size=32768},  <unfinished ...>
[pid 216260] 11:21:51.811357 <... rt_sigprocmask resumed>~[KILL STOP RTMIN RT_1], 8) = 0
[pid 216261] 11:21:51.811375 <... sigaltstack resumed>NULL) = 0
[pid 216260] 11:21:51.811391 clone3({flags=CLONE_VM|CLONE_FS|CLONE_FILES|CLONE_SIGHAND|CLONE_THREAD|CLONE_SYSVSEM|CLONE_SETTLS|CLONE_PARENT_SETTID|CLONE_CHILD_CLEARTID, child_tid=0x71f97ffff990, parent_tid=0x71f97ffff990, exit_signal=0, stack=0x71f97f7ff000, stack_size=0x7fff80, tls=0x71f97ffff6c0} <unfinished ...>
[pid 216261] 11:21:51.811411 rt_sigprocmask(SIG_SETMASK, [], NULL, 8) = 0
strace: Process 216262 attached
[pid 216261] 11:21:51.811499 gettid()   = 2
[pid 216262] 11:21:51.811550 rseq(0x71f97fffffe0, 0x20, 0, 0x53053053 <unfinished ...>
[pid 216260] 11:21:51.811569 <... clone3 resumed> => {parent_tid=[3]}, 88) = 3
[pid 216262] 11:21:51.811589 <... rseq resumed>) = 0
[pid 216261] 11:21:51.811607 nanosleep({tv_sec=0, tv_nsec=20000},  <unfinished ...>
[pid 216262] 11:21:51.811626 set_robust_list(0x71f97ffff9a0, 24 <unfinished ...>
[pid 216260] 11:21:51.811642 rt_sigprocmask(SIG_SETMASK, ~[KILL STOP RTMIN RT_1],  <unfinished ...>
[pid 216262] 11:21:51.811701 <... set_robust_list resumed>) = 0
[pid 216260] 11:21:51.811724 <... rt_sigprocmask resumed>NULL, 8) = 0
[pid 216262] 11:21:51.811745 rt_sigprocmask(SIG_SETMASK, ~[KILL STOP RTMIN RT_1],  <unfinished ...>
[pid 216261] 11:21:51.811773 <... nanosleep resumed>NULL) = 0
[pid 216262] 11:21:51.811799 <... rt_sigprocmask resumed>NULL, 8) = 0
[pid 216260] 11:21:51.811817 rt_sigprocmask(SIG_SETMASK, [],  <unfinished ...>
[pid 216262] 11:21:51.811836 mmap(NULL, 134217728, PROT_NONE, MAP_PRIVATE|MAP_ANONYMOUS, -1, 0 <unfinished ...>
[pid 216261] 11:21:51.811855 getpid( <unfinished ...>
[pid 216260] 11:21:51.811872 <... rt_sigprocmask resumed>NULL, 8) = 0
[pid 216262] 11:21:51.811891 <... mmap resumed>) = 0x71f977600000
[pid 216261] 11:21:51.811907 <... getpid resumed>) = 1
[pid 216260] 11:21:51.811924 rt_sigprocmask(SIG_SETMASK, ~[RTMIN RT_1],  <unfinished ...>
[pid 216262] 11:21:51.811944 munmap(0x71f977600000, 10485760 <unfinished ...>
[pid 216261] 11:21:51.811961 tgkill(1, 1, SIGURG <unfinished ...>
[pid 216260] 11:21:51.811977 <... rt_sigprocmask resumed>[], 8) = 0
[pid 216262] 11:21:51.811996 <... munmap resumed>) = 0
[pid 216261] 11:21:51.812011 <... tgkill resumed>) = 0
[pid 216260] 11:21:51.812031 mmap(NULL, 8392704, PROT_NONE, MAP_PRIVATE|MAP_ANONYMOUS|MAP_STACK, -1, 0 <unfinished ...>
[pid 216262] 11:21:51.812049 munmap(0x71f97c000000, 56623104 <unfinished ...>
[pid 216261] 11:21:51.812069 nanosleep({tv_sec=0, tv_nsec=20000},  <unfinished ...>
[pid 216260] 11:21:51.812137 <... mmap resumed>) = 0x71f9777ff000
[pid 216262] 11:21:51.812159 <... munmap resumed>) = 0
[pid 216260] 11:21:51.812177 mprotect(0x71f977800000, 8388608, PROT_READ|PROT_WRITE <unfinished ...>
[pid 216262] 11:21:51.812205 mprotect(0x71f978000000, 135168, PROT_READ|PROT_WRITE <unfinished ...>
[pid 216260] 11:21:51.812224 <... mprotect resumed>) = 0
[pid 216262] 11:21:51.812243 <... mprotect resumed>) = 0
[pid 216261] 11:21:51.812260 <... nanosleep resumed>NULL) = 0
[pid 216262] 11:21:51.812279 sigaltstack(NULL,  <unfinished ...>
[pid 216260] 11:21:51.812296 rt_sigprocmask(SIG_BLOCK, ~[],  <unfinished ...>
[pid 216262] 11:21:51.812331 <... sigaltstack resumed>{ss_sp=NULL, ss_flags=SS_DISABLE, ss_size=0}) = 0
[pid 216261] 11:21:51.812362 nanosleep({tv_sec=0, tv_nsec=20000},  <unfinished ...>
[pid 216262] 11:21:51.812384 sigaltstack({ss_sp=0xc000088000, ss_flags=0, ss_size=32768},  <unfinished ...>
[pid 216260] 11:21:51.812405 <... rt_sigprocmask resumed>~[KILL STOP RTMIN RT_1], 8) = 0
[pid 216262] 11:21:51.812426 <... sigaltstack resumed>NULL) = 0
[pid 216260] 11:21:51.812446 clone3({flags=CLONE_VM|CLONE_FS|CLONE_FILES|CLONE_SIGHAND|CLONE_THREAD|CLONE_SYSVSEM|CLONE_SETTLS|CLONE_PARENT_SETTID|CLONE_CHILD_CLEARTID, child_tid=0x71f977fff990, parent_tid=0x71f977fff990, exit_signal=0, stack=0x71f9777ff000, stack_size=0x7fff80, tls=0x71f977fff6c0} <unfinished ...>
[pid 216262] 11:21:51.812480 rt_sigprocmask(SIG_SETMASK, [],  <unfinished ...>
[pid 216261] 11:21:51.812499 <... nanosleep resumed>NULL) = 0
strace: Process 216263 attached
[pid 216262] 11:21:51.812550 <... rt_sigprocmask resumed>NULL, 8) = 0
[pid 216261] 11:21:51.812566 nanosleep({tv_sec=0, tv_nsec=20000},  <unfinished ...>
[pid 216263] 11:21:51.812607 rseq(0x71f977ffffe0, 0x20, 0, 0x53053053 <unfinished ...>
[pid 216262] 11:21:51.812624 gettid( <unfinished ...>
[pid 216260] 11:21:51.812640 <... clone3 resumed> => {parent_tid=[4]}, 88) = 4
[pid 216263] 11:21:51.812660 <... rseq resumed>) = 0
[pid 216262] 11:21:51.812675 <... gettid resumed>) = 3
[pid 216260] 11:21:51.812695 rt_sigprocmask(SIG_SETMASK, ~[KILL STOP RTMIN RT_1],  <unfinished ...>
[pid 216263] 11:21:51.812719 set_robust_list(0x71f977fff9a0, 24 <unfinished ...>
[pid 216262] 11:21:51.812738 mmap(NULL, 262144, PROT_READ|PROT_WRITE, MAP_PRIVATE|MAP_ANONYMOUS, -1, 0 <unfinished ...>
[pid 216261] 11:21:51.812755 <... nanosleep resumed>NULL) = 0
[pid 216263] 11:21:51.812774 <... set_robust_list resumed>) = 0
[pid 216260] 11:21:51.812792 <... rt_sigprocmask resumed>NULL, 8) = 0
[pid 216262] 11:21:51.812813 <... mmap resumed>) = 0x71f98447f000
[pid 216261] 11:21:51.812841 nanosleep({tv_sec=0, tv_nsec=20000},  <unfinished ...>
[pid 216263] 11:21:51.812859 rt_sigprocmask(SIG_SETMASK, ~[KILL STOP RTMIN RT_1],  <unfinished ...>
[pid 216260] 11:21:51.812877 rt_sigprocmask(SIG_SETMASK, [],  <unfinished ...>
[pid 216263] 11:21:51.812896 <... rt_sigprocmask resumed>NULL, 8) = 0
[pid 216262] 11:21:51.812913 rt_sigprocmask(SIG_SETMASK, ~[RTMIN RT_1],  <unfinished ...>
[pid 216263] 11:21:51.812933 mmap(NULL, 134217728, PROT_NONE, MAP_PRIVATE|MAP_ANONYMOUS, -1, 0 <unfinished ...>
[pid 216260] 11:21:51.812949 <... rt_sigprocmask resumed>NULL, 8) = 0
[pid 216263] 11:21:51.812966 <... mmap resumed>) = 0x71f96f600000
[pid 216262] 11:21:51.812983 <... rt_sigprocmask resumed>[], 8) = 0
[pid 216261] 11:21:51.813000 <... nanosleep resumed>NULL) = 0
[pid 216263] 11:21:51.813019 munmap(0x71f96f600000, 10485760 <unfinished ...>
[pid 216262] 11:21:51.813047 mmap(NULL, 8392704, PROT_NONE, MAP_PRIVATE|MAP_ANONYMOUS|MAP_STACK, -1, 0 <unfinished ...>
[pid 216260] 11:21:51.813063 --- SIGURG {si_signo=SIGURG, si_code=SI_TKILL, si_pid=1, si_uid=0} ---
[pid 216263] 11:21:51.813082 <... munmap resumed>) = 0
[pid 216262] 11:21:51.813097 <... mmap resumed>) = 0x71f97effe000
[pid 216261] 11:21:51.813113 nanosleep({tv_sec=0, tv_nsec=20000},  <unfinished ...>
[pid 216263] 11:21:51.813149 munmap(0x71f974000000, 56623104 <unfinished ...>
[pid 216262] 11:21:51.813164 mprotect(0x71f97efff000, 8388608, PROT_READ|PROT_WRITE <unfinished ...>
[pid 216260] 11:21:51.813180 rt_sigreturn({mask=[]} <unfinished ...>
[pid 216263] 11:21:51.813245 <... munmap resumed>) = 0
[pid 216262] 11:21:51.813260 <... mprotect resumed>) = 0
[pid 216261] 11:21:51.813275 <... nanosleep resumed>NULL) = 0
[pid 216263] 11:21:51.813292 mprotect(0x71f970000000, 135168, PROT_READ|PROT_WRITE <unfinished ...>
[pid 216260] 11:21:51.813313 <... rt_sigreturn resumed>) = 0
[pid 216263] 11:21:51.813335 <... mprotect resumed>) = 0
[pid 216262] 11:21:51.813352 rt_sigprocmask(SIG_BLOCK, ~[],  <unfinished ...>
[pid 216261] 11:21:51.813373 nanosleep({tv_sec=0, tv_nsec=20000},  <unfinished ...>
[pid 216263] 11:21:51.813397 sigaltstack(NULL,  <unfinished ...>
[pid 216262] 11:21:51.813413 <... rt_sigprocmask resumed>~[KILL STOP RTMIN RT_1], 8) = 0
[pid 216260] 11:21:51.813435 futex(0xeeaf80, FUTEX_WAIT_PRIVATE, 0, NULL <unfinished ...>
[pid 216263] 11:21:51.813460 <... sigaltstack resumed>{ss_sp=NULL, ss_flags=SS_DISABLE, ss_size=0}) = 0
[pid 216262] 11:21:51.813482 clone3({flags=CLONE_VM|CLONE_FS|CLONE_FILES|CLONE_SIGHAND|CLONE_THREAD|CLONE_SYSVSEM|CLONE_SETTLS|CLONE_PARENT_SETTID|CLONE_CHILD_CLEARTID, child_tid=0x71f97f7fe990, parent_tid=0x71f97f7fe990, exit_signal=0, stack=0x71f97effe000, stack_size=0x7fff80, tls=0x71f97f7fe6c0} <unfinished ...>
[pid 216263] 11:21:51.813509 sigaltstack({ss_sp=0xc000090000, ss_flags=0, ss_size=32768},  <unfinished ...>
[pid 216261] 11:21:51.813533 <... nanosleep resumed>NULL) = 0
[pid 216263] 11:21:51.813554 <... sigaltstack resumed>NULL) = 0
strace: Process 216264 attached
[pid 216263] 11:21:51.813618 rt_sigprocmask(SIG_SETMASK, [],  <unfinished ...>
[pid 216261] 11:21:51.813653 nanosleep({tv_sec=0, tv_nsec=20000},  <unfinished ...>
[pid 216264] 11:21:51.813676 rseq(0x71f97f7fefe0, 0x20, 0, 0x53053053 <unfinished ...>
[pid 216263] 11:21:51.813707 <... rt_sigprocmask resumed>NULL, 8) = 0
[pid 216262] 11:21:51.813724 <... clone3 resumed> => {parent_tid=[5]}, 88) = 5
[pid 216264] 11:21:51.813751 <... rseq resumed>) = 0
[pid 216263] 11:21:51.813774 gettid( <unfinished ...>
[pid 216264] 11:21:51.813804 set_robust_list(0x71f97f7fe9a0, 24 <unfinished ...>
[pid 216262] 11:21:51.813822 rt_sigprocmask(SIG_SETMASK, ~[KILL STOP RTMIN RT_1],  <unfinished ...>
[pid 216263] 11:21:51.813846 <... gettid resumed>) = 4
[pid 216264] 11:21:51.813866 <... set_robust_list resumed>) = 0
[pid 216262] 11:21:51.813888 <... rt_sigprocmask resumed>NULL, 8) = 0
[pid 216261] 11:21:51.813909 <... nanosleep resumed>NULL) = 0
[pid 216264] 11:21:51.813933 rt_sigprocmask(SIG_SETMASK, ~[KILL STOP RTMIN RT_1],  <unfinished ...>
[pid 216263] 11:21:51.813958 futex(0xc00006d948, FUTEX_WAIT_PRIVATE, 0, NULL <unfinished ...>
[pid 216262] 11:21:51.813981 rt_sigprocmask(SIG_SETMASK, [],  <unfinished ...>
[pid 216264] 11:21:51.814006 <... rt_sigprocmask resumed>NULL, 8) = 0
[pid 216261] 11:21:51.814027 nanosleep({tv_sec=0, tv_nsec=20000},  <unfinished ...>
[pid 216264] 11:21:51.814052 mmap(NULL, 134217728, PROT_NONE, MAP_PRIVATE|MAP_ANONYMOUS, -1, 0 <unfinished ...>
[pid 216262] 11:21:51.814075 <... rt_sigprocmask resumed>NULL, 8) = 0
[pid 216264] 11:21:51.814097 <... mmap resumed>) = 0x71f968000000
[pid 216262] 11:21:51.814120 futex(0xeeaf80, FUTEX_WAKE_PRIVATE, 1 <unfinished ...>
[pid 216264] 11:21:51.814175 munmap(0x71f96c000000, 67108864 <unfinished ...>
[pid 216261] 11:21:51.814198 <... nanosleep resumed>NULL) = 0
[pid 216264] 11:21:51.814220 <... munmap resumed>) = 0
[pid 216262] 11:21:51.814237 <... futex resumed>) = 1
[pid 216260] 11:21:51.814256 <... futex resumed>) = 0
[pid 216264] 11:21:51.814277 mprotect(0x71f968000000, 135168, PROT_READ|PROT_WRITE <unfinished ...>
[pid 216262] 11:21:51.814296 futex(0xc00006d148, FUTEX_WAIT_PRIVATE, 0, NULL <unfinished ...>
[pid 216261] 11:21:51.814317 nanosleep({tv_sec=0, tv_nsec=20000},  <unfinished ...>
[pid 216264] 11:21:51.814344 <... mprotect resumed>) = 0
[pid 216260] 11:21:51.814362 futex(0xc00006d148, FUTEX_WAKE_PRIVATE, 1 <unfinished ...>
[pid 216264] 11:21:51.814451 sigaltstack(NULL,  <unfinished ...>
[pid 216262] 11:21:51.814476 <... futex resumed>) = 0
[pid 216260] 11:21:51.814495 <... futex resumed>) = 1
[pid 216264] 11:21:51.814514 <... sigaltstack resumed>{ss_sp=NULL, ss_flags=SS_DISABLE, ss_size=0}) = 0
[pid 216262] 11:21:51.814538 futex(0xeeaf80, FUTEX_WAKE_PRIVATE, 1 <unfinished ...>
[pid 216261] 11:21:51.814557 <... nanosleep resumed>NULL) = 0
[pid 216264] 11:21:51.814576 sigaltstack({ss_sp=0xc000104000, ss_flags=0, ss_size=32768},  <unfinished ...>
[pid 216262] 11:21:51.814609 <... futex resumed>) = 0
[pid 216260] 11:21:51.814626 futex(0xc00006d948, FUTEX_WAKE_PRIVATE, 1 <unfinished ...>
[pid 216264] 11:21:51.814650 <... sigaltstack resumed>NULL) = 0
[pid 216262] 11:21:51.814674 futex(0xc00006d148, FUTEX_WAIT_PRIVATE, 0, NULL <unfinished ...>
[pid 216261] 11:21:51.814695 nanosleep({tv_sec=0, tv_nsec=20000},  <unfinished ...>
[pid 216264] 11:21:51.814719 rt_sigprocmask(SIG_SETMASK, [],  <unfinished ...>
[pid 216263] 11:21:51.814739 <... futex resumed>) = 0
[pid 216260] 11:21:51.814759 <... futex resumed>) = 1
[pid 216264] 11:21:51.814781 <... rt_sigprocmask resumed>NULL, 8) = 0
[pid 216263] 11:21:51.814803 futex(0xeeaf80, FUTEX_WAKE_PRIVATE, 1 <unfinished ...>
[pid 216264] 11:21:51.814840 gettid( <unfinished ...>
[pid 216261] 11:21:51.814859 <... nanosleep resumed>NULL) = 0
[pid 216260] 11:21:51.814879 rt_sigprocmask(SIG_SETMASK, ~[RTMIN RT_1],  <unfinished ...>
[pid 216264] 11:21:51.814902 <... gettid resumed>) = 5
[pid 216263] 11:21:51.814919 <... futex resumed>) = 0
[pid 216261] 11:21:51.814936 nanosleep({tv_sec=0, tv_nsec=20000},  <unfinished ...>
[pid 216264] 11:21:51.814963 futex(0xc000100148, FUTEX_WAIT_PRIVATE, 0, NULL <unfinished ...>
[pid 216263] 11:21:51.815002 futex(0xc00006d948, FUTEX_WAIT_PRIVATE, 0, NULL <unfinished ...>
[pid 216260] 11:21:51.815020 <... rt_sigprocmask resumed>[], 8) = 0
[pid 216261] 11:21:51.815096 <... nanosleep resumed>NULL) = 0
[pid 216260] 11:21:51.815141 mmap(NULL, 8392704, PROT_NONE, MAP_PRIVATE|MAP_ANONYMOUS|MAP_STACK, -1, 0 <unfinished ...>
[pid 216261] 11:21:51.815173 nanosleep({tv_sec=0, tv_nsec=20000},  <unfinished ...>
[pid 216260] 11:21:51.815197 <... mmap resumed>) = 0x71f97e7fd000
[pid 216260] 11:21:51.815245 mprotect(0x71f97e7fe000, 8388608, PROT_READ|PROT_WRITE) = 0
[pid 216261] 11:21:51.815314 <... nanosleep resumed>NULL) = 0
[pid 216260] 11:21:51.815335 rt_sigprocmask(SIG_BLOCK, ~[],  <unfinished ...>
[pid 216261] 11:21:51.815359 nanosleep({tv_sec=0, tv_nsec=20000},  <unfinished ...>
[pid 216260] 11:21:51.815380 <... rt_sigprocmask resumed>~[KILL STOP RTMIN RT_1], 8) = 0
[pid 216260] 11:21:51.815442 clone3({flags=CLONE_VM|CLONE_FS|CLONE_FILES|CLONE_SIGHAND|CLONE_THREAD|CLONE_SYSVSEM|CLONE_SETTLS|CLONE_PARENT_SETTID|CLONE_CHILD_CLEARTID, child_tid=0x71f97effd990, parent_tid=0x71f97effd990, exit_signal=0, stack=0x71f97e7fd000, stack_size=0x7fff80, tls=0x71f97effd6c0} <unfinished ...>
[pid 216261] 11:21:51.815494 <... nanosleep resumed>NULL) = 0
[pid 216261] 11:21:51.815549 nanosleep({tv_sec=0, tv_nsec=20000}, strace: Process 216265 attached
 <unfinished ...>
[pid 216265] 11:21:51.815658 rseq(0x71f97effdfe0, 0x20, 0, 0x53053053 <unfinished ...>
[pid 216260] 11:21:51.815684 <... clone3 resumed> => {parent_tid=[6]}, 88) = 6
[pid 216265] 11:21:51.815712 <... rseq resumed>) = 0
[pid 216261] 11:21:51.815731 <... nanosleep resumed>NULL) = 0
[pid 216260] 11:21:51.815756 rt_sigprocmask(SIG_SETMASK, ~[KILL STOP RTMIN RT_1],  <unfinished ...>
[pid 216265] 11:21:51.815778 set_robust_list(0x71f97effd9a0, 24 <unfinished ...>
[pid 216261] 11:21:51.815811 nanosleep({tv_sec=0, tv_nsec=20000},  <unfinished ...>
[pid 216260] 11:21:51.815835 <... rt_sigprocmask resumed>NULL, 8) = 0
[pid 216265] 11:21:51.815855 <... set_robust_list resumed>) = 0
[pid 216260] 11:21:51.815874 rt_sigprocmask(SIG_SETMASK, [],  <unfinished ...>
[pid 216265] 11:21:51.815922 rt_sigprocmask(SIG_SETMASK, ~[KILL STOP RTMIN RT_1],  <unfinished ...>
[pid 216260] 11:21:51.815944 <... rt_sigprocmask resumed>NULL, 8) = 0
[pid 216261] 11:21:51.815964 <... nanosleep resumed>NULL) = 0
[pid 216265] 11:21:51.815982 <... rt_sigprocmask resumed>NULL, 8) = 0
[pid 216261] 11:21:51.816008 nanosleep({tv_sec=0, tv_nsec=20000},  <unfinished ...>
[pid 216265] 11:21:51.816030 mmap(0x71f96c000000, 67108864, PROT_NONE, MAP_PRIVATE|MAP_ANONYMOUS, -1, 0) = 0x71f96c000000
[pid 216265] 11:21:51.816154 mprotect(0x71f96c000000, 135168, PROT_READ|PROT_WRITE <unfinished ...>
[pid 216261] 11:21:51.816177 <... nanosleep resumed>NULL) = 0
[pid 216260] 11:21:51.816197 prlimit64(0, RLIMIT_NOFILE, NULL,  <unfinished ...>
[pid 216265] 11:21:51.816222 <... mprotect resumed>) = 0
[pid 216261] 11:21:51.816240 nanosleep({tv_sec=0, tv_nsec=20000},  <unfinished ...>
[pid 216265] 11:21:51.816265 sigaltstack(NULL,  <unfinished ...>
[pid 216260] 11:21:51.816286 <... prlimit64 resumed>{rlim_cur=1024*1024, rlim_max=1024*1024}) = 0
[pid 216265] 11:21:51.816308 <... sigaltstack resumed>{ss_sp=NULL, ss_flags=SS_DISABLE, ss_size=0}) = 0
[pid 216265] 11:21:51.816363 sigaltstack({ss_sp=0xc00011a000, ss_flags=0, ss_size=32768},  <unfinished ...>
[pid 216261] 11:21:51.816390 <... nanosleep resumed>NULL) = 0
[pid 216260] 11:21:51.816412 fcntl(0, F_GETFL <unfinished ...>
[pid 216265] 11:21:51.816438 <... sigaltstack resumed>NULL) = 0
[pid 216261] 11:21:51.816460 nanosleep({tv_sec=0, tv_nsec=20000},  <unfinished ...>
[pid 216265] 11:21:51.816487 rt_sigprocmask(SIG_SETMASK, [],  <unfinished ...>
[pid 216260] 11:21:51.816526 <... fcntl resumed>) = 0 (flags O_RDONLY)
[pid 216265] 11:21:51.816550 <... rt_sigprocmask resumed>NULL, 8) = 0
[pid 216260] 11:21:51.816573 futex(0xc00006d948, FUTEX_WAKE_PRIVATE, 1 <unfinished ...>
[pid 216265] 11:21:51.816594 gettid( <unfinished ...>
[pid 216261] 11:21:51.816612 <... nanosleep resumed>NULL) = 0
[pid 216263] 11:21:51.816633 <... futex resumed>) = 0
[pid 216265] 11:21:51.816652 <... gettid resumed>) = 6
[pid 216260] 11:21:51.816670 <... futex resumed>) = 1
[pid 216263] 11:21:51.816691 nanosleep({tv_sec=0, tv_nsec=3000},  <unfinished ...>
[pid 216261] 11:21:51.816717 nanosleep({tv_sec=0, tv_nsec=20000},  <unfinished ...>
[pid 216265] 11:21:51.816743 futex(0xf0b5d8, FUTEX_WAIT_PRIVATE, 0, NULL <unfinished ...>
[pid 216260] 11:21:51.816767 fcntl(1, F_GETFL) = 0x1 (flags O_WRONLY)
[pid 216263] 11:21:51.816833 <... nanosleep resumed>NULL) = 0
[pid 216261] 11:21:51.816853 <... nanosleep resumed>NULL) = 0
[pid 216263] 11:21:51.816888 futex(0xc000100148, FUTEX_WAKE_PRIVATE, 1 <unfinished ...>
[pid 216260] 11:21:51.816906 fcntl(2, F_GETFL <unfinished ...>
[pid 216261] 11:21:51.816926 nanosleep({tv_sec=0, tv_nsec=20000},  <unfinished ...>
[pid 216263] 11:21:51.816947 <... futex resumed>) = 1
[pid 216264] 11:21:51.816977 <... futex resumed>) = 0
[pid 216260] 11:21:51.817018 <... fcntl resumed>) = 0x1 (flags O_WRONLY)
[pid 216263] 11:21:51.817038 futex(0xc00006d948, FUTEX_WAIT_PRIVATE, 0, NULL <unfinished ...>
[pid 216264] 11:21:51.817057 futex(0xc000100148, FUTEX_WAIT_PRIVATE, 0, NULL <unfinished ...>
[pid 216261] 11:21:51.817084 <... nanosleep resumed>NULL) = 0
[pid 216261] 11:21:51.817134 nanosleep({tv_sec=0, tv_nsec=20000},  <unfinished ...>
[pid 216260] 11:21:51.817188 readlinkat(AT_FDCWD, "/proc/self/exe", "/memfd:runc_cloned:/proc/self/ex"..., 128) = 43
[pid 216261] 11:21:51.817326 <... nanosleep resumed>NULL) = 0
[pid 216260] 11:21:51.817352 openat(AT_FDCWD, "/memfd:runc_cloned:/proc/self/exe", O_RDONLY|O_CLOEXEC <unfinished ...>
[pid 216261] 11:21:51.817381 nanosleep({tv_sec=0, tv_nsec=20000},  <unfinished ...>
[pid 216260] 11:21:51.817409 <... openat resumed>) = -1 ENOENT (No such file or directory)
[pid 216261] 11:21:51.817527 <... nanosleep resumed>NULL) = 0
[pid 216261] 11:21:51.817597 nanosleep({tv_sec=0, tv_nsec=20000},  <unfinished ...>
[pid 216260] 11:21:51.817702 seccomp(SECCOMP_SET_MODE_STRICT, 0x1, NULL <unfinished ...>
[pid 216261] 11:21:51.817752 <... nanosleep resumed>NULL) = 0
[pid 216260] 11:21:51.817770 <... seccomp resumed>) = -1 EINVAL (Invalid argument)
[pid 216261] 11:21:51.817803 nanosleep({tv_sec=0, tv_nsec=20000},  <unfinished ...>
[pid 216260] 11:21:51.817828 seccomp(SECCOMP_SET_MODE_FILTER, SECCOMP_FILTER_FLAG_TSYNC, NULL) = -1 EFAULT (Bad address)
[pid 216260] 11:21:51.817933 seccomp(SECCOMP_SET_MODE_FILTER, SECCOMP_FILTER_FLAG_LOG, NULL <unfinished ...>
[pid 216261] 11:21:51.817968 <... nanosleep resumed>NULL) = 0
[pid 216260] 11:21:51.817987 <... seccomp resumed>) = -1 EFAULT (Bad address)
[pid 216261] 11:21:51.818006 nanosleep({tv_sec=0, tv_nsec=20000},  <unfinished ...>
[pid 216260] 11:21:51.818041 seccomp(SECCOMP_GET_ACTION_AVAIL, 0, [SECCOMP_RET_LOG]) = 0
[pid 216261] 11:21:51.818142 <... nanosleep resumed>NULL) = 0
[pid 216260] 11:21:51.818162 seccomp(SECCOMP_GET_ACTION_AVAIL, 0, [SECCOMP_RET_KILL_PROCESS] <unfinished ...>
[pid 216261] 11:21:51.818269 nanosleep({tv_sec=0, tv_nsec=20000},  <unfinished ...>
[pid 216260] 11:21:51.818306 <... seccomp resumed>) = 0
[pid 216260] 11:21:51.818361 seccomp(SECCOMP_SET_MODE_FILTER, SECCOMP_FILTER_FLAG_SPEC_ALLOW, NULL <unfinished ...>
[pid 216261] 11:21:51.818402 <... nanosleep resumed>NULL) = 0
[pid 216260] 11:21:51.818429 <... seccomp resumed>) = -1 EFAULT (Bad address)
[pid 216261] 11:21:51.818450 nanosleep({tv_sec=0, tv_nsec=20000},  <unfinished ...>
[pid 216260] 11:21:51.818477 seccomp(SECCOMP_SET_MODE_FILTER, SECCOMP_FILTER_FLAG_NEW_LISTENER, NULL) = -1 EFAULT (Bad address)
[pid 216261] 11:21:51.818587 <... nanosleep resumed>NULL) = 0
[pid 216260] 11:21:51.818606 seccomp(SECCOMP_GET_NOTIF_SIZES, 0,  <unfinished ...>
[pid 216261] 11:21:51.818635 nanosleep({tv_sec=0, tv_nsec=20000},  <unfinished ...>
[pid 216260] 11:21:51.818657 <... seccomp resumed>{seccomp_notif=80, seccomp_notif_resp=24, seccomp_data=64}) = 0
[pid 216260] 11:21:51.818714 seccomp(SECCOMP_SET_MODE_FILTER, SECCOMP_FILTER_FLAG_TSYNC_ESRCH, NULL <unfinished ...>
[pid 216261] 11:21:51.818765 <... nanosleep resumed>NULL) = 0
[pid 216260] 11:21:51.818786 <... seccomp resumed>) = -1 EFAULT (Bad address)
[pid 216261] 11:21:51.818832 nanosleep({tv_sec=0, tv_nsec=20000}, NULL) = 0
[pid 216261] 11:21:51.819051 nanosleep({tv_sec=0, tv_nsec=20000}, NULL) = 0
[pid 216261] 11:21:51.819277 nanosleep({tv_sec=0, tv_nsec=20000}, NULL) = 0
[pid 216261] 11:21:51.819612 nanosleep({tv_sec=0, tv_nsec=20000},  <unfinished ...>
[pid 216260] 11:21:51.819666 futex(0xc000100148, FUTEX_WAKE_PRIVATE, 1 <unfinished ...>
[pid 216264] 11:21:51.819812 <... futex resumed>) = 0
[pid 216261] 11:21:51.819847 <... nanosleep resumed>NULL) = 0
[pid 216260] 11:21:51.819943 <... futex resumed>) = 1
[pid 216264] 11:21:51.819985 nanosleep({tv_sec=0, tv_nsec=3000},  <unfinished ...>
[pid 216261] 11:21:51.820014 nanosleep({tv_sec=0, tv_nsec=20000},  <unfinished ...>
[pid 216260] 11:21:51.820097 statfs("/sys/fs/cgroup/unified",  <unfinished ...>
[pid 216264] 11:21:51.820130 <... nanosleep resumed>NULL) = 0
[pid 216261] 11:21:51.820151 <... nanosleep resumed>NULL) = 0
[pid 216260] 11:21:51.820172 <... statfs resumed>0xc0001a1cb0) = -1 ENOENT (No such file or directory)
[pid 216264] 11:21:51.820197 futex(0xc00006d948, FUTEX_WAKE_PRIVATE, 1 <unfinished ...>
[pid 216261] 11:21:51.820232 nanosleep({tv_sec=0, tv_nsec=20000},  <unfinished ...>
[pid 216264] 11:21:51.820259 <... futex resumed>) = 1
[pid 216263] 11:21:51.820281 <... futex resumed>) = 0
[pid 216264] 11:21:51.820303 futex(0xc000100148, FUTEX_WAIT_PRIVATE, 0, NULL <unfinished ...>
[pid 216260] 11:21:51.820326 futex(0xeec8b0, FUTEX_WAIT_PRIVATE, 0, {tv_sec=0, tv_nsec=100000} <unfinished ...>
[pid 216263] 11:21:51.820354 futex(0xeec8b0, FUTEX_WAKE_PRIVATE, 1 <unfinished ...>
[pid 216261] 11:21:51.820379 <... nanosleep resumed>NULL) = 0
[pid 216260] 11:21:51.820438 <... futex resumed>) = -1 EAGAIN (Resource temporarily unavailable)
[pid 216263] 11:21:51.820487 <... futex resumed>) = 0
[pid 216261] 11:21:51.820509 sched_yield( <unfinished ...>
[pid 216263] 11:21:51.820531 futex(0xc00006d948, FUTEX_WAIT_PRIVATE, 0, NULL <unfinished ...>
[pid 216260] 11:21:51.820553 sched_yield( <unfinished ...>
[pid 216261] 11:21:51.820575 <... sched_yield resumed>) = 0
[pid 216260] 11:21:51.820599 <... sched_yield resumed>) = 0
[pid 216261] 11:21:51.820621 futex(0xeec8c0, FUTEX_WAIT_PRIVATE, 0, {tv_sec=60, tv_nsec=0} <unfinished ...>
[pid 216260] 11:21:51.820845 mmap(NULL, 262144, PROT_READ|PROT_WRITE, MAP_PRIVATE|MAP_ANONYMOUS, -1, 0) = 0x71f98443f000
[pid 216260] 11:21:51.821113 futex(0xeec8c0, FUTEX_WAKE_PRIVATE, 1 <unfinished ...>
[pid 216261] 11:21:51.821203 <... futex resumed>) = 0
[pid 216260] 11:21:51.821238 <... futex resumed>) = 1
[pid 216261] 11:21:51.821275 sched_yield( <unfinished ...>
[pid 216260] 11:21:51.821296 fcntl(4, F_GETFL <unfinished ...>
[pid 216261] 11:21:51.821315 <... sched_yield resumed>) = 0
[pid 216260] 11:21:51.821336 <... fcntl resumed>) = 0x2 (flags O_RDWR)
[pid 216261] 11:21:51.821361 nanosleep({tv_sec=0, tv_nsec=20000},  <unfinished ...>
[pid 216260] 11:21:51.821402 fcntl(3, F_GETFL) = 0x2 (flags O_RDWR)
[pid 216260] 11:21:51.821505 fcntl(5, F_GETFL <unfinished ...>
[pid 216261] 11:21:51.821532 <... nanosleep resumed>NULL) = 0
[pid 216260] 11:21:51.821556 <... fcntl resumed>) = 0x1 (flags O_WRONLY)
[pid 216261] 11:21:51.821589 nanosleep({tv_sec=0, tv_nsec=20000},  <unfinished ...>
[pid 216260] 11:21:51.821614 fcntl(7, F_GETFL) = 0x200000 (flags O_RDONLY|O_PATH)
[pid 216260] 11:21:51.821748 read(3,  <unfinished ...>
[pid 216261] 11:21:51.821822 <... nanosleep resumed>NULL) = 0
[pid 216260] 11:21:51.821847 <... read resumed>"{\"config\":{\"no_pivot_root\":false"..., 512) = 512
[pid 216261] 11:21:51.821888 futex(0xc00006d948, FUTEX_WAKE_PRIVATE, 1 <unfinished ...>
[pid 216260] 11:21:51.821912 futex(0xeeaf80, FUTEX_WAIT_PRIVATE, 0, NULL <unfinished ...>
[pid 216261] 11:21:51.821936 <... futex resumed>) = 1
[pid 216263] 11:21:51.821960 <... futex resumed>) = 0
[pid 216261] 11:21:51.821984 nanosleep({tv_sec=0, tv_nsec=20000},  <unfinished ...>
[pid 216263] 11:21:51.822011 futex(0xeeaf80, FUTEX_WAKE_PRIVATE, 1) = 1
[pid 216260] 11:21:51.822113 <... futex resumed>) = 0
[pid 216263] 11:21:51.822137 futex(0xc00006d948, FUTEX_WAIT_PRIVATE, 0, NULL <unfinished ...>
[pid 216261] 11:21:51.822160 <... nanosleep resumed>NULL) = 0
[pid 216260] 11:21:51.822184 read(3,  <unfinished ...>
[pid 216261] 11:21:51.822212 nanosleep({tv_sec=0, tv_nsec=20000},  <unfinished ...>
[pid 216260] 11:21:51.822258 <... read resumed>"0},{\"source\":\"devpts\",\"destinati"..., 1024) = 1024
[pid 216260] 11:21:51.822345 read(3,  <unfinished ...>
[pid 216261] 11:21:51.822371 <... nanosleep resumed>NULL) = 0
[pid 216260] 11:21:51.822397 <... read resumed>",\"permissions\":\"rwm\",\"allow\":tru"..., 2048) = 2048
[pid 216261] 11:21:51.822424 nanosleep({tv_sec=0, tv_nsec=20000},  <unfinished ...>
[pid 216260] 11:21:51.822500 read(3,  <unfinished ...>
[pid 216261] 11:21:51.822578 <... nanosleep resumed>NULL) = 0
[pid 216260] 11:21:51.822604 <... read resumed>"missions\":\"rwm\",\"allow\":true},{\""..., 4096) = 4096
[pid 216261] 11:21:51.822630 nanosleep({tv_sec=0, tv_nsec=20000},  <unfinished ...>
[pid 216260] 11:21:51.822726 read(3,  <unfinished ...>
[pid 216261] 11:21:51.822804 <... nanosleep resumed>NULL) = 0
[pid 216260] 11:21:51.822833 <... read resumed>"\"linkat\",\"action\":4,\"errnoRet\":n"..., 8192) = 4307
[pid 216261] 11:21:51.822866 nanosleep({tv_sec=0, tv_nsec=20000}, NULL) = 0
[pid 216261] 11:21:51.823078 nanosleep({tv_sec=0, tv_nsec=20000}, NULL) = 0
[pid 216261] 11:21:51.823312 nanosleep({tv_sec=0, tv_nsec=20000}, NULL) = 0
[pid 216261] 11:21:51.823526 nanosleep({tv_sec=0, tv_nsec=20000}, NULL) = 0
[pid 216260] 11:21:51.823705 prlimit64(0, RLIMIT_NOFILE, {rlim_cur=1024, rlim_max=1024},  <unfinished ...>
[pid 216261] 11:21:51.823730 nanosleep({tv_sec=0, tv_nsec=20000},  <unfinished ...>
[pid 216260] 11:21:51.823752 <... prlimit64 resumed>NULL) = 0
[pid 216260] 11:21:51.823808 getppid( <unfinished ...>
[pid 216261] 11:21:51.823877 <... nanosleep resumed>NULL) = 0
[pid 216260] 11:21:51.823898 <... getppid resumed>) = 0
[pid 216261] 11:21:51.823921 nanosleep({tv_sec=0, tv_nsec=20000},  <unfinished ...>
[pid 216260] 11:21:51.823945 statfs("/sys/fs/selinux", {f_type=SYSFS_MAGIC, f_bsize=4096, f_blocks=0, f_bfree=0, f_bavail=0, f_files=0, f_ffree=0, f_fsid={val=[0x482b98ab, 0xf9149973]}, f_namelen=255, f_frsize=4096, f_flags=ST_VALID|ST_NOSUID|ST_NODEV|ST_NOEXEC|ST_NOATIME}) = 0
[pid 216261] 11:21:51.824070 <... nanosleep resumed>NULL) = 0
[pid 216260] 11:21:51.824093 openat(AT_FDCWD, "/proc/filesystems", O_RDONLY|O_CLOEXEC <unfinished ...>
[pid 216261] 11:21:51.824116 nanosleep({tv_sec=0, tv_nsec=20000},  <unfinished ...>
[pid 216260] 11:21:51.824171 <... openat resumed>) = 8
[pid 216260] 11:21:51.824222 fcntl(8, F_GETFL <unfinished ...>
[pid 216261] 11:21:51.824246 <... nanosleep resumed>NULL) = 0
[pid 216260] 11:21:51.824266 <... fcntl resumed>) = 0x8000 (flags O_RDONLY|O_LARGEFILE)
[pid 216261] 11:21:51.824301 nanosleep({tv_sec=0, tv_nsec=20000},  <unfinished ...>
[pid 216260] 11:21:51.824326 fcntl(8, F_SETFL, O_RDONLY|O_NONBLOCK|O_LARGEFILE) = 0
[pid 216261] 11:21:51.824445 <... nanosleep resumed>NULL) = 0
[pid 216260] 11:21:51.824477 epoll_create1(EPOLL_CLOEXEC <unfinished ...>
[pid 216261] 11:21:51.824500 nanosleep({tv_sec=0, tv_nsec=20000},  <unfinished ...>
[pid 216260] 11:21:51.824528 <... epoll_create1 resumed>) = 9
[pid 216260] 11:21:51.824580 eventfd2(0, EFD_CLOEXEC|EFD_NONBLOCK <unfinished ...>
[pid 216261] 11:21:51.824669 <... nanosleep resumed>NULL) = 0
[pid 216260] 11:21:51.824692 <... eventfd2 resumed>) = 10
[pid 216261] 11:21:51.824737 nanosleep({tv_sec=0, tv_nsec=20000},  <unfinished ...>
[pid 216260] 11:21:51.824765 epoll_ctl(9, EPOLL_CTL_ADD, 10, {events=EPOLLIN, data={u32=15773400, u64=15773400}}) = 0
[pid 216261] 11:21:51.824883 <... nanosleep resumed>NULL) = 0
[pid 216260] 11:21:51.824906 epoll_ctl(9, EPOLL_CTL_ADD, 8, {events=EPOLLIN|EPOLLOUT|EPOLLRDHUP|EPOLLET, data={u32=1592786945, u64=8212740833262174209}} <unfinished ...>
[pid 216261] 11:21:51.824945 epoll_pwait(9,  <unfinished ...>
[pid 216260] 11:21:51.824968 <... epoll_ctl resumed>) = 0
[pid 216261] 11:21:51.824989 <... epoll_pwait resumed>[{events=EPOLLIN|EPOLLOUT, data={u32=1592786945, u64=8212740833262174209}}], 128, 0, NULL, 0) = 1
[pid 216260] 11:21:51.825011 fstat(8,  <unfinished ...>
[pid 216261] 11:21:51.825057 nanosleep({tv_sec=0, tv_nsec=20000},  <unfinished ...>
[pid 216260] 11:21:51.825079 <... fstat resumed>{st_mode=S_IFREG|0444, st_size=0, ...}) = 0
[pid 216260] 11:21:51.825139 read(8,  <unfinished ...>
[pid 216261] 11:21:51.825202 <... nanosleep resumed>NULL) = 0
[pid 216260] 11:21:51.825221 <... read resumed>"nodev\tsysfs\nnodev\ttmpfs\nnodev\tbd"..., 512) = 442
[pid 216261] 11:21:51.825243 nanosleep({tv_sec=0, tv_nsec=20000},  <unfinished ...>
[pid 216260] 11:21:51.825262 read(8, "", 70) = 0
[pid 216260] 11:21:51.825357 epoll_ctl(9, EPOLL_CTL_DEL, 8, 0xc0001a142c <unfinished ...>
[pid 216261] 11:21:51.825394 <... nanosleep resumed>NULL) = 0
[pid 216260] 11:21:51.825414 <... epoll_ctl resumed>) = 0
[pid 216261] 11:21:51.825432 nanosleep({tv_sec=0, tv_nsec=20000},  <unfinished ...>
[pid 216260] 11:21:51.825453 close(8)   = 0
[pid 216261] 11:21:51.825569 <... nanosleep resumed>NULL) = 0
[pid 216260] 11:21:51.825610 openat(AT_FDCWD, "/proc/self/mountinfo", O_RDONLY|O_CLOEXEC <unfinished ...>
[pid 216261] 11:21:51.825638 nanosleep({tv_sec=0, tv_nsec=20000},  <unfinished ...>
[pid 216260] 11:21:51.825712 <... openat resumed>) = 8
[pid 216261] 11:21:51.825802 <... nanosleep resumed>NULL) = 0
[pid 216260] 11:21:51.825833 fcntl(8, F_GETFL <unfinished ...>
[pid 216261] 11:21:51.825864 nanosleep({tv_sec=0, tv_nsec=20000},  <unfinished ...>
[pid 216260] 11:21:51.825886 <... fcntl resumed>) = 0x8000 (flags O_RDONLY|O_LARGEFILE)
[pid 216260] 11:21:51.825934 fcntl(8, F_SETFL, O_RDONLY|O_NONBLOCK|O_LARGEFILE <unfinished ...>
[pid 216261] 11:21:51.826003 <... nanosleep resumed>NULL) = 0
[pid 216260] 11:21:51.826021 <... fcntl resumed>) = 0
[pid 216261] 11:21:51.826060 nanosleep({tv_sec=0, tv_nsec=20000},  <unfinished ...>
[pid 216260] 11:21:51.826088 epoll_ctl(9, EPOLL_CTL_ADD, 8, {events=EPOLLIN|EPOLLOUT|EPOLLRDHUP|EPOLLET, data={u32=1592786946, u64=8212740833262174210}}) = 0
[pid 216261] 11:21:51.826216 <... nanosleep resumed>NULL) = 0
[pid 216260] 11:21:51.826249 read(8,  <unfinished ...>
[pid 216261] 11:21:51.826272 nanosleep({tv_sec=0, tv_nsec=20000}, NULL) = 0
[pid 216260] 11:21:51.826442 <... read resumed>"520 440 8:48 / / rw,relatime - e"..., 4096) = 3762
[pid 216261] 11:21:51.826468 futex(0xc00006d948, FUTEX_WAKE_PRIVATE, 1) = 1
[pid 216260] 11:21:51.826554 futex(0xeeaf80, FUTEX_WAIT_PRIVATE, 0, NULL <unfinished ...>
[pid 216263] 11:21:51.826582 <... futex resumed>) = 0
[pid 216261] 11:21:51.826601 nanosleep({tv_sec=0, tv_nsec=20000},  <unfinished ...>
[pid 216263] 11:21:51.826640 futex(0xeeaf80, FUTEX_WAKE_PRIVATE, 1) = 1
[pid 216260] 11:21:51.826720 <... futex resumed>) = 0
[pid 216263] 11:21:51.826744 futex(0xc00006d948, FUTEX_WAIT_PRIVATE, 0, NULL <unfinished ...>
[pid 216261] 11:21:51.826766 <... nanosleep resumed>NULL) = 0
[pid 216260] 11:21:51.826786 read(8,  <unfinished ...>
[pid 216261] 11:21:51.826838 nanosleep({tv_sec=0, tv_nsec=20000},  <unfinished ...>
[pid 216260] 11:21:51.826859 <... read resumed>"", 4096) = 0
[pid 216260] 11:21:51.826908 epoll_ctl(9, EPOLL_CTL_DEL, 8, 0xc0001a14a4 <unfinished ...>
[pid 216261] 11:21:51.826987 <... nanosleep resumed>NULL) = 0
[pid 216260] 11:21:51.827012 <... epoll_ctl resumed>) = 0
[pid 216261] 11:21:51.827044 nanosleep({tv_sec=0, tv_nsec=20000},  <unfinished ...>
[pid 216260] 11:21:51.827071 close(8)   = 0
[pid 216261] 11:21:51.827188 <... nanosleep resumed>NULL) = 0
[pid 216260] 11:21:51.827229 keyctl(KEYCTL_JOIN_SESSION_KEYRING, "_ses.anolix-3e10afe62f83" <unfinished ...>
[pid 216261] 11:21:51.827264 nanosleep({tv_sec=0, tv_nsec=20000},  <unfinished ...>
[pid 216260] 11:21:51.827378 <... keyctl resumed>) = 577663844
[pid 216261] 11:21:51.827410 <... nanosleep resumed>NULL) = 0
[pid 216260] 11:21:51.827433 keyctl(KEYCTL_DESCRIBE, 577663844,  <unfinished ...>
[pid 216261] 11:21:51.827454 nanosleep({tv_sec=0, tv_nsec=20000},  <unfinished ...>
[pid 216260] 11:21:51.827478 <... keyctl resumed>"", 0) = 46
[pid 216260] 11:21:51.827539 keyctl(KEYCTL_DESCRIBE, 577663844,  <unfinished ...>
[pid 216261] 11:21:51.827579 <... nanosleep resumed>NULL) = 0
[pid 216260] 11:21:51.827597 <... keyctl resumed>"keyring;0;0;3f130000;_ses.anolix"..., 46) = 46
[pid 216261] 11:21:51.827619 nanosleep({tv_sec=0, tv_nsec=20000},  <unfinished ...>
[pid 216260] 11:21:51.827641 keyctl(KEYCTL_SETPERM, 577663844, KEY_POS_VIEW|KEY_POS_READ|KEY_POS_WRITE|KEY_POS_SEARCH|KEY_POS_LINK|KEY_POS_SETATTR|KEY_USR_VIEW|KEY_USR_READ|KEY_USR_LINK|KEY_OTH_SEARCH) = 0
[pid 216261] 11:21:51.827758 <... nanosleep resumed>NULL) = 0
[pid 216260] 11:21:51.827778 socket(AF_NETLINK, SOCK_RAW|SOCK_CLOEXEC, NETLINK_ROUTE <unfinished ...>
[pid 216261] 11:21:51.827810 nanosleep({tv_sec=0, tv_nsec=20000},  <unfinished ...>
[pid 216260] 11:21:51.827832 <... socket resumed>) = 8
[pid 216260] 11:21:51.827884 fcntl(8, F_GETFL <unfinished ...>
[pid 216261] 11:21:51.827959 <... nanosleep resumed>NULL) = 0
[pid 216260] 11:21:51.827980 <... fcntl resumed>) = 0x2 (flags O_RDWR)
[pid 216261] 11:21:51.827999 nanosleep({tv_sec=0, tv_nsec=20000},  <unfinished ...>
[pid 216260] 11:21:51.828020 fcntl(8, F_SETFL, O_RDWR|O_NONBLOCK) = 0
[pid 216261] 11:21:51.828130 <... nanosleep resumed>NULL) = 0
[pid 216260] 11:21:51.828149 fcntl(8, F_GETFL <unfinished ...>
[pid 216261] 11:21:51.828187 nanosleep({tv_sec=0, tv_nsec=20000},  <unfinished ...>
[pid 216260] 11:21:51.828209 <... fcntl resumed>) = 0x802 (flags O_RDWR|O_NONBLOCK)
[pid 216260] 11:21:51.828262 epoll_ctl(9, EPOLL_CTL_ADD, 8, {events=EPOLLIN|EPOLLOUT|EPOLLRDHUP|EPOLLET, data={u32=1592786947, u64=8212740833262174211}} <unfinished ...>
[pid 216261] 11:21:51.828315 <... nanosleep resumed>NULL) = 0
[pid 216260] 11:21:51.828335 <... epoll_ctl resumed>) = 0
[pid 216261] 11:21:51.828353 nanosleep({tv_sec=0, tv_nsec=20000},  <unfinished ...>
[pid 216260] 11:21:51.828376 bind(8, {sa_family=AF_NETLINK, nl_pid=0, nl_groups=00000000}, 12) = 0
[pid 216261] 11:21:51.828514 <... nanosleep resumed>NULL) = 0
[pid 216260] 11:21:51.828550 setsockopt(8, SOL_SOCKET, SO_SNDTIMEO_OLD, "<\0\0\0\0\0\0\0\0\0\0\0\0\0\0\0", 16 <unfinished ...>
[pid 216261] 11:21:51.828577 nanosleep({tv_sec=0, tv_nsec=20000},  <unfinished ...>
[pid 216260] 11:21:51.828598 <... setsockopt resumed>) = 0
[pid 216260] 11:21:51.828651 setsockopt(8, SOL_SOCKET, SO_RCVTIMEO_OLD, "<\0\0\0\0\0\0\0\0\0\0\0\0\0\0\0", 16 <unfinished ...>
[pid 216261] 11:21:51.828718 <... nanosleep resumed>NULL) = 0
[pid 216260] 11:21:51.828738 <... setsockopt resumed>) = 0
[pid 216261] 11:21:51.828760 nanosleep({tv_sec=0, tv_nsec=20000},  <unfinished ...>
[pid 216260] 11:21:51.828800 sendto(8, [{nlmsg_len=48, nlmsg_type=0x12 /* NLMSG_??? */, nlmsg_flags=NLM_F_REQUEST|NLM_F_ACK, nlmsg_seq=1, nlmsg_pid=0}, "\x00\x00\x00\x00\x00\x00\x00\x00\x00\x00\x00\x00\x00\x00\x00\x00\x08\x00\x1d\x00\x01\x00\x00\x00\x07\x00\x03\x00\x6c\x6f\x00\x00"], 48, 0, {sa_family=AF_NETLINK, nl_pid=0, nl_groups=00000000}, 12 <unfinished ...>
[pid 216261] 11:21:51.829007 <... nanosleep resumed>NULL) = 0
[pid 216261] 11:21:51.829080 nanosleep({tv_sec=0, tv_nsec=20000},  <unfinished ...>
[pid 216260] 11:21:51.829123 <... sendto resumed>) = 48
[pid 216260] 11:21:51.829188 getsockname(8,  <unfinished ...>
[pid 216261] 11:21:51.829226 <... nanosleep resumed>NULL) = 0
[pid 216260] 11:21:51.829247 <... getsockname resumed>{sa_family=AF_NETLINK, nl_pid=1, nl_groups=00000000}, [112 => 12]) = 0
[pid 216261] 11:21:51.829275 nanosleep({tv_sec=0, tv_nsec=20000},  <unfinished ...>
[pid 216260] 11:21:51.829363 recvfrom(8,  <unfinished ...>
[pid 216261] 11:21:51.829421 <... nanosleep resumed>NULL) = 0
[pid 216260] 11:21:51.829442 <... recvfrom resumed>[{nlmsg_len=1468, nlmsg_type=0x10 /* NLMSG_??? */, nlmsg_flags=0, nlmsg_seq=1, nlmsg_pid=1}, "\x00\x00\x04\x03\x01\x00\x00\x00\x08\x00\x00\x00\x00\x00\x00\x00\x07\x00\x03\x00\x6c\x6f\x00\x00\x08\x00\x0d\x00\xe8\x03\x00\x00"...], 65536, 0, {sa_family=AF_NETLINK, nl_pid=0, nl_groups=00000000}, [112 => 12]) = 1468
[pid 216261] 11:21:51.829543 nanosleep({tv_sec=0, tv_nsec=20000},  <unfinished ...>
[pid 216260] 11:21:51.829570 epoll_ctl(9, EPOLL_CTL_DEL, 8, 0xc0001a11bc) = 0
[pid 216261] 11:21:51.829687 <... nanosleep resumed>NULL) = 0
[pid 216260] 11:21:51.829709 close(8 <unfinished ...>
[pid 216261] 11:21:51.829731 nanosleep({tv_sec=0, tv_nsec=20000},  <unfinished ...>
[pid 216260] 11:21:51.829757 <... close resumed>) = 0
[pid 216261] 11:21:51.829843 <... nanosleep resumed>NULL) = 0
[pid 216260] 11:21:51.829888 socket(AF_NETLINK, SOCK_RAW|SOCK_CLOEXEC, NETLINK_ROUTE <unfinished ...>
[pid 216261] 11:21:51.829911 nanosleep({tv_sec=0, tv_nsec=20000},  <unfinished ...>
[pid 216260] 11:21:51.829936 <... socket resumed>) = 8
[pid 216260] 11:21:51.829994 fcntl(8, F_GETFL <unfinished ...>
[pid 216261] 11:21:51.830074 <... nanosleep resumed>NULL) = 0
[pid 216260] 11:21:51.830100 <... fcntl resumed>) = 0x2 (flags O_RDWR)
[pid 216261] 11:21:51.830139 nanosleep({tv_sec=0, tv_nsec=20000},  <unfinished ...>
[pid 216260] 11:21:51.830167 fcntl(8, F_SETFL, O_RDWR|O_NONBLOCK) = 0
[pid 216261] 11:21:51.830275 <... nanosleep resumed>NULL) = 0
[pid 216260] 11:21:51.830307 fcntl(8, F_GETFL <unfinished ...>
[pid 216261] 11:21:51.830326 nanosleep({tv_sec=0, tv_nsec=20000},  <unfinished ...>
[pid 216260] 11:21:51.830349 <... fcntl resumed>) = 0x802 (flags O_RDWR|O_NONBLOCK)
[pid 216260] 11:21:51.830399 epoll_ctl(9, EPOLL_CTL_ADD, 8, {events=EPOLLIN|EPOLLOUT|EPOLLRDHUP|EPOLLET, data={u32=1592786948, u64=8212740833262174212}} <unfinished ...>
[pid 216261] 11:21:51.830453 <... nanosleep resumed>NULL) = 0
[pid 216260] 11:21:51.830473 <... epoll_ctl resumed>) = 0
[pid 216261] 11:21:51.830495 nanosleep({tv_sec=0, tv_nsec=20000},  <unfinished ...>
[pid 216260] 11:21:51.830522 bind(8, {sa_family=AF_NETLINK, nl_pid=0, nl_groups=00000000}, 12) = 0
[pid 216261] 11:21:51.830638 <... nanosleep resumed>NULL) = 0
[pid 216260] 11:21:51.830662 setsockopt(8, SOL_SOCKET, SO_SNDTIMEO_OLD, "<\0\0\0\0\0\0\0\0\0\0\0\0\0\0\0", 16 <unfinished ...>
[pid 216261] 11:21:51.830704 nanosleep({tv_sec=0, tv_nsec=20000},  <unfinished ...>
[pid 216260] 11:21:51.830727 <... setsockopt resumed>) = 0
[pid 216260] 11:21:51.830779 setsockopt(8, SOL_SOCKET, SO_RCVTIMEO_OLD, "<\0\0\0\0\0\0\0\0\0\0\0\0\0\0\0", 16 <unfinished ...>
[pid 216261] 11:21:51.830836 <... nanosleep resumed>NULL) = 0
[pid 216260] 11:21:51.830855 <... setsockopt resumed>) = 0
[pid 216261] 11:21:51.830874 nanosleep({tv_sec=0, tv_nsec=20000},  <unfinished ...>
[pid 216260] 11:21:51.830899 sendto(8, [{nlmsg_len=32, nlmsg_type=0x10 /* NLMSG_??? */, nlmsg_flags=NLM_F_REQUEST|NLM_F_ACK, nlmsg_seq=2, nlmsg_pid=0}, "\x00\x00\x00\x00\x01\x00\x00\x00\x01\x00\x00\x00\x01\x00\x00\x00"], 32, 0, {sa_family=AF_NETLINK, nl_pid=0, nl_groups=00000000}, 12 <unfinished ...>
[pid 216261] 11:21:51.831000 <... nanosleep resumed>NULL) = 0
[pid 216261] 11:21:51.831059 nanosleep({tv_sec=0, tv_nsec=20000}, NULL) = 0
[pid 216261] 11:21:51.831282 futex(0xc00006d948, FUTEX_WAKE_PRIVATE, 1 <unfinished ...>
[pid 216263] 11:21:51.831371 <... futex resumed>) = 0
[pid 216261] 11:21:51.831394 <... futex resumed>) = 1
[pid 216263] 11:21:51.831449 futex(0xc00006d948, FUTEX_WAIT_PRIVATE, 0, NULL <unfinished ...>
[pid 216261] 11:21:51.831489 nanosleep({tv_sec=0, tv_nsec=20000}, NULL) = 0
[pid 216261] 11:21:51.831714 futex(0xeec8c0, FUTEX_WAIT_PRIVATE, 0, {tv_sec=60, tv_nsec=0} <unfinished ...>
[pid 216260] 11:21:51.831899 <... sendto resumed>) = 32
[pid 216260] 11:21:51.831958 futex(0xeec8c0, FUTEX_WAKE_PRIVATE, 1 <unfinished ...>
[pid 216261] 11:21:51.832049 <... futex resumed>) = 0
[pid 216260] 11:21:51.832076 <... futex resumed>) = 1
[pid 216261] 11:21:51.832129 sched_yield( <unfinished ...>
[pid 216260] 11:21:51.832154 getsockname(8,  <unfinished ...>
[pid 216261] 11:21:51.832191 <... sched_yield resumed>) = 0
[pid 216260] 11:21:51.832211 <... getsockname resumed>{sa_family=AF_NETLINK, nl_pid=1, nl_groups=00000000}, [112 => 12]) = 0
[pid 216261] 11:21:51.832238 nanosleep({tv_sec=0, tv_nsec=20000},  <unfinished ...>
[pid 216260] 11:21:51.832348 recvfrom(8,  <unfinished ...>
[pid 216261] 11:21:51.832373 <... nanosleep resumed>NULL) = 0
[pid 216260] 11:21:51.832392 <... recvfrom resumed>[{nlmsg_len=36, nlmsg_type=NLMSG_ERROR, nlmsg_flags=NLM_F_CAPPED, nlmsg_seq=2, nlmsg_pid=1}, {error=0, msg={nlmsg_len=32, nlmsg_type=0x10 /* NLMSG_??? */, nlmsg_flags=NLM_F_REQUEST|NLM_F_ACK, nlmsg_seq=2, nlmsg_pid=0}}], 65536, 0, {sa_family=AF_NETLINK, nl_pid=0, nl_groups=00000000}, [112 => 12]) = 36
[pid 216261] 11:21:51.832486 nanosleep({tv_sec=0, tv_nsec=20000},  <unfinished ...>
[pid 216260] 11:21:51.832508 epoll_ctl(9, EPOLL_CTL_DEL, 8, 0xc0001a1374) = 0
[pid 216261] 11:21:51.832619 <... nanosleep resumed>NULL) = 0
[pid 216260] 11:21:51.832653 close(8 <unfinished ...>
[pid 216261] 11:21:51.832672 nanosleep({tv_sec=0, tv_nsec=20000},  <unfinished ...>
[pid 216260] 11:21:51.832695 <... close resumed>) = 0
[pid 216260] 11:21:51.832758 mount("", "/", 0xc0000ce5dc, MS_REC|MS_SLAVE, NULL <unfinished ...>
[pid 216261] 11:21:51.832823 <... nanosleep resumed>NULL) = 0
[pid 216261] 11:21:51.832887 nanosleep({tv_sec=0, tv_nsec=20000}, NULL) = 0
[pid 216260] 11:21:51.833079 <... mount resumed>) = 0
[pid 216261] 11:21:51.833102 futex(0xc00006d948, FUTEX_WAKE_PRIVATE, 1 <unfinished ...>
[pid 216260] 11:21:51.833121 futex(0xeeaf80, FUTEX_WAIT_PRIVATE, 0, NULL <unfinished ...>
[pid 216263] 11:21:51.833190 <... futex resumed>) = 0
[pid 216261] 11:21:51.833211 <... futex resumed>) = 1
[pid 216263] 11:21:51.833257 futex(0xeeaf80, FUTEX_WAKE_PRIVATE, 1 <unfinished ...>
[pid 216261] 11:21:51.833281 nanosleep({tv_sec=0, tv_nsec=20000},  <unfinished ...>
[pid 216263] 11:21:51.833321 <... futex resumed>) = 1
[pid 216260] 11:21:51.833342 <... futex resumed>) = 0
[pid 216263] 11:21:51.833361 futex(0xc00006d948, FUTEX_WAIT_PRIVATE, 0, NULL <unfinished ...>
[pid 216260] 11:21:51.833380 mount("", "/home/sh1rogane/Anolix/rootfs", 0xc0000ce5de, MS_PRIVATE, NULL <unfinished ...>
[pid 216261] 11:21:51.833464 <... nanosleep resumed>NULL) = 0
[pid 216260] 11:21:51.833488 <... mount resumed>) = -1 EINVAL (Invalid argument)
[pid 216261] 11:21:51.833510 nanosleep({tv_sec=0, tv_nsec=20000},  <unfinished ...>
[pid 216260] 11:21:51.833536 mount("", "/home/sh1rogane/Anolix", 0xc0000ce5e0, MS_PRIVATE, NULL) = -1 EINVAL (Invalid argument)
[pid 216261] 11:21:51.833654 <... nanosleep resumed>NULL) = 0
[pid 216260] 11:21:51.833686 mount("", "/home/sh1rogane", 0xc0000ce5e2, MS_PRIVATE, NULL <unfinished ...>
[pid 216261] 11:21:51.833710 nanosleep({tv_sec=0, tv_nsec=20000},  <unfinished ...>
[pid 216260] 11:21:51.833733 <... mount resumed>) = -1 EINVAL (Invalid argument)
[pid 216260] 11:21:51.833857 mount("", "/home", 0xc0000ce5ea, MS_PRIVATE, NULL <unfinished ...>
[pid 216261] 11:21:51.833906 <... nanosleep resumed>NULL) = 0
[pid 216260] 11:21:51.833929 <... mount resumed>) = -1 EINVAL (Invalid argument)
[pid 216261] 11:21:51.833953 nanosleep({tv_sec=0, tv_nsec=20000},  <unfinished ...>
[pid 216260] 11:21:51.834071 mount("", "/", 0xc0000ce5ee, MS_PRIVATE, NULL <unfinished ...>
[pid 216261] 11:21:51.834147 <... nanosleep resumed>NULL) = 0
[pid 216260] 11:21:51.834170 <... mount resumed>) = 0
[pid 216261] 11:21:51.834204 nanosleep({tv_sec=0, tv_nsec=20000},  <unfinished ...>
[pid 216260] 11:21:51.834230 mount("/home/sh1rogane/Anolix/rootfs", "/home/sh1rogane/Anolix/rootfs", 0xc0000ce600, MS_BIND|MS_REC, NULL <unfinished ...>
[pid 216261] 11:21:51.834370 <... nanosleep resumed>NULL) = 0
[pid 216261] 11:21:51.834431 nanosleep({tv_sec=0, tv_nsec=20000}, NULL) = 0
[pid 216260] 11:21:51.834623 <... mount resumed>) = 0
[pid 216261] 11:21:51.834645 futex(0xc00006d948, FUTEX_WAKE_PRIVATE, 1 <unfinished ...>
[pid 216260] 11:21:51.834664 futex(0xeeaf80, FUTEX_WAIT_PRIVATE, 0, NULL <unfinished ...>
[pid 216263] 11:21:51.834720 <... futex resumed>) = 0
[pid 216261] 11:21:51.834741 <... futex resumed>) = 1
[pid 216263] 11:21:51.834763 futex(0xeeaf80, FUTEX_WAKE_PRIVATE, 1 <unfinished ...>
[pid 216261] 11:21:51.834785 nanosleep({tv_sec=0, tv_nsec=20000},  <unfinished ...>
[pid 216263] 11:21:51.834817 <... futex resumed>) = 1
[pid 216260] 11:21:51.834841 <... futex resumed>) = 0
[pid 216263] 11:21:51.834862 futex(0xc00006d948, FUTEX_WAIT_PRIVATE, 0, NULL <unfinished ...>
[pid 216260] 11:21:51.834886 newfstatat(AT_FDCWD, "/home/sh1rogane/Anolix/rootfs/proc",  <unfinished ...>
[pid 216261] 11:21:51.834962 <... nanosleep resumed>NULL) = 0
[pid 216260] 11:21:51.834983 <... newfstatat resumed>{st_mode=S_IFDIR|0755, st_size=4096, ...}, AT_SYMLINK_NOFOLLOW) = 0
[pid 216261] 11:21:51.835009 epoll_pwait(9,  <unfinished ...>
[pid 216260] 11:21:51.835031 openat(AT_FDCWD, "/home/sh1rogane/Anolix/rootfs", O_RDONLY|O_CLOEXEC|O_DIRECTORY <unfinished ...>
[pid 216261] 11:21:51.835054 <... epoll_pwait resumed>[], 128, 0, NULL, 0) = 0
[pid 216260] 11:21:51.835072 <... openat resumed>) = 8
[pid 216261] 11:21:51.835117 nanosleep({tv_sec=0, tv_nsec=20000},  <unfinished ...>
[pid 216260] 11:21:51.835158 fcntl(8, F_GETFL) = 0x18000 (flags O_RDONLY|O_LARGEFILE|O_DIRECTORY)
[pid 216261] 11:21:51.835254 <... nanosleep resumed>NULL) = 0
[pid 216260] 11:21:51.835291 fcntl(8, F_SETFL, O_RDONLY|O_NONBLOCK|O_LARGEFILE|O_DIRECTORY <unfinished ...>
[pid 216261] 11:21:51.835339 nanosleep({tv_sec=0, tv_nsec=20000},  <unfinished ...>
[pid 216260] 11:21:51.835381 <... fcntl resumed>) = 0
[pid 216260] 11:21:51.835431 epoll_ctl(9, EPOLL_CTL_ADD, 8, {events=EPOLLIN|EPOLLOUT|EPOLLRDHUP|EPOLLET, data={u32=1592786949, u64=8212740833262174213}} <unfinished ...>
[pid 216261] 11:21:51.835501 <... nanosleep resumed>NULL) = 0
[pid 216260] 11:21:51.835519 <... epoll_ctl resumed>) = -1 EPERM (Operation not permitted)
[pid 216261] 11:21:51.835570 nanosleep({tv_sec=0, tv_nsec=20000},  <unfinished ...>
[pid 216260] 11:21:51.835599 fcntl(8, F_GETFL) = 0x18800 (flags O_RDONLY|O_NONBLOCK|O_LARGEFILE|O_DIRECTORY)
[pid 216261] 11:21:51.835725 <... nanosleep resumed>NULL) = 0
[pid 216260] 11:21:51.835750 fcntl(8, F_SETFL, O_RDONLY|O_LARGEFILE|O_DIRECTORY <unfinished ...>
[pid 216261] 11:21:51.835775 nanosleep({tv_sec=0, tv_nsec=20000},  <unfinished ...>
[pid 216260] 11:21:51.835804 <... fcntl resumed>) = 0
[pid 216260] 11:21:51.835878 openat2(8, "proc", {flags=O_RDONLY|O_CLOEXEC|O_PATH, resolve=RESOLVE_NO_MAGICLINKS|RESOLVE_IN_ROOT}, 24 <unfinished ...>
[pid 216261] 11:21:51.835927 <... nanosleep resumed>NULL) = 0
[pid 216260] 11:21:51.835947 <... openat2 resumed>) = 11
[pid 216261] 11:21:51.835968 nanosleep({tv_sec=0, tv_nsec=20000},  <unfinished ...>
[pid 216260] 11:21:51.835992 fcntl(11, F_GETFL) = 0x200000 (flags O_RDONLY|O_PATH)
[pid 216260] 11:21:51.836090 open_tree(-9, "/", OPEN_TREE_CLOEXEC <unfinished ...>
[pid 216261] 11:21:51.836136 <... nanosleep resumed>NULL) = 0
[pid 216260] 11:21:51.836158 <... open_tree resumed>) = 12
[pid 216261] 11:21:51.836208 nanosleep({tv_sec=0, tv_nsec=20000},  <unfinished ...>
[pid 216260] 11:21:51.836247 close(12)  = 0
[pid 216261] 11:21:51.836367 <... nanosleep resumed>NULL) = 0
[pid 216260] 11:21:51.836406 uname( <unfinished ...>
[pid 216261] 11:21:51.836429 nanosleep({tv_sec=0, tv_nsec=20000},  <unfinished ...>
[pid 216260] 11:21:51.836455 <... uname resumed>{sysname="Linux", nodename="LAPTOP-BF0J00M9", ...}) = 0
[pid 216260] 11:21:51.836518 fsopen("proc", FSOPEN_CLOEXEC <unfinished ...>
[pid 216261] 11:21:51.836556 <... nanosleep resumed>NULL) = 0
[pid 216260] 11:21:51.836578 <... fsopen resumed>) = 12
[pid 216261] 11:21:51.836599 nanosleep({tv_sec=0, tv_nsec=20000},  <unfinished ...>
[pid 216260] 11:21:51.836624 fcntl(12, F_GETFL) = 0x2 (flags O_RDWR)
[pid 216261] 11:21:51.836734 <... nanosleep resumed>NULL) = 0
[pid 216260] 11:21:51.836756 fsopen("proc", FSOPEN_CLOEXEC <unfinished ...>
[pid 216261] 11:21:51.836779 nanosleep({tv_sec=0, tv_nsec=20000},  <unfinished ...>
[pid 216260] 11:21:51.836805 <... fsopen resumed>) = 13
[pid 216260] 11:21:51.836859 fcntl(13, F_GETFL <unfinished ...>
[pid 216261] 11:21:51.836916 <... nanosleep resumed>NULL) = 0
[pid 216260] 11:21:51.836935 <... fcntl resumed>) = 0x2 (flags O_RDWR)
[pid 216261] 11:21:51.836975 nanosleep({tv_sec=0, tv_nsec=20000},  <unfinished ...>
[pid 216260] 11:21:51.836999 fsconfig(13, FSCONFIG_SET_STRING, "subset", "pid", 0) = 0
[pid 216261] 11:21:51.837101 <... nanosleep resumed>NULL) = 0
[pid 216260] 11:21:51.837124 close(13 <unfinished ...>
[pid 216261] 11:21:51.837142 nanosleep({tv_sec=0, tv_nsec=20000},  <unfinished ...>
[pid 216260] 11:21:51.837170 <... close resumed>) = 0
[pid 216260] 11:21:51.837223 fsconfig(12, FSCONFIG_SET_STRING, "hidepid", "ptraceable", 0 <unfinished ...>
[pid 216261] 11:21:51.837282 <... nanosleep resumed>NULL) = 0
[pid 216261] 11:21:51.837339 nanosleep({tv_sec=0, tv_nsec=20000}, NULL) = 0
[pid 216261] 11:21:51.837539 futex(0xc00006d948, FUTEX_WAKE_PRIVATE, 1) = 1
[pid 216260] 11:21:51.837628 <... fsconfig resumed>) = 0
[pid 216263] 11:21:51.837650 <... futex resumed>) = 0
[pid 216261] 11:21:51.837671 nanosleep({tv_sec=0, tv_nsec=20000},  <unfinished ...>
[pid 216263] 11:21:51.837698 futex(0xeeaf80, FUTEX_WAKE_PRIVATE, 1 <unfinished ...>
[pid 216260] 11:21:51.837716 futex(0xeeaf80, FUTEX_WAIT_PRIVATE, 0, NULL <unfinished ...>
[pid 216263] 11:21:51.837741 <... futex resumed>) = 0
[pid 216260] 11:21:51.837760 <... futex resumed>) = -1 EAGAIN (Resource temporarily unavailable)
[pid 216263] 11:21:51.837793 futex(0xc00006d948, FUTEX_WAIT_PRIVATE, 0, NULL <unfinished ...>
[pid 216261] 11:21:51.837806 <... nanosleep resumed>NULL) = 0
[pid 216260] 11:21:51.837828 fsconfig(12, FSCONFIG_SET_STRING, "subset", "pid", 0 <unfinished ...>
[pid 216261] 11:21:51.837854 nanosleep({tv_sec=0, tv_nsec=20000},  <unfinished ...>
[pid 216260] 11:21:51.837894 <... fsconfig resumed>) = 0
[pid 216260] 11:21:51.837946 fsconfig(12, FSCONFIG_CMD_CREATE, NULL, NULL, 0 <unfinished ...>
[pid 216261] 11:21:51.838010 <... nanosleep resumed>NULL) = 0
[pid 216260] 11:21:51.838032 <... fsconfig resumed>) = 0
[pid 216261] 11:21:51.838058 nanosleep({tv_sec=0, tv_nsec=20000},  <unfinished ...>
[pid 216260] 11:21:51.838082 fsmount(12, FSMOUNT_CLOEXEC, MOUNT_ATTR_NOSUID|MOUNT_ATTR_NODEV|MOUNT_ATTR_NOEXEC <unfinished ...>
[pid 216261] 11:21:51.838215 <... nanosleep resumed>NULL) = 0
[pid 216261] 11:21:51.838274 nanosleep({tv_sec=0, tv_nsec=20000}, NULL) = 0
[pid 216261] 11:21:51.838516 futex(0xc00006d948, FUTEX_WAKE_PRIVATE, 1 <unfinished ...>
[pid 216260] 11:21:51.838544 <... fsmount resumed>) = 13
[pid 216263] 11:21:51.838605 <... futex resumed>) = 0
[pid 216261] 11:21:51.838630 <... futex resumed>) = 1
[pid 216260] 11:21:51.838654 futex(0xeeaf80, FUTEX_WAIT_PRIVATE, 0, NULL <unfinished ...>
[pid 216263] 11:21:51.838691 futex(0xeeaf80, FUTEX_WAKE_PRIVATE, 1 <unfinished ...>
[pid 216261] 11:21:51.838713 nanosleep({tv_sec=0, tv_nsec=20000},  <unfinished ...>
[pid 216263] 11:21:51.838737 <... futex resumed>) = 0
[pid 216260] 11:21:51.838757 <... futex resumed>) = -1 EAGAIN (Resource temporarily unavailable)
[pid 216263] 11:21:51.838794 futex(0xc00006d948, FUTEX_WAIT_PRIVATE, 0, NULL <unfinished ...>
[pid 216260] 11:21:51.838814 fcntl(13, F_GETFL <unfinished ...>
[pid 216261] 11:21:51.838847 <... nanosleep resumed>NULL) = 0
[pid 216260] 11:21:51.838867 <... fcntl resumed>) = 0x200000 (flags O_RDONLY|O_PATH)
[pid 216261] 11:21:51.838892 nanosleep({tv_sec=0, tv_nsec=20000},  <unfinished ...>
[pid 216260] 11:21:51.838931 fstatfs(13, {f_type=PROC_SUPER_MAGIC, f_bsize=4096, f_blocks=0, f_bfree=0, f_bavail=0, f_files=0, f_ffree=0, f_fsid={val=[0x57, 0]}, f_namelen=255, f_frsize=4096, f_flags=ST_VALID|ST_NOSUID|ST_NODEV|ST_NOEXEC|ST_RELATIME}) = 0
[pid 216261] 11:21:51.839054 <... nanosleep resumed>NULL) = 0
[pid 216260] 11:21:51.839092 fstat(13,  <unfinished ...>
[pid 216261] 11:21:51.839116 nanosleep({tv_sec=0, tv_nsec=20000},  <unfinished ...>
[pid 216260] 11:21:51.839144 <... fstat resumed>{st_mode=S_IFDIR|0555, st_size=0, ...}) = 0
[pid 216260] 11:21:51.839210 faccessat2(13, "uptime", F_OK, AT_SYMLINK_NOFOLLOW <unfinished ...>
[pid 216261] 11:21:51.839255 <... nanosleep resumed>NULL) = 0
[pid 216260] 11:21:51.839276 <... faccessat2 resumed>) = -1 ENOENT (No such file or directory)
[pid 216261] 11:21:51.839299 nanosleep({tv_sec=0, tv_nsec=20000},  <unfinished ...>
[pid 216260] 11:21:51.839366 close(12 <unfinished ...>
[pid 216261] 11:21:51.839434 <... nanosleep resumed>NULL) = 0
[pid 216260] 11:21:51.839460 <... close resumed>) = 0
[pid 216261] 11:21:51.839508 nanosleep({tv_sec=0, tv_nsec=20000},  <unfinished ...>
[pid 216260] 11:21:51.839546 faccessat(AT_FDCWD, "/proc/thread-self/", F_OK) = 0
[pid 216261] 11:21:51.839690 <... nanosleep resumed>NULL) = 0
[pid 216260] 11:21:51.839714 fstatfs(13,  <unfinished ...>
[pid 216261] 11:21:51.839737 nanosleep({tv_sec=0, tv_nsec=20000},  <unfinished ...>
[pid 216260] 11:21:51.839764 <... fstatfs resumed>{f_type=PROC_SUPER_MAGIC, f_bsize=4096, f_blocks=0, f_bfree=0, f_bavail=0, f_files=0, f_ffree=0, f_fsid={val=[0x57, 0]}, f_namelen=255, f_frsize=4096, f_flags=ST_VALID|ST_NOSUID|ST_NODEV|ST_NOEXEC|ST_RELATIME}) = 0
[pid 216260] 11:21:51.839846 fstat(13,  <unfinished ...>
[pid 216261] 11:21:51.839914 <... nanosleep resumed>NULL) = 0
[pid 216260] 11:21:51.839935 <... fstat resumed>{st_mode=S_IFDIR|0555, st_size=0, ...}) = 0
[pid 216261] 11:21:51.839960 nanosleep({tv_sec=0, tv_nsec=20000},  <unfinished ...>
[pid 216260] 11:21:51.839981 openat2(AT_FDCWD, ".", {flags=O_RDONLY|O_CLOEXEC|O_PATH, resolve=RESOLVE_NO_SYMLINKS|RESOLVE_IN_ROOT}, 24) = 12
[pid 216261] 11:21:51.840102 <... nanosleep resumed>NULL) = 0
[pid 216260] 11:21:51.840132 close(12 <unfinished ...>
[pid 216261] 11:21:51.840171 nanosleep({tv_sec=0, tv_nsec=20000},  <unfinished ...>
[pid 216260] 11:21:51.840192 <... close resumed>) = 0
[pid 216260] 11:21:51.840249 openat2(13, "thread-self/fd/11", {flags=O_RDONLY|O_NOFOLLOW|O_CLOEXEC|O_PATH, resolve=RESOLVE_NO_XDEV|RESOLVE_NO_MAGICLINKS|RESOLVE_BENEATH}, 24 <unfinished ...>
[pid 216261] 11:21:51.840304 <... nanosleep resumed>NULL) = 0
[pid 216261] 11:21:51.840354 nanosleep({tv_sec=0, tv_nsec=20000},  <unfinished ...>
[pid 216260] 11:21:51.840392 <... openat2 resumed>) = 12
[pid 216260] 11:21:51.840447 fcntl(12, F_GETFL <unfinished ...>
[pid 216261] 11:21:51.840510 <... nanosleep resumed>NULL) = 0
[pid 216260] 11:21:51.840537 <... fcntl resumed>) = 0x220000 (flags O_RDONLY|O_NOFOLLOW|O_PATH)
[pid 216261] 11:21:51.840575 nanosleep({tv_sec=0, tv_nsec=20000},  <unfinished ...>
[pid 216260] 11:21:51.840601 statx(-9, "/", AT_STATX_SYNC_AS_STAT, STATX_MNT_ID|STATX_MNT_ID_UNIQUE, {stx_mask=STATX_TYPE|STATX_MODE|STATX_NLINK|STATX_UID|STATX_GID|STATX_ATIME|STATX_INO|STATX_SIZE|STATX_BLOCKS|STATX_MNT_ID_UNIQUE, stx_attributes=STATX_ATTR_MOUNT_ROOT, stx_mode=S_IFDIR|0755, stx_size=4096, ...}) = 0
[pid 216261] 11:21:51.840734 <... nanosleep resumed>NULL) = 0
[pid 216260] 11:21:51.840756 statx(13, "", AT_STATX_SYNC_AS_STAT|AT_SYMLINK_NOFOLLOW|AT_EMPTY_PATH, STATX_MNT_ID|STATX_MNT_ID_UNIQUE,  <unfinished ...>
[pid 216261] 11:21:51.840786 nanosleep({tv_sec=0, tv_nsec=20000},  <unfinished ...>
[pid 216260] 11:21:51.840818 <... statx resumed>{stx_mask=STATX_BASIC_STATS|STATX_MNT_ID_UNIQUE, stx_attributes=STATX_ATTR_MOUNT_ROOT, stx_mode=S_IFDIR|0555, stx_size=0, ...}) = 0
[pid 216260] 11:21:51.840892 statx(12, "", AT_STATX_SYNC_AS_STAT|AT_SYMLINK_NOFOLLOW|AT_EMPTY_PATH, STATX_MNT_ID|STATX_MNT_ID_UNIQUE,  <unfinished ...>
[pid 216261] 11:21:51.840944 <... nanosleep resumed>NULL) = 0
[pid 216260] 11:21:51.840967 <... statx resumed>{stx_mask=STATX_BASIC_STATS|STATX_MNT_ID_UNIQUE, stx_attributes=0, stx_mode=S_IFLNK|000, stx_size=64, ...}) = 0
[pid 216261] 11:21:51.840994 nanosleep({tv_sec=0, tv_nsec=20000},  <unfinished ...>
[pid 216260] 11:21:51.841090 readlinkat(12, "",  <unfinished ...>
[pid 216261] 11:21:51.841170 <... nanosleep resumed>NULL) = 0
[pid 216260] 11:21:51.841192 <... readlinkat resumed>"/home/sh1rogane/Anolix/rootfs/pr"..., 4096) = 34
[pid 216261] 11:21:51.841216 nanosleep({tv_sec=0, tv_nsec=20000},  <unfinished ...>
[pid 216260] 11:21:51.841238 close(12)  = 0
[pid 216260] 11:21:51.841341 fcntl(11, F_DUPFD_CLOEXEC, 0 <unfinished ...>
[pid 216261] 11:21:51.841386 <... nanosleep resumed>NULL) = 0
[pid 216260] 11:21:51.841404 <... fcntl resumed>) = 12
[pid 216261] 11:21:51.841422 nanosleep({tv_sec=0, tv_nsec=20000},  <unfinished ...>
[pid 216260] 11:21:51.841444 fcntl(12, F_GETFL) = 0x200000 (flags O_RDONLY|O_PATH)
[pid 216260] 11:21:51.841543 close(11 <unfinished ...>
[pid 216261] 11:21:51.841574 <... nanosleep resumed>NULL) = 0
[pid 216260] 11:21:51.841592 <... close resumed>) = 0
[pid 216261] 11:21:51.841611 nanosleep({tv_sec=0, tv_nsec=20000},  <unfinished ...>
[pid 216260] 11:21:51.841632 fstat(12, {st_mode=S_IFDIR|0755, st_size=4096, ...}) = 0
[pid 216261] 11:21:51.841746 <... nanosleep resumed>NULL) = 0
[pid 216260] 11:21:51.841787 fstatfs(13,  <unfinished ...>
[pid 216261] 11:21:51.841861 nanosleep({tv_sec=0, tv_nsec=20000},  <unfinished ...>
[pid 216260] 11:21:51.841891 <... fstatfs resumed>{f_type=PROC_SUPER_MAGIC, f_bsize=4096, f_blocks=0, f_bfree=0, f_bavail=0, f_files=0, f_ffree=0, f_fsid={val=[0x57, 0]}, f_namelen=255, f_frsize=4096, f_flags=ST_VALID|ST_NOSUID|ST_NODEV|ST_NOEXEC|ST_RELATIME}) = 0
[pid 216260] 11:21:51.841963 fstat(13,  <unfinished ...>
[pid 216261] 11:21:51.842013 <... nanosleep resumed>NULL) = 0
[pid 216260] 11:21:51.842032 <... fstat resumed>{st_mode=S_IFDIR|0555, st_size=0, ...}) = 0
[pid 216261] 11:21:51.842059 nanosleep({tv_sec=0, tv_nsec=20000},  <unfinished ...>
[pid 216260] 11:21:51.842081 openat2(AT_FDCWD, ".", {flags=O_RDONLY|O_CLOEXEC|O_PATH, resolve=RESOLVE_NO_SYMLINKS|RESOLVE_IN_ROOT}, 24) = 11
[pid 216261] 11:21:51.842187 <... nanosleep resumed>NULL) = 0
[pid 216260] 11:21:51.842211 close(11 <unfinished ...>
[pid 216261] 11:21:51.842230 nanosleep({tv_sec=0, tv_nsec=20000},  <unfinished ...>
[pid 216260] 11:21:51.842254 <... close resumed>) = 0
[pid 216260] 11:21:51.842303 openat2(13, "thread-self/fd/", {flags=O_RDONLY|O_NOFOLLOW|O_CLOEXEC|O_PATH, resolve=RESOLVE_NO_XDEV|RESOLVE_NO_MAGICLINKS|RESOLVE_BENEATH}, 24 <unfinished ...>
[pid 216261] 11:21:51.842390 <... nanosleep resumed>NULL) = 0
[pid 216260] 11:21:51.842410 <... openat2 resumed>) = 11
[pid 216261] 11:21:51.842434 nanosleep({tv_sec=0, tv_nsec=20000},  <unfinished ...>
[pid 216260] 11:21:51.842456 fcntl(11, F_GETFL) = 0x220000 (flags O_RDONLY|O_NOFOLLOW|O_PATH)
[pid 216261] 11:21:51.842569 <... nanosleep resumed>NULL) = 0
[pid 216260] 11:21:51.842604 statx(13, "", AT_STATX_SYNC_AS_STAT|AT_SYMLINK_NOFOLLOW|AT_EMPTY_PATH, STATX_MNT_ID|STATX_MNT_ID_UNIQUE,  <unfinished ...>
[pid 216261] 11:21:51.842632 nanosleep({tv_sec=0, tv_nsec=20000},  <unfinished ...>
[pid 216260] 11:21:51.842662 <... statx resumed>{stx_mask=STATX_BASIC_STATS|STATX_MNT_ID_UNIQUE, stx_attributes=STATX_ATTR_MOUNT_ROOT, stx_mode=S_IFDIR|0555, stx_size=0, ...}) = 0
[pid 216260] 11:21:51.842729 statx(11, "12", AT_STATX_SYNC_AS_STAT|AT_SYMLINK_NOFOLLOW|AT_EMPTY_PATH, STATX_MNT_ID|STATX_MNT_ID_UNIQUE,  <unfinished ...>
[pid 216261] 11:21:51.842777 <... nanosleep resumed>NULL) = 0
[pid 216260] 11:21:51.842796 <... statx resumed>{stx_mask=STATX_BASIC_STATS|STATX_MNT_ID_UNIQUE, stx_attributes=0, stx_mode=S_IFLNK|000, stx_size=64, ...}) = 0
[pid 216261] 11:21:51.842819 nanosleep({tv_sec=0, tv_nsec=20000},  <unfinished ...>
[pid 216260] 11:21:51.842869 openat(11, "12", O_RDONLY|O_CLOEXEC|O_DIRECTORY) = 14
[pid 216261] 11:21:51.842988 <... nanosleep resumed>NULL) = 0
[pid 216260] 11:21:51.843014 fcntl(14, F_GETFL <unfinished ...>
[pid 216261] 11:21:51.843033 nanosleep({tv_sec=0, tv_nsec=20000},  <unfinished ...>
[pid 216260] 11:21:51.843059 <... fcntl resumed>) = 0x18000 (flags O_RDONLY|O_LARGEFILE|O_DIRECTORY)
[pid 216260] 11:21:51.843126 close(11 <unfinished ...>
[pid 216261] 11:21:51.843168 <... nanosleep resumed>NULL) = 0
[pid 216260] 11:21:51.843187 <... close resumed>) = 0
[pid 216261] 11:21:51.843237 nanosleep({tv_sec=0, tv_nsec=20000},  <unfinished ...>
[pid 216260] 11:21:51.843270 close(12)  = 0
[pid 216261] 11:21:51.843381 <... nanosleep resumed>NULL) = 0
[pid 216260] 11:21:51.843402 close(8 <unfinished ...>
[pid 216261] 11:21:51.843421 nanosleep({tv_sec=0, tv_nsec=20000},  <unfinished ...>
[pid 216260] 11:21:51.843444 <... close resumed>) = 0
[pid 216260] 11:21:51.843505 newfstatat(AT_FDCWD, "/proc/thread-self/",  <unfinished ...>
[pid 216261] 11:21:51.843542 <... nanosleep resumed>NULL) = 0
[pid 216260] 11:21:51.843560 <... newfstatat resumed>{st_mode=S_IFDIR|0555, st_size=0, ...}, 0) = 0
[pid 216261] 11:21:51.843582 nanosleep({tv_sec=0, tv_nsec=20000},  <unfinished ...>
[pid 216260] 11:21:51.843604 mount("proc", "/proc/thread-self/fd/14", "proc", MS_NOSUID|MS_NODEV|MS_NOEXEC, NULL <unfinished ...>
[pid 216261] 11:21:51.843734 <... nanosleep resumed>NULL) = 0
[pid 216261] 11:21:51.843777 nanosleep({tv_sec=0, tv_nsec=20000},  <unfinished ...>
[pid 216260] 11:21:51.843886 <... mount resumed>) = 0
[pid 216261] 11:21:51.843909 <... nanosleep resumed>NULL) = 0
[pid 216260] 11:21:51.843929 fstatfs(13,  <unfinished ...>
[pid 216261] 11:21:51.843949 nanosleep({tv_sec=0, tv_nsec=20000},  <unfinished ...>
[pid 216260] 11:21:51.843973 <... fstatfs resumed>{f_type=PROC_SUPER_MAGIC, f_bsize=4096, f_blocks=0, f_bfree=0, f_bavail=0, f_files=0, f_ffree=0, f_fsid={val=[0x57, 0]}, f_namelen=255, f_frsize=4096, f_flags=ST_VALID|ST_NOSUID|ST_NODEV|ST_NOEXEC|ST_RELATIME}) = 0
[pid 216260] 11:21:51.844039 fstat(13,  <unfinished ...>
[pid 216261] 11:21:51.844073 <... nanosleep resumed>NULL) = 0
[pid 216260] 11:21:51.844091 <... fstat resumed>{st_mode=S_IFDIR|0555, st_size=0, ...}) = 0
[pid 216261] 11:21:51.844117 nanosleep({tv_sec=0, tv_nsec=20000},  <unfinished ...>
[pid 216260] 11:21:51.844142 openat2(AT_FDCWD, ".", {flags=O_RDONLY|O_CLOEXEC|O_PATH, resolve=RESOLVE_NO_SYMLINKS|RESOLVE_IN_ROOT}, 24) = 8
[pid 216261] 11:21:51.844251 <... nanosleep resumed>NULL) = 0
[pid 216260] 11:21:51.844278 close(8 <unfinished ...>
[pid 216261] 11:21:51.844301 nanosleep({tv_sec=0, tv_nsec=20000},  <unfinished ...>
[pid 216260] 11:21:51.844337 <... close resumed>) = 0
[pid 216260] 11:21:51.844405 openat2(13, "thread-self/fd/14", {flags=O_RDONLY|O_NOFOLLOW|O_CLOEXEC|O_PATH, resolve=RESOLVE_NO_XDEV|RESOLVE_NO_MAGICLINKS|RESOLVE_BENEATH}, 24 <unfinished ...>
[pid 216261] 11:21:51.844433 <... nanosleep resumed>NULL) = 0
[pid 216260] 11:21:51.844455 <... openat2 resumed>) = 8
[pid 216261] 11:21:51.844477 nanosleep({tv_sec=0, tv_nsec=20000},  <unfinished ...>
[pid 216260] 11:21:51.844499 fcntl(8, F_GETFL) = 0x220000 (flags O_RDONLY|O_NOFOLLOW|O_PATH)
[pid 216261] 11:21:51.844637 <... nanosleep resumed>NULL) = 0
[pid 216260] 11:21:51.844673 statx(13, "", AT_STATX_SYNC_AS_STAT|AT_SYMLINK_NOFOLLOW|AT_EMPTY_PATH, STATX_MNT_ID|STATX_MNT_ID_UNIQUE,  <unfinished ...>
[pid 216261] 11:21:51.844699 nanosleep({tv_sec=0, tv_nsec=20000},  <unfinished ...>
[pid 216260] 11:21:51.844720 <... statx resumed>{stx_mask=STATX_BASIC_STATS|STATX_MNT_ID_UNIQUE, stx_attributes=STATX_ATTR_MOUNT_ROOT, stx_mode=S_IFDIR|0555, stx_size=0, ...}) = 0
[pid 216260] 11:21:51.844778 statx(8, "", AT_STATX_SYNC_AS_STAT|AT_SYMLINK_NOFOLLOW|AT_EMPTY_PATH, STATX_MNT_ID|STATX_MNT_ID_UNIQUE,  <unfinished ...>
[pid 216261] 11:21:51.844824 <... nanosleep resumed>NULL) = 0
[pid 216260] 11:21:51.844876 <... statx resumed>{stx_mask=STATX_BASIC_STATS|STATX_MNT_ID_UNIQUE, stx_attributes=0, stx_mode=S_IFLNK|0500, stx_size=64, ...}) = 0
[pid 216261] 11:21:51.844905 nanosleep({tv_sec=0, tv_nsec=20000},  <unfinished ...>
[pid 216260] 11:21:51.844942 readlinkat(8, "", "/home/sh1rogane/Anolix/rootfs/pr"..., 4096) = 34
[pid 216261] 11:21:51.845056 <... nanosleep resumed>NULL) = 0
[pid 216260] 11:21:51.845079 close(8 <unfinished ...>
[pid 216261] 11:21:51.845097 epoll_pwait(9, [], 128, 0, NULL, 0) = 0
[pid 216260] 11:21:51.845151 <... close resumed>) = 0
[pid 216261] 11:21:51.845189 nanosleep({tv_sec=0, tv_nsec=20000},  <unfinished ...>
[pid 216260] 11:21:51.845212 openat(AT_FDCWD, "/home/sh1rogane/Anolix/rootfs", O_RDONLY|O_CLOEXEC|O_PATH|O_DIRECTORY) = 8
[pid 216260] 11:21:51.845305 fcntl(8, F_GETFL <unfinished ...>
[pid 216261] 11:21:51.845324 <... nanosleep resumed>NULL) = 0
[pid 216260] 11:21:51.845342 <... fcntl resumed>) = 0x210000 (flags O_RDONLY|O_PATH|O_DIRECTORY)
[pid 216261] 11:21:51.845365 nanosleep({tv_sec=0, tv_nsec=20000},  <unfinished ...>
[pid 216260] 11:21:51.845398 fcntl(8, F_SETFL, O_RDONLY|O_NONBLOCK|O_PATH|O_DIRECTORY) = -1 EBADF (Bad file descriptor)
[pid 216261] 11:21:51.845522 <... nanosleep resumed>NULL) = 0
[pid 216260] 11:21:51.845545 openat2(8, "/proc", {flags=O_RDONLY|O_CLOEXEC|O_PATH, resolve=RESOLVE_NO_MAGICLINKS|RESOLVE_IN_ROOT}, 24 <unfinished ...>
[pid 216261] 11:21:51.845577 nanosleep({tv_sec=0, tv_nsec=20000},  <unfinished ...>
[pid 216260] 11:21:51.845598 <... openat2 resumed>) = 11
[pid 216260] 11:21:51.845664 fcntl(11, F_GETFL <unfinished ...>
[pid 216261] 11:21:51.845722 <... nanosleep resumed>NULL) = 0
[pid 216260] 11:21:51.845745 <... fcntl resumed>) = 0x200000 (flags O_RDONLY|O_PATH)
[pid 216261] 11:21:51.845770 nanosleep({tv_sec=0, tv_nsec=20000},  <unfinished ...>
[pid 216260] 11:21:51.845795 fstatfs(13, {f_type=PROC_SUPER_MAGIC, f_bsize=4096, f_blocks=0, f_bfree=0, f_bavail=0, f_files=0, f_ffree=0, f_fsid={val=[0x57, 0]}, f_namelen=255, f_frsize=4096, f_flags=ST_VALID|ST_NOSUID|ST_NODEV|ST_NOEXEC|ST_RELATIME}) = 0
[pid 216260] 11:21:51.845920 fstat(13,  <unfinished ...>
[pid 216261] 11:21:51.845948 <... nanosleep resumed>NULL) = 0
[pid 216260] 11:21:51.845967 <... fstat resumed>{st_mode=S_IFDIR|0555, st_size=0, ...}) = 0
[pid 216261] 11:21:51.845996 nanosleep({tv_sec=0, tv_nsec=20000},  <unfinished ...>
[pid 216260] 11:21:51.846017 openat2(AT_FDCWD, ".", {flags=O_RDONLY|O_CLOEXEC|O_PATH, resolve=RESOLVE_NO_SYMLINKS|RESOLVE_IN_ROOT}, 24) = 12
[pid 216261] 11:21:51.846132 <... nanosleep resumed>NULL) = 0
[pid 216260] 11:21:51.846157 close(12 <unfinished ...>
[pid 216261] 11:21:51.846184 nanosleep({tv_sec=0, tv_nsec=20000},  <unfinished ...>
[pid 216260] 11:21:51.846206 <... close resumed>) = 0
[pid 216260] 11:21:51.846262 openat2(13, "thread-self/fd/11", {flags=O_RDONLY|O_NOFOLLOW|O_CLOEXEC|O_PATH, resolve=RESOLVE_NO_XDEV|RESOLVE_NO_MAGICLINKS|RESOLVE_BENEATH}, 24 <unfinished ...>
[pid 216261] 11:21:51.846347 <... nanosleep resumed>NULL) = 0
[pid 216260] 11:21:51.846381 <... openat2 resumed>) = 12
[pid 216261] 11:21:51.846400 nanosleep({tv_sec=0, tv_nsec=20000},  <unfinished ...>
[pid 216260] 11:21:51.846428 fcntl(12, F_GETFL) = 0x220000 (flags O_RDONLY|O_NOFOLLOW|O_PATH)
[pid 216261] 11:21:51.846537 <... nanosleep resumed>NULL) = 0
[pid 216260] 11:21:51.846560 statx(13, "", AT_STATX_SYNC_AS_STAT|AT_SYMLINK_NOFOLLOW|AT_EMPTY_PATH, STATX_MNT_ID|STATX_MNT_ID_UNIQUE,  <unfinished ...>
[pid 216261] 11:21:51.846584 nanosleep({tv_sec=0, tv_nsec=20000},  <unfinished ...>
[pid 216260] 11:21:51.846607 <... statx resumed>{stx_mask=STATX_BASIC_STATS|STATX_MNT_ID_UNIQUE, stx_attributes=STATX_ATTR_MOUNT_ROOT, stx_mode=S_IFDIR|0555, stx_size=0, ...}) = 0
[pid 216260] 11:21:51.846665 statx(12, "", AT_STATX_SYNC_AS_STAT|AT_SYMLINK_NOFOLLOW|AT_EMPTY_PATH, STATX_MNT_ID|STATX_MNT_ID_UNIQUE,  <unfinished ...>
[pid 216261] 11:21:51.846737 <... nanosleep resumed>NULL) = 0
[pid 216260] 11:21:51.846761 <... statx resumed>{stx_mask=STATX_BASIC_STATS|STATX_MNT_ID_UNIQUE, stx_attributes=0, stx_mode=S_IFLNK|000, stx_size=64, ...}) = 0
[pid 216261] 11:21:51.846792 nanosleep({tv_sec=0, tv_nsec=20000},  <unfinished ...>
[pid 216260] 11:21:51.846817 readlinkat(12, "", "/home/sh1rogane/Anolix/rootfs/pr"..., 4096) = 34
[pid 216261] 11:21:51.846937 <... nanosleep resumed>NULL) = 0
[pid 216260] 11:21:51.846960 close(12 <unfinished ...>
[pid 216261] 11:21:51.847016 nanosleep({tv_sec=0, tv_nsec=20000},  <unfinished ...>
[pid 216260] 11:21:51.847037 <... close resumed>) = 0
[pid 216260] 11:21:51.847089 fcntl(11, F_DUPFD_CLOEXEC, 0 <unfinished ...>
[pid 216261] 11:21:51.847170 <... nanosleep resumed>NULL) = 0
[pid 216260] 11:21:51.847189 <... fcntl resumed>) = 12
[pid 216261] 11:21:51.847237 nanosleep({tv_sec=0, tv_nsec=20000},  <unfinished ...>
[pid 216260] 11:21:51.847265 fcntl(12, F_GETFL) = 0x200000 (flags O_RDONLY|O_PATH)
[pid 216261] 11:21:51.847364 <... nanosleep resumed>NULL) = 0
[pid 216260] 11:21:51.847400 close(11 <unfinished ...>
[pid 216261] 11:21:51.847420 nanosleep({tv_sec=0, tv_nsec=20000},  <unfinished ...>
[pid 216260] 11:21:51.847457 <... close resumed>) = 0
[pid 216260] 11:21:51.847507 close(8 <unfinished ...>
[pid 216261] 11:21:51.847565 <... nanosleep resumed>NULL) = 0
[pid 216260] 11:21:51.847588 <... close resumed>) = 0
[pid 216261] 11:21:51.847607 nanosleep({tv_sec=0, tv_nsec=20000},  <unfinished ...>
[pid 216260] 11:21:51.847629 fstatfs(13, {f_type=PROC_SUPER_MAGIC, f_bsize=4096, f_blocks=0, f_bfree=0, f_bavail=0, f_files=0, f_ffree=0, f_fsid={val=[0x57, 0]}, f_namelen=255, f_frsize=4096, f_flags=ST_VALID|ST_NOSUID|ST_NODEV|ST_NOEXEC|ST_RELATIME}) = 0
[pid 216260] 11:21:51.847725 fstat(13,  <unfinished ...>
[pid 216261] 11:21:51.847752 <... nanosleep resumed>NULL) = 0
[pid 216260] 11:21:51.847774 <... fstat resumed>{st_mode=S_IFDIR|0555, st_size=0, ...}) = 0
[pid 216261] 11:21:51.847800 nanosleep({tv_sec=0, tv_nsec=20000},  <unfinished ...>
[pid 216260] 11:21:51.847825 openat2(AT_FDCWD, ".", {flags=O_RDONLY|O_CLOEXEC|O_PATH, resolve=RESOLVE_NO_SYMLINKS|RESOLVE_IN_ROOT}, 24) = 8
[pid 216261] 11:21:51.847932 <... nanosleep resumed>NULL) = 0
[pid 216260] 11:21:51.847952 close(8 <unfinished ...>
[pid 216261] 11:21:51.848005 nanosleep({tv_sec=0, tv_nsec=20000},  <unfinished ...>
[pid 216260] 11:21:51.848026 <... close resumed>) = 0
[pid 216260] 11:21:51.848082 openat2(13, "thread-self/fd/", {flags=O_RDONLY|O_NOFOLLOW|O_CLOEXEC|O_PATH, resolve=RESOLVE_NO_XDEV|RESOLVE_NO_MAGICLINKS|RESOLVE_BENEATH}, 24 <unfinished ...>
[pid 216261] 11:21:51.848161 <... nanosleep resumed>NULL) = 0
[pid 216260] 11:21:51.848181 <... openat2 resumed>) = 8
[pid 216261] 11:21:51.848224 nanosleep({tv_sec=0, tv_nsec=20000},  <unfinished ...>
[pid 216260] 11:21:51.848247 fcntl(8, F_GETFL) = 0x220000 (flags O_RDONLY|O_NOFOLLOW|O_PATH)
[pid 216261] 11:21:51.848367 <... nanosleep resumed>NULL) = 0
[pid 216260] 11:21:51.848394 statx(13, "", AT_STATX_SYNC_AS_STAT|AT_SYMLINK_NOFOLLOW|AT_EMPTY_PATH, STATX_MNT_ID|STATX_MNT_ID_UNIQUE,  <unfinished ...>
[pid 216261] 11:21:51.848468 nanosleep({tv_sec=0, tv_nsec=20000},  <unfinished ...>
[pid 216260] 11:21:51.848491 <... statx resumed>{stx_mask=STATX_BASIC_STATS|STATX_MNT_ID_UNIQUE, stx_attributes=STATX_ATTR_MOUNT_ROOT, stx_mode=S_IFDIR|0555, stx_size=0, ...}) = 0
[pid 216260] 11:21:51.848564 statx(8, "12", AT_STATX_SYNC_AS_STAT|AT_SYMLINK_NOFOLLOW|AT_EMPTY_PATH, STATX_MNT_ID|STATX_MNT_ID_UNIQUE,  <unfinished ...>
[pid 216261] 11:21:51.848619 <... nanosleep resumed>NULL) = 0
[pid 216260] 11:21:51.848645 <... statx resumed>{stx_mask=STATX_BASIC_STATS|STATX_MNT_ID_UNIQUE, stx_attributes=0, stx_mode=S_IFLNK|000, stx_size=64, ...}) = 0
[pid 216261] 11:21:51.848687 nanosleep({tv_sec=0, tv_nsec=20000},  <unfinished ...>
[pid 216260] 11:21:51.848712 openat(8, "12", O_RDONLY|O_CLOEXEC|O_PATH) = 11
[pid 216261] 11:21:51.848830 <... nanosleep resumed>NULL) = 0
[pid 216260] 11:21:51.848862 fcntl(11, F_GETFL <unfinished ...>
[pid 216261] 11:21:51.848887 nanosleep({tv_sec=0, tv_nsec=20000},  <unfinished ...>
[pid 216260] 11:21:51.848915 <... fcntl resumed>) = 0x200000 (flags O_RDONLY|O_PATH)
[pid 216260] 11:21:51.848973 close(8 <unfinished ...>
[pid 216261] 11:21:51.849035 <... nanosleep resumed>NULL) = 0
[pid 216260] 11:21:51.849055 <... close resumed>) = 0
[pid 216261] 11:21:51.849076 futex(0xc00006d948, FUTEX_WAKE_PRIVATE, 1 <unfinished ...>
[pid 216260] 11:21:51.849111 futex(0xeeaf80, FUTEX_WAIT_PRIVATE, 0, NULL <unfinished ...>
[pid 216261] 11:21:51.849134 <... futex resumed>) = 1
[pid 216263] 11:21:51.849154 <... futex resumed>) = 0
[pid 216261] 11:21:51.849175 nanosleep({tv_sec=0, tv_nsec=20000},  <unfinished ...>
[pid 216263] 11:21:51.849202 futex(0xeeaf80, FUTEX_WAKE_PRIVATE, 1) = 1
[pid 216260] 11:21:51.849309 <... futex resumed>) = 0
[pid 216263] 11:21:51.849334 futex(0xc00006d948, FUTEX_WAIT_PRIVATE, 0, NULL <unfinished ...>
[pid 216261] 11:21:51.849353 <... nanosleep resumed>NULL) = 0
[pid 216260] 11:21:51.849374 close(12 <unfinished ...>
[pid 216261] 11:21:51.849406 nanosleep({tv_sec=0, tv_nsec=20000},  <unfinished ...>
[pid 216260] 11:21:51.849436 <... close resumed>) = 0
[pid 216260] 11:21:51.849510 fstatfs(13,  <unfinished ...>
[pid 216261] 11:21:51.849550 <... nanosleep resumed>NULL) = 0
[pid 216260] 11:21:51.849571 <... fstatfs resumed>{f_type=PROC_SUPER_MAGIC, f_bsize=4096, f_blocks=0, f_bfree=0, f_bavail=0, f_files=0, f_ffree=0, f_fsid={val=[0x57, 0]}, f_namelen=255, f_frsize=4096, f_flags=ST_VALID|ST_NOSUID|ST_NODEV|ST_NOEXEC|ST_RELATIME}) = 0
[pid 216261] 11:21:51.849603 nanosleep({tv_sec=0, tv_nsec=20000},  <unfinished ...>
[pid 216260] 11:21:51.849626 fstat(13, {st_mode=S_IFDIR|0555, st_size=0, ...}) = 0
[pid 216261] 11:21:51.849747 <... nanosleep resumed>NULL) = 0
[pid 216260] 11:21:51.849771 openat2(AT_FDCWD, ".", {flags=O_RDONLY|O_CLOEXEC|O_PATH, resolve=RESOLVE_NO_SYMLINKS|RESOLVE_IN_ROOT}, 24 <unfinished ...>
[pid 216261] 11:21:51.849845 nanosleep({tv_sec=0, tv_nsec=20000},  <unfinished ...>
[pid 216260] 11:21:51.849866 <... openat2 resumed>) = 8
[pid 216260] 11:21:51.849916 close(8)   = 0
[pid 216261] 11:21:51.850026 <... nanosleep resumed>NULL) = 0
[pid 216260] 11:21:51.850056 openat2(13, "thread-self/fd/11", {flags=O_RDONLY|O_NOFOLLOW|O_CLOEXEC|O_PATH, resolve=RESOLVE_NO_XDEV|RESOLVE_NO_MAGICLINKS|RESOLVE_BENEATH}, 24 <unfinished ...>
[pid 216261] 11:21:51.850095 nanosleep({tv_sec=0, tv_nsec=20000},  <unfinished ...>
[pid 216260] 11:21:51.850123 <... openat2 resumed>) = 8
[pid 216260] 11:21:51.850178 fcntl(8, F_GETFL <unfinished ...>
[pid 216261] 11:21:51.850247 <... nanosleep resumed>NULL) = 0
[pid 216260] 11:21:51.850266 <... fcntl resumed>) = 0x220000 (flags O_RDONLY|O_NOFOLLOW|O_PATH)
[pid 216261] 11:21:51.850309 nanosleep({tv_sec=0, tv_nsec=20000},  <unfinished ...>
[pid 216260] 11:21:51.850347 statx(13, "", AT_STATX_SYNC_AS_STAT|AT_SYMLINK_NOFOLLOW|AT_EMPTY_PATH, STATX_MNT_ID|STATX_MNT_ID_UNIQUE, {stx_mask=STATX_BASIC_STATS|STATX_MNT_ID_UNIQUE, stx_attributes=STATX_ATTR_MOUNT_ROOT, stx_mode=S_IFDIR|0555, stx_size=0, ...}) = 0
[pid 216260] 11:21:51.850449 statx(8, "", AT_STATX_SYNC_AS_STAT|AT_SYMLINK_NOFOLLOW|AT_EMPTY_PATH, STATX_MNT_ID|STATX_MNT_ID_UNIQUE,  <unfinished ...>
[pid 216261] 11:21:51.850485 <... nanosleep resumed>NULL) = 0
[pid 216260] 11:21:51.850504 <... statx resumed>{stx_mask=STATX_BASIC_STATS|STATX_MNT_ID_UNIQUE, stx_attributes=0, stx_mode=S_IFLNK|000, stx_size=64, ...}) = 0
[pid 216261] 11:21:51.850526 nanosleep({tv_sec=0, tv_nsec=20000},  <unfinished ...>
[pid 216260] 11:21:51.850547 readlinkat(8, "", "/home/sh1rogane/Anolix/rootfs/pr"..., 4096) = 34
[pid 216260] 11:21:51.850659 close(8 <unfinished ...>
[pid 216261] 11:21:51.850682 <... nanosleep resumed>NULL) = 0
[pid 216260] 11:21:51.850700 <... close resumed>) = 0
[pid 216261] 11:21:51.850741 nanosleep({tv_sec=0, tv_nsec=20000},  <unfinished ...>
[pid 216260] 11:21:51.850766 close(14)  = 0
[pid 216261] 11:21:51.850864 <... nanosleep resumed>NULL) = 0
[pid 216260] 11:21:51.850888 close(11 <unfinished ...>
[pid 216261] 11:21:51.850937 nanosleep({tv_sec=0, tv_nsec=20000},  <unfinished ...>
[pid 216260] 11:21:51.850959 <... close resumed>) = 0
[pid 216260] 11:21:51.851033 openat(AT_FDCWD, "/home/sh1rogane/Anolix/rootfs", O_RDONLY|O_CLOEXEC|O_PATH|O_DIRECTORY <unfinished ...>
[pid 216261] 11:21:51.851079 <... nanosleep resumed>NULL) = 0
[pid 216260] 11:21:51.851103 <... openat resumed>) = 8
[pid 216261] 11:21:51.851125 nanosleep({tv_sec=0, tv_nsec=20000},  <unfinished ...>
[pid 216260] 11:21:51.851153 fcntl(8, F_GETFL) = 0x210000 (flags O_RDONLY|O_PATH|O_DIRECTORY)
[pid 216261] 11:21:51.851280 <... nanosleep resumed>NULL) = 0
[pid 216260] 11:21:51.851311 fcntl(8, F_SETFL, O_RDONLY|O_NONBLOCK|O_PATH|O_DIRECTORY <unfinished ...>
[pid 216261] 11:21:51.851351 nanosleep({tv_sec=0, tv_nsec=20000},  <unfinished ...>
[pid 216260] 11:21:51.851377 <... fcntl resumed>) = -1 EBADF (Bad file descriptor)
[pid 216260] 11:21:51.851467 openat2(8, "/dev", {flags=O_RDONLY|O_CLOEXEC|O_PATH, resolve=RESOLVE_NO_MAGICLINKS|RESOLVE_IN_ROOT}, 24 <unfinished ...>
[pid 216261] 11:21:51.851514 <... nanosleep resumed>NULL) = 0
[pid 216260] 11:21:51.851534 <... openat2 resumed>) = 11
[pid 216261] 11:21:51.851579 nanosleep({tv_sec=0, tv_nsec=20000},  <unfinished ...>
[pid 216260] 11:21:51.851619 fcntl(11, F_GETFL) = 0x200000 (flags O_RDONLY|O_PATH)
[pid 216261] 11:21:51.851754 <... nanosleep resumed>NULL) = 0
[pid 216260] 11:21:51.851790 fstatfs(13,  <unfinished ...>
[pid 216261] 11:21:51.851856 nanosleep({tv_sec=0, tv_nsec=20000},  <unfinished ...>
[pid 216260] 11:21:51.851893 <... fstatfs resumed>{f_type=PROC_SUPER_MAGIC, f_bsize=4096, f_blocks=0, f_bfree=0, f_bavail=0, f_files=0, f_ffree=0, f_fsid={val=[0x57, 0]}, f_namelen=255, f_frsize=4096, f_flags=ST_VALID|ST_NOSUID|ST_NODEV|ST_NOEXEC|ST_RELATIME}) = 0
[pid 216260] 11:21:51.851954 fstat(13,  <unfinished ...>
[pid 216261] 11:21:51.852024 <... nanosleep resumed>NULL) = 0
[pid 216260] 11:21:51.852047 <... fstat resumed>{st_mode=S_IFDIR|0555, st_size=0, ...}) = 0
[pid 216261] 11:21:51.852074 nanosleep({tv_sec=0, tv_nsec=20000},  <unfinished ...>
[pid 216260] 11:21:51.852095 openat2(AT_FDCWD, ".", {flags=O_RDONLY|O_CLOEXEC|O_PATH, resolve=RESOLVE_NO_SYMLINKS|RESOLVE_IN_ROOT}, 24) = 12
[pid 216260] 11:21:51.852197 close(12 <unfinished ...>
[pid 216261] 11:21:51.852221 <... nanosleep resumed>NULL) = 0
[pid 216260] 11:21:51.852242 <... close resumed>) = 0
[pid 216261] 11:21:51.852267 nanosleep({tv_sec=0, tv_nsec=20000},  <unfinished ...>
[pid 216260] 11:21:51.852288 openat2(13, "thread-self/fd/11", {flags=O_RDONLY|O_NOFOLLOW|O_CLOEXEC|O_PATH, resolve=RESOLVE_NO_XDEV|RESOLVE_NO_MAGICLINKS|RESOLVE_BENEATH}, 24) = 12
[pid 216261] 11:21:51.852406 <... nanosleep resumed>NULL) = 0
[pid 216260] 11:21:51.852426 fcntl(12, F_GETFL <unfinished ...>
[pid 216261] 11:21:51.852446 nanosleep({tv_sec=0, tv_nsec=20000},  <unfinished ...>
[pid 216260] 11:21:51.852467 <... fcntl resumed>) = 0x220000 (flags O_RDONLY|O_NOFOLLOW|O_PATH)
[pid 216260] 11:21:51.852520 statx(13, "", AT_STATX_SYNC_AS_STAT|AT_SYMLINK_NOFOLLOW|AT_EMPTY_PATH, STATX_MNT_ID|STATX_MNT_ID_UNIQUE,  <unfinished ...>
[pid 216261] 11:21:51.852582 <... nanosleep resumed>NULL) = 0
[pid 216260] 11:21:51.852605 <... statx resumed>{stx_mask=STATX_BASIC_STATS|STATX_MNT_ID_UNIQUE, stx_attributes=STATX_ATTR_MOUNT_ROOT, stx_mode=S_IFDIR|0555, stx_size=0, ...}) = 0
[pid 216261] 11:21:51.852632 nanosleep({tv_sec=0, tv_nsec=20000},  <unfinished ...>
[pid 216260] 11:21:51.852686 statx(12, "", AT_STATX_SYNC_AS_STAT|AT_SYMLINK_NOFOLLOW|AT_EMPTY_PATH, STATX_MNT_ID|STATX_MNT_ID_UNIQUE,  <unfinished ...>
[pid 216261] 11:21:51.852766 <... nanosleep resumed>NULL) = 0
[pid 216260] 11:21:51.852784 <... statx resumed>{stx_mask=STATX_BASIC_STATS|STATX_MNT_ID_UNIQUE, stx_attributes=0, stx_mode=S_IFLNK|000, stx_size=64, ...}) = 0
[pid 216261] 11:21:51.852807 nanosleep({tv_sec=0, tv_nsec=20000},  <unfinished ...>
[pid 216260] 11:21:51.852828 readlinkat(12, "", "/home/sh1rogane/Anolix/rootfs/de"..., 4096) = 33
[pid 216261] 11:21:51.852929 <... nanosleep resumed>NULL) = 0
[pid 216260] 11:21:51.852953 close(12 <unfinished ...>
[pid 216261] 11:21:51.853022 nanosleep({tv_sec=0, tv_nsec=20000},  <unfinished ...>
[pid 216260] 11:21:51.853056 <... close resumed>) = 0
[pid 216260] 11:21:51.853119 fcntl(11, F_DUPFD_CLOEXEC, 0 <unfinished ...>
[pid 216261] 11:21:51.853159 <... nanosleep resumed>NULL) = 0
[pid 216260] 11:21:51.853181 <... fcntl resumed>) = 12
[pid 216261] 11:21:51.853205 nanosleep({tv_sec=0, tv_nsec=20000},  <unfinished ...>
[pid 216260] 11:21:51.853233 fcntl(12, F_GETFL) = 0x200000 (flags O_RDONLY|O_PATH)
[pid 216261] 11:21:51.853348 <... nanosleep resumed>NULL) = 0
[pid 216260] 11:21:51.853369 close(11 <unfinished ...>
[pid 216261] 11:21:51.853426 nanosleep({tv_sec=0, tv_nsec=20000},  <unfinished ...>
[pid 216260] 11:21:51.853454 <... close resumed>) = 0
[pid 216260] 11:21:51.853514 close(8 <unfinished ...>
[pid 216261] 11:21:51.853543 <... nanosleep resumed>NULL) = 0
[pid 216260] 11:21:51.853562 <... close resumed>) = 0
[pid 216261] 11:21:51.853588 nanosleep({tv_sec=0, tv_nsec=20000},  <unfinished ...>
[pid 216260] 11:21:51.853616 fstatfs(13, {f_type=PROC_SUPER_MAGIC, f_bsize=4096, f_blocks=0, f_bfree=0, f_bavail=0, f_files=0, f_ffree=0, f_fsid={val=[0x57, 0]}, f_namelen=255, f_frsize=4096, f_flags=ST_VALID|ST_NOSUID|ST_NODEV|ST_NOEXEC|ST_RELATIME}) = 0
[pid 216261] 11:21:51.853739 <... nanosleep resumed>NULL) = 0
[pid 216260] 11:21:51.853767 fstat(13,  <unfinished ...>
[pid 216261] 11:21:51.853819 nanosleep({tv_sec=0, tv_nsec=20000},  <unfinished ...>
[pid 216260] 11:21:51.853845 <... fstat resumed>{st_mode=S_IFDIR|0555, st_size=0, ...}) = 0
[pid 216260] 11:21:51.853904 openat2(AT_FDCWD, ".", {flags=O_RDONLY|O_CLOEXEC|O_PATH, resolve=RESOLVE_NO_SYMLINKS|RESOLVE_IN_ROOT}, 24 <unfinished ...>
[pid 216261] 11:21:51.853968 <... nanosleep resumed>NULL) = 0
[pid 216260] 11:21:51.853988 <... openat2 resumed>) = 8
[pid 216261] 11:21:51.854006 nanosleep({tv_sec=0, tv_nsec=20000},  <unfinished ...>
[pid 216260] 11:21:51.854065 close(8)   = 0
[pid 216261] 11:21:51.854142 <... nanosleep resumed>NULL) = 0
[pid 216260] 11:21:51.854174 openat2(13, "thread-self/fd/", {flags=O_RDONLY|O_NOFOLLOW|O_CLOEXEC|O_PATH, resolve=RESOLVE_NO_XDEV|RESOLVE_NO_MAGICLINKS|RESOLVE_BENEATH}, 24 <unfinished ...>
[pid 216261] 11:21:51.854218 nanosleep({tv_sec=0, tv_nsec=20000},  <unfinished ...>
[pid 216260] 11:21:51.854239 <... openat2 resumed>) = 8
[pid 216260] 11:21:51.854302 fcntl(8, F_GETFL <unfinished ...>
[pid 216261] 11:21:51.854344 <... nanosleep resumed>NULL) = 0
[pid 216260] 11:21:51.854368 <... fcntl resumed>) = 0x220000 (flags O_RDONLY|O_NOFOLLOW|O_PATH)
[pid 216261] 11:21:51.854390 nanosleep({tv_sec=0, tv_nsec=20000},  <unfinished ...>
[pid 216260] 11:21:51.854414 statx(13, "", AT_STATX_SYNC_AS_STAT|AT_SYMLINK_NOFOLLOW|AT_EMPTY_PATH, STATX_MNT_ID|STATX_MNT_ID_UNIQUE, {stx_mask=STATX_BASIC_STATS|STATX_MNT_ID_UNIQUE, stx_attributes=STATX_ATTR_MOUNT_ROOT, stx_mode=S_IFDIR|0555, stx_size=0, ...}) = 0
[pid 216261] 11:21:51.854522 <... nanosleep resumed>NULL) = 0
[pid 216260] 11:21:51.854556 statx(8, "12", AT_STATX_SYNC_AS_STAT|AT_SYMLINK_NOFOLLOW|AT_EMPTY_PATH, STATX_MNT_ID|STATX_MNT_ID_UNIQUE,  <unfinished ...>
[pid 216261] 11:21:51.854583 nanosleep({tv_sec=0, tv_nsec=20000},  <unfinished ...>
[pid 216260] 11:21:51.854609 <... statx resumed>{stx_mask=STATX_BASIC_STATS|STATX_MNT_ID_UNIQUE, stx_attributes=0, stx_mode=S_IFLNK|000, stx_size=64, ...}) = 0
[pid 216260] 11:21:51.854668 openat(8, "12", O_RDONLY|O_CLOEXEC|O_PATH <unfinished ...>
[pid 216261] 11:21:51.854735 <... nanosleep resumed>NULL) = 0
[pid 216260] 11:21:51.854754 <... openat resumed>) = 11
[pid 216261] 11:21:51.854775 nanosleep({tv_sec=0, tv_nsec=20000},  <unfinished ...>
[pid 216260] 11:21:51.854798 fcntl(11, F_GETFL) = 0x200000 (flags O_RDONLY|O_PATH)
[pid 216261] 11:21:51.854906 <... nanosleep resumed>NULL) = 0
[pid 216260] 11:21:51.854933 close(8 <unfinished ...>
[pid 216261] 11:21:51.854957 nanosleep({tv_sec=0, tv_nsec=20000},  <unfinished ...>
[pid 216260] 11:21:51.854982 <... close resumed>) = 0
[pid 216260] 11:21:51.855043 close(12 <unfinished ...>
[pid 216261] 11:21:51.855113 <... nanosleep resumed>NULL) = 0
[pid 216260] 11:21:51.855132 <... close resumed>) = 0
[pid 216261] 11:21:51.855171 epoll_pwait(9,  <unfinished ...>
[pid 216260] 11:21:51.855190 fstat(11,  <unfinished ...>
[pid 216261] 11:21:51.855213 <... epoll_pwait resumed>[], 128, 0, NULL, 0) = 0
[pid 216260] 11:21:51.855232 <... fstat resumed>{st_mode=S_IFDIR|0755, st_size=4096, ...}) = 0
[pid 216261] 11:21:51.855255 nanosleep({tv_sec=0, tv_nsec=20000},  <unfinished ...>
[pid 216260] 11:21:51.855291 fstatfs(13, {f_type=PROC_SUPER_MAGIC, f_bsize=4096, f_blocks=0, f_bfree=0, f_bavail=0, f_files=0, f_ffree=0, f_fsid={val=[0x57, 0]}, f_namelen=255, f_frsize=4096, f_flags=ST_VALID|ST_NOSUID|ST_NODEV|ST_NOEXEC|ST_RELATIME}) = 0
[pid 216260] 11:21:51.855392 fstat(13,  <unfinished ...>
[pid 216261] 11:21:51.855416 <... nanosleep resumed>NULL) = 0
[pid 216260] 11:21:51.855436 <... fstat resumed>{st_mode=S_IFDIR|0555, st_size=0, ...}) = 0
[pid 216261] 11:21:51.855459 nanosleep({tv_sec=0, tv_nsec=20000},  <unfinished ...>
[pid 216260] 11:21:51.855482 openat2(AT_FDCWD, ".", {flags=O_RDONLY|O_CLOEXEC|O_PATH, resolve=RESOLVE_NO_SYMLINKS|RESOLVE_IN_ROOT}, 24) = 8
[pid 216261] 11:21:51.855590 <... nanosleep resumed>NULL) = 0
[pid 216260] 11:21:51.855612 close(8 <unfinished ...>
[pid 216261] 11:21:51.855660 nanosleep({tv_sec=0, tv_nsec=20000},  <unfinished ...>
[pid 216260] 11:21:51.855699 <... close resumed>) = 0
[pid 216260] 11:21:51.855755 openat2(13, "thread-self/fd/11", {flags=O_RDONLY|O_NOFOLLOW|O_CLOEXEC|O_PATH, resolve=RESOLVE_NO_XDEV|RESOLVE_NO_MAGICLINKS|RESOLVE_BENEATH}, 24) = 8
[pid 216261] 11:21:51.855855 <... nanosleep resumed>NULL) = 0
[pid 216260] 11:21:51.855877 fcntl(8, F_GETFL <unfinished ...>
[pid 216261] 11:21:51.855943 nanosleep({tv_sec=0, tv_nsec=20000},  <unfinished ...>
[pid 216260] 11:21:51.855967 <... fcntl resumed>) = 0x220000 (flags O_RDONLY|O_NOFOLLOW|O_PATH)
[pid 216260] 11:21:51.856024 statx(13, "", AT_STATX_SYNC_AS_STAT|AT_SYMLINK_NOFOLLOW|AT_EMPTY_PATH, STATX_MNT_ID|STATX_MNT_ID_UNIQUE, {stx_mask=STATX_BASIC_STATS|STATX_MNT_ID_UNIQUE, stx_attributes=STATX_ATTR_MOUNT_ROOT, stx_mode=S_IFDIR|0555, stx_size=0, ...}) = 0
[pid 216261] 11:21:51.856117 <... nanosleep resumed>NULL) = 0
[pid 216260] 11:21:51.856151 statx(8, "", AT_STATX_SYNC_AS_STAT|AT_SYMLINK_NOFOLLOW|AT_EMPTY_PATH, STATX_MNT_ID|STATX_MNT_ID_UNIQUE,  <unfinished ...>
[pid 216261] 11:21:51.856184 nanosleep({tv_sec=0, tv_nsec=20000},  <unfinished ...>
[pid 216260] 11:21:51.856210 <... statx resumed>{stx_mask=STATX_BASIC_STATS|STATX_MNT_ID_UNIQUE, stx_attributes=0, stx_mode=S_IFLNK|000, stx_size=64, ...}) = 0
[pid 216260] 11:21:51.856288 readlinkat(8, "",  <unfinished ...>
[pid 216261] 11:21:51.856344 <... nanosleep resumed>NULL) = 0
[pid 216260] 11:21:51.856368 <... readlinkat resumed>"/home/sh1rogane/Anolix/rootfs/de"..., 4096) = 33
[pid 216261] 11:21:51.856403 nanosleep({tv_sec=0, tv_nsec=20000},  <unfinished ...>
[pid 216260] 11:21:51.856424 close(8)   = 0
[pid 216261] 11:21:51.856550 <... nanosleep resumed>NULL) = 0
[pid 216260] 11:21:51.856589 mount("tmpfs", "/proc/thread-self/fd/11", "tmpfs", MS_NOSUID|MS_STRICTATIME, "mode=0755,mode=755,size=65536k" <unfinished ...>
[pid 216261] 11:21:51.856619 nanosleep({tv_sec=0, tv_nsec=20000}, NULL) = 0
[pid 216261] 11:21:51.856821 futex(0xc00006d948, FUTEX_WAKE_PRIVATE, 1 <unfinished ...>
[pid 216260] 11:21:51.856842 <... mount resumed>) = 0
[pid 216261] 11:21:51.856861 <... futex resumed>) = 1
[pid 216263] 11:21:51.856881 <... futex resumed>) = 0
[pid 216261] 11:21:51.856899 nanosleep({tv_sec=0, tv_nsec=20000},  <unfinished ...>
[pid 216260] 11:21:51.856921 futex(0xeeaf80, FUTEX_WAIT_PRIVATE, 0, NULL <unfinished ...>
[pid 216263] 11:21:51.856944 futex(0xeeaf80, FUTEX_WAKE_PRIVATE, 1) = 0
[pid 216260] 11:21:51.857022 <... futex resumed>) = -1 EAGAIN (Resource temporarily unavailable)
[pid 216263] 11:21:51.857055 futex(0xc00006d948, FUTEX_WAIT_PRIVATE, 0, NULL <unfinished ...>
[pid 216261] 11:21:51.857074 <... nanosleep resumed>NULL) = 0
[pid 216260] 11:21:51.857093 fstatfs(13,  <unfinished ...>
[pid 216261] 11:21:51.857131 nanosleep({tv_sec=0, tv_nsec=20000},  <unfinished ...>
[pid 216260] 11:21:51.857151 <... fstatfs resumed>{f_type=PROC_SUPER_MAGIC, f_bsize=4096, f_blocks=0, f_bfree=0, f_bavail=0, f_files=0, f_ffree=0, f_fsid={val=[0x57, 0]}, f_namelen=255, f_frsize=4096, f_flags=ST_VALID|ST_NOSUID|ST_NODEV|ST_NOEXEC|ST_RELATIME}) = 0
[pid 216260] 11:21:51.857217 fstat(13,  <unfinished ...>
[pid 216261] 11:21:51.857305 <... nanosleep resumed>NULL) = 0
[pid 216260] 11:21:51.857330 <... fstat resumed>{st_mode=S_IFDIR|0555, st_size=0, ...}) = 0
[pid 216261] 11:21:51.857356 nanosleep({tv_sec=0, tv_nsec=20000},  <unfinished ...>
[pid 216260] 11:21:51.857379 openat2(AT_FDCWD, ".", {flags=O_RDONLY|O_CLOEXEC|O_PATH, resolve=RESOLVE_NO_SYMLINKS|RESOLVE_IN_ROOT}, 24) = 8
[pid 216261] 11:21:51.857495 <... nanosleep resumed>NULL) = 0
[pid 216260] 11:21:51.857521 close(8 <unfinished ...>
[pid 216261] 11:21:51.857581 nanosleep({tv_sec=0, tv_nsec=20000},  <unfinished ...>
[pid 216260] 11:21:51.857611 <... close resumed>) = 0
[pid 216260] 11:21:51.857685 openat2(13, "thread-self/fd/11", {flags=O_RDONLY|O_NOFOLLOW|O_CLOEXEC|O_PATH, resolve=RESOLVE_NO_XDEV|RESOLVE_NO_MAGICLINKS|RESOLVE_BENEATH}, 24 <unfinished ...>
[pid 216261] 11:21:51.857722 <... nanosleep resumed>NULL) = 0
[pid 216260] 11:21:51.857747 <... openat2 resumed>) = 8
[pid 216261] 11:21:51.857777 nanosleep({tv_sec=0, tv_nsec=20000},  <unfinished ...>
[pid 216260] 11:21:51.857840 fcntl(8, F_GETFL) = 0x220000 (flags O_RDONLY|O_NOFOLLOW|O_PATH)
[pid 216261] 11:21:51.857920 <... nanosleep resumed>NULL) = 0
[pid 216260] 11:21:51.857975 statx(13, "", AT_STATX_SYNC_AS_STAT|AT_SYMLINK_NOFOLLOW|AT_EMPTY_PATH, STATX_MNT_ID|STATX_MNT_ID_UNIQUE,  <unfinished ...>
[pid 216261] 11:21:51.858006 nanosleep({tv_sec=0, tv_nsec=20000},  <unfinished ...>
[pid 216260] 11:21:51.858027 <... statx resumed>{stx_mask=STATX_BASIC_STATS|STATX_MNT_ID_UNIQUE, stx_attributes=STATX_ATTR_MOUNT_ROOT, stx_mode=S_IFDIR|0555, stx_size=0, ...}) = 0
[pid 216260] 11:21:51.858093 statx(8, "", AT_STATX_SYNC_AS_STAT|AT_SYMLINK_NOFOLLOW|AT_EMPTY_PATH, STATX_MNT_ID|STATX_MNT_ID_UNIQUE,  <unfinished ...>
[pid 216261] 11:21:51.858141 <... nanosleep resumed>NULL) = 0
[pid 216260] 11:21:51.858164 <... statx resumed>{stx_mask=STATX_BASIC_STATS|STATX_MNT_ID_UNIQUE, stx_attributes=0, stx_mode=S_IFLNK|000, stx_size=64, ...}) = 0
[pid 216261] 11:21:51.858193 nanosleep({tv_sec=0, tv_nsec=20000},  <unfinished ...>
[pid 216260] 11:21:51.858220 readlinkat(8, "", "/home/sh1rogane/Anolix/rootfs/de"..., 4096) = 33
[pid 216261] 11:21:51.858335 <... nanosleep resumed>NULL) = 0
[pid 216260] 11:21:51.858353 close(8 <unfinished ...>
[pid 216261] 11:21:51.858392 nanosleep({tv_sec=0, tv_nsec=20000},  <unfinished ...>
[pid 216260] 11:21:51.858412 <... close resumed>) = 0
[pid 216260] 11:21:51.858465 openat(AT_FDCWD, "/home/sh1rogane/Anolix/rootfs", O_RDONLY|O_CLOEXEC|O_PATH|O_DIRECTORY <unfinished ...>
[pid 216261] 11:21:51.858531 <... nanosleep resumed>NULL) = 0
[pid 216260] 11:21:51.858549 <... openat resumed>) = 8
[pid 216261] 11:21:51.858568 nanosleep({tv_sec=0, tv_nsec=20000},  <unfinished ...>
[pid 216260] 11:21:51.858591 fcntl(8, F_GETFL) = 0x210000 (flags O_RDONLY|O_PATH|O_DIRECTORY)
[pid 216261] 11:21:51.858700 <... nanosleep resumed>NULL) = 0
[pid 216260] 11:21:51.858723 fcntl(8, F_SETFL, O_RDONLY|O_NONBLOCK|O_PATH|O_DIRECTORY <unfinished ...>
[pid 216261] 11:21:51.858791 nanosleep({tv_sec=0, tv_nsec=20000},  <unfinished ...>
[pid 216260] 11:21:51.858814 <... fcntl resumed>) = -1 EBADF (Bad file descriptor)
[pid 216260] 11:21:51.858877 openat2(8, "/dev", {flags=O_RDONLY|O_CLOEXEC|O_PATH, resolve=RESOLVE_NO_MAGICLINKS|RESOLVE_IN_ROOT}, 24 <unfinished ...>
[pid 216261] 11:21:51.858924 <... nanosleep resumed>NULL) = 0
[pid 216260] 11:21:51.858950 <... openat2 resumed>) = 12
[pid 216261] 11:21:51.858969 nanosleep({tv_sec=0, tv_nsec=20000},  <unfinished ...>
[pid 216260] 11:21:51.859014 fcntl(12, F_GETFL) = 0x200000 (flags O_RDONLY|O_PATH)
[pid 216261] 11:21:51.859098 <... nanosleep resumed>NULL) = 0
[pid 216260] 11:21:51.859122 fstatfs(13,  <unfinished ...>
[pid 216261] 11:21:51.859165 nanosleep({tv_sec=0, tv_nsec=20000},  <unfinished ...>
[pid 216260] 11:21:51.859188 <... fstatfs resumed>{f_type=PROC_SUPER_MAGIC, f_bsize=4096, f_blocks=0, f_bfree=0, f_bavail=0, f_files=0, f_ffree=0, f_fsid={val=[0x57, 0]}, f_namelen=255, f_frsize=4096, f_flags=ST_VALID|ST_NOSUID|ST_NODEV|ST_NOEXEC|ST_RELATIME}) = 0
[pid 216260] 11:21:51.859250 fstat(13,  <unfinished ...>
[pid 216261] 11:21:51.859311 <... nanosleep resumed>NULL) = 0
[pid 216260] 11:21:51.859331 <... fstat resumed>{st_mode=S_IFDIR|0555, st_size=0, ...}) = 0
[pid 216261] 11:21:51.859353 nanosleep({tv_sec=0, tv_nsec=20000},  <unfinished ...>
[pid 216260] 11:21:51.859402 openat2(AT_FDCWD, ".", {flags=O_RDONLY|O_CLOEXEC|O_PATH, resolve=RESOLVE_NO_SYMLINKS|RESOLVE_IN_ROOT}, 24) = 14
[pid 216261] 11:21:51.859520 <... nanosleep resumed>NULL) = 0
[pid 216260] 11:21:51.859541 close(14 <unfinished ...>
[pid 216261] 11:21:51.859564 nanosleep({tv_sec=0, tv_nsec=20000},  <unfinished ...>
[pid 216260] 11:21:51.859590 <... close resumed>) = 0
[pid 216260] 11:21:51.859644 openat2(13, "thread-self/fd/12", {flags=O_RDONLY|O_NOFOLLOW|O_CLOEXEC|O_PATH, resolve=RESOLVE_NO_XDEV|RESOLVE_NO_MAGICLINKS|RESOLVE_BENEATH}, 24 <unfinished ...>
[pid 216261] 11:21:51.859722 <... nanosleep resumed>NULL) = 0
[pid 216260] 11:21:51.859789 <... openat2 resumed>) = 14
[pid 216261] 11:21:51.859825 nanosleep({tv_sec=0, tv_nsec=20000},  <unfinished ...>
[pid 216260] 11:21:51.859854 fcntl(14, F_GETFL) = 0x220000 (flags O_RDONLY|O_NOFOLLOW|O_PATH)
[pid 216261] 11:21:51.859990 <... nanosleep resumed>NULL) = 0
[pid 216260] 11:21:51.860030 statx(13, "", AT_STATX_SYNC_AS_STAT|AT_SYMLINK_NOFOLLOW|AT_EMPTY_PATH, STATX_MNT_ID|STATX_MNT_ID_UNIQUE,  <unfinished ...>
[pid 216261] 11:21:51.860057 nanosleep({tv_sec=0, tv_nsec=20000},  <unfinished ...>
[pid 216260] 11:21:51.860080 <... statx resumed>{stx_mask=STATX_BASIC_STATS|STATX_MNT_ID_UNIQUE, stx_attributes=STATX_ATTR_MOUNT_ROOT, stx_mode=S_IFDIR|0555, stx_size=0, ...}) = 0
[pid 216260] 11:21:51.860149 statx(14, "", AT_STATX_SYNC_AS_STAT|AT_SYMLINK_NOFOLLOW|AT_EMPTY_PATH, STATX_MNT_ID|STATX_MNT_ID_UNIQUE,  <unfinished ...>
[pid 216261] 11:21:51.860192 <... nanosleep resumed>NULL) = 0
[pid 216260] 11:21:51.860215 <... statx resumed>{stx_mask=STATX_BASIC_STATS|STATX_MNT_ID_UNIQUE, stx_attributes=0, stx_mode=S_IFLNK|000, stx_size=64, ...}) = 0
[pid 216261] 11:21:51.860240 nanosleep({tv_sec=0, tv_nsec=20000},  <unfinished ...>
[pid 216260] 11:21:51.860264 readlinkat(14, "", "/home/sh1rogane/Anolix/rootfs/de"..., 4096) = 33
[pid 216261] 11:21:51.860381 <... nanosleep resumed>NULL) = 0
[pid 216260] 11:21:51.860414 close(14 <unfinished ...>
[pid 216261] 11:21:51.860432 nanosleep({tv_sec=0, tv_nsec=20000},  <unfinished ...>
[pid 216260] 11:21:51.860464 <... close resumed>) = 0
[pid 216260] 11:21:51.860532 fcntl(12, F_DUPFD_CLOEXEC, 0 <unfinished ...>
[pid 216261] 11:21:51.860593 <... nanosleep resumed>NULL) = 0
[pid 216260] 11:21:51.860612 <... fcntl resumed>) = 14
[pid 216261] 11:21:51.860650 nanosleep({tv_sec=0, tv_nsec=20000},  <unfinished ...>
[pid 216260] 11:21:51.860689 fcntl(14, F_GETFL) = 0x200000 (flags O_RDONLY|O_PATH)
[pid 216261] 11:21:51.860798 <... nanosleep resumed>NULL) = 0
[pid 216260] 11:21:51.860832 close(12 <unfinished ...>
[pid 216261] 11:21:51.860856 nanosleep({tv_sec=0, tv_nsec=20000},  <unfinished ...>
[pid 216260] 11:21:51.860882 <... close resumed>) = 0
[pid 216260] 11:21:51.860937 close(8 <unfinished ...>
[pid 216261] 11:21:51.861018 <... nanosleep resumed>NULL) = 0
[pid 216260] 11:21:51.861043 <... close resumed>) = 0
[pid 216261] 11:21:51.861065 nanosleep({tv_sec=0, tv_nsec=20000},  <unfinished ...>
[pid 216260] 11:21:51.861092 fstatfs(13, {f_type=PROC_SUPER_MAGIC, f_bsize=4096, f_blocks=0, f_bfree=0, f_bavail=0, f_files=0, f_ffree=0, f_fsid={val=[0x57, 0]}, f_namelen=255, f_frsize=4096, f_flags=ST_VALID|ST_NOSUID|ST_NODEV|ST_NOEXEC|ST_RELATIME}) = 0
[pid 216261] 11:21:51.861205 <... nanosleep resumed>NULL) = 0
[pid 216260] 11:21:51.861230 fstat(13,  <unfinished ...>
[pid 216261] 11:21:51.861270 nanosleep({tv_sec=0, tv_nsec=20000},  <unfinished ...>
[pid 216260] 11:21:51.861297 <... fstat resumed>{st_mode=S_IFDIR|0555, st_size=0, ...}) = 0
[pid 216260] 11:21:51.861356 openat2(AT_FDCWD, ".", {flags=O_RDONLY|O_CLOEXEC|O_PATH, resolve=RESOLVE_NO_SYMLINKS|RESOLVE_IN_ROOT}, 24 <unfinished ...>
[pid 216261] 11:21:51.861436 <... nanosleep resumed>NULL) = 0
[pid 216260] 11:21:51.861460 <... openat2 resumed>) = 8
[pid 216261] 11:21:51.861493 nanosleep({tv_sec=0, tv_nsec=20000},  <unfinished ...>
[pid 216260] 11:21:51.861521 close(8)   = 0
[pid 216261] 11:21:51.861641 <... nanosleep resumed>NULL) = 0
[pid 216260] 11:21:51.861669 openat2(13, "thread-self/fd/", {flags=O_RDONLY|O_NOFOLLOW|O_CLOEXEC|O_PATH, resolve=RESOLVE_NO_XDEV|RESOLVE_NO_MAGICLINKS|RESOLVE_BENEATH}, 24 <unfinished ...>
[pid 216261] 11:21:51.861698 nanosleep({tv_sec=0, tv_nsec=20000},  <unfinished ...>
[pid 216260] 11:21:51.861740 <... openat2 resumed>) = 8
[pid 216261] 11:21:51.862162 <... nanosleep resumed>NULL) = 0
[pid 216260] 11:21:51.862189 fcntl(8, F_GETFL <unfinished ...>
[pid 216261] 11:21:51.862225 nanosleep({tv_sec=0, tv_nsec=20000},  <unfinished ...>
[pid 216260] 11:21:51.862249 <... fcntl resumed>) = 0x220000 (flags O_RDONLY|O_NOFOLLOW|O_PATH)
[pid 216260] 11:21:51.862312 statx(13, "", AT_STATX_SYNC_AS_STAT|AT_SYMLINK_NOFOLLOW|AT_EMPTY_PATH, STATX_MNT_ID|STATX_MNT_ID_UNIQUE,  <unfinished ...>
[pid 216261] 11:21:51.862361 <... nanosleep resumed>NULL) = 0
[pid 216260] 11:21:51.862384 <... statx resumed>{stx_mask=STATX_BASIC_STATS|STATX_MNT_ID_UNIQUE, stx_attributes=STATX_ATTR_MOUNT_ROOT, stx_mode=S_IFDIR|0555, stx_size=0, ...}) = 0
[pid 216261] 11:21:51.862424 nanosleep({tv_sec=0, tv_nsec=20000},  <unfinished ...>
[pid 216260] 11:21:51.862449 statx(8, "14", AT_STATX_SYNC_AS_STAT|AT_SYMLINK_NOFOLLOW|AT_EMPTY_PATH, STATX_MNT_ID|STATX_MNT_ID_UNIQUE, {stx_mask=STATX_BASIC_STATS|STATX_MNT_ID_UNIQUE, stx_attributes=0, stx_mode=S_IFLNK|000, stx_size=64, ...}) = 0
[pid 216261] 11:21:51.862575 <... nanosleep resumed>NULL) = 0
[pid 216260] 11:21:51.862613 openat(8, "14", O_RDONLY|O_CLOEXEC|O_PATH <unfinished ...>
[pid 216261] 11:21:51.862636 nanosleep({tv_sec=0, tv_nsec=20000},  <unfinished ...>
[pid 216260] 11:21:51.862661 <... openat resumed>) = 12
[pid 216260] 11:21:51.862709 fcntl(12, F_GETFL <unfinished ...>
[pid 216261] 11:21:51.862767 <... nanosleep resumed>NULL) = 0
[pid 216260] 11:21:51.862789 <... fcntl resumed>) = 0x200000 (flags O_RDONLY|O_PATH)
[pid 216261] 11:21:51.862812 nanosleep({tv_sec=0, tv_nsec=20000},  <unfinished ...>
[pid 216260] 11:21:51.862850 close(8)   = 0
[pid 216260] 11:21:51.862979 close(14 <unfinished ...>
[pid 216261] 11:21:51.863030 <... nanosleep resumed>NULL) = 0
[pid 216260] 11:21:51.863053 <... close resumed>) = 0
[pid 216261] 11:21:51.863075 nanosleep({tv_sec=0, tv_nsec=20000},  <unfinished ...>
[pid 216260] 11:21:51.863118 fstatfs(13, {f_type=PROC_SUPER_MAGIC, f_bsize=4096, f_blocks=0, f_bfree=0, f_bavail=0, f_files=0, f_ffree=0, f_fsid={val=[0x57, 0]}, f_namelen=255, f_frsize=4096, f_flags=ST_VALID|ST_NOSUID|ST_NODEV|ST_NOEXEC|ST_RELATIME}) = 0
[pid 216261] 11:21:51.863242 <... nanosleep resumed>NULL) = 0
[pid 216260] 11:21:51.863276 fstat(13,  <unfinished ...>
[pid 216261] 11:21:51.863317 nanosleep({tv_sec=0, tv_nsec=20000},  <unfinished ...>
[pid 216260] 11:21:51.863343 <... fstat resumed>{st_mode=S_IFDIR|0555, st_size=0, ...}) = 0
[pid 216260] 11:21:51.863404 openat2(AT_FDCWD, ".", {flags=O_RDONLY|O_CLOEXEC|O_PATH, resolve=RESOLVE_NO_SYMLINKS|RESOLVE_IN_ROOT}, 24 <unfinished ...>
[pid 216261] 11:21:51.863468 <... nanosleep resumed>NULL) = 0
[pid 216260] 11:21:51.863489 <... openat2 resumed>) = 8
[pid 216261] 11:21:51.863513 nanosleep({tv_sec=0, tv_nsec=20000},  <unfinished ...>
[pid 216260] 11:21:51.863536 close(8)   = 0
[pid 216261] 11:21:51.863645 <... nanosleep resumed>NULL) = 0
[pid 216260] 11:21:51.863679 openat2(13, "thread-self/fd/12", {flags=O_RDONLY|O_NOFOLLOW|O_CLOEXEC|O_PATH, resolve=RESOLVE_NO_XDEV|RESOLVE_NO_MAGICLINKS|RESOLVE_BENEATH}, 24 <unfinished ...>
[pid 216261] 11:21:51.863704 nanosleep({tv_sec=0, tv_nsec=20000},  <unfinished ...>
[pid 216260] 11:21:51.863749 <... openat2 resumed>) = 8
[pid 216260] 11:21:51.863799 fcntl(8, F_GETFL <unfinished ...>
[pid 216261] 11:21:51.863845 <... nanosleep resumed>NULL) = 0
[pid 216260] 11:21:51.863862 <... fcntl resumed>) = 0x220000 (flags O_RDONLY|O_NOFOLLOW|O_PATH)
[pid 216261] 11:21:51.863892 nanosleep({tv_sec=0, tv_nsec=20000},  <unfinished ...>
[pid 216260] 11:21:51.863940 statx(13, "", AT_STATX_SYNC_AS_STAT|AT_SYMLINK_NOFOLLOW|AT_EMPTY_PATH, STATX_MNT_ID|STATX_MNT_ID_UNIQUE, {stx_mask=STATX_BASIC_STATS|STATX_MNT_ID_UNIQUE, stx_attributes=STATX_ATTR_MOUNT_ROOT, stx_mode=S_IFDIR|0555, stx_size=0, ...}) = 0
[pid 216261] 11:21:51.864052 <... nanosleep resumed>NULL) = 0
[pid 216260] 11:21:51.864074 statx(8, "", AT_STATX_SYNC_AS_STAT|AT_SYMLINK_NOFOLLOW|AT_EMPTY_PATH, STATX_MNT_ID|STATX_MNT_ID_UNIQUE,  <unfinished ...>
[pid 216261] 11:21:51.864096 nanosleep({tv_sec=0, tv_nsec=20000},  <unfinished ...>
[pid 216260] 11:21:51.864118 <... statx resumed>{stx_mask=STATX_BASIC_STATS|STATX_MNT_ID_UNIQUE, stx_attributes=0, stx_mode=S_IFLNK|000, stx_size=64, ...}) = 0
[pid 216260] 11:21:51.864201 readlinkat(8, "",  <unfinished ...>
[pid 216261] 11:21:51.864247 <... nanosleep resumed>NULL) = 0
[pid 216260] 11:21:51.864267 <... readlinkat resumed>"/home/sh1rogane/Anolix/rootfs/de"..., 4096) = 33
[pid 216261] 11:21:51.864290 nanosleep({tv_sec=0, tv_nsec=20000},  <unfinished ...>
[pid 216260] 11:21:51.864316 close(8)   = 0
[pid 216261] 11:21:51.864440 <... nanosleep resumed>NULL) = 0
[pid 216260] 11:21:51.864484 close(11 <unfinished ...>
[pid 216261] 11:21:51.864509 nanosleep({tv_sec=0, tv_nsec=20000},  <unfinished ...>
[pid 216260] 11:21:51.864538 <... close resumed>) = 0
[pid 216260] 11:21:51.864603 close(12 <unfinished ...>
[pid 216261] 11:21:51.864662 <... nanosleep resumed>NULL) = 0
[pid 216260] 11:21:51.864686 <... close resumed>) = 0
[pid 216261] 11:21:51.864729 nanosleep({tv_sec=0, tv_nsec=20000},  <unfinished ...>
[pid 216260] 11:21:51.864764 openat(AT_FDCWD, "/home/sh1rogane/Anolix/rootfs", O_RDONLY|O_CLOEXEC|O_PATH|O_DIRECTORY) = 8
[pid 216260] 11:21:51.864867 fcntl(8, F_GETFL <unfinished ...>
[pid 216261] 11:21:51.864904 <... nanosleep resumed>NULL) = 0
[pid 216260] 11:21:51.864926 <... fcntl resumed>) = 0x210000 (flags O_RDONLY|O_PATH|O_DIRECTORY)
[pid 216261] 11:21:51.864948 nanosleep({tv_sec=0, tv_nsec=20000},  <unfinished ...>
[pid 216260] 11:21:51.864972 fcntl(8, F_SETFL, O_RDONLY|O_NONBLOCK|O_PATH|O_DIRECTORY) = -1 EBADF (Bad file descriptor)
[pid 216261] 11:21:51.865185 <... nanosleep resumed>NULL) = 0
[pid 216260] 11:21:51.865250 openat2(8, "/dev/pts", {flags=O_RDONLY|O_CLOEXEC|O_PATH, resolve=RESOLVE_NO_MAGICLINKS|RESOLVE_IN_ROOT}, 24 <unfinished ...>
[pid 216261] 11:21:51.865333 epoll_pwait(9,  <unfinished ...>
[pid 216260] 11:21:51.865356 <... openat2 resumed>) = -1 ENOENT (No such file or directory)
[pid 216261] 11:21:51.865381 <... epoll_pwait resumed>[], 128, 0, NULL, 0) = 0
[pid 216261] 11:21:51.865442 nanosleep({tv_sec=0, tv_nsec=20000},  <unfinished ...>
[pid 216260] 11:21:51.865491 openat2(AT_FDCWD, ".", {flags=O_RDONLY|O_CLOEXEC|O_PATH, resolve=RESOLVE_NO_SYMLINKS|RESOLVE_IN_ROOT}, 24) = 11
[pid 216261] 11:21:51.865642 <... nanosleep resumed>NULL) = 0
[pid 216260] 11:21:51.865683 close(11 <unfinished ...>
[pid 216261] 11:21:51.865738 nanosleep({tv_sec=0, tv_nsec=20000},  <unfinished ...>
[pid 216260] 11:21:51.865871 <... close resumed>) = 0
[pid 216261] 11:21:51.865944 <... nanosleep resumed>NULL) = 0
[pid 216260] 11:21:51.865963 close(8 <unfinished ...>
[pid 216261] 11:21:51.866015 nanosleep({tv_sec=0, tv_nsec=20000},  <unfinished ...>
[pid 216260] 11:21:51.866039 <... close resumed>) = 0
[pid 216260] 11:21:51.866102 newfstatat(AT_FDCWD, "/home/sh1rogane/Anolix/rootfs//dev",  <unfinished ...>
[pid 216261] 11:21:51.866173 <... nanosleep resumed>NULL) = 0
[pid 216260] 11:21:51.866194 <... newfstatat resumed>{st_mode=S_IFDIR|0755, st_size=40, ...}, AT_SYMLINK_NOFOLLOW) = 0
[pid 216261] 11:21:51.866222 nanosleep({tv_sec=0, tv_nsec=20000},  <unfinished ...>
[pid 216260] 11:21:51.866247 newfstatat(AT_FDCWD, "/home/sh1rogane/Anolix/rootfs//dev/pts", 0xc0000c57c8, AT_SYMLINK_NOFOLLOW) = -1 ENOENT (No such file or directory)
[pid 216261] 11:21:51.866365 <... nanosleep resumed>NULL) = 0
[pid 216260] 11:21:51.866389 openat(AT_FDCWD, "/home/sh1rogane/Anolix/rootfs", O_RDONLY|O_CLOEXEC|O_DIRECTORY <unfinished ...>
[pid 216261] 11:21:51.866415 nanosleep({tv_sec=0, tv_nsec=20000},  <unfinished ...>
[pid 216260] 11:21:51.866452 <... openat resumed>) = 8
[pid 216260] 11:21:51.866506 fcntl(8, F_GETFL <unfinished ...>
[pid 216261] 11:21:51.866593 <... nanosleep resumed>NULL) = 0
[pid 216260] 11:21:51.866619 <... fcntl resumed>) = 0x18000 (flags O_RDONLY|O_LARGEFILE|O_DIRECTORY)
[pid 216261] 11:21:51.866642 nanosleep({tv_sec=0, tv_nsec=20000},  <unfinished ...>
[pid 216260] 11:21:51.866664 fcntl(8, F_SETFL, O_RDONLY|O_NONBLOCK|O_LARGEFILE|O_DIRECTORY) = 0
[pid 216261] 11:21:51.866770 <... nanosleep resumed>NULL) = 0
[pid 216260] 11:21:51.866793 epoll_ctl(9, EPOLL_CTL_ADD, 8, {events=EPOLLIN|EPOLLOUT|EPOLLRDHUP|EPOLLET, data={u32=1592786950, u64=8212740833262174214}} <unfinished ...>
[pid 216261] 11:21:51.866818 nanosleep({tv_sec=0, tv_nsec=20000},  <unfinished ...>
[pid 216260] 11:21:51.866837 <... epoll_ctl resumed>) = -1 EPERM (Operation not permitted)
[pid 216260] 11:21:51.866891 fcntl(8, F_GETFL <unfinished ...>
[pid 216261] 11:21:51.866955 <... nanosleep resumed>NULL) = 0
[pid 216260] 11:21:51.866974 <... fcntl resumed>) = 0x18800 (flags O_RDONLY|O_NONBLOCK|O_LARGEFILE|O_DIRECTORY)
[pid 216261] 11:21:51.867023 nanosleep({tv_sec=0, tv_nsec=20000},  <unfinished ...>
[pid 216260] 11:21:51.867049 fcntl(8, F_SETFL, O_RDONLY|O_LARGEFILE|O_DIRECTORY) = 0
[pid 216261] 11:21:51.867162 <... nanosleep resumed>NULL) = 0
[pid 216260] 11:21:51.867190 openat2(8, "/dev/pts", {flags=O_RDONLY|O_CLOEXEC|O_PATH, resolve=RESOLVE_NO_MAGICLINKS|RESOLVE_IN_ROOT}, 24 <unfinished ...>
[pid 216261] 11:21:51.867215 futex(0xc00006d948, FUTEX_WAKE_PRIVATE, 1 <unfinished ...>
[pid 216260] 11:21:51.867235 <... openat2 resumed>) = -1 ENOENT (No such file or directory)
[pid 216263] 11:21:51.867280 <... futex resumed>) = 0
[pid 216261] 11:21:51.867313 <... futex resumed>) = 1
[pid 216260] 11:21:51.867330 futex(0xeeaf80, FUTEX_WAIT_PRIVATE, 0, NULL <unfinished ...>
[pid 216263] 11:21:51.867349 futex(0xeeaf80, FUTEX_WAKE_PRIVATE, 1 <unfinished ...>
[pid 216261] 11:21:51.867368 nanosleep({tv_sec=0, tv_nsec=20000},  <unfinished ...>
[pid 216260] 11:21:51.867388 <... futex resumed>) = -1 EAGAIN (Resource temporarily unavailable)
[pid 216263] 11:21:51.867410 <... futex resumed>) = 0
[pid 216263] 11:21:51.867467 futex(0xc00006d948, FUTEX_WAIT_PRIVATE, 0, NULL <unfinished ...>
[pid 216260] 11:21:51.867502 openat2(8, "/dev", {flags=O_RDONLY|O_CLOEXEC|O_PATH, resolve=RESOLVE_NO_MAGICLINKS|RESOLVE_IN_ROOT}, 24 <unfinished ...>
[pid 216261] 11:21:51.867529 <... nanosleep resumed>NULL) = 0
[pid 216260] 11:21:51.867548 <... openat2 resumed>) = 11
[pid 216261] 11:21:51.867567 nanosleep({tv_sec=0, tv_nsec=20000},  <unfinished ...>
[pid 216260] 11:21:51.867590 fcntl(11, F_GETFL) = 0x200000 (flags O_RDONLY|O_PATH)
[pid 216261] 11:21:51.867721 <... nanosleep resumed>NULL) = 0
[pid 216260] 11:21:51.867746 fstatfs(13,  <unfinished ...>
[pid 216261] 11:21:51.867765 nanosleep({tv_sec=0, tv_nsec=20000},  <unfinished ...>
[pid 216260] 11:21:51.867795 <... fstatfs resumed>{f_type=PROC_SUPER_MAGIC, f_bsize=4096, f_blocks=0, f_bfree=0, f_bavail=0, f_files=0, f_ffree=0, f_fsid={val=[0x57, 0]}, f_namelen=255, f_frsize=4096, f_flags=ST_VALID|ST_NOSUID|ST_NODEV|ST_NOEXEC|ST_RELATIME}) = 0
[pid 216260] 11:21:51.867870 fstat(13,  <unfinished ...>
[pid 216261] 11:21:51.867908 <... nanosleep resumed>NULL) = 0
[pid 216260] 11:21:51.867927 <... fstat resumed>{st_mode=S_IFDIR|0555, st_size=0, ...}) = 0
[pid 216261] 11:21:51.867948 nanosleep({tv_sec=0, tv_nsec=20000},  <unfinished ...>
[pid 216260] 11:21:51.867970 openat2(AT_FDCWD, ".", {flags=O_RDONLY|O_CLOEXEC|O_PATH, resolve=RESOLVE_NO_SYMLINKS|RESOLVE_IN_ROOT}, 24 <unfinished ...>
[pid 216261] 11:21:51.868108 <... nanosleep resumed>NULL) = 0
[pid 216260] 11:21:51.868137 <... openat2 resumed>) = 12
[pid 216261] 11:21:51.868194 nanosleep({tv_sec=0, tv_nsec=20000},  <unfinished ...>
[pid 216260] 11:21:51.868218 close(12)  = 0
[pid 216260] 11:21:51.868345 openat2(13, "thread-self/fd/11", {flags=O_RDONLY|O_NOFOLLOW|O_CLOEXEC|O_PATH, resolve=RESOLVE_NO_XDEV|RESOLVE_NO_MAGICLINKS|RESOLVE_BENEATH}, 24 <unfinished ...>
[pid 216261] 11:21:51.868377 <... nanosleep resumed>NULL) = 0
[pid 216261] 11:21:51.868431 nanosleep({tv_sec=0, tv_nsec=20000},  <unfinished ...>
[pid 216260] 11:21:51.868471 <... openat2 resumed>) = 12
[pid 216260] 11:21:51.868522 fcntl(12, F_GETFL <unfinished ...>
[pid 216261] 11:21:51.868598 <... nanosleep resumed>NULL) = 0
[pid 216260] 11:21:51.868616 <... fcntl resumed>) = 0x220000 (flags O_RDONLY|O_NOFOLLOW|O_PATH)
[pid 216261] 11:21:51.868663 nanosleep({tv_sec=0, tv_nsec=20000},  <unfinished ...>
[pid 216260] 11:21:51.868688 statx(13, "", AT_STATX_SYNC_AS_STAT|AT_SYMLINK_NOFOLLOW|AT_EMPTY_PATH, STATX_MNT_ID|STATX_MNT_ID_UNIQUE, {stx_mask=STATX_BASIC_STATS|STATX_MNT_ID_UNIQUE, stx_attributes=STATX_ATTR_MOUNT_ROOT, stx_mode=S_IFDIR|0555, stx_size=0, ...}) = 0
[pid 216261] 11:21:51.868813 <... nanosleep resumed>NULL) = 0
[pid 216260] 11:21:51.868836 statx(12, "", AT_STATX_SYNC_AS_STAT|AT_SYMLINK_NOFOLLOW|AT_EMPTY_PATH, STATX_MNT_ID|STATX_MNT_ID_UNIQUE,  <unfinished ...>
[pid 216261] 11:21:51.868859 nanosleep({tv_sec=0, tv_nsec=20000},  <unfinished ...>
[pid 216260] 11:21:51.868882 <... statx resumed>{stx_mask=STATX_BASIC_STATS|STATX_MNT_ID_UNIQUE, stx_attributes=0, stx_mode=S_IFLNK|000, stx_size=64, ...}) = 0
[pid 216260] 11:21:51.868971 readlinkat(12, "",  <unfinished ...>
[pid 216261] 11:21:51.869015 <... nanosleep resumed>NULL) = 0
[pid 216260] 11:21:51.869043 <... readlinkat resumed>"/home/sh1rogane/Anolix/rootfs/de"..., 4096) = 33
[pid 216261] 11:21:51.869068 nanosleep({tv_sec=0, tv_nsec=20000},  <unfinished ...>
[pid 216260] 11:21:51.869094 close(12)  = 0
[pid 216261] 11:21:51.869216 <... nanosleep resumed>NULL) = 0
[pid 216260] 11:21:51.869240 fcntl(11, F_DUPFD_CLOEXEC, 0 <unfinished ...>
[pid 216261] 11:21:51.869277 nanosleep({tv_sec=0, tv_nsec=20000},  <unfinished ...>
[pid 216260] 11:21:51.869300 <... fcntl resumed>) = 12
[pid 216260] 11:21:51.869342 fcntl(12, F_GETFL) = 0x200000 (flags O_RDONLY|O_PATH)
[pid 216261] 11:21:51.869415 <... nanosleep resumed>NULL) = 0
[pid 216260] 11:21:51.869437 close(11 <unfinished ...>
[pid 216261] 11:21:51.869459 nanosleep({tv_sec=0, tv_nsec=20000},  <unfinished ...>
[pid 216260] 11:21:51.869481 <... close resumed>) = 0
[pid 216260] 11:21:51.869525 openat2(AT_FDCWD, ".", {flags=O_RDONLY|O_CLOEXEC|O_PATH, resolve=RESOLVE_NO_SYMLINKS|RESOLVE_IN_ROOT}, 24 <unfinished ...>
[pid 216261] 11:21:51.869597 <... nanosleep resumed>NULL) = 0
[pid 216260] 11:21:51.869616 <... openat2 resumed>) = 11
[pid 216261] 11:21:51.869656 nanosleep({tv_sec=0, tv_nsec=20000},  <unfinished ...>
[pid 216260] 11:21:51.869676 close(11)  = 0
[pid 216261] 11:21:51.869819 <... nanosleep resumed>NULL) = 0
[pid 216260] 11:21:51.869850 fstat(12,  <unfinished ...>
[pid 216261] 11:21:51.869880 nanosleep({tv_sec=0, tv_nsec=20000},  <unfinished ...>
[pid 216260] 11:21:51.869906 <... fstat resumed>{st_mode=S_IFDIR|0755, st_size=40, ...}) = 0
[pid 216260] 11:21:51.869966 fstatfs(13,  <unfinished ...>
[pid 216261] 11:21:51.870064 <... nanosleep resumed>NULL) = 0
[pid 216260] 11:21:51.870088 <... fstatfs resumed>{f_type=PROC_SUPER_MAGIC, f_bsize=4096, f_blocks=0, f_bfree=0, f_bavail=0, f_files=0, f_ffree=0, f_fsid={val=[0x57, 0]}, f_namelen=255, f_frsize=4096, f_flags=ST_VALID|ST_NOSUID|ST_NODEV|ST_NOEXEC|ST_RELATIME}) = 0
[pid 216261] 11:21:51.870117 nanosleep({tv_sec=0, tv_nsec=20000},  <unfinished ...>
[pid 216260] 11:21:51.870140 fstat(13, {st_mode=S_IFDIR|0555, st_size=0, ...}) = 0
[pid 216261] 11:21:51.870264 <... nanosleep resumed>NULL) = 0
[pid 216260] 11:21:51.870285 openat2(AT_FDCWD, ".", {flags=O_RDONLY|O_CLOEXEC|O_PATH, resolve=RESOLVE_NO_SYMLINKS|RESOLVE_IN_ROOT}, 24 <unfinished ...>
[pid 216261] 11:21:51.870312 nanosleep({tv_sec=0, tv_nsec=20000},  <unfinished ...>
[pid 216260] 11:21:51.870340 <... openat2 resumed>) = 11
[pid 216260] 11:21:51.870387 close(11)  = 0
[pid 216261] 11:21:51.870472 <... nanosleep resumed>NULL) = 0
[pid 216260] 11:21:51.870498 openat2(13, "thread-self/fd/", {flags=O_RDONLY|O_NOFOLLOW|O_CLOEXEC|O_PATH, resolve=RESOLVE_NO_XDEV|RESOLVE_NO_MAGICLINKS|RESOLVE_BENEATH}, 24 <unfinished ...>
[pid 216261] 11:21:51.870527 nanosleep({tv_sec=0, tv_nsec=20000},  <unfinished ...>
[pid 216260] 11:21:51.870552 <... openat2 resumed>) = 11
[pid 216260] 11:21:51.870612 fcntl(11, F_GETFL <unfinished ...>
[pid 216261] 11:21:51.870679 <... nanosleep resumed>NULL) = 0
[pid 216260] 11:21:51.870702 <... fcntl resumed>) = 0x220000 (flags O_RDONLY|O_NOFOLLOW|O_PATH)
[pid 216261] 11:21:51.870742 nanosleep({tv_sec=0, tv_nsec=20000},  <unfinished ...>
[pid 216260] 11:21:51.870784 statx(13, "", AT_STATX_SYNC_AS_STAT|AT_SYMLINK_NOFOLLOW|AT_EMPTY_PATH, STATX_MNT_ID|STATX_MNT_ID_UNIQUE, {stx_mask=STATX_BASIC_STATS|STATX_MNT_ID_UNIQUE, stx_attributes=STATX_ATTR_MOUNT_ROOT, stx_mode=S_IFDIR|0555, stx_size=0, ...}) = 0
[pid 216261] 11:21:51.870912 <... nanosleep resumed>NULL) = 0
[pid 216260] 11:21:51.870952 statx(11, "12", AT_STATX_SYNC_AS_STAT|AT_SYMLINK_NOFOLLOW|AT_EMPTY_PATH, STATX_MNT_ID|STATX_MNT_ID_UNIQUE,  <unfinished ...>
[pid 216261] 11:21:51.870981 nanosleep({tv_sec=0, tv_nsec=20000},  <unfinished ...>
[pid 216260] 11:21:51.871002 <... statx resumed>{stx_mask=STATX_BASIC_STATS|STATX_MNT_ID_UNIQUE, stx_attributes=0, stx_mode=S_IFLNK|000, stx_size=64, ...}) = 0
[pid 216260] 11:21:51.871070 openat(11, "12", O_RDONLY|O_CLOEXEC|O_DIRECTORY <unfinished ...>
[pid 216261] 11:21:51.871103 <... nanosleep resumed>NULL) = 0
[pid 216260] 11:21:51.871122 <... openat resumed>) = 14
[pid 216261] 11:21:51.871141 nanosleep({tv_sec=0, tv_nsec=20000},  <unfinished ...>
[pid 216260] 11:21:51.871161 fcntl(14, F_GETFL) = 0x18000 (flags O_RDONLY|O_LARGEFILE|O_DIRECTORY)
[pid 216261] 11:21:51.871282 <... nanosleep resumed>NULL) = 0
[pid 216260] 11:21:51.871304 close(11 <unfinished ...>
[pid 216261] 11:21:51.871327 nanosleep({tv_sec=0, tv_nsec=20000},  <unfinished ...>
[pid 216260] 11:21:51.871351 <... close resumed>) = 0
[pid 216260] 11:21:51.871410 close(12 <unfinished ...>
[pid 216261] 11:21:51.871474 <... nanosleep resumed>NULL) = 0
[pid 216260] 11:21:51.871495 <... close resumed>) = 0
[pid 216261] 11:21:51.871517 nanosleep({tv_sec=0, tv_nsec=20000},  <unfinished ...>
[pid 216260] 11:21:51.871550 mkdirat(14, "pts", 0755 <unfinished ...>
[pid 216261] 11:21:51.871674 <... nanosleep resumed>NULL) = 0
[pid 216260] 11:21:51.871692 <... mkdirat resumed>) = 0
[pid 216261] 11:21:51.871710 nanosleep({tv_sec=0, tv_nsec=20000},  <unfinished ...>
[pid 216260] 11:21:51.871731 openat2(AT_FDCWD, ".", {flags=O_RDONLY|O_CLOEXEC|O_PATH, resolve=RESOLVE_NO_SYMLINKS|RESOLVE_IN_ROOT}, 24) = 11
[pid 216261] 11:21:51.871837 <... nanosleep resumed>NULL) = 0
[pid 216260] 11:21:51.871868 close(11 <unfinished ...>
[pid 216261] 11:21:51.871891 nanosleep({tv_sec=0, tv_nsec=20000},  <unfinished ...>
[pid 216260] 11:21:51.871912 <... close resumed>) = 0
[pid 216260] 11:21:51.871959 openat2(14, "pts", {flags=O_RDONLY|O_NOFOLLOW|O_CLOEXEC|O_DIRECTORY, resolve=RESOLVE_NO_XDEV|RESOLVE_NO_SYMLINKS|RESOLVE_BENEATH}, 24 <unfinished ...>
[pid 216261] 11:21:51.872037 <... nanosleep resumed>NULL) = 0
[pid 216260] 11:21:51.872059 <... openat2 resumed>) = 11
[pid 216261] 11:21:51.872101 nanosleep({tv_sec=0, tv_nsec=20000},  <unfinished ...>
[pid 216260] 11:21:51.872125 fcntl(11, F_GETFL) = 0x38000 (flags O_RDONLY|O_LARGEFILE|O_NOFOLLOW|O_DIRECTORY)
[pid 216261] 11:21:51.872239 <... nanosleep resumed>NULL) = 0
[pid 216260] 11:21:51.872259 close(14 <unfinished ...>
[pid 216261] 11:21:51.872283 nanosleep({tv_sec=0, tv_nsec=20000},  <unfinished ...>
[pid 216260] 11:21:51.872324 <... close resumed>) = 0
[pid 216260] 11:21:51.872376 close(8 <unfinished ...>
[pid 216261] 11:21:51.872454 <... nanosleep resumed>NULL) = 0
[pid 216260] 11:21:51.872476 <... close resumed>) = 0
[pid 216261] 11:21:51.872496 nanosleep({tv_sec=0, tv_nsec=20000},  <unfinished ...>
[pid 216260] 11:21:51.872525 fstatfs(13, {f_type=PROC_SUPER_MAGIC, f_bsize=4096, f_blocks=0, f_bfree=0, f_bavail=0, f_files=0, f_ffree=0, f_fsid={val=[0x57, 0]}, f_namelen=255, f_frsize=4096, f_flags=ST_VALID|ST_NOSUID|ST_NODEV|ST_NOEXEC|ST_RELATIME}) = 0
[pid 216261] 11:21:51.872632 <... nanosleep resumed>NULL) = 0
[pid 216260] 11:21:51.872656 fstat(13,  <unfinished ...>
[pid 216261] 11:21:51.872677 nanosleep({tv_sec=0, tv_nsec=20000},  <unfinished ...>
[pid 216260] 11:21:51.872699 <... fstat resumed>{st_mode=S_IFDIR|0555, st_size=0, ...}) = 0
[pid 216260] 11:21:51.872765 openat2(AT_FDCWD, ".", {flags=O_RDONLY|O_CLOEXEC|O_PATH, resolve=RESOLVE_NO_SYMLINKS|RESOLVE_IN_ROOT}, 24 <unfinished ...>
[pid 216261] 11:21:51.872821 <... nanosleep resumed>NULL) = 0
[pid 216260] 11:21:51.872846 <... openat2 resumed>) = 8
[pid 216261] 11:21:51.872869 nanosleep({tv_sec=0, tv_nsec=20000},  <unfinished ...>
[pid 216260] 11:21:51.872895 close(8)   = 0
[pid 216261] 11:21:51.873020 <... nanosleep resumed>NULL) = 0
[pid 216260] 11:21:51.873060 openat2(13, "thread-self/fd/11", {flags=O_RDONLY|O_NOFOLLOW|O_CLOEXEC|O_PATH, resolve=RESOLVE_NO_XDEV|RESOLVE_NO_MAGICLINKS|RESOLVE_BENEATH}, 24 <unfinished ...>
[pid 216261] 11:21:51.873087 nanosleep({tv_sec=0, tv_nsec=20000},  <unfinished ...>
[pid 216260] 11:21:51.873108 <... openat2 resumed>) = 8
[pid 216260] 11:21:51.873156 fcntl(8, F_GETFL <unfinished ...>
[pid 216261] 11:21:51.873223 <... nanosleep resumed>NULL) = 0
[pid 216260] 11:21:51.873241 <... fcntl resumed>) = 0x220000 (flags O_RDONLY|O_NOFOLLOW|O_PATH)
[pid 216261] 11:21:51.873261 nanosleep({tv_sec=0, tv_nsec=20000},  <unfinished ...>
[pid 216260] 11:21:51.873299 statx(13, "", AT_STATX_SYNC_AS_STAT|AT_SYMLINK_NOFOLLOW|AT_EMPTY_PATH, STATX_MNT_ID|STATX_MNT_ID_UNIQUE, {stx_mask=STATX_BASIC_STATS|STATX_MNT_ID_UNIQUE, stx_attributes=STATX_ATTR_MOUNT_ROOT, stx_mode=S_IFDIR|0555, stx_size=0, ...}) = 0
[pid 216261] 11:21:51.873401 <... nanosleep resumed>NULL) = 0
[pid 216260] 11:21:51.873420 statx(8, "", AT_STATX_SYNC_AS_STAT|AT_SYMLINK_NOFOLLOW|AT_EMPTY_PATH, STATX_MNT_ID|STATX_MNT_ID_UNIQUE,  <unfinished ...>
[pid 216261] 11:21:51.873464 nanosleep({tv_sec=0, tv_nsec=20000},  <unfinished ...>
[pid 216260] 11:21:51.873500 <... statx resumed>{stx_mask=STATX_BASIC_STATS|STATX_MNT_ID_UNIQUE, stx_attributes=0, stx_mode=S_IFLNK|0500, stx_size=64, ...}) = 0
[pid 216260] 11:21:51.873572 readlinkat(8, "",  <unfinished ...>
[pid 216261] 11:21:51.873597 <... nanosleep resumed>NULL) = 0
[pid 216260] 11:21:51.873619 <... readlinkat resumed>"/home/sh1rogane/Anolix/rootfs/de"..., 4096) = 37
[pid 216261] 11:21:51.873659 nanosleep({tv_sec=0, tv_nsec=20000},  <unfinished ...>
[pid 216260] 11:21:51.873686 close(8)   = 0
[pid 216261] 11:21:51.873836 <... nanosleep resumed>NULL) = 0
[pid 216260] 11:21:51.873874 mount("devpts", "/proc/thread-self/fd/11", "devpts", MS_NOSUID|MS_NOEXEC, "newinstance,ptmxmode=0666,mode=0"... <unfinished ...>
[pid 216261] 11:21:51.873904 nanosleep({tv_sec=0, tv_nsec=20000}, NULL) = 0
[pid 216261] 11:21:51.874100 futex(0xc00006d948, FUTEX_WAKE_PRIVATE, 1 <unfinished ...>
[pid 216263] 11:21:51.874186 <... futex resumed>) = 0
[pid 216261] 11:21:51.874218 <... futex resumed>) = 1
[pid 216263] 11:21:51.874283 futex(0xc00006d948, FUTEX_WAIT_PRIVATE, 0, NULL <unfinished ...>
[pid 216261] 11:21:51.874321 nanosleep({tv_sec=0, tv_nsec=20000},  <unfinished ...>
[pid 216260] 11:21:51.874409 <... mount resumed>) = 0
[pid 216261] 11:21:51.874465 <... nanosleep resumed>NULL) = 0
[pid 216260] 11:21:51.874488 fstatfs(13,  <unfinished ...>
[pid 216261] 11:21:51.874523 nanosleep({tv_sec=0, tv_nsec=20000},  <unfinished ...>
[pid 216260] 11:21:51.874548 <... fstatfs resumed>{f_type=PROC_SUPER_MAGIC, f_bsize=4096, f_blocks=0, f_bfree=0, f_bavail=0, f_files=0, f_ffree=0, f_fsid={val=[0x57, 0]}, f_namelen=255, f_frsize=4096, f_flags=ST_VALID|ST_NOSUID|ST_NODEV|ST_NOEXEC|ST_RELATIME}) = 0
[pid 216260] 11:21:51.874619 fstat(13,  <unfinished ...>
[pid 216261] 11:21:51.874661 <... nanosleep resumed>NULL) = 0
[pid 216260] 11:21:51.874681 <... fstat resumed>{st_mode=S_IFDIR|0555, st_size=0, ...}) = 0
[pid 216261] 11:21:51.874704 nanosleep({tv_sec=0, tv_nsec=20000},  <unfinished ...>
[pid 216260] 11:21:51.874726 openat2(AT_FDCWD, ".", {flags=O_RDONLY|O_CLOEXEC|O_PATH, resolve=RESOLVE_NO_SYMLINKS|RESOLVE_IN_ROOT}, 24) = 8
[pid 216261] 11:21:51.874842 <... nanosleep resumed>NULL) = 0
[pid 216260] 11:21:51.874875 close(8 <unfinished ...>
[pid 216261] 11:21:51.874921 nanosleep({tv_sec=0, tv_nsec=20000},  <unfinished ...>
[pid 216260] 11:21:51.874947 <... close resumed>) = 0
[pid 216260] 11:21:51.874994 openat2(13, "thread-self/fd/11", {flags=O_RDONLY|O_NOFOLLOW|O_CLOEXEC|O_PATH, resolve=RESOLVE_NO_XDEV|RESOLVE_NO_MAGICLINKS|RESOLVE_BENEATH}, 24 <unfinished ...>
[pid 216261] 11:21:51.875073 <... nanosleep resumed>NULL) = 0
[pid 216260] 11:21:51.875098 <... openat2 resumed>) = 8
[pid 216261] 11:21:51.875140 nanosleep({tv_sec=0, tv_nsec=20000},  <unfinished ...>
[pid 216260] 11:21:51.875163 fcntl(8, F_GETFL) = 0x220000 (flags O_RDONLY|O_NOFOLLOW|O_PATH)
[pid 216260] 11:21:51.875262 statx(13, "", AT_STATX_SYNC_AS_STAT|AT_SYMLINK_NOFOLLOW|AT_EMPTY_PATH, STATX_MNT_ID|STATX_MNT_ID_UNIQUE,  <unfinished ...>
[pid 216261] 11:21:51.875300 <... nanosleep resumed>NULL) = 0
[pid 216260] 11:21:51.875318 <... statx resumed>{stx_mask=STATX_BASIC_STATS|STATX_MNT_ID_UNIQUE, stx_attributes=STATX_ATTR_MOUNT_ROOT, stx_mode=S_IFDIR|0555, stx_size=0, ...}) = 0
[pid 216261] 11:21:51.875345 epoll_pwait(9,  <unfinished ...>
[pid 216260] 11:21:51.875364 statx(8, "", AT_STATX_SYNC_AS_STAT|AT_SYMLINK_NOFOLLOW|AT_EMPTY_PATH, STATX_MNT_ID|STATX_MNT_ID_UNIQUE,  <unfinished ...>
[pid 216261] 11:21:51.875384 <... epoll_pwait resumed>[], 128, 0, NULL, 0) = 0
[pid 216260] 11:21:51.875402 <... statx resumed>{stx_mask=STATX_BASIC_STATS|STATX_MNT_ID_UNIQUE, stx_attributes=0, stx_mode=S_IFLNK|0500, stx_size=64, ...}) = 0
[pid 216261] 11:21:51.875424 nanosleep({tv_sec=0, tv_nsec=20000},  <unfinished ...>
[pid 216260] 11:21:51.875445 readlinkat(8, "", "/home/sh1rogane/Anolix/rootfs/de"..., 4096) = 37
[pid 216261] 11:21:51.875562 <... nanosleep resumed>NULL) = 0
[pid 216260] 11:21:51.875591 close(8 <unfinished ...>
[pid 216261] 11:21:51.875645 nanosleep({tv_sec=0, tv_nsec=20000},  <unfinished ...>
[pid 216260] 11:21:51.875666 <... close resumed>) = 0
[pid 216260] 11:21:51.875722 openat(AT_FDCWD, "/home/sh1rogane/Anolix/rootfs", O_RDONLY|O_CLOEXEC|O_PATH|O_DIRECTORY <unfinished ...>
[pid 216261] 11:21:51.875773 <... nanosleep resumed>NULL) = 0
[pid 216260] 11:21:51.875790 <... openat resumed>) = 8
[pid 216261] 11:21:51.875835 nanosleep({tv_sec=0, tv_nsec=20000},  <unfinished ...>
[pid 216260] 11:21:51.875875 fcntl(8, F_GETFL) = 0x210000 (flags O_RDONLY|O_PATH|O_DIRECTORY)
[pid 216260] 11:21:51.875969 fcntl(8, F_SETFL, O_RDONLY|O_NONBLOCK|O_PATH|O_DIRECTORY <unfinished ...>
[pid 216261] 11:21:51.876013 <... nanosleep resumed>NULL) = 0
[pid 216260] 11:21:51.876031 <... fcntl resumed>) = -1 EBADF (Bad file descriptor)
[pid 216261] 11:21:51.876052 nanosleep({tv_sec=0, tv_nsec=20000},  <unfinished ...>
[pid 216260] 11:21:51.876077 openat2(8, "/dev/pts", {flags=O_RDONLY|O_CLOEXEC|O_PATH, resolve=RESOLVE_NO_MAGICLINKS|RESOLVE_IN_ROOT}, 24) = 12
[pid 216261] 11:21:51.876215 <... nanosleep resumed>NULL) = 0
[pid 216260] 11:21:51.876257 fcntl(12, F_GETFL <unfinished ...>
[pid 216261] 11:21:51.876280 nanosleep({tv_sec=0, tv_nsec=20000},  <unfinished ...>
[pid 216260] 11:21:51.876307 <... fcntl resumed>) = 0x200000 (flags O_RDONLY|O_PATH)
[pid 216260] 11:21:51.876373 fstatfs(13,  <unfinished ...>
[pid 216261] 11:21:51.876417 <... nanosleep resumed>NULL) = 0
[pid 216260] 11:21:51.876437 <... fstatfs resumed>{f_type=PROC_SUPER_MAGIC, f_bsize=4096, f_blocks=0, f_bfree=0, f_bavail=0, f_files=0, f_ffree=0, f_fsid={val=[0x57, 0]}, f_namelen=255, f_frsize=4096, f_flags=ST_VALID|ST_NOSUID|ST_NODEV|ST_NOEXEC|ST_RELATIME}) = 0
[pid 216261] 11:21:51.876465 nanosleep({tv_sec=0, tv_nsec=20000},  <unfinished ...>
[pid 216260] 11:21:51.876504 fstat(13, {st_mode=S_IFDIR|0555, st_size=0, ...}) = 0
[pid 216261] 11:21:51.876610 <... nanosleep resumed>NULL) = 0
[pid 216260] 11:21:51.876644 openat2(AT_FDCWD, ".", {flags=O_RDONLY|O_CLOEXEC|O_PATH, resolve=RESOLVE_NO_SYMLINKS|RESOLVE_IN_ROOT}, 24 <unfinished ...>
[pid 216261] 11:21:51.876670 nanosleep({tv_sec=0, tv_nsec=20000},  <unfinished ...>
[pid 216260] 11:21:51.876691 <... openat2 resumed>) = 14
[pid 216260] 11:21:51.876741 close(14 <unfinished ...>
[pid 216261] 11:21:51.876810 <... nanosleep resumed>NULL) = 0
[pid 216260] 11:21:51.876832 <... close resumed>) = 0
[pid 216261] 11:21:51.876883 nanosleep({tv_sec=0, tv_nsec=20000},  <unfinished ...>
[pid 216260] 11:21:51.876907 openat2(13, "thread-self/fd/12", {flags=O_RDONLY|O_NOFOLLOW|O_CLOEXEC|O_PATH, resolve=RESOLVE_NO_XDEV|RESOLVE_NO_MAGICLINKS|RESOLVE_BENEATH}, 24) = 14
[pid 216261] 11:21:51.877031 <... nanosleep resumed>NULL) = 0
[pid 216260] 11:21:51.877052 fcntl(14, F_GETFL <unfinished ...>
[pid 216261] 11:21:51.877074 nanosleep({tv_sec=0, tv_nsec=20000},  <unfinished ...>
[pid 216260] 11:21:51.877097 <... fcntl resumed>) = 0x220000 (flags O_RDONLY|O_NOFOLLOW|O_PATH)
[pid 216260] 11:21:51.877163 statx(13, "", AT_STATX_SYNC_AS_STAT|AT_SYMLINK_NOFOLLOW|AT_EMPTY_PATH, STATX_MNT_ID|STATX_MNT_ID_UNIQUE,  <unfinished ...>
[pid 216261] 11:21:51.877219 <... nanosleep resumed>NULL) = 0
[pid 216260] 11:21:51.877241 <... statx resumed>{stx_mask=STATX_BASIC_STATS|STATX_MNT_ID_UNIQUE, stx_attributes=STATX_ATTR_MOUNT_ROOT, stx_mode=S_IFDIR|0555, stx_size=0, ...}) = 0
[pid 216261] 11:21:51.877281 nanosleep({tv_sec=0, tv_nsec=20000},  <unfinished ...>
[pid 216260] 11:21:51.877302 statx(14, "", AT_STATX_SYNC_AS_STAT|AT_SYMLINK_NOFOLLOW|AT_EMPTY_PATH, STATX_MNT_ID|STATX_MNT_ID_UNIQUE, {stx_mask=STATX_BASIC_STATS|STATX_MNT_ID_UNIQUE, stx_attributes=0, stx_mode=S_IFLNK|000, stx_size=64, ...}) = 0
[pid 216261] 11:21:51.877420 <... nanosleep resumed>NULL) = 0
[pid 216260] 11:21:51.877466 readlinkat(14, "",  <unfinished ...>
[pid 216261] 11:21:51.877492 nanosleep({tv_sec=0, tv_nsec=20000},  <unfinished ...>
[pid 216260] 11:21:51.877514 <... readlinkat resumed>"/home/sh1rogane/Anolix/rootfs/de"..., 4096) = 37
[pid 216260] 11:21:51.877584 close(14 <unfinished ...>
[pid 216261] 11:21:51.877619 <... nanosleep resumed>NULL) = 0
[pid 216260] 11:21:51.877645 <... close resumed>) = 0
[pid 216261] 11:21:51.877663 futex(0xc00006d948, FUTEX_WAKE_PRIVATE, 1 <unfinished ...>
[pid 216260] 11:21:51.877690 futex(0xeeaf80, FUTEX_WAIT_PRIVATE, 0, NULL <unfinished ...>
[pid 216263] 11:21:51.877769 <... futex resumed>) = 0
[pid 216261] 11:21:51.877801 <... futex resumed>) = 1
[pid 216263] 11:21:51.877841 futex(0xeeaf80, FUTEX_WAKE_PRIVATE, 1 <unfinished ...>
[pid 216261] 11:21:51.877863 nanosleep({tv_sec=0, tv_nsec=20000},  <unfinished ...>
[pid 216263] 11:21:51.877890 <... futex resumed>) = 1
[pid 216260] 11:21:51.877908 <... futex resumed>) = 0
[pid 216263] 11:21:51.877927 futex(0xc00006d948, FUTEX_WAIT_PRIVATE, 0, NULL <unfinished ...>
[pid 216260] 11:21:51.877957 fcntl(12, F_DUPFD_CLOEXEC, 0 <unfinished ...>
[pid 216261] 11:21:51.878028 <... nanosleep resumed>NULL) = 0
[pid 216260] 11:21:51.878049 <... fcntl resumed>) = 14
[pid 216261] 11:21:51.878089 nanosleep({tv_sec=0, tv_nsec=20000},  <unfinished ...>
[pid 216260] 11:21:51.878112 fcntl(14, F_GETFL) = 0x200000 (flags O_RDONLY|O_PATH)
[pid 216260] 11:21:51.878206 close(12 <unfinished ...>
[pid 216261] 11:21:51.878246 <... nanosleep resumed>NULL) = 0
[pid 216260] 11:21:51.878265 <... close resumed>) = 0
[pid 216261] 11:21:51.878309 nanosleep({tv_sec=0, tv_nsec=20000},  <unfinished ...>
[pid 216260] 11:21:51.878336 close(8)   = 0
[pid 216261] 11:21:51.878445 <... nanosleep resumed>NULL) = 0
[pid 216260] 11:21:51.878477 fstatfs(13,  <unfinished ...>
[pid 216261] 11:21:51.878506 nanosleep({tv_sec=0, tv_nsec=20000},  <unfinished ...>
[pid 216260] 11:21:51.878529 <... fstatfs resumed>{f_type=PROC_SUPER_MAGIC, f_bsize=4096, f_blocks=0, f_bfree=0, f_bavail=0, f_files=0, f_ffree=0, f_fsid={val=[0x57, 0]}, f_namelen=255, f_frsize=4096, f_flags=ST_VALID|ST_NOSUID|ST_NODEV|ST_NOEXEC|ST_RELATIME}) = 0
[pid 216260] 11:21:51.878596 fstat(13,  <unfinished ...>
[pid 216261] 11:21:51.878659 <... nanosleep resumed>NULL) = 0
[pid 216260] 11:21:51.878679 <... fstat resumed>{st_mode=S_IFDIR|0555, st_size=0, ...}) = 0
[pid 216261] 11:21:51.878716 nanosleep({tv_sec=0, tv_nsec=20000},  <unfinished ...>
[pid 216260] 11:21:51.878737 openat2(AT_FDCWD, ".", {flags=O_RDONLY|O_CLOEXEC|O_PATH, resolve=RESOLVE_NO_SYMLINKS|RESOLVE_IN_ROOT}, 24) = 8
[pid 216260] 11:21:51.878829 close(8 <unfinished ...>
[pid 216261] 11:21:51.878861 <... nanosleep resumed>NULL) = 0
[pid 216260] 11:21:51.878878 <... close resumed>) = 0
[pid 216261] 11:21:51.878914 nanosleep({tv_sec=0, tv_nsec=20000},  <unfinished ...>
[pid 216260] 11:21:51.878953 openat2(13, "thread-self/fd/", {flags=O_RDONLY|O_NOFOLLOW|O_CLOEXEC|O_PATH, resolve=RESOLVE_NO_XDEV|RESOLVE_NO_MAGICLINKS|RESOLVE_BENEATH}, 24 <unfinished ...>
[pid 216261] 11:21:51.879078 <... nanosleep resumed>NULL) = 0
[pid 216260] 11:21:51.879101 <... openat2 resumed>) = 8
[pid 216261] 11:21:51.879121 nanosleep({tv_sec=0, tv_nsec=20000},  <unfinished ...>
[pid 216260] 11:21:51.879142 fcntl(8, F_GETFL) = 0x220000 (flags O_RDONLY|O_NOFOLLOW|O_PATH)
[pid 216261] 11:21:51.879261 <... nanosleep resumed>NULL) = 0
[pid 216260] 11:21:51.879289 statx(13, "", AT_STATX_SYNC_AS_STAT|AT_SYMLINK_NOFOLLOW|AT_EMPTY_PATH, STATX_MNT_ID|STATX_MNT_ID_UNIQUE,  <unfinished ...>
[pid 216261] 11:21:51.879322 nanosleep({tv_sec=0, tv_nsec=20000},  <unfinished ...>
[pid 216260] 11:21:51.879347 <... statx resumed>{stx_mask=STATX_BASIC_STATS|STATX_MNT_ID_UNIQUE, stx_attributes=STATX_ATTR_MOUNT_ROOT, stx_mode=S_IFDIR|0555, stx_size=0, ...}) = 0
[pid 216260] 11:21:51.879405 statx(8, "14", AT_STATX_SYNC_AS_STAT|AT_SYMLINK_NOFOLLOW|AT_EMPTY_PATH, STATX_MNT_ID|STATX_MNT_ID_UNIQUE,  <unfinished ...>
[pid 216261] 11:21:51.879488 <... nanosleep resumed>NULL) = 0
[pid 216260] 11:21:51.879511 <... statx resumed>{stx_mask=STATX_BASIC_STATS|STATX_MNT_ID_UNIQUE, stx_attributes=0, stx_mode=S_IFLNK|000, stx_size=64, ...}) = 0
[pid 216261] 11:21:51.879536 nanosleep({tv_sec=0, tv_nsec=20000},  <unfinished ...>
[pid 216260] 11:21:51.879605 openat(8, "14", O_RDONLY|O_CLOEXEC|O_PATH <unfinished ...>
[pid 216261] 11:21:51.879672 <... nanosleep resumed>NULL) = 0
[pid 216260] 11:21:51.879699 <... openat resumed>) = 12
[pid 216261] 11:21:51.879734 nanosleep({tv_sec=0, tv_nsec=20000},  <unfinished ...>
[pid 216260] 11:21:51.879760 fcntl(12, F_GETFL) = 0x200000 (flags O_RDONLY|O_PATH)
[pid 216260] 11:21:51.879887 close(8 <unfinished ...>
[pid 216261] 11:21:51.879928 <... nanosleep resumed>NULL) = 0
[pid 216260] 11:21:51.879946 <... close resumed>) = 0
[pid 216261] 11:21:51.879986 nanosleep({tv_sec=0, tv_nsec=20000},  <unfinished ...>
[pid 216260] 11:21:51.880021 close(14)  = 0
[pid 216260] 11:21:51.880131 fstatfs(13,  <unfinished ...>
[pid 216261] 11:21:51.880174 <... nanosleep resumed>NULL) = 0
[pid 216260] 11:21:51.880193 <... fstatfs resumed>{f_type=PROC_SUPER_MAGIC, f_bsize=4096, f_blocks=0, f_bfree=0, f_bavail=0, f_files=0, f_ffree=0, f_fsid={val=[0x57, 0]}, f_namelen=255, f_frsize=4096, f_flags=ST_VALID|ST_NOSUID|ST_NODEV|ST_NOEXEC|ST_RELATIME}) = 0
[pid 216261] 11:21:51.880219 nanosleep({tv_sec=0, tv_nsec=20000},  <unfinished ...>
[pid 216260] 11:21:51.880240 fstat(13, {st_mode=S_IFDIR|0555, st_size=0, ...}) = 0
[pid 216261] 11:21:51.880366 <... nanosleep resumed>NULL) = 0
[pid 216260] 11:21:51.880386 openat2(AT_FDCWD, ".", {flags=O_RDONLY|O_CLOEXEC|O_PATH, resolve=RESOLVE_NO_SYMLINKS|RESOLVE_IN_ROOT}, 24 <unfinished ...>
[pid 216261] 11:21:51.880411 nanosleep({tv_sec=0, tv_nsec=20000},  <unfinished ...>
[pid 216260] 11:21:51.880432 <... openat2 resumed>) = 8
[pid 216260] 11:21:51.880492 close(8 <unfinished ...>
[pid 216261] 11:21:51.880559 <... nanosleep resumed>NULL) = 0
[pid 216260] 11:21:51.880578 <... close resumed>) = 0
[pid 216261] 11:21:51.880642 nanosleep({tv_sec=0, tv_nsec=20000},  <unfinished ...>
[pid 216260] 11:21:51.880666 openat2(13, "thread-self/fd/12", {flags=O_RDONLY|O_NOFOLLOW|O_CLOEXEC|O_PATH, resolve=RESOLVE_NO_XDEV|RESOLVE_NO_MAGICLINKS|RESOLVE_BENEATH}, 24) = 8
[pid 216261] 11:21:51.880776 <... nanosleep resumed>NULL) = 0
[pid 216260] 11:21:51.880798 fcntl(8, F_GETFL <unfinished ...>
[pid 216261] 11:21:51.880818 nanosleep({tv_sec=0, tv_nsec=20000},  <unfinished ...>
[pid 216260] 11:21:51.880840 <... fcntl resumed>) = 0x220000 (flags O_RDONLY|O_NOFOLLOW|O_PATH)
[pid 216260] 11:21:51.880898 statx(13, "", AT_STATX_SYNC_AS_STAT|AT_SYMLINK_NOFOLLOW|AT_EMPTY_PATH, STATX_MNT_ID|STATX_MNT_ID_UNIQUE,  <unfinished ...>
[pid 216261] 11:21:51.880943 <... nanosleep resumed>NULL) = 0
[pid 216260] 11:21:51.880962 <... statx resumed>{stx_mask=STATX_BASIC_STATS|STATX_MNT_ID_UNIQUE, stx_attributes=STATX_ATTR_MOUNT_ROOT, stx_mode=S_IFDIR|0555, stx_size=0, ...}) = 0
[pid 216261] 11:21:51.880984 nanosleep({tv_sec=0, tv_nsec=20000},  <unfinished ...>
[pid 216260] 11:21:51.881005 statx(8, "", AT_STATX_SYNC_AS_STAT|AT_SYMLINK_NOFOLLOW|AT_EMPTY_PATH, STATX_MNT_ID|STATX_MNT_ID_UNIQUE, {stx_mask=STATX_BASIC_STATS|STATX_MNT_ID_UNIQUE, stx_attributes=0, stx_mode=S_IFLNK|000, stx_size=64, ...}) = 0
[pid 216261] 11:21:51.881114 <... nanosleep resumed>NULL) = 0
[pid 216260] 11:21:51.881131 readlinkat(8, "",  <unfinished ...>
[pid 216261] 11:21:51.881180 nanosleep({tv_sec=0, tv_nsec=20000},  <unfinished ...>
[pid 216260] 11:21:51.881202 <... readlinkat resumed>"/home/sh1rogane/Anolix/rootfs/de"..., 4096) = 37
[pid 216260] 11:21:51.881257 close(8 <unfinished ...>
[pid 216261] 11:21:51.881321 <... nanosleep resumed>NULL) = 0
[pid 216260] 11:21:51.881342 <... close resumed>) = 0
[pid 216261] 11:21:51.881385 nanosleep({tv_sec=0, tv_nsec=20000},  <unfinished ...>
[pid 216260] 11:21:51.881410 close(11)  = 0
[pid 216260] 11:21:51.881521 close(12 <unfinished ...>
[pid 216261] 11:21:51.881555 <... nanosleep resumed>NULL) = 0
[pid 216260] 11:21:51.881572 <... close resumed>) = 0
[pid 216261] 11:21:51.881619 nanosleep({tv_sec=0, tv_nsec=20000},  <unfinished ...>
[pid 216260] 11:21:51.881642 openat(AT_FDCWD, "/home/sh1rogane/Anolix/rootfs", O_RDONLY|O_CLOEXEC|O_PATH|O_DIRECTORY) = 8
[pid 216260] 11:21:51.881743 fcntl(8, F_GETFL <unfinished ...>
[pid 216261] 11:21:51.881775 <... nanosleep resumed>NULL) = 0
[pid 216261] 11:21:51.881832 nanosleep({tv_sec=0, tv_nsec=20000},  <unfinished ...>
[pid 216260] 11:21:51.881857 <... fcntl resumed>) = 0x210000 (flags O_RDONLY|O_PATH|O_DIRECTORY)
[pid 216260] 11:21:51.881914 fcntl(8, F_SETFL, O_RDONLY|O_NONBLOCK|O_PATH|O_DIRECTORY) = -1 EBADF (Bad file descriptor)
[pid 216261] 11:21:51.881982 <... nanosleep resumed>NULL) = 0
[pid 216260] 11:21:51.882014 openat2(8, "/dev/shm", {flags=O_RDONLY|O_CLOEXEC|O_PATH, resolve=RESOLVE_NO_MAGICLINKS|RESOLVE_IN_ROOT}, 24 <unfinished ...>
[pid 216261] 11:21:51.882052 nanosleep({tv_sec=0, tv_nsec=20000},  <unfinished ...>
[pid 216260] 11:21:51.882072 <... openat2 resumed>) = -1 ENOENT (No such file or directory)
[pid 216260] 11:21:51.882138 openat2(AT_FDCWD, ".", {flags=O_RDONLY|O_CLOEXEC|O_PATH, resolve=RESOLVE_NO_SYMLINKS|RESOLVE_IN_ROOT}, 24 <unfinished ...>
[pid 216261] 11:21:51.882182 <... nanosleep resumed>NULL) = 0
[pid 216260] 11:21:51.882203 <... openat2 resumed>) = 11
[pid 216261] 11:21:51.882224 nanosleep({tv_sec=0, tv_nsec=20000},  <unfinished ...>
[pid 216260] 11:21:51.882247 close(11)  = 0
[pid 216260] 11:21:51.882347 close(8 <unfinished ...>
[pid 216261] 11:21:51.882379 <... nanosleep resumed>NULL) = 0
[pid 216260] 11:21:51.882397 <... close resumed>) = 0
[pid 216261] 11:21:51.882441 nanosleep({tv_sec=0, tv_nsec=20000},  <unfinished ...>
[pid 216260] 11:21:51.882472 newfstatat(AT_FDCWD, "/home/sh1rogane/Anolix/rootfs//dev", {st_mode=S_IFDIR|0755, st_size=60, ...}, AT_SYMLINK_NOFOLLOW) = 0
[pid 216261] 11:21:51.882611 <... nanosleep resumed>NULL) = 0
[pid 216260] 11:21:51.882636 newfstatat(AT_FDCWD, "/home/sh1rogane/Anolix/rootfs//dev/shm",  <unfinished ...>
[pid 216261] 11:21:51.882659 nanosleep({tv_sec=0, tv_nsec=20000},  <unfinished ...>
[pid 216260] 11:21:51.882682 <... newfstatat resumed>0xc0000c5968, AT_SYMLINK_NOFOLLOW) = -1 ENOENT (No such file or directory)
[pid 216260] 11:21:51.882751 openat(AT_FDCWD, "/home/sh1rogane/Anolix/rootfs", O_RDONLY|O_CLOEXEC|O_DIRECTORY <unfinished ...>
[pid 216261] 11:21:51.882797 <... nanosleep resumed>NULL) = 0
[pid 216260] 11:21:51.882816 <... openat resumed>) = 8
[pid 216261] 11:21:51.882843 nanosleep({tv_sec=0, tv_nsec=20000},  <unfinished ...>
[pid 216260] 11:21:51.882868 fcntl(8, F_GETFL) = 0x18000 (flags O_RDONLY|O_LARGEFILE|O_DIRECTORY)
[pid 216261] 11:21:51.882978 <... nanosleep resumed>NULL) = 0
[pid 216260] 11:21:51.882997 fcntl(8, F_SETFL, O_RDONLY|O_NONBLOCK|O_LARGEFILE|O_DIRECTORY <unfinished ...>
[pid 216261] 11:21:51.883045 nanosleep({tv_sec=0, tv_nsec=20000},  <unfinished ...>
[pid 216260] 11:21:51.883066 <... fcntl resumed>) = 0
[pid 216260] 11:21:51.883123 epoll_ctl(9, EPOLL_CTL_ADD, 8, {events=EPOLLIN|EPOLLOUT|EPOLLRDHUP|EPOLLET, data={u32=1592786951, u64=8212740833262174215}} <unfinished ...>
[pid 216261] 11:21:51.883220 <... nanosleep resumed>NULL) = 0
[pid 216260] 11:21:51.883241 <... epoll_ctl resumed>) = -1 EPERM (Operation not permitted)
[pid 216261] 11:21:51.883294 nanosleep({tv_sec=0, tv_nsec=20000},  <unfinished ...>
[pid 216260] 11:21:51.883346 fcntl(8, F_GETFL) = 0x18800 (flags O_RDONLY|O_NONBLOCK|O_LARGEFILE|O_DIRECTORY)
[pid 216260] 11:21:51.883448 fcntl(8, F_SETFL, O_RDONLY|O_LARGEFILE|O_DIRECTORY <unfinished ...>
[pid 216261] 11:21:51.883481 <... nanosleep resumed>NULL) = 0
[pid 216260] 11:21:51.883500 <... fcntl resumed>) = 0
[pid 216261] 11:21:51.883522 nanosleep({tv_sec=0, tv_nsec=20000},  <unfinished ...>
[pid 216260] 11:21:51.883549 openat2(8, "/dev/shm", {flags=O_RDONLY|O_CLOEXEC|O_PATH, resolve=RESOLVE_NO_MAGICLINKS|RESOLVE_IN_ROOT}, 24) = -1 ENOENT (No such file or directory)
[pid 216261] 11:21:51.883672 <... nanosleep resumed>NULL) = 0
[pid 216260] 11:21:51.883691 openat2(8, "/dev", {flags=O_RDONLY|O_CLOEXEC|O_PATH, resolve=RESOLVE_NO_MAGICLINKS|RESOLVE_IN_ROOT}, 24 <unfinished ...>
[pid 216261] 11:21:51.883718 nanosleep({tv_sec=0, tv_nsec=20000},  <unfinished ...>
[pid 216260] 11:21:51.883741 <... openat2 resumed>) = 11
[pid 216260] 11:21:51.883790 fcntl(11, F_GETFL <unfinished ...>
[pid 216261] 11:21:51.883856 <... nanosleep resumed>NULL) = 0
[pid 216260] 11:21:51.883878 <... fcntl resumed>) = 0x200000 (flags O_RDONLY|O_PATH)
[pid 216261] 11:21:51.883919 nanosleep({tv_sec=0, tv_nsec=20000},  <unfinished ...>
[pid 216260] 11:21:51.883939 fstatfs(13, {f_type=PROC_SUPER_MAGIC, f_bsize=4096, f_blocks=0, f_bfree=0, f_bavail=0, f_files=0, f_ffree=0, f_fsid={val=[0x57, 0]}, f_namelen=255, f_frsize=4096, f_flags=ST_VALID|ST_NOSUID|ST_NODEV|ST_NOEXEC|ST_RELATIME}) = 0
[pid 216260] 11:21:51.884051 fstat(13,  <unfinished ...>
[pid 216261] 11:21:51.884075 <... nanosleep resumed>NULL) = 0
[pid 216261] 11:21:51.884116 nanosleep({tv_sec=0, tv_nsec=20000},  <unfinished ...>
[pid 216260] 11:21:51.884137 <... fstat resumed>{st_mode=S_IFDIR|0555, st_size=0, ...}) = 0
[pid 216260] 11:21:51.884204 openat2(AT_FDCWD, ".", {flags=O_RDONLY|O_CLOEXEC|O_PATH, resolve=RESOLVE_NO_SYMLINKS|RESOLVE_IN_ROOT}, 24 <unfinished ...>
[pid 216261] 11:21:51.884247 <... nanosleep resumed>NULL) = 0
[pid 216260] 11:21:51.884266 <... openat2 resumed>) = 12
[pid 216261] 11:21:51.884284 nanosleep({tv_sec=0, tv_nsec=20000},  <unfinished ...>
[pid 216260] 11:21:51.884307 close(12)  = 0
[pid 216261] 11:21:51.884427 <... nanosleep resumed>NULL) = 0
[pid 216260] 11:21:51.884448 openat2(13, "thread-self/fd/11", {flags=O_RDONLY|O_NOFOLLOW|O_CLOEXEC|O_PATH, resolve=RESOLVE_NO_XDEV|RESOLVE_NO_MAGICLINKS|RESOLVE_BENEATH}, 24 <unfinished ...>
[pid 216261] 11:21:51.884474 nanosleep({tv_sec=0, tv_nsec=20000},  <unfinished ...>
[pid 216260] 11:21:51.884520 <... openat2 resumed>) = 12
[pid 216260] 11:21:51.884564 fcntl(12, F_GETFL <unfinished ...>
[pid 216261] 11:21:51.884634 <... nanosleep resumed>NULL) = 0
[pid 216260] 11:21:51.884665 <... fcntl resumed>) = 0x220000 (flags O_RDONLY|O_NOFOLLOW|O_PATH)
[pid 216261] 11:21:51.884689 nanosleep({tv_sec=0, tv_nsec=20000},  <unfinished ...>
[pid 216260] 11:21:51.884717 statx(13, "", AT_STATX_SYNC_AS_STAT|AT_SYMLINK_NOFOLLOW|AT_EMPTY_PATH, STATX_MNT_ID|STATX_MNT_ID_UNIQUE, {stx_mask=STATX_BASIC_STATS|STATX_MNT_ID_UNIQUE, stx_attributes=STATX_ATTR_MOUNT_ROOT, stx_mode=S_IFDIR|0555, stx_size=0, ...}) = 0
[pid 216261] 11:21:51.884825 <... nanosleep resumed>NULL) = 0
[pid 216260] 11:21:51.884849 statx(12, "", AT_STATX_SYNC_AS_STAT|AT_SYMLINK_NOFOLLOW|AT_EMPTY_PATH, STATX_MNT_ID|STATX_MNT_ID_UNIQUE,  <unfinished ...>
[pid 216261] 11:21:51.884917 nanosleep({tv_sec=0, tv_nsec=20000},  <unfinished ...>
[pid 216260] 11:21:51.884949 <... statx resumed>{stx_mask=STATX_BASIC_STATS|STATX_MNT_ID_UNIQUE, stx_attributes=0, stx_mode=S_IFLNK|000, stx_size=64, ...}) = 0
[pid 216260] 11:21:51.885017 readlinkat(12, "",  <unfinished ...>
[pid 216261] 11:21:51.885059 <... nanosleep resumed>NULL) = 0
[pid 216260] 11:21:51.885078 <... readlinkat resumed>"/home/sh1rogane/Anolix/rootfs/de"..., 4096) = 33
[pid 216261] 11:21:51.885106 nanosleep({tv_sec=0, tv_nsec=20000},  <unfinished ...>
[pid 216260] 11:21:51.885129 close(12)  = 0
[pid 216260] 11:21:51.885246 fcntl(11, F_DUPFD_CLOEXEC, 0 <unfinished ...>
[pid 216261] 11:21:51.885282 <... nanosleep resumed>NULL) = 0
[pid 216260] 11:21:51.885304 <... fcntl resumed>) = 12
[pid 216261] 11:21:51.885322 nanosleep({tv_sec=0, tv_nsec=20000},  <unfinished ...>
[pid 216260] 11:21:51.885345 fcntl(12, F_GETFL) = 0x200000 (flags O_RDONLY|O_PATH)
[pid 216261] 11:21:51.885449 <... nanosleep resumed>NULL) = 0
[pid 216260] 11:21:51.885484 close(11 <unfinished ...>
[pid 216261] 11:21:51.885504 epoll_pwait(9,  <unfinished ...>
[pid 216260] 11:21:51.885523 <... close resumed>) = 0
[pid 216261] 11:21:51.885546 <... epoll_pwait resumed>[], 128, 0, NULL, 0) = 0
[pid 216260] 11:21:51.885565 openat2(AT_FDCWD, ".", {flags=O_RDONLY|O_CLOEXEC|O_PATH, resolve=RESOLVE_NO_SYMLINKS|RESOLVE_IN_ROOT}, 24 <unfinished ...>
[pid 216261] 11:21:51.885595 nanosleep({tv_sec=0, tv_nsec=20000},  <unfinished ...>
[pid 216260] 11:21:51.885628 <... openat2 resumed>) = 11
[pid 216260] 11:21:51.885687 close(11 <unfinished ...>
[pid 216261] 11:21:51.885754 <... nanosleep resumed>NULL) = 0
[pid 216260] 11:21:51.885798 <... close resumed>) = 0
[pid 216261] 11:21:51.885837 nanosleep({tv_sec=0, tv_nsec=20000},  <unfinished ...>
[pid 216260] 11:21:51.885869 fstat(12, {st_mode=S_IFDIR|0755, st_size=60, ...}) = 0
[pid 216261] 11:21:51.885988 <... nanosleep resumed>NULL) = 0
[pid 216260] 11:21:51.886014 fstatfs(13,  <unfinished ...>
[pid 216261] 11:21:51.886089 nanosleep({tv_sec=0, tv_nsec=20000},  <unfinished ...>
[pid 216260] 11:21:51.886117 <... fstatfs resumed>{f_type=PROC_SUPER_MAGIC, f_bsize=4096, f_blocks=0, f_bfree=0, f_bavail=0, f_files=0, f_ffree=0, f_fsid={val=[0x57, 0]}, f_namelen=255, f_frsize=4096, f_flags=ST_VALID|ST_NOSUID|ST_NODEV|ST_NOEXEC|ST_RELATIME}) = 0
[pid 216260] 11:21:51.886178 fstat(13,  <unfinished ...>
[pid 216261] 11:21:51.886238 <... nanosleep resumed>NULL) = 0
[pid 216260] 11:21:51.886269 <... fstat resumed>{st_mode=S_IFDIR|0555, st_size=0, ...}) = 0
[pid 216261] 11:21:51.886295 nanosleep({tv_sec=0, tv_nsec=20000},  <unfinished ...>
[pid 216260] 11:21:51.886320 openat2(AT_FDCWD, ".", {flags=O_RDONLY|O_CLOEXEC|O_PATH, resolve=RESOLVE_NO_SYMLINKS|RESOLVE_IN_ROOT}, 24) = 11
[pid 216261] 11:21:51.886427 <... nanosleep resumed>NULL) = 0
[pid 216260] 11:21:51.886449 close(11 <unfinished ...>
[pid 216261] 11:21:51.886467 nanosleep({tv_sec=0, tv_nsec=20000},  <unfinished ...>
[pid 216260] 11:21:51.886489 <... close resumed>) = 0
[pid 216260] 11:21:51.886544 openat2(13, "thread-self/fd/", {flags=O_RDONLY|O_NOFOLLOW|O_CLOEXEC|O_PATH, resolve=RESOLVE_NO_XDEV|RESOLVE_NO_MAGICLINKS|RESOLVE_BENEATH}, 24 <unfinished ...>
[pid 216261] 11:21:51.886619 <... nanosleep resumed>NULL) = 0
[pid 216260] 11:21:51.886639 <... openat2 resumed>) = 11
[pid 216261] 11:21:51.886664 nanosleep({tv_sec=0, tv_nsec=20000},  <unfinished ...>
[pid 216260] 11:21:51.886685 fcntl(11, F_GETFL) = 0x220000 (flags O_RDONLY|O_NOFOLLOW|O_PATH)
[pid 216261] 11:21:51.886797 <... nanosleep resumed>NULL) = 0
[pid 216260] 11:21:51.886817 statx(13, "", AT_STATX_SYNC_AS_STAT|AT_SYMLINK_NOFOLLOW|AT_EMPTY_PATH, STATX_MNT_ID|STATX_MNT_ID_UNIQUE,  <unfinished ...>
[pid 216261] 11:21:51.886840 nanosleep({tv_sec=0, tv_nsec=20000},  <unfinished ...>
[pid 216260] 11:21:51.886861 <... statx resumed>{stx_mask=STATX_BASIC_STATS|STATX_MNT_ID_UNIQUE, stx_attributes=STATX_ATTR_MOUNT_ROOT, stx_mode=S_IFDIR|0555, stx_size=0, ...}) = 0
[pid 216260] 11:21:51.886922 statx(11, "12", AT_STATX_SYNC_AS_STAT|AT_SYMLINK_NOFOLLOW|AT_EMPTY_PATH, STATX_MNT_ID|STATX_MNT_ID_UNIQUE,  <unfinished ...>
[pid 216261] 11:21:51.886965 <... nanosleep resumed>NULL) = 0
[pid 216260] 11:21:51.886985 <... statx resumed>{stx_mask=STATX_BASIC_STATS|STATX_MNT_ID_UNIQUE, stx_attributes=0, stx_mode=S_IFLNK|000, stx_size=64, ...}) = 0
[pid 216261] 11:21:51.887006 nanosleep({tv_sec=0, tv_nsec=20000},  <unfinished ...>
[pid 216260] 11:21:51.887027 openat(11, "12", O_RDONLY|O_CLOEXEC|O_DIRECTORY) = 14
[pid 216261] 11:21:51.887134 <... nanosleep resumed>NULL) = 0
[pid 216260] 11:21:51.887157 fcntl(14, F_GETFL <unfinished ...>
[pid 216261] 11:21:51.887176 nanosleep({tv_sec=0, tv_nsec=20000},  <unfinished ...>
[pid 216260] 11:21:51.887211 <... fcntl resumed>) = 0x18000 (flags O_RDONLY|O_LARGEFILE|O_DIRECTORY)
[pid 216260] 11:21:51.887262 close(11 <unfinished ...>
[pid 216261] 11:21:51.887323 <... nanosleep resumed>NULL) = 0
[pid 216260] 11:21:51.887341 <... close resumed>) = 0
[pid 216261] 11:21:51.887384 nanosleep({tv_sec=0, tv_nsec=20000},  <unfinished ...>
[pid 216260] 11:21:51.887411 close(12)  = 0
[pid 216261] 11:21:51.887524 <... nanosleep resumed>NULL) = 0
[pid 216260] 11:21:51.887546 mkdirat(14, "shm", 0755 <unfinished ...>
[pid 216261] 11:21:51.887574 nanosleep({tv_sec=0, tv_nsec=20000},  <unfinished ...>
[pid 216260] 11:21:51.887598 <... mkdirat resumed>) = 0
[pid 216260] 11:21:51.887658 openat2(AT_FDCWD, ".", {flags=O_RDONLY|O_CLOEXEC|O_PATH, resolve=RESOLVE_NO_SYMLINKS|RESOLVE_IN_ROOT}, 24 <unfinished ...>
[pid 216261] 11:21:51.887701 <... nanosleep resumed>NULL) = 0
[pid 216260] 11:21:51.887723 <... openat2 resumed>) = 11
[pid 216261] 11:21:51.887744 nanosleep({tv_sec=0, tv_nsec=20000},  <unfinished ...>
[pid 216260] 11:21:51.887764 close(11)  = 0
[pid 216261] 11:21:51.887875 <... nanosleep resumed>NULL) = 0
[pid 216260] 11:21:51.887901 openat2(14, "shm", {flags=O_RDONLY|O_NOFOLLOW|O_CLOEXEC|O_DIRECTORY, resolve=RESOLVE_NO_XDEV|RESOLVE_NO_SYMLINKS|RESOLVE_BENEATH}, 24 <unfinished ...>
[pid 216261] 11:21:51.887933 nanosleep({tv_sec=0, tv_nsec=20000},  <unfinished ...>
[pid 216260] 11:21:51.887957 <... openat2 resumed>) = 11
[pid 216260] 11:21:51.888018 fcntl(11, F_GETFL <unfinished ...>
[pid 216261] 11:21:51.888085 <... nanosleep resumed>NULL) = 0
[pid 216260] 11:21:51.888106 <... fcntl resumed>) = 0x38000 (flags O_RDONLY|O_LARGEFILE|O_NOFOLLOW|O_DIRECTORY)
[pid 216261] 11:21:51.888126 getpid( <unfinished ...>
[pid 216260] 11:21:51.888144 futex(0xc00006d948, FUTEX_WAKE_PRIVATE, 1 <unfinished ...>
[pid 216261] 11:21:51.888163 <... getpid resumed>) = 1
[pid 216263] 11:21:51.888217 <... futex resumed>) = 0
[pid 216261] 11:21:51.888245 tgkill(1, 1, SIGURG <unfinished ...>
[pid 216260] 11:21:51.888265 <... futex resumed>) = 1
[pid 216263] 11:21:51.888286 futex(0xeeaf80, FUTEX_WAKE_PRIVATE, 1 <unfinished ...>
[pid 216261] 11:21:51.888318 <... tgkill resumed>) = 0
[pid 216260] 11:21:51.888335 --- SIGURG {si_signo=SIGURG, si_code=SI_TKILL, si_pid=1, si_uid=0} ---
[pid 216263] 11:21:51.888354 <... futex resumed>) = 0
[pid 216261] 11:21:51.888372 nanosleep({tv_sec=0, tv_nsec=20000},  <unfinished ...>
[pid 216263] 11:21:51.888395 futex(0xc00006d948, FUTEX_WAIT_PRIVATE, 0, NULL <unfinished ...>
[pid 216260] 11:21:51.888416 rt_sigreturn({mask=[]}) = 1
[pid 216261] 11:21:51.888534 <... nanosleep resumed>NULL) = 0
[pid 216260] 11:21:51.888575 close(14 <unfinished ...>
[pid 216261] 11:21:51.888595 nanosleep({tv_sec=0, tv_nsec=40000},  <unfinished ...>
[pid 216260] 11:21:51.888641 <... close resumed>) = 0
[pid 216260] 11:21:51.888705 close(8 <unfinished ...>
[pid 216261] 11:21:51.888781 <... nanosleep resumed>NULL) = 0
[pid 216260] 11:21:51.888802 <... close resumed>) = 0
[pid 216261] 11:21:51.888845 nanosleep({tv_sec=0, tv_nsec=80000},  <unfinished ...>
[pid 216260] 11:21:51.888870 fstatfs(13, {f_type=PROC_SUPER_MAGIC, f_bsize=4096, f_blocks=0, f_bfree=0, f_bavail=0, f_files=0, f_ffree=0, f_fsid={val=[0x57, 0]}, f_namelen=255, f_frsize=4096, f_flags=ST_VALID|ST_NOSUID|ST_NODEV|ST_NOEXEC|ST_RELATIME}) = 0
[pid 216260] 11:21:51.888987 fstat(13, {st_mode=S_IFDIR|0555, st_size=0, ...}) = 0
[pid 216261] 11:21:51.889059 <... nanosleep resumed>NULL) = 0
[pid 216260] 11:21:51.889082 openat2(AT_FDCWD, ".", {flags=O_RDONLY|O_CLOEXEC|O_PATH, resolve=RESOLVE_NO_SYMLINKS|RESOLVE_IN_ROOT}, 24 <unfinished ...>
[pid 216261] 11:21:51.889108 nanosleep({tv_sec=0, tv_nsec=160000},  <unfinished ...>
[pid 216260] 11:21:51.889133 <... openat2 resumed>) = 8
[pid 216260] 11:21:51.889189 close(8)   = 0
[pid 216260] 11:21:51.889306 openat2(13, "thread-self/fd/11", {flags=O_RDONLY|O_NOFOLLOW|O_CLOEXEC|O_PATH, resolve=RESOLVE_NO_XDEV|RESOLVE_NO_MAGICLINKS|RESOLVE_BENEATH}, 24) = 8
[pid 216261] 11:21:51.889409 <... nanosleep resumed>NULL) = 0
[pid 216260] 11:21:51.889433 fcntl(8, F_GETFL <unfinished ...>
[pid 216261] 11:21:51.889464 nanosleep({tv_sec=0, tv_nsec=320000},  <unfinished ...>
[pid 216260] 11:21:51.889486 <... fcntl resumed>) = 0x220000 (flags O_RDONLY|O_NOFOLLOW|O_PATH)
[pid 216260] 11:21:51.889541 statx(13, "", AT_STATX_SYNC_AS_STAT|AT_SYMLINK_NOFOLLOW|AT_EMPTY_PATH, STATX_MNT_ID|STATX_MNT_ID_UNIQUE, {stx_mask=STATX_BASIC_STATS|STATX_MNT_ID_UNIQUE, stx_attributes=STATX_ATTR_MOUNT_ROOT, stx_mode=S_IFDIR|0555, stx_size=0, ...}) = 0
[pid 216260] 11:21:51.889691 statx(8, "", AT_STATX_SYNC_AS_STAT|AT_SYMLINK_NOFOLLOW|AT_EMPTY_PATH, STATX_MNT_ID|STATX_MNT_ID_UNIQUE, {stx_mask=STATX_BASIC_STATS|STATX_MNT_ID_UNIQUE, stx_attributes=0, stx_mode=S_IFLNK|0500, stx_size=64, ...}) = 0
[pid 216260] 11:21:51.889829 readlinkat(8, "",  <unfinished ...>
[pid 216261] 11:21:51.889911 <... nanosleep resumed>NULL) = 0
[pid 216260] 11:21:51.889930 <... readlinkat resumed>"/home/sh1rogane/Anolix/rootfs/de"..., 4096) = 37
[pid 216261] 11:21:51.889955 nanosleep({tv_sec=0, tv_nsec=640000},  <unfinished ...>
[pid 216260] 11:21:51.889976 close(8)   = 0
[pid 216260] 11:21:51.890090 mount("shm", "/proc/thread-self/fd/11", "tmpfs", MS_NOSUID|MS_NODEV|MS_NOEXEC, "mode=1777,size=65536k" <unfinished ...>
[pid 216261] 11:21:51.890751 <... nanosleep resumed>NULL) = 0
[pid 216260] 11:21:51.890770 <... mount resumed>) = 0
[pid 216261] 11:21:51.890788 nanosleep({tv_sec=0, tv_nsec=1280000},  <unfinished ...>
[pid 216260] 11:21:51.890809 fstatfs(13, {f_type=PROC_SUPER_MAGIC, f_bsize=4096, f_blocks=0, f_bfree=0, f_bavail=0, f_files=0, f_ffree=0, f_fsid={val=[0x57, 0]}, f_namelen=255, f_frsize=4096, f_flags=ST_VALID|ST_NOSUID|ST_NODEV|ST_NOEXEC|ST_RELATIME}) = 0
[pid 216260] 11:21:51.890938 fstat(13, {st_mode=S_IFDIR|0555, st_size=0, ...}) = 0
[pid 216260] 11:21:51.891052 openat2(AT_FDCWD, ".", {flags=O_RDONLY|O_CLOEXEC|O_PATH, resolve=RESOLVE_NO_SYMLINKS|RESOLVE_IN_ROOT}, 24) = 8
[pid 216260] 11:21:51.891185 close(8)   = 0
[pid 216260] 11:21:51.891291 openat2(13, "thread-self/fd/11", {flags=O_RDONLY|O_NOFOLLOW|O_CLOEXEC|O_PATH, resolve=RESOLVE_NO_XDEV|RESOLVE_NO_MAGICLINKS|RESOLVE_BENEATH}, 24) = 8
[pid 216260] 11:21:51.891416 fcntl(8, F_GETFL) = 0x220000 (flags O_RDONLY|O_NOFOLLOW|O_PATH)
[pid 216260] 11:21:51.891544 statx(13, "", AT_STATX_SYNC_AS_STAT|AT_SYMLINK_NOFOLLOW|AT_EMPTY_PATH, STATX_MNT_ID|STATX_MNT_ID_UNIQUE, {stx_mask=STATX_BASIC_STATS|STATX_MNT_ID_UNIQUE, stx_attributes=STATX_ATTR_MOUNT_ROOT, stx_mode=S_IFDIR|0555, stx_size=0, ...}) = 0
[pid 216260] 11:21:51.891681 statx(8, "", AT_STATX_SYNC_AS_STAT|AT_SYMLINK_NOFOLLOW|AT_EMPTY_PATH, STATX_MNT_ID|STATX_MNT_ID_UNIQUE, {stx_mask=STATX_BASIC_STATS|STATX_MNT_ID_UNIQUE, stx_attributes=0, stx_mode=S_IFLNK|0500, stx_size=64, ...}) = 0
[pid 216260] 11:21:51.891811 readlinkat(8, "", "/home/sh1rogane/Anolix/rootfs/de"..., 4096) = 37
[pid 216260] 11:21:51.891965 close(8)   = 0
[pid 216260] 11:21:51.892085 openat(AT_FDCWD, "/home/sh1rogane/Anolix/rootfs", O_RDONLY|O_CLOEXEC|O_PATH|O_DIRECTORY) = 8
[pid 216261] 11:21:51.892174 <... nanosleep resumed>NULL) = 0
[pid 216260] 11:21:51.892197 fcntl(8, F_GETFL <unfinished ...>
[pid 216261] 11:21:51.892216 nanosleep({tv_sec=0, tv_nsec=2560000},  <unfinished ...>
[pid 216260] 11:21:51.892239 <... fcntl resumed>) = 0x210000 (flags O_RDONLY|O_PATH|O_DIRECTORY)
[pid 216260] 11:21:51.892289 fcntl(8, F_SETFL, O_RDONLY|O_NONBLOCK|O_PATH|O_DIRECTORY) = -1 EBADF (Bad file descriptor)
[pid 216260] 11:21:51.892398 openat2(8, "/dev/shm", {flags=O_RDONLY|O_CLOEXEC|O_PATH, resolve=RESOLVE_NO_MAGICLINKS|RESOLVE_IN_ROOT}, 24) = 12
[pid 216260] 11:21:51.892523 fcntl(12, F_GETFL) = 0x200000 (flags O_RDONLY|O_PATH)
[pid 216260] 11:21:51.892640 fstatfs(13, {f_type=PROC_SUPER_MAGIC, f_bsize=4096, f_blocks=0, f_bfree=0, f_bavail=0, f_files=0, f_ffree=0, f_fsid={val=[0x57, 0]}, f_namelen=255, f_frsize=4096, f_flags=ST_VALID|ST_NOSUID|ST_NODEV|ST_NOEXEC|ST_RELATIME}) = 0
[pid 216260] 11:21:51.892748 fstat(13, {st_mode=S_IFDIR|0555, st_size=0, ...}) = 0
[pid 216260] 11:21:51.892839 openat2(AT_FDCWD, ".", {flags=O_RDONLY|O_CLOEXEC|O_PATH, resolve=RESOLVE_NO_SYMLINKS|RESOLVE_IN_ROOT}, 24) = 14
[pid 216260] 11:21:51.892963 close(14)  = 0
[pid 216260] 11:21:51.893087 openat2(13, "thread-self/fd/12", {flags=O_RDONLY|O_NOFOLLOW|O_CLOEXEC|O_PATH, resolve=RESOLVE_NO_XDEV|RESOLVE_NO_MAGICLINKS|RESOLVE_BENEATH}, 24) = 14
[pid 216260] 11:21:51.893221 fcntl(14, F_GETFL) = 0x220000 (flags O_RDONLY|O_NOFOLLOW|O_PATH)
[pid 216260] 11:21:51.893328 statx(13, "", AT_STATX_SYNC_AS_STAT|AT_SYMLINK_NOFOLLOW|AT_EMPTY_PATH, STATX_MNT_ID|STATX_MNT_ID_UNIQUE, {stx_mask=STATX_BASIC_STATS|STATX_MNT_ID_UNIQUE, stx_attributes=STATX_ATTR_MOUNT_ROOT, stx_mode=S_IFDIR|0555, stx_size=0, ...}) = 0
[pid 216260] 11:21:51.893453 statx(14, "", AT_STATX_SYNC_AS_STAT|AT_SYMLINK_NOFOLLOW|AT_EMPTY_PATH, STATX_MNT_ID|STATX_MNT_ID_UNIQUE, {stx_mask=STATX_BASIC_STATS|STATX_MNT_ID_UNIQUE, stx_attributes=0, stx_mode=S_IFLNK|000, stx_size=64, ...}) = 0
[pid 216260] 11:21:51.893579 readlinkat(14, "", "/home/sh1rogane/Anolix/rootfs/de"..., 4096) = 37
[pid 216260] 11:21:51.893735 close(14)  = 0
[pid 216260] 11:21:51.893873 fcntl(12, F_DUPFD_CLOEXEC, 0) = 14
[pid 216260] 11:21:51.893993 fcntl(14, F_GETFL) = 0x200000 (flags O_RDONLY|O_PATH)
[pid 216260] 11:21:51.894131 close(12)  = 0
[pid 216260] 11:21:51.894233 close(8)   = 0
[pid 216260] 11:21:51.894355 fstatfs(13, {f_type=PROC_SUPER_MAGIC, f_bsize=4096, f_blocks=0, f_bfree=0, f_bavail=0, f_files=0, f_ffree=0, f_fsid={val=[0x57, 0]}, f_namelen=255, f_frsize=4096, f_flags=ST_VALID|ST_NOSUID|ST_NODEV|ST_NOEXEC|ST_RELATIME}) = 0
[pid 216260] 11:21:51.894473 fstat(13, {st_mode=S_IFDIR|0555, st_size=0, ...}) = 0
[pid 216260] 11:21:51.894599 openat2(AT_FDCWD, ".", {flags=O_RDONLY|O_CLOEXEC|O_PATH, resolve=RESOLVE_NO_SYMLINKS|RESOLVE_IN_ROOT}, 24) = 8
[pid 216260] 11:21:51.894730 close(8)   = 0
[pid 216260] 11:21:51.894854 openat2(13, "thread-self/fd/", {flags=O_RDONLY|O_NOFOLLOW|O_CLOEXEC|O_PATH, resolve=RESOLVE_NO_XDEV|RESOLVE_NO_MAGICLINKS|RESOLVE_BENEATH}, 24 <unfinished ...>
[pid 216261] 11:21:51.894916 <... nanosleep resumed>NULL) = 0
[pid 216260] 11:21:51.894940 <... openat2 resumed>) = 8
[pid 216261] 11:21:51.894961 nanosleep({tv_sec=0, tv_nsec=5120000},  <unfinished ...>
[pid 216260] 11:21:51.894999 fcntl(8, F_GETFL) = 0x220000 (flags O_RDONLY|O_NOFOLLOW|O_PATH)
[pid 216260] 11:21:51.895107 statx(13, "", AT_STATX_SYNC_AS_STAT|AT_SYMLINK_NOFOLLOW|AT_EMPTY_PATH, STATX_MNT_ID|STATX_MNT_ID_UNIQUE, {stx_mask=STATX_BASIC_STATS|STATX_MNT_ID_UNIQUE, stx_attributes=STATX_ATTR_MOUNT_ROOT, stx_mode=S_IFDIR|0555, stx_size=0, ...}) = 0
[pid 216260] 11:21:51.895235 statx(8, "14", AT_STATX_SYNC_AS_STAT|AT_SYMLINK_NOFOLLOW|AT_EMPTY_PATH, STATX_MNT_ID|STATX_MNT_ID_UNIQUE, {stx_mask=STATX_BASIC_STATS|STATX_MNT_ID_UNIQUE, stx_attributes=0, stx_mode=S_IFLNK|000, stx_size=64, ...}) = 0
[pid 216260] 11:21:51.895375 openat(8, "14", O_RDONLY|O_CLOEXEC|O_PATH) = 12
[pid 216260] 11:21:51.895506 fcntl(12, F_GETFL) = 0x200000 (flags O_RDONLY|O_PATH)
[pid 216260] 11:21:51.895637 close(8)   = 0
[pid 216260] 11:21:51.895785 close(14)  = 0
[pid 216260] 11:21:51.895955 fstatfs(13, {f_type=PROC_SUPER_MAGIC, f_bsize=4096, f_blocks=0, f_bfree=0, f_bavail=0, f_files=0, f_ffree=0, f_fsid={val=[0x57, 0]}, f_namelen=255, f_frsize=4096, f_flags=ST_VALID|ST_NOSUID|ST_NODEV|ST_NOEXEC|ST_RELATIME}) = 0
[pid 216260] 11:21:51.896091 fstat(13, {st_mode=S_IFDIR|0555, st_size=0, ...}) = 0
[pid 216260] 11:21:51.896227 openat2(AT_FDCWD, ".", {flags=O_RDONLY|O_CLOEXEC|O_PATH, resolve=RESOLVE_NO_SYMLINKS|RESOLVE_IN_ROOT}, 24) = 8
[pid 216260] 11:21:51.896353 close(8)   = 0
[pid 216260] 11:21:51.896467 openat2(13, "thread-self/fd/12", {flags=O_RDONLY|O_NOFOLLOW|O_CLOEXEC|O_PATH, resolve=RESOLVE_NO_XDEV|RESOLVE_NO_MAGICLINKS|RESOLVE_BENEATH}, 24) = 8
[pid 216260] 11:21:51.896595 fcntl(8, F_GETFL) = 0x220000 (flags O_RDONLY|O_NOFOLLOW|O_PATH)
[pid 216260] 11:21:51.896717 statx(13, "", AT_STATX_SYNC_AS_STAT|AT_SYMLINK_NOFOLLOW|AT_EMPTY_PATH, STATX_MNT_ID|STATX_MNT_ID_UNIQUE, {stx_mask=STATX_BASIC_STATS|STATX_MNT_ID_UNIQUE, stx_attributes=STATX_ATTR_MOUNT_ROOT, stx_mode=S_IFDIR|0555, stx_size=0, ...}) = 0
[pid 216260] 11:21:51.896838 statx(8, "", AT_STATX_SYNC_AS_STAT|AT_SYMLINK_NOFOLLOW|AT_EMPTY_PATH, STATX_MNT_ID|STATX_MNT_ID_UNIQUE, {stx_mask=STATX_BASIC_STATS|STATX_MNT_ID_UNIQUE, stx_attributes=0, stx_mode=S_IFLNK|000, stx_size=64, ...}) = 0
[pid 216260] 11:21:51.896960 readlinkat(8, "", "/home/sh1rogane/Anolix/rootfs/de"..., 4096) = 37
[pid 216260] 11:21:51.897078 close(8)   = 0
[pid 216260] 11:21:51.897195 close(11)  = 0
[pid 216260] 11:21:51.897315 close(12)  = 0
[pid 216260] 11:21:51.897446 openat(AT_FDCWD, "/home/sh1rogane/Anolix/rootfs", O_RDONLY|O_CLOEXEC|O_PATH|O_DIRECTORY) = 8
[pid 216260] 11:21:51.897563 fcntl(8, F_GETFL) = 0x210000 (flags O_RDONLY|O_PATH|O_DIRECTORY)
[pid 216260] 11:21:51.897674 fcntl(8, F_SETFL, O_RDONLY|O_NONBLOCK|O_PATH|O_DIRECTORY) = -1 EBADF (Bad file descriptor)
[pid 216260] 11:21:51.897768 openat2(8, "/dev/mqueue", {flags=O_RDONLY|O_CLOEXEC|O_PATH, resolve=RESOLVE_NO_MAGICLINKS|RESOLVE_IN_ROOT}, 24) = -1 ENOENT (No such file or directory)
[pid 216260] 11:21:51.897896 openat2(AT_FDCWD, ".", {flags=O_RDONLY|O_CLOEXEC|O_PATH, resolve=RESOLVE_NO_SYMLINKS|RESOLVE_IN_ROOT}, 24) = 11
[pid 216260] 11:21:51.898010 close(11)  = 0
[pid 216260] 11:21:51.898131 close(8)   = 0
[pid 216260] 11:21:51.898268 newfstatat(AT_FDCWD, "/home/sh1rogane/Anolix/rootfs//dev", {st_mode=S_IFDIR|0755, st_size=80, ...}, AT_SYMLINK_NOFOLLOW) = 0
[pid 216260] 11:21:51.898429 newfstatat(AT_FDCWD, "/home/sh1rogane/Anolix/rootfs//dev/mqueue", 0xc0000c5b08, AT_SYMLINK_NOFOLLOW) = -1 ENOENT (No such file or directory)
[pid 216260] 11:21:51.898573 openat(AT_FDCWD, "/home/sh1rogane/Anolix/rootfs", O_RDONLY|O_CLOEXEC|O_DIRECTORY) = 8
[pid 216260] 11:21:51.898710 fcntl(8, F_GETFL) = 0x18000 (flags O_RDONLY|O_LARGEFILE|O_DIRECTORY)
[pid 216260] 11:21:51.898833 fcntl(8, F_SETFL, O_RDONLY|O_NONBLOCK|O_LARGEFILE|O_DIRECTORY) = 0
[pid 216260] 11:21:51.898977 epoll_ctl(9, EPOLL_CTL_ADD, 8, {events=EPOLLIN|EPOLLOUT|EPOLLRDHUP|EPOLLET, data={u32=1592786952, u64=8212740833262174216}}) = -1 EPERM (Operation not permitted)
[pid 216260] 11:21:51.899122 fcntl(8, F_GETFL) = 0x18800 (flags O_RDONLY|O_NONBLOCK|O_LARGEFILE|O_DIRECTORY)
[pid 216260] 11:21:51.899230 fcntl(8, F_SETFL, O_RDONLY|O_LARGEFILE|O_DIRECTORY) = 0
[pid 216260] 11:21:51.899341 openat2(8, "/dev/mqueue", {flags=O_RDONLY|O_CLOEXEC|O_PATH, resolve=RESOLVE_NO_MAGICLINKS|RESOLVE_IN_ROOT}, 24) = -1 ENOENT (No such file or directory)
[pid 216260] 11:21:51.899485 openat2(8, "/dev", {flags=O_RDONLY|O_CLOEXEC|O_PATH, resolve=RESOLVE_NO_MAGICLINKS|RESOLVE_IN_ROOT}, 24) = 11
[pid 216260] 11:21:51.899620 fcntl(11, F_GETFL) = 0x200000 (flags O_RDONLY|O_PATH)
[pid 216260] 11:21:51.899870 fstatfs(13, {f_type=PROC_SUPER_MAGIC, f_bsize=4096, f_blocks=0, f_bfree=0, f_bavail=0, f_files=0, f_ffree=0, f_fsid={val=[0x57, 0]}, f_namelen=255, f_frsize=4096, f_flags=ST_VALID|ST_NOSUID|ST_NODEV|ST_NOEXEC|ST_RELATIME}) = 0
[pid 216260] 11:21:51.899991 fstat(13, {st_mode=S_IFDIR|0555, st_size=0, ...}) = 0
[pid 216260] 11:21:51.900122 openat2(AT_FDCWD, ".", {flags=O_RDONLY|O_CLOEXEC|O_PATH, resolve=RESOLVE_NO_SYMLINKS|RESOLVE_IN_ROOT}, 24) = 12
[pid 216261] 11:21:51.900204 <... nanosleep resumed>NULL) = 0
[pid 216260] 11:21:51.900234 close(12 <unfinished ...>
[pid 216261] 11:21:51.900295 epoll_pwait(9,  <unfinished ...>
[pid 216260] 11:21:51.900317 <... close resumed>) = 0
[pid 216261] 11:21:51.900340 <... epoll_pwait resumed>[], 128, 0, NULL, 0) = 0
[pid 216260] 11:21:51.900360 openat2(13, "thread-self/fd/11", {flags=O_RDONLY|O_NOFOLLOW|O_CLOEXEC|O_PATH, resolve=RESOLVE_NO_XDEV|RESOLVE_NO_MAGICLINKS|RESOLVE_BENEATH}, 24 <unfinished ...>
[pid 216261] 11:21:51.900387 futex(0xc00006d948, FUTEX_WAKE_PRIVATE, 1) = 1
[pid 216260] 11:21:51.900448 <... openat2 resumed>) = 12
[pid 216263] 11:21:51.900473 <... futex resumed>) = 0
[pid 216261] 11:21:51.900494 nanosleep({tv_sec=0, tv_nsec=20000},  <unfinished ...>
[pid 216263] 11:21:51.900524 futex(0xeeaf80, FUTEX_WAKE_PRIVATE, 1 <unfinished ...>
[pid 216260] 11:21:51.900544 futex(0xeeaf80, FUTEX_WAIT_PRIVATE, 0, NULL <unfinished ...>
[pid 216263] 11:21:51.900565 <... futex resumed>) = 0
[pid 216260] 11:21:51.900586 <... futex resumed>) = -1 EAGAIN (Resource temporarily unavailable)
[pid 216263] 11:21:51.900606 futex(0xc00006d948, FUTEX_WAIT_PRIVATE, 0, NULL <unfinished ...>
[pid 216260] 11:21:51.900626 fcntl(12, F_GETFL <unfinished ...>
[pid 216261] 11:21:51.900650 <... nanosleep resumed>NULL) = 0
[pid 216260] 11:21:51.900669 <... fcntl resumed>) = 0x220000 (flags O_RDONLY|O_NOFOLLOW|O_PATH)
[pid 216261] 11:21:51.900711 nanosleep({tv_sec=0, tv_nsec=20000},  <unfinished ...>
[pid 216260] 11:21:51.900736 statx(13, "", AT_STATX_SYNC_AS_STAT|AT_SYMLINK_NOFOLLOW|AT_EMPTY_PATH, STATX_MNT_ID|STATX_MNT_ID_UNIQUE, {stx_mask=STATX_BASIC_STATS|STATX_MNT_ID_UNIQUE, stx_attributes=STATX_ATTR_MOUNT_ROOT, stx_mode=S_IFDIR|0555, stx_size=0, ...}) = 0
[pid 216261] 11:21:51.900841 <... nanosleep resumed>NULL) = 0
[pid 216260] 11:21:51.900861 statx(12, "", AT_STATX_SYNC_AS_STAT|AT_SYMLINK_NOFOLLOW|AT_EMPTY_PATH, STATX_MNT_ID|STATX_MNT_ID_UNIQUE,  <unfinished ...>
[pid 216261] 11:21:51.900883 nanosleep({tv_sec=0, tv_nsec=20000},  <unfinished ...>
[pid 216260] 11:21:51.900904 <... statx resumed>{stx_mask=STATX_BASIC_STATS|STATX_MNT_ID_UNIQUE, stx_attributes=0, stx_mode=S_IFLNK|000, stx_size=64, ...}) = 0
[pid 216260] 11:21:51.900955 readlinkat(12, "",  <unfinished ...>
[pid 216261] 11:21:51.901039 <... nanosleep resumed>NULL) = 0
[pid 216260] 11:21:51.901061 <... readlinkat resumed>"/home/sh1rogane/Anolix/rootfs/de"..., 4096) = 33
[pid 216261] 11:21:51.901097 nanosleep({tv_sec=0, tv_nsec=20000},  <unfinished ...>
[pid 216260] 11:21:51.901119 close(12)  = 0
[pid 216260] 11:21:51.901220 fcntl(11, F_DUPFD_CLOEXEC, 0 <unfinished ...>
[pid 216261] 11:21:51.901266 <... nanosleep resumed>NULL) = 0
[pid 216260] 11:21:51.901285 <... fcntl resumed>) = 12
[pid 216261] 11:21:51.901304 nanosleep({tv_sec=0, tv_nsec=20000},  <unfinished ...>
[pid 216260] 11:21:51.901327 fcntl(12, F_GETFL) = 0x200000 (flags O_RDONLY|O_PATH)
[pid 216261] 11:21:51.901452 <... nanosleep resumed>NULL) = 0
[pid 216260] 11:21:51.901476 close(11 <unfinished ...>
[pid 216261] 11:21:51.901542 nanosleep({tv_sec=0, tv_nsec=20000},  <unfinished ...>
[pid 216260] 11:21:51.901576 <... close resumed>) = 0
[pid 216260] 11:21:51.901622 openat2(AT_FDCWD, ".", {flags=O_RDONLY|O_CLOEXEC|O_PATH, resolve=RESOLVE_NO_SYMLINKS|RESOLVE_IN_ROOT}, 24) = 11
[pid 216261] 11:21:51.901713 <... nanosleep resumed>NULL) = 0
[pid 216260] 11:21:51.901736 close(11 <unfinished ...>
[pid 216261] 11:21:51.901774 nanosleep({tv_sec=0, tv_nsec=20000},  <unfinished ...>
[pid 216260] 11:21:51.901826 <... close resumed>) = 0
[pid 216260] 11:21:51.901885 fstat(12,  <unfinished ...>
[pid 216261] 11:21:51.901942 <... nanosleep resumed>NULL) = 0
[pid 216260] 11:21:51.901962 <... fstat resumed>{st_mode=S_IFDIR|0755, st_size=80, ...}) = 0
[pid 216261] 11:21:51.901994 nanosleep({tv_sec=0, tv_nsec=20000},  <unfinished ...>
[pid 216260] 11:21:51.902016 fstatfs(13, {f_type=PROC_SUPER_MAGIC, f_bsize=4096, f_blocks=0, f_bfree=0, f_bavail=0, f_files=0, f_ffree=0, f_fsid={val=[0x57, 0]}, f_namelen=255, f_frsize=4096, f_flags=ST_VALID|ST_NOSUID|ST_NODEV|ST_NOEXEC|ST_RELATIME}) = 0
[pid 216261] 11:21:51.902128 <... nanosleep resumed>NULL) = 0
[pid 216260] 11:21:51.902148 fstat(13,  <unfinished ...>
[pid 216261] 11:21:51.902170 nanosleep({tv_sec=0, tv_nsec=20000},  <unfinished ...>
[pid 216260] 11:21:51.902202 <... fstat resumed>{st_mode=S_IFDIR|0555, st_size=0, ...}) = 0
[pid 216260] 11:21:51.902293 openat2(AT_FDCWD, ".", {flags=O_RDONLY|O_CLOEXEC|O_PATH, resolve=RESOLVE_NO_SYMLINKS|RESOLVE_IN_ROOT}, 24 <unfinished ...>
[pid 216261] 11:21:51.902323 <... nanosleep resumed>NULL) = 0
[pid 216260] 11:21:51.902346 <... openat2 resumed>) = 11
[pid 216261] 11:21:51.902368 nanosleep({tv_sec=0, tv_nsec=20000},  <unfinished ...>
[pid 216260] 11:21:51.902389 close(11)  = 0
[pid 216260] 11:21:51.902484 openat2(13, "thread-self/fd/", {flags=O_RDONLY|O_NOFOLLOW|O_CLOEXEC|O_PATH, resolve=RESOLVE_NO_XDEV|RESOLVE_NO_MAGICLINKS|RESOLVE_BENEATH}, 24 <unfinished ...>
[pid 216261] 11:21:51.902527 <... nanosleep resumed>NULL) = 0
[pid 216260] 11:21:51.902546 <... openat2 resumed>) = 11
[pid 216261] 11:21:51.902564 nanosleep({tv_sec=0, tv_nsec=20000},  <unfinished ...>
[pid 216260] 11:21:51.902585 fcntl(11, F_GETFL) = 0x220000 (flags O_RDONLY|O_NOFOLLOW|O_PATH)
[pid 216261] 11:21:51.902712 <... nanosleep resumed>NULL) = 0
[pid 216260] 11:21:51.902740 statx(13, "", AT_STATX_SYNC_AS_STAT|AT_SYMLINK_NOFOLLOW|AT_EMPTY_PATH, STATX_MNT_ID|STATX_MNT_ID_UNIQUE,  <unfinished ...>
[pid 216261] 11:21:51.902768 nanosleep({tv_sec=0, tv_nsec=20000},  <unfinished ...>
[pid 216260] 11:21:51.902789 <... statx resumed>{stx_mask=STATX_BASIC_STATS|STATX_MNT_ID_UNIQUE, stx_attributes=STATX_ATTR_MOUNT_ROOT, stx_mode=S_IFDIR|0555, stx_size=0, ...}) = 0
[pid 216260] 11:21:51.902846 statx(11, "12", AT_STATX_SYNC_AS_STAT|AT_SYMLINK_NOFOLLOW|AT_EMPTY_PATH, STATX_MNT_ID|STATX_MNT_ID_UNIQUE,  <unfinished ...>
[pid 216261] 11:21:51.902904 <... nanosleep resumed>NULL) = 0
[pid 216260] 11:21:51.902922 <... statx resumed>{stx_mask=STATX_BASIC_STATS|STATX_MNT_ID_UNIQUE, stx_attributes=0, stx_mode=S_IFLNK|000, stx_size=64, ...}) = 0
[pid 216261] 11:21:51.902948 nanosleep({tv_sec=0, tv_nsec=20000},  <unfinished ...>
[pid 216260] 11:21:51.902968 openat(11, "12", O_RDONLY|O_CLOEXEC|O_DIRECTORY) = 14
[pid 216261] 11:21:51.903101 <... nanosleep resumed>NULL) = 0
[pid 216260] 11:21:51.903129 fcntl(14, F_GETFL <unfinished ...>
[pid 216261] 11:21:51.903186 nanosleep({tv_sec=0, tv_nsec=20000},  <unfinished ...>
[pid 216260] 11:21:51.903211 <... fcntl resumed>) = 0x18000 (flags O_RDONLY|O_LARGEFILE|O_DIRECTORY)
[pid 216260] 11:21:51.903275 close(11 <unfinished ...>
[pid 216261] 11:21:51.903352 <... nanosleep resumed>NULL) = 0
[pid 216260] 11:21:51.903376 <... close resumed>) = 0
[pid 216261] 11:21:51.903400 nanosleep({tv_sec=0, tv_nsec=20000},  <unfinished ...>
[pid 216260] 11:21:51.903451 close(12)  = 0
[pid 216261] 11:21:51.903531 <... nanosleep resumed>NULL) = 0
[pid 216260] 11:21:51.903565 mkdirat(14, "mqueue", 0755 <unfinished ...>
[pid 216261] 11:21:51.903593 nanosleep({tv_sec=0, tv_nsec=20000},  <unfinished ...>
[pid 216260] 11:21:51.903623 <... mkdirat resumed>) = 0
[pid 216260] 11:21:51.903692 openat2(AT_FDCWD, ".", {flags=O_RDONLY|O_CLOEXEC|O_PATH, resolve=RESOLVE_NO_SYMLINKS|RESOLVE_IN_ROOT}, 24 <unfinished ...>
[pid 216261] 11:21:51.903746 <... nanosleep resumed>NULL) = 0
[pid 216260] 11:21:51.903780 <... openat2 resumed>) = 11
[pid 216261] 11:21:51.903803 nanosleep({tv_sec=0, tv_nsec=20000},  <unfinished ...>
[pid 216260] 11:21:51.903831 close(11)  = 0
[pid 216261] 11:21:51.903953 <... nanosleep resumed>NULL) = 0
[pid 216260] 11:21:51.903977 openat2(14, "mqueue", {flags=O_RDONLY|O_NOFOLLOW|O_CLOEXEC|O_DIRECTORY, resolve=RESOLVE_NO_XDEV|RESOLVE_NO_SYMLINKS|RESOLVE_BENEATH}, 24 <unfinished ...>
[pid 216261] 11:21:51.904021 nanosleep({tv_sec=0, tv_nsec=20000},  <unfinished ...>
[pid 216260] 11:21:51.904043 <... openat2 resumed>) = 11
[pid 216260] 11:21:51.904088 fcntl(11, F_GETFL) = 0x38000 (flags O_RDONLY|O_LARGEFILE|O_NOFOLLOW|O_DIRECTORY)
[pid 216261] 11:21:51.904163 <... nanosleep resumed>NULL) = 0
[pid 216260] 11:21:51.904189 close(14 <unfinished ...>
[pid 216261] 11:21:51.904208 nanosleep({tv_sec=0, tv_nsec=20000},  <unfinished ...>
[pid 216260] 11:21:51.904243 <... close resumed>) = 0
[pid 216260] 11:21:51.904299 close(8 <unfinished ...>
[pid 216261] 11:21:51.904344 <... nanosleep resumed>NULL) = 0
[pid 216260] 11:21:51.904362 <... close resumed>) = 0
[pid 216261] 11:21:51.904381 nanosleep({tv_sec=0, tv_nsec=20000},  <unfinished ...>
[pid 216260] 11:21:51.904421 fstatfs(13, {f_type=PROC_SUPER_MAGIC, f_bsize=4096, f_blocks=0, f_bfree=0, f_bavail=0, f_files=0, f_ffree=0, f_fsid={val=[0x57, 0]}, f_namelen=255, f_frsize=4096, f_flags=ST_VALID|ST_NOSUID|ST_NODEV|ST_NOEXEC|ST_RELATIME}) = 0
[pid 216261] 11:21:51.904515 <... nanosleep resumed>NULL) = 0
[pid 216260] 11:21:51.904536 fstat(13,  <unfinished ...>
[pid 216261] 11:21:51.904563 nanosleep({tv_sec=0, tv_nsec=20000},  <unfinished ...>
[pid 216260] 11:21:51.904602 <... fstat resumed>{st_mode=S_IFDIR|0555, st_size=0, ...}) = 0
[pid 216260] 11:21:51.904654 openat2(AT_FDCWD, ".", {flags=O_RDONLY|O_CLOEXEC|O_PATH, resolve=RESOLVE_NO_SYMLINKS|RESOLVE_IN_ROOT}, 24 <unfinished ...>
[pid 216261] 11:21:51.904724 <... nanosleep resumed>NULL) = 0
[pid 216260] 11:21:51.904744 <... openat2 resumed>) = 8
[pid 216261] 11:21:51.904780 nanosleep({tv_sec=0, tv_nsec=20000},  <unfinished ...>
[pid 216260] 11:21:51.904806 close(8)   = 0
[pid 216261] 11:21:51.904918 <... nanosleep resumed>NULL) = 0
[pid 216260] 11:21:51.904954 openat2(13, "thread-self/fd/11", {flags=O_RDONLY|O_NOFOLLOW|O_CLOEXEC|O_PATH, resolve=RESOLVE_NO_XDEV|RESOLVE_NO_MAGICLINKS|RESOLVE_BENEATH}, 24 <unfinished ...>
[pid 216261] 11:21:51.904979 nanosleep({tv_sec=0, tv_nsec=20000},  <unfinished ...>
[pid 216260] 11:21:51.904999 <... openat2 resumed>) = 8
[pid 216260] 11:21:51.905044 fcntl(8, F_GETFL) = 0x220000 (flags O_RDONLY|O_NOFOLLOW|O_PATH)
[pid 216261] 11:21:51.905114 <... nanosleep resumed>NULL) = 0
[pid 216260] 11:21:51.905149 statx(13, "", AT_STATX_SYNC_AS_STAT|AT_SYMLINK_NOFOLLOW|AT_EMPTY_PATH, STATX_MNT_ID|STATX_MNT_ID_UNIQUE,  <unfinished ...>
[pid 216261] 11:21:51.905170 nanosleep({tv_sec=0, tv_nsec=20000},  <unfinished ...>
[pid 216260] 11:21:51.905190 <... statx resumed>{stx_mask=STATX_BASIC_STATS|STATX_MNT_ID_UNIQUE, stx_attributes=STATX_ATTR_MOUNT_ROOT, stx_mode=S_IFDIR|0555, stx_size=0, ...}) = 0
[pid 216260] 11:21:51.905254 statx(8, "", AT_STATX_SYNC_AS_STAT|AT_SYMLINK_NOFOLLOW|AT_EMPTY_PATH, STATX_MNT_ID|STATX_MNT_ID_UNIQUE,  <unfinished ...>
[pid 216261] 11:21:51.905330 <... nanosleep resumed>NULL) = 0
[pid 216260] 11:21:51.905348 <... statx resumed>{stx_mask=STATX_BASIC_STATS|STATX_MNT_ID_UNIQUE, stx_attributes=0, stx_mode=S_IFLNK|0500, stx_size=64, ...}) = 0
[pid 216261] 11:21:51.905369 nanosleep({tv_sec=0, tv_nsec=20000},  <unfinished ...>
[pid 216260] 11:21:51.905390 readlinkat(8, "", "/home/sh1rogane/Anolix/rootfs/de"..., 4096) = 40
[pid 216261] 11:21:51.905488 <... nanosleep resumed>NULL) = 0
[pid 216260] 11:21:51.905509 close(8 <unfinished ...>
[pid 216261] 11:21:51.905533 nanosleep({tv_sec=0, tv_nsec=20000},  <unfinished ...>
[pid 216260] 11:21:51.905553 <... close resumed>) = 0
[pid 216260] 11:21:51.905624 mount("mqueue", "/proc/thread-self/fd/11", "mqueue", MS_NOSUID|MS_NODEV|MS_NOEXEC, NULL <unfinished ...>
[pid 216261] 11:21:51.905662 <... nanosleep resumed>NULL) = 0
[pid 216261] 11:21:51.905704 nanosleep({tv_sec=0, tv_nsec=20000}, NULL) = 0
[pid 216260] 11:21:51.905835 <... mount resumed>) = 0
[pid 216261] 11:21:51.905855 futex(0xc00006d948, FUTEX_WAKE_PRIVATE, 1 <unfinished ...>
[pid 216260] 11:21:51.905875 futex(0xeeaf80, FUTEX_WAIT_PRIVATE, 0, NULL <unfinished ...>
[pid 216261] 11:21:51.905893 <... futex resumed>) = 1
[pid 216263] 11:21:51.905912 <... futex resumed>) = 0
[pid 216261] 11:21:51.905930 nanosleep({tv_sec=0, tv_nsec=20000},  <unfinished ...>
[pid 216263] 11:21:51.905951 futex(0xeeaf80, FUTEX_WAKE_PRIVATE, 1) = 1
[pid 216260] 11:21:51.906038 <... futex resumed>) = 0
[pid 216263] 11:21:51.906062 futex(0xc00006d948, FUTEX_WAIT_PRIVATE, 0, NULL <unfinished ...>
[pid 216261] 11:21:51.906080 <... nanosleep resumed>NULL) = 0
[pid 216260] 11:21:51.906098 fstatfs(13,  <unfinished ...>
[pid 216261] 11:21:51.906149 nanosleep({tv_sec=0, tv_nsec=20000},  <unfinished ...>
[pid 216260] 11:21:51.906178 <... fstatfs resumed>{f_type=PROC_SUPER_MAGIC, f_bsize=4096, f_blocks=0, f_bfree=0, f_bavail=0, f_files=0, f_ffree=0, f_fsid={val=[0x57, 0]}, f_namelen=255, f_frsize=4096, f_flags=ST_VALID|ST_NOSUID|ST_NODEV|ST_NOEXEC|ST_RELATIME}) = 0
[pid 216260] 11:21:51.906233 fstat(13,  <unfinished ...>
[pid 216261] 11:21:51.906279 <... nanosleep resumed>NULL) = 0
[pid 216260] 11:21:51.906298 <... fstat resumed>{st_mode=S_IFDIR|0555, st_size=0, ...}) = 0
[pid 216261] 11:21:51.906321 nanosleep({tv_sec=0, tv_nsec=20000},  <unfinished ...>
[pid 216260] 11:21:51.906342 openat2(AT_FDCWD, ".", {flags=O_RDONLY|O_CLOEXEC|O_PATH, resolve=RESOLVE_NO_SYMLINKS|RESOLVE_IN_ROOT}, 24) = 8
[pid 216261] 11:21:51.906459 <... nanosleep resumed>NULL) = 0
[pid 216260] 11:21:51.906495 close(8 <unfinished ...>
[pid 216261] 11:21:51.906543 nanosleep({tv_sec=0, tv_nsec=20000},  <unfinished ...>
[pid 216260] 11:21:51.906572 <... close resumed>) = 0
[pid 216260] 11:21:51.906642 openat2(13, "thread-self/fd/11", {flags=O_RDONLY|O_NOFOLLOW|O_CLOEXEC|O_PATH, resolve=RESOLVE_NO_XDEV|RESOLVE_NO_MAGICLINKS|RESOLVE_BENEATH}, 24 <unfinished ...>
[pid 216261] 11:21:51.906689 <... nanosleep resumed>NULL) = 0
[pid 216260] 11:21:51.906709 <... openat2 resumed>) = 8
[pid 216261] 11:21:51.906727 nanosleep({tv_sec=0, tv_nsec=20000},  <unfinished ...>
[pid 216260] 11:21:51.906749 fcntl(8, F_GETFL) = 0x220000 (flags O_RDONLY|O_NOFOLLOW|O_PATH)
[pid 216261] 11:21:51.906871 <... nanosleep resumed>NULL) = 0
[pid 216260] 11:21:51.906905 statx(13, "", AT_STATX_SYNC_AS_STAT|AT_SYMLINK_NOFOLLOW|AT_EMPTY_PATH, STATX_MNT_ID|STATX_MNT_ID_UNIQUE,  <unfinished ...>
[pid 216261] 11:21:51.906928 nanosleep({tv_sec=0, tv_nsec=20000},  <unfinished ...>
[pid 216260] 11:21:51.906948 <... statx resumed>{stx_mask=STATX_BASIC_STATS|STATX_MNT_ID_UNIQUE, stx_attributes=STATX_ATTR_MOUNT_ROOT, stx_mode=S_IFDIR|0555, stx_size=0, ...}) = 0
[pid 216260] 11:21:51.907011 statx(8, "", AT_STATX_SYNC_AS_STAT|AT_SYMLINK_NOFOLLOW|AT_EMPTY_PATH, STATX_MNT_ID|STATX_MNT_ID_UNIQUE,  <unfinished ...>
[pid 216261] 11:21:51.907063 <... nanosleep resumed>NULL) = 0
[pid 216260] 11:21:51.907082 <... statx resumed>{stx_mask=STATX_BASIC_STATS|STATX_MNT_ID_UNIQUE, stx_attributes=0, stx_mode=S_IFLNK|0500, stx_size=64, ...}) = 0
[pid 216261] 11:21:51.907105 nanosleep({tv_sec=0, tv_nsec=20000},  <unfinished ...>
[pid 216260] 11:21:51.907141 readlinkat(8, "", "/home/sh1rogane/Anolix/rootfs/de"..., 4096) = 40
[pid 216261] 11:21:51.907229 <... nanosleep resumed>NULL) = 0
[pid 216260] 11:21:51.907268 close(8 <unfinished ...>
[pid 216261] 11:21:51.907290 nanosleep({tv_sec=0, tv_nsec=20000},  <unfinished ...>
[pid 216260] 11:21:51.907311 <... close resumed>) = 0
[pid 216260] 11:21:51.907369 openat(AT_FDCWD, "/home/sh1rogane/Anolix/rootfs", O_RDONLY|O_CLOEXEC|O_PATH|O_DIRECTORY <unfinished ...>
[pid 216261] 11:21:51.907412 <... nanosleep resumed>NULL) = 0
[pid 216260] 11:21:51.907430 <... openat resumed>) = 8
[pid 216261] 11:21:51.907447 nanosleep({tv_sec=0, tv_nsec=20000},  <unfinished ...>
[pid 216260] 11:21:51.907467 fcntl(8, F_GETFL) = 0x210000 (flags O_RDONLY|O_PATH|O_DIRECTORY)
[pid 216261] 11:21:51.907570 <... nanosleep resumed>NULL) = 0
[pid 216260] 11:21:51.907589 fcntl(8, F_SETFL, O_RDONLY|O_NONBLOCK|O_PATH|O_DIRECTORY <unfinished ...>
[pid 216261] 11:21:51.907608 nanosleep({tv_sec=0, tv_nsec=20000},  <unfinished ...>
[pid 216260] 11:21:51.907632 <... fcntl resumed>) = -1 EBADF (Bad file descriptor)
[pid 216260] 11:21:51.907685 openat2(8, "/dev/mqueue", {flags=O_RDONLY|O_CLOEXEC|O_PATH, resolve=RESOLVE_NO_MAGICLINKS|RESOLVE_IN_ROOT}, 24 <unfinished ...>
[pid 216261] 11:21:51.907750 <... nanosleep resumed>NULL) = 0
[pid 216260] 11:21:51.907767 <... openat2 resumed>) = 12
[pid 216261] 11:21:51.907813 nanosleep({tv_sec=0, tv_nsec=20000},  <unfinished ...>
[pid 216260] 11:21:51.907857 fcntl(12, F_GETFL) = 0x200000 (flags O_RDONLY|O_PATH)
[pid 216261] 11:21:51.907956 <... nanosleep resumed>NULL) = 0
[pid 216260] 11:21:51.907990 fstatfs(13,  <unfinished ...>
[pid 216261] 11:21:51.908014 nanosleep({tv_sec=0, tv_nsec=20000},  <unfinished ...>
[pid 216260] 11:21:51.908035 <... fstatfs resumed>{f_type=PROC_SUPER_MAGIC, f_bsize=4096, f_blocks=0, f_bfree=0, f_bavail=0, f_files=0, f_ffree=0, f_fsid={val=[0x57, 0]}, f_namelen=255, f_frsize=4096, f_flags=ST_VALID|ST_NOSUID|ST_NODEV|ST_NOEXEC|ST_RELATIME}) = 0
[pid 216260] 11:21:51.908085 fstat(13,  <unfinished ...>
[pid 216261] 11:21:51.908146 <... nanosleep resumed>NULL) = 0
[pid 216260] 11:21:51.908164 <... fstat resumed>{st_mode=S_IFDIR|0555, st_size=0, ...}) = 0
[pid 216261] 11:21:51.908188 nanosleep({tv_sec=0, tv_nsec=20000},  <unfinished ...>
[pid 216260] 11:21:51.908219 openat2(AT_FDCWD, ".", {flags=O_RDONLY|O_CLOEXEC|O_PATH, resolve=RESOLVE_NO_SYMLINKS|RESOLVE_IN_ROOT}, 24) = 14
[pid 216261] 11:21:51.908335 <... nanosleep resumed>NULL) = 0
[pid 216260] 11:21:51.908367 close(14 <unfinished ...>
[pid 216261] 11:21:51.908392 nanosleep({tv_sec=0, tv_nsec=20000},  <unfinished ...>
[pid 216260] 11:21:51.908412 <... close resumed>) = 0
[pid 216260] 11:21:51.908467 openat2(13, "thread-self/fd/12", {flags=O_RDONLY|O_NOFOLLOW|O_CLOEXEC|O_PATH, resolve=RESOLVE_NO_XDEV|RESOLVE_NO_MAGICLINKS|RESOLVE_BENEATH}, 24 <unfinished ...>
[pid 216261] 11:21:51.908538 <... nanosleep resumed>NULL) = 0
[pid 216260] 11:21:51.908557 <... openat2 resumed>) = 14
[pid 216261] 11:21:51.908595 nanosleep({tv_sec=0, tv_nsec=20000},  <unfinished ...>
[pid 216260] 11:21:51.908628 fcntl(14, F_GETFL) = 0x220000 (flags O_RDONLY|O_NOFOLLOW|O_PATH)
[pid 216260] 11:21:51.908743 statx(13, "", AT_STATX_SYNC_AS_STAT|AT_SYMLINK_NOFOLLOW|AT_EMPTY_PATH, STATX_MNT_ID|STATX_MNT_ID_UNIQUE,  <unfinished ...>
[pid 216261] 11:21:51.908776 <... nanosleep resumed>NULL) = 0
[pid 216261] 11:21:51.908820 nanosleep({tv_sec=0, tv_nsec=20000},  <unfinished ...>
[pid 216260] 11:21:51.908855 <... statx resumed>{stx_mask=STATX_BASIC_STATS|STATX_MNT_ID_UNIQUE, stx_attributes=STATX_ATTR_MOUNT_ROOT, stx_mode=S_IFDIR|0555, stx_size=0, ...}) = 0
[pid 216260] 11:21:51.908916 statx(14, "", AT_STATX_SYNC_AS_STAT|AT_SYMLINK_NOFOLLOW|AT_EMPTY_PATH, STATX_MNT_ID|STATX_MNT_ID_UNIQUE,  <unfinished ...>
[pid 216261] 11:21:51.908994 <... nanosleep resumed>NULL) = 0
[pid 216260] 11:21:51.909022 <... statx resumed>{stx_mask=STATX_BASIC_STATS|STATX_MNT_ID_UNIQUE, stx_attributes=0, stx_mode=S_IFLNK|000, stx_size=64, ...}) = 0
[pid 216261] 11:21:51.909046 nanosleep({tv_sec=0, tv_nsec=20000},  <unfinished ...>
[pid 216260] 11:21:51.909072 readlinkat(14, "", "/home/sh1rogane/Anolix/rootfs/de"..., 4096) = 40
[pid 216261] 11:21:51.909199 <... nanosleep resumed>NULL) = 0
[pid 216260] 11:21:51.909233 close(14 <unfinished ...>
[pid 216261] 11:21:51.909271 nanosleep({tv_sec=0, tv_nsec=20000},  <unfinished ...>
[pid 216260] 11:21:51.909293 <... close resumed>) = 0
[pid 216260] 11:21:51.909340 fcntl(12, F_DUPFD_CLOEXEC, 0) = 14
[pid 216261] 11:21:51.909418 <... nanosleep resumed>NULL) = 0
[pid 216260] 11:21:51.909440 fcntl(14, F_GETFL <unfinished ...>
[pid 216261] 11:21:51.909477 nanosleep({tv_sec=0, tv_nsec=20000},  <unfinished ...>
[pid 216260] 11:21:51.909503 <... fcntl resumed>) = 0x200000 (flags O_RDONLY|O_PATH)
[pid 216260] 11:21:51.909559 close(12 <unfinished ...>
[pid 216261] 11:21:51.909621 <... nanosleep resumed>NULL) = 0
[pid 216260] 11:21:51.909641 <... close resumed>) = 0
[pid 216261] 11:21:51.909694 nanosleep({tv_sec=0, tv_nsec=20000},  <unfinished ...>
[pid 216260] 11:21:51.909730 close(8)   = 0
[pid 216261] 11:21:51.909833 <... nanosleep resumed>NULL) = 0
[pid 216260] 11:21:51.909860 fstatfs(13,  <unfinished ...>
[pid 216261] 11:21:51.909883 nanosleep({tv_sec=0, tv_nsec=20000},  <unfinished ...>
[pid 216260] 11:21:51.909911 <... fstatfs resumed>{f_type=PROC_SUPER_MAGIC, f_bsize=4096, f_blocks=0, f_bfree=0, f_bavail=0, f_files=0, f_ffree=0, f_fsid={val=[0x57, 0]}, f_namelen=255, f_frsize=4096, f_flags=ST_VALID|ST_NOSUID|ST_NODEV|ST_NOEXEC|ST_RELATIME}) = 0
[pid 216260] 11:21:51.909972 fstat(13,  <unfinished ...>
[pid 216261] 11:21:51.910040 <... nanosleep resumed>NULL) = 0
[pid 216260] 11:21:51.910058 <... fstat resumed>{st_mode=S_IFDIR|0555, st_size=0, ...}) = 0
[pid 216261] 11:21:51.910081 nanosleep({tv_sec=0, tv_nsec=20000},  <unfinished ...>
[pid 216260] 11:21:51.910101 openat2(AT_FDCWD, ".", {flags=O_RDONLY|O_CLOEXEC|O_PATH, resolve=RESOLVE_NO_SYMLINKS|RESOLVE_IN_ROOT}, 24) = 8
[pid 216261] 11:21:51.910212 <... nanosleep resumed>NULL) = 0
[pid 216260] 11:21:51.910232 close(8 <unfinished ...>
[pid 216261] 11:21:51.910250 nanosleep({tv_sec=0, tv_nsec=20000},  <unfinished ...>
[pid 216260] 11:21:51.910283 <... close resumed>) = 0
[pid 216260] 11:21:51.910331 openat2(13, "thread-self/fd/", {flags=O_RDONLY|O_NOFOLLOW|O_CLOEXEC|O_PATH, resolve=RESOLVE_NO_XDEV|RESOLVE_NO_MAGICLINKS|RESOLVE_BENEATH}, 24) = 8
[pid 216261] 11:21:51.910403 <... nanosleep resumed>NULL) = 0
[pid 216260] 11:21:51.910422 fcntl(8, F_GETFL <unfinished ...>
[pid 216261] 11:21:51.910440 epoll_pwait(9,  <unfinished ...>
[pid 216260] 11:21:51.910474 <... fcntl resumed>) = 0x220000 (flags O_RDONLY|O_NOFOLLOW|O_PATH)
[pid 216261] 11:21:51.910491 <... epoll_pwait resumed>[], 128, 0, NULL, 0) = 0
[pid 216260] 11:21:51.910509 statx(13, "", AT_STATX_SYNC_AS_STAT|AT_SYMLINK_NOFOLLOW|AT_EMPTY_PATH, STATX_MNT_ID|STATX_MNT_ID_UNIQUE,  <unfinished ...>
[pid 216261] 11:21:51.910529 nanosleep({tv_sec=0, tv_nsec=20000},  <unfinished ...>
[pid 216260] 11:21:51.910552 <... statx resumed>{stx_mask=STATX_BASIC_STATS|STATX_MNT_ID_UNIQUE, stx_attributes=STATX_ATTR_MOUNT_ROOT, stx_mode=S_IFDIR|0555, stx_size=0, ...}) = 0
[pid 216260] 11:21:51.910608 statx(8, "14", AT_STATX_SYNC_AS_STAT|AT_SYMLINK_NOFOLLOW|AT_EMPTY_PATH, STATX_MNT_ID|STATX_MNT_ID_UNIQUE,  <unfinished ...>
[pid 216261] 11:21:51.910674 <... nanosleep resumed>NULL) = 0
[pid 216260] 11:21:51.910696 <... statx resumed>{stx_mask=STATX_BASIC_STATS|STATX_MNT_ID_UNIQUE, stx_attributes=0, stx_mode=S_IFLNK|000, stx_size=64, ...}) = 0
[pid 216261] 11:21:51.910724 nanosleep({tv_sec=0, tv_nsec=20000},  <unfinished ...>
[pid 216260] 11:21:51.910750 openat(8, "14", O_RDONLY|O_CLOEXEC|O_PATH) = 12
[pid 216261] 11:21:51.910858 <... nanosleep resumed>NULL) = 0
[pid 216260] 11:21:51.910881 fcntl(12, F_GETFL <unfinished ...>
[pid 216261] 11:21:51.910906 nanosleep({tv_sec=0, tv_nsec=20000},  <unfinished ...>
[pid 216260] 11:21:51.910933 <... fcntl resumed>) = 0x200000 (flags O_RDONLY|O_PATH)
[pid 216260] 11:21:51.910992 close(8 <unfinished ...>
[pid 216261] 11:21:51.911053 <... nanosleep resumed>NULL) = 0
[pid 216260] 11:21:51.911075 <... close resumed>) = 0
[pid 216261] 11:21:51.911093 nanosleep({tv_sec=0, tv_nsec=20000},  <unfinished ...>
[pid 216260] 11:21:51.911117 close(14)  = 0
[pid 216261] 11:21:51.911240 <... nanosleep resumed>NULL) = 0
[pid 216260] 11:21:51.911261 fstatfs(13,  <unfinished ...>
[pid 216261] 11:21:51.911312 nanosleep({tv_sec=0, tv_nsec=20000},  <unfinished ...>
[pid 216260] 11:21:51.911355 <... fstatfs resumed>{f_type=PROC_SUPER_MAGIC, f_bsize=4096, f_blocks=0, f_bfree=0, f_bavail=0, f_files=0, f_ffree=0, f_fsid={val=[0x57, 0]}, f_namelen=255, f_frsize=4096, f_flags=ST_VALID|ST_NOSUID|ST_NODEV|ST_NOEXEC|ST_RELATIME}) = 0
[pid 216260] 11:21:51.911421 fstat(13,  <unfinished ...>
[pid 216261] 11:21:51.911442 <... nanosleep resumed>NULL) = 0
[pid 216260] 11:21:51.911463 <... fstat resumed>{st_mode=S_IFDIR|0555, st_size=0, ...}) = 0
[pid 216261] 11:21:51.911483 nanosleep({tv_sec=0, tv_nsec=20000},  <unfinished ...>
[pid 216260] 11:21:51.911507 openat2(AT_FDCWD, ".", {flags=O_RDONLY|O_CLOEXEC|O_PATH, resolve=RESOLVE_NO_SYMLINKS|RESOLVE_IN_ROOT}, 24) = 8
[pid 216261] 11:21:51.911619 <... nanosleep resumed>NULL) = 0
[pid 216260] 11:21:51.911638 close(8 <unfinished ...>
[pid 216261] 11:21:51.911665 nanosleep({tv_sec=0, tv_nsec=20000},  <unfinished ...>
[pid 216260] 11:21:51.911687 <... close resumed>) = 0
[pid 216260] 11:21:51.911738 openat2(13, "thread-self/fd/12", {flags=O_RDONLY|O_NOFOLLOW|O_CLOEXEC|O_PATH, resolve=RESOLVE_NO_XDEV|RESOLVE_NO_MAGICLINKS|RESOLVE_BENEATH}, 24 <unfinished ...>
[pid 216261] 11:21:51.911836 <... nanosleep resumed>NULL) = 0
[pid 216260] 11:21:51.911857 <... openat2 resumed>) = 8
[pid 216261] 11:21:51.911901 nanosleep({tv_sec=0, tv_nsec=20000},  <unfinished ...>
[pid 216260] 11:21:51.911946 fcntl(8, F_GETFL) = 0x220000 (flags O_RDONLY|O_NOFOLLOW|O_PATH)
[pid 216261] 11:21:51.912081 <... nanosleep resumed>NULL) = 0
[pid 216260] 11:21:51.912124 statx(13, "", AT_STATX_SYNC_AS_STAT|AT_SYMLINK_NOFOLLOW|AT_EMPTY_PATH, STATX_MNT_ID|STATX_MNT_ID_UNIQUE,  <unfinished ...>
[pid 216261] 11:21:51.912156 nanosleep({tv_sec=0, tv_nsec=20000},  <unfinished ...>
[pid 216260] 11:21:51.912181 <... statx resumed>{stx_mask=STATX_BASIC_STATS|STATX_MNT_ID_UNIQUE, stx_attributes=STATX_ATTR_MOUNT_ROOT, stx_mode=S_IFDIR|0555, stx_size=0, ...}) = 0
[pid 216260] 11:21:51.912248 statx(8, "", AT_STATX_SYNC_AS_STAT|AT_SYMLINK_NOFOLLOW|AT_EMPTY_PATH, STATX_MNT_ID|STATX_MNT_ID_UNIQUE,  <unfinished ...>
[pid 216261] 11:21:51.912288 <... nanosleep resumed>NULL) = 0
[pid 216260] 11:21:51.912307 <... statx resumed>{stx_mask=STATX_BASIC_STATS|STATX_MNT_ID_UNIQUE, stx_attributes=0, stx_mode=S_IFLNK|000, stx_size=64, ...}) = 0
[pid 216261] 11:21:51.912329 nanosleep({tv_sec=0, tv_nsec=20000},  <unfinished ...>
[pid 216260] 11:21:51.912351 readlinkat(8, "", "/home/sh1rogane/Anolix/rootfs/de"..., 4096) = 40
[pid 216261] 11:21:51.912472 <... nanosleep resumed>NULL) = 0
[pid 216260] 11:21:51.912494 close(8 <unfinished ...>
[pid 216261] 11:21:51.912521 nanosleep({tv_sec=0, tv_nsec=20000},  <unfinished ...>
[pid 216260] 11:21:51.912559 <... close resumed>) = 0
[pid 216260] 11:21:51.912619 close(11 <unfinished ...>
[pid 216261] 11:21:51.912667 <... nanosleep resumed>NULL) = 0
[pid 216260] 11:21:51.912695 <... close resumed>) = 0
[pid 216261] 11:21:51.912714 nanosleep({tv_sec=0, tv_nsec=20000},  <unfinished ...>
[pid 216260] 11:21:51.912742 close(12)  = 0
[pid 216261] 11:21:51.912842 <... nanosleep resumed>NULL) = 0
[pid 216260] 11:21:51.912868 newfstatat(AT_FDCWD, "/home/sh1rogane/Anolix/rootfs/sys",  <unfinished ...>
[pid 216261] 11:21:51.912895 nanosleep({tv_sec=0, tv_nsec=20000},  <unfinished ...>
[pid 216260] 11:21:51.912923 <... newfstatat resumed>{st_mode=S_IFDIR|0755, st_size=4096, ...}, AT_SYMLINK_NOFOLLOW) = 0
[pid 216260] 11:21:51.912979 openat(AT_FDCWD, "/home/sh1rogane/Anolix/rootfs", O_RDONLY|O_CLOEXEC|O_DIRECTORY <unfinished ...>
[pid 216261] 11:21:51.913023 <... nanosleep resumed>NULL) = 0
[pid 216260] 11:21:51.913041 <... openat resumed>) = 8
[pid 216261] 11:21:51.913063 nanosleep({tv_sec=0, tv_nsec=20000},  <unfinished ...>
[pid 216260] 11:21:51.913084 fcntl(8, F_GETFL) = 0x18000 (flags O_RDONLY|O_LARGEFILE|O_DIRECTORY)
[pid 216261] 11:21:51.913195 <... nanosleep resumed>NULL) = 0
[pid 216260] 11:21:51.913219 fcntl(8, F_SETFL, O_RDONLY|O_NONBLOCK|O_LARGEFILE|O_DIRECTORY <unfinished ...>
[pid 216261] 11:21:51.913244 nanosleep({tv_sec=0, tv_nsec=20000},  <unfinished ...>
[pid 216260] 11:21:51.913268 <... fcntl resumed>) = 0
[pid 216260] 11:21:51.913326 epoll_ctl(9, EPOLL_CTL_ADD, 8, {events=EPOLLIN|EPOLLOUT|EPOLLRDHUP|EPOLLET, data={u32=1592786953, u64=8212740833262174217}} <unfinished ...>
[pid 216261] 11:21:51.913369 <... nanosleep resumed>NULL) = 0
[pid 216260] 11:21:51.913387 <... epoll_ctl resumed>) = -1 EPERM (Operation not permitted)
[pid 216261] 11:21:51.913409 nanosleep({tv_sec=0, tv_nsec=20000},  <unfinished ...>
[pid 216260] 11:21:51.913431 fcntl(8, F_GETFL) = 0x18800 (flags O_RDONLY|O_NONBLOCK|O_LARGEFILE|O_DIRECTORY)
[pid 216261] 11:21:51.913547 <... nanosleep resumed>NULL) = 0
[pid 216260] 11:21:51.913585 fcntl(8, F_SETFL, O_RDONLY|O_LARGEFILE|O_DIRECTORY <unfinished ...>
[pid 216261] 11:21:51.913605 nanosleep({tv_sec=0, tv_nsec=20000},  <unfinished ...>
[pid 216260] 11:21:51.913629 <... fcntl resumed>) = 0
[pid 216260] 11:21:51.913688 openat2(8, "sys", {flags=O_RDONLY|O_CLOEXEC|O_PATH, resolve=RESOLVE_NO_MAGICLINKS|RESOLVE_IN_ROOT}, 24 <unfinished ...>
[pid 216261] 11:21:51.913772 <... nanosleep resumed>NULL) = 0
[pid 216260] 11:21:51.913829 <... openat2 resumed>) = 11
[pid 216261] 11:21:51.913859 nanosleep({tv_sec=0, tv_nsec=20000},  <unfinished ...>
[pid 216260] 11:21:51.913896 fcntl(11, F_GETFL) = 0x200000 (flags O_RDONLY|O_PATH)
[pid 216261] 11:21:51.914006 <... nanosleep resumed>NULL) = 0
[pid 216260] 11:21:51.914045 fstatfs(13,  <unfinished ...>
[pid 216261] 11:21:51.914066 nanosleep({tv_sec=0, tv_nsec=20000},  <unfinished ...>
[pid 216260] 11:21:51.914100 <... fstatfs resumed>{f_type=PROC_SUPER_MAGIC, f_bsize=4096, f_blocks=0, f_bfree=0, f_bavail=0, f_files=0, f_ffree=0, f_fsid={val=[0x57, 0]}, f_namelen=255, f_frsize=4096, f_flags=ST_VALID|ST_NOSUID|ST_NODEV|ST_NOEXEC|ST_RELATIME}) = 0
[pid 216260] 11:21:51.914165 fstat(13,  <unfinished ...>
[pid 216261] 11:21:51.914199 <... nanosleep resumed>NULL) = 0
[pid 216260] 11:21:51.914217 <... fstat resumed>{st_mode=S_IFDIR|0555, st_size=0, ...}) = 0
[pid 216261] 11:21:51.914242 nanosleep({tv_sec=0, tv_nsec=20000},  <unfinished ...>
[pid 216260] 11:21:51.914265 openat2(AT_FDCWD, ".", {flags=O_RDONLY|O_CLOEXEC|O_PATH, resolve=RESOLVE_NO_SYMLINKS|RESOLVE_IN_ROOT}, 24) = 12
[pid 216261] 11:21:51.914389 <... nanosleep resumed>NULL) = 0
[pid 216260] 11:21:51.914415 close(12 <unfinished ...>
[pid 216261] 11:21:51.914437 nanosleep({tv_sec=0, tv_nsec=20000},  <unfinished ...>
[pid 216260] 11:21:51.914461 <... close resumed>) = 0
[pid 216260] 11:21:51.914518 openat2(13, "thread-self/fd/11", {flags=O_RDONLY|O_NOFOLLOW|O_CLOEXEC|O_PATH, resolve=RESOLVE_NO_XDEV|RESOLVE_NO_MAGICLINKS|RESOLVE_BENEATH}, 24 <unfinished ...>
[pid 216261] 11:21:51.914582 <... nanosleep resumed>NULL) = 0
[pid 216260] 11:21:51.914601 <... openat2 resumed>) = 12
[pid 216261] 11:21:51.914639 nanosleep({tv_sec=0, tv_nsec=20000},  <unfinished ...>
[pid 216260] 11:21:51.914671 fcntl(12, F_GETFL) = 0x220000 (flags O_RDONLY|O_NOFOLLOW|O_PATH)
[pid 216260] 11:21:51.914765 statx(13, "", AT_STATX_SYNC_AS_STAT|AT_SYMLINK_NOFOLLOW|AT_EMPTY_PATH, STATX_MNT_ID|STATX_MNT_ID_UNIQUE,  <unfinished ...>
[pid 216261] 11:21:51.914808 <... nanosleep resumed>NULL) = 0
[pid 216260] 11:21:51.914829 <... statx resumed>{stx_mask=STATX_BASIC_STATS|STATX_MNT_ID_UNIQUE, stx_attributes=STATX_ATTR_MOUNT_ROOT, stx_mode=S_IFDIR|0555, stx_size=0, ...}) = 0
[pid 216261] 11:21:51.914850 nanosleep({tv_sec=0, tv_nsec=20000},  <unfinished ...>
[pid 216260] 11:21:51.914870 statx(12, "", AT_STATX_SYNC_AS_STAT|AT_SYMLINK_NOFOLLOW|AT_EMPTY_PATH, STATX_MNT_ID|STATX_MNT_ID_UNIQUE, {stx_mask=STATX_BASIC_STATS|STATX_MNT_ID_UNIQUE, stx_attributes=0, stx_mode=S_IFLNK|000, stx_size=64, ...}) = 0
[pid 216261] 11:21:51.914977 <... nanosleep resumed>NULL) = 0
[pid 216260] 11:21:51.915010 readlinkat(12, "",  <unfinished ...>
[pid 216261] 11:21:51.915030 nanosleep({tv_sec=0, tv_nsec=20000},  <unfinished ...>
[pid 216260] 11:21:51.915054 <... readlinkat resumed>"/home/sh1rogane/Anolix/rootfs/sy"..., 4096) = 33
[pid 216260] 11:21:51.915109 close(12 <unfinished ...>
[pid 216261] 11:21:51.915166 <... nanosleep resumed>NULL) = 0
[pid 216260] 11:21:51.915187 <... close resumed>) = 0
[pid 216261] 11:21:51.915229 nanosleep({tv_sec=0, tv_nsec=20000},  <unfinished ...>
[pid 216260] 11:21:51.915258 fcntl(11, F_DUPFD_CLOEXEC, 0) = 12
[pid 216261] 11:21:51.915360 <... nanosleep resumed>NULL) = 0
[pid 216260] 11:21:51.915391 fcntl(12, F_GETFL <unfinished ...>
[pid 216261] 11:21:51.915434 nanosleep({tv_sec=0, tv_nsec=20000},  <unfinished ...>
[pid 216260] 11:21:51.915460 <... fcntl resumed>) = 0x200000 (flags O_RDONLY|O_PATH)
[pid 216260] 11:21:51.915514 close(11 <unfinished ...>
[pid 216261] 11:21:51.915583 <... nanosleep resumed>NULL) = 0
[pid 216260] 11:21:51.915604 <... close resumed>) = 0
[pid 216261] 11:21:51.915643 nanosleep({tv_sec=0, tv_nsec=20000},  <unfinished ...>
[pid 216260] 11:21:51.915669 fstat(12, {st_mode=S_IFDIR|0755, st_size=4096, ...}) = 0
[pid 216261] 11:21:51.915774 <... nanosleep resumed>NULL) = 0
[pid 216260] 11:21:51.915800 fstatfs(13,  <unfinished ...>
[pid 216261] 11:21:51.915819 nanosleep({tv_sec=0, tv_nsec=20000},  <unfinished ...>
[pid 216260] 11:21:51.915840 <... fstatfs resumed>{f_type=PROC_SUPER_MAGIC, f_bsize=4096, f_blocks=0, f_bfree=0, f_bavail=0, f_files=0, f_ffree=0, f_fsid={val=[0x57, 0]}, f_namelen=255, f_frsize=4096, f_flags=ST_VALID|ST_NOSUID|ST_NODEV|ST_NOEXEC|ST_RELATIME}) = 0
[pid 216260] 11:21:51.915925 fstat(13,  <unfinished ...>
[pid 216261] 11:21:51.915970 <... nanosleep resumed>NULL) = 0
[pid 216260] 11:21:51.915992 <... fstat resumed>{st_mode=S_IFDIR|0555, st_size=0, ...}) = 0
[pid 216261] 11:21:51.916021 nanosleep({tv_sec=0, tv_nsec=40000},  <unfinished ...>
[pid 216260] 11:21:51.916068 openat2(AT_FDCWD, ".", {flags=O_RDONLY|O_CLOEXEC|O_PATH, resolve=RESOLVE_NO_SYMLINKS|RESOLVE_IN_ROOT}, 24) = 11
[pid 216261] 11:21:51.916189 <... nanosleep resumed>NULL) = 0
[pid 216260] 11:21:51.916212 close(11 <unfinished ...>
[pid 216261] 11:21:51.916246 futex(0xc00006d948, FUTEX_WAKE_PRIVATE, 1 <unfinished ...>
[pid 216260] 11:21:51.916268 <... close resumed>) = 0
[pid 216261] 11:21:51.916291 <... futex resumed>) = 1
[pid 216263] 11:21:51.916313 <... futex resumed>) = 0
[pid 216260] 11:21:51.916343 futex(0xeeaf80, FUTEX_WAIT_PRIVATE, 0, NULL <unfinished ...>
[pid 216261] 11:21:51.916362 nanosleep({tv_sec=0, tv_nsec=20000},  <unfinished ...>
[pid 216263] 11:21:51.916385 futex(0xeeaf80, FUTEX_WAKE_PRIVATE, 1 <unfinished ...>
[pid 216260] 11:21:51.916410 <... futex resumed>) = -1 EAGAIN (Resource temporarily unavailable)
[pid 216263] 11:21:51.916432 <... futex resumed>) = 0
[pid 216260] 11:21:51.916464 openat2(13, "thread-self/fd/", {flags=O_RDONLY|O_NOFOLLOW|O_CLOEXEC|O_PATH, resolve=RESOLVE_NO_XDEV|RESOLVE_NO_MAGICLINKS|RESOLVE_BENEATH}, 24 <unfinished ...>
[pid 216261] 11:21:51.916488 <... nanosleep resumed>NULL) = 0
[pid 216263] 11:21:51.916506 futex(0xc00006d948, FUTEX_WAIT_PRIVATE, 0, NULL <unfinished ...>
[pid 216260] 11:21:51.916523 <... openat2 resumed>) = 11
[pid 216261] 11:21:51.916540 nanosleep({tv_sec=0, tv_nsec=20000},  <unfinished ...>
[pid 216260] 11:21:51.916571 fcntl(11, F_GETFL) = 0x220000 (flags O_RDONLY|O_NOFOLLOW|O_PATH)
[pid 216261] 11:21:51.916675 <... nanosleep resumed>NULL) = 0
[pid 216260] 11:21:51.916709 statx(13, "", AT_STATX_SYNC_AS_STAT|AT_SYMLINK_NOFOLLOW|AT_EMPTY_PATH, STATX_MNT_ID|STATX_MNT_ID_UNIQUE,  <unfinished ...>
[pid 216261] 11:21:51.916733 nanosleep({tv_sec=0, tv_nsec=20000},  <unfinished ...>
[pid 216260] 11:21:51.916753 <... statx resumed>{stx_mask=STATX_BASIC_STATS|STATX_MNT_ID_UNIQUE, stx_attributes=STATX_ATTR_MOUNT_ROOT, stx_mode=S_IFDIR|0555, stx_size=0, ...}) = 0
[pid 216260] 11:21:51.916812 statx(11, "12", AT_STATX_SYNC_AS_STAT|AT_SYMLINK_NOFOLLOW|AT_EMPTY_PATH, STATX_MNT_ID|STATX_MNT_ID_UNIQUE,  <unfinished ...>
[pid 216261] 11:21:51.916856 <... nanosleep resumed>NULL) = 0
[pid 216260] 11:21:51.916883 <... statx resumed>{stx_mask=STATX_BASIC_STATS|STATX_MNT_ID_UNIQUE, stx_attributes=0, stx_mode=S_IFLNK|000, stx_size=64, ...}) = 0
[pid 216261] 11:21:51.916904 nanosleep({tv_sec=0, tv_nsec=20000},  <unfinished ...>
[pid 216260] 11:21:51.916924 openat(11, "12", O_RDONLY|O_CLOEXEC|O_DIRECTORY) = 14
[pid 216261] 11:21:51.917040 <... nanosleep resumed>NULL) = 0
[pid 216260] 11:21:51.917059 fcntl(14, F_GETFL <unfinished ...>
[pid 216261] 11:21:51.917101 nanosleep({tv_sec=0, tv_nsec=20000},  <unfinished ...>
[pid 216260] 11:21:51.917132 <... fcntl resumed>) = 0x18000 (flags O_RDONLY|O_LARGEFILE|O_DIRECTORY)
[pid 216260] 11:21:51.917181 close(11)  = 0
[pid 216261] 11:21:51.917244 <... nanosleep resumed>NULL) = 0
[pid 216260] 11:21:51.917264 close(12 <unfinished ...>
[pid 216261] 11:21:51.917282 nanosleep({tv_sec=0, tv_nsec=20000},  <unfinished ...>
[pid 216260] 11:21:51.917302 <... close resumed>) = 0
[pid 216260] 11:21:51.917352 close(8 <unfinished ...>
[pid 216261] 11:21:51.917422 <... nanosleep resumed>NULL) = 0
[pid 216260] 11:21:51.917444 <... close resumed>) = 0
[pid 216261] 11:21:51.917485 nanosleep({tv_sec=0, tv_nsec=20000},  <unfinished ...>
[pid 216260] 11:21:51.917520 mount("sysfs", "/proc/thread-self/fd/14", "sysfs", MS_RDONLY|MS_NOSUID|MS_NODEV|MS_NOEXEC, NULL <unfinished ...>
[pid 216261] 11:21:51.917664 <... nanosleep resumed>NULL) = 0
[pid 216260] 11:21:51.917691 <... mount resumed>) = 0
[pid 216261] 11:21:51.917710 nanosleep({tv_sec=0, tv_nsec=20000},  <unfinished ...>
[pid 216260] 11:21:51.917733 fstatfs(13, {f_type=PROC_SUPER_MAGIC, f_bsize=4096, f_blocks=0, f_bfree=0, f_bavail=0, f_files=0, f_ffree=0, f_fsid={val=[0x57, 0]}, f_namelen=255, f_frsize=4096, f_flags=ST_VALID|ST_NOSUID|ST_NODEV|ST_NOEXEC|ST_RELATIME}) = 0
[pid 216261] 11:21:51.917851 <... nanosleep resumed>NULL) = 0
[pid 216260] 11:21:51.917873 fstat(13,  <unfinished ...>
[pid 216261] 11:21:51.917891 nanosleep({tv_sec=0, tv_nsec=20000},  <unfinished ...>
[pid 216260] 11:21:51.917911 <... fstat resumed>{st_mode=S_IFDIR|0555, st_size=0, ...}) = 0
[pid 216260] 11:21:51.917971 openat2(AT_FDCWD, ".", {flags=O_RDONLY|O_CLOEXEC|O_PATH, resolve=RESOLVE_NO_SYMLINKS|RESOLVE_IN_ROOT}, 24 <unfinished ...>
[pid 216261] 11:21:51.918047 <... nanosleep resumed>NULL) = 0
[pid 216260] 11:21:51.918069 <... openat2 resumed>) = 8
[pid 216261] 11:21:51.918095 nanosleep({tv_sec=0, tv_nsec=20000},  <unfinished ...>
[pid 216260] 11:21:51.918120 close(8)   = 0
[pid 216261] 11:21:51.918234 <... nanosleep resumed>NULL) = 0
[pid 216260] 11:21:51.918253 openat2(13, "thread-self/fd/14", {flags=O_RDONLY|O_NOFOLLOW|O_CLOEXEC|O_PATH, resolve=RESOLVE_NO_XDEV|RESOLVE_NO_MAGICLINKS|RESOLVE_BENEATH}, 24 <unfinished ...>
[pid 216261] 11:21:51.918276 nanosleep({tv_sec=0, tv_nsec=20000},  <unfinished ...>
[pid 216260] 11:21:51.918296 <... openat2 resumed>) = 8
[pid 216260] 11:21:51.918343 fcntl(8, F_GETFL) = 0x220000 (flags O_RDONLY|O_NOFOLLOW|O_PATH)
[pid 216261] 11:21:51.918410 <... nanosleep resumed>NULL) = 0
[pid 216260] 11:21:51.918431 statx(13, "", AT_STATX_SYNC_AS_STAT|AT_SYMLINK_NOFOLLOW|AT_EMPTY_PATH, STATX_MNT_ID|STATX_MNT_ID_UNIQUE,  <unfinished ...>
[pid 216261] 11:21:51.918454 nanosleep({tv_sec=0, tv_nsec=20000},  <unfinished ...>
[pid 216260] 11:21:51.918476 <... statx resumed>{stx_mask=STATX_BASIC_STATS|STATX_MNT_ID_UNIQUE, stx_attributes=STATX_ATTR_MOUNT_ROOT, stx_mode=S_IFDIR|0555, stx_size=0, ...}) = 0
[pid 216260] 11:21:51.918542 statx(8, "", AT_STATX_SYNC_AS_STAT|AT_SYMLINK_NOFOLLOW|AT_EMPTY_PATH, STATX_MNT_ID|STATX_MNT_ID_UNIQUE,  <unfinished ...>
[pid 216261] 11:21:51.918587 <... nanosleep resumed>NULL) = 0
[pid 216260] 11:21:51.918610 <... statx resumed>{stx_mask=STATX_BASIC_STATS|STATX_MNT_ID_UNIQUE, stx_attributes=0, stx_mode=S_IFLNK|0500, stx_size=64, ...}) = 0
[pid 216261] 11:21:51.918636 nanosleep({tv_sec=0, tv_nsec=20000},  <unfinished ...>
[pid 216260] 11:21:51.918661 readlinkat(8, "", "/home/sh1rogane/Anolix/rootfs/sy"..., 4096) = 33
[pid 216261] 11:21:51.918779 <... nanosleep resumed>NULL) = 0
[pid 216260] 11:21:51.918815 close(8 <unfinished ...>
[pid 216261] 11:21:51.918861 nanosleep({tv_sec=0, tv_nsec=20000},  <unfinished ...>
[pid 216260] 11:21:51.918885 <... close resumed>) = 0
[pid 216260] 11:21:51.918939 openat(AT_FDCWD, "/home/sh1rogane/Anolix/rootfs", O_RDONLY|O_CLOEXEC|O_PATH|O_DIRECTORY <unfinished ...>
[pid 216261] 11:21:51.919009 <... nanosleep resumed>NULL) = 0
[pid 216260] 11:21:51.919033 <... openat resumed>) = 8
[pid 216261] 11:21:51.919054 nanosleep({tv_sec=0, tv_nsec=20000},  <unfinished ...>
[pid 216260] 11:21:51.919079 fcntl(8, F_GETFL) = 0x210000 (flags O_RDONLY|O_PATH|O_DIRECTORY)
[pid 216261] 11:21:51.919196 <... nanosleep resumed>NULL) = 0
[pid 216260] 11:21:51.919223 fcntl(8, F_SETFL, O_RDONLY|O_NONBLOCK|O_PATH|O_DIRECTORY <unfinished ...>
[pid 216261] 11:21:51.919248 nanosleep({tv_sec=0, tv_nsec=20000},  <unfinished ...>
[pid 216260] 11:21:51.919274 <... fcntl resumed>) = -1 EBADF (Bad file descriptor)
[pid 216260] 11:21:51.919330 openat2(8, "/sys", {flags=O_RDONLY|O_CLOEXEC|O_PATH, resolve=RESOLVE_NO_MAGICLINKS|RESOLVE_IN_ROOT}, 24 <unfinished ...>
[pid 216261] 11:21:51.919382 <... nanosleep resumed>NULL) = 0
[pid 216260] 11:21:51.919404 <... openat2 resumed>) = 11
[pid 216261] 11:21:51.919425 nanosleep({tv_sec=0, tv_nsec=20000},  <unfinished ...>
[pid 216260] 11:21:51.919448 fcntl(11, F_GETFL) = 0x200000 (flags O_RDONLY|O_PATH)
[pid 216261] 11:21:51.919572 <... nanosleep resumed>NULL) = 0
[pid 216260] 11:21:51.919598 fstatfs(13,  <unfinished ...>
[pid 216261] 11:21:51.919621 nanosleep({tv_sec=0, tv_nsec=20000},  <unfinished ...>
[pid 216260] 11:21:51.919645 <... fstatfs resumed>{f_type=PROC_SUPER_MAGIC, f_bsize=4096, f_blocks=0, f_bfree=0, f_bavail=0, f_files=0, f_ffree=0, f_fsid={val=[0x57, 0]}, f_namelen=255, f_frsize=4096, f_flags=ST_VALID|ST_NOSUID|ST_NODEV|ST_NOEXEC|ST_RELATIME}) = 0
[pid 216260] 11:21:51.919711 fstat(13,  <unfinished ...>
[pid 216261] 11:21:51.919754 <... nanosleep resumed>NULL) = 0
[pid 216260] 11:21:51.919775 <... fstat resumed>{st_mode=S_IFDIR|0555, st_size=0, ...}) = 0
[pid 216261] 11:21:51.919802 nanosleep({tv_sec=0, tv_nsec=20000},  <unfinished ...>
[pid 216260] 11:21:51.919835 openat2(AT_FDCWD, ".", {flags=O_RDONLY|O_CLOEXEC|O_PATH, resolve=RESOLVE_NO_SYMLINKS|RESOLVE_IN_ROOT}, 24) = 12
[pid 216261] 11:21:51.919935 <... nanosleep resumed>NULL) = 0
[pid 216260] 11:21:51.919957 close(12 <unfinished ...>
[pid 216261] 11:21:51.919978 nanosleep({tv_sec=0, tv_nsec=20000},  <unfinished ...>
[pid 216260] 11:21:51.920003 <... close resumed>) = 0
[pid 216260] 11:21:51.920059 openat2(13, "thread-self/fd/11", {flags=O_RDONLY|O_NOFOLLOW|O_CLOEXEC|O_PATH, resolve=RESOLVE_NO_XDEV|RESOLVE_NO_MAGICLINKS|RESOLVE_BENEATH}, 24 <unfinished ...>
[pid 216261] 11:21:51.920104 <... nanosleep resumed>NULL) = 0
[pid 216260] 11:21:51.920122 <... openat2 resumed>) = 12
[pid 216261] 11:21:51.920139 nanosleep({tv_sec=0, tv_nsec=20000},  <unfinished ...>
[pid 216260] 11:21:51.920163 fcntl(12, F_GETFL) = 0x220000 (flags O_RDONLY|O_NOFOLLOW|O_PATH)
[pid 216261] 11:21:51.920281 <... nanosleep resumed>NULL) = 0
[pid 216260] 11:21:51.920308 statx(13, "", AT_STATX_SYNC_AS_STAT|AT_SYMLINK_NOFOLLOW|AT_EMPTY_PATH, STATX_MNT_ID|STATX_MNT_ID_UNIQUE,  <unfinished ...>
[pid 216261] 11:21:51.920333 nanosleep({tv_sec=0, tv_nsec=20000},  <unfinished ...>
[pid 216260] 11:21:51.920355 <... statx resumed>{stx_mask=STATX_BASIC_STATS|STATX_MNT_ID_UNIQUE, stx_attributes=STATX_ATTR_MOUNT_ROOT, stx_mode=S_IFDIR|0555, stx_size=0, ...}) = 0
[pid 216260] 11:21:51.920407 statx(12, "", AT_STATX_SYNC_AS_STAT|AT_SYMLINK_NOFOLLOW|AT_EMPTY_PATH, STATX_MNT_ID|STATX_MNT_ID_UNIQUE,  <unfinished ...>
[pid 216261] 11:21:51.920464 <... nanosleep resumed>NULL) = 0
[pid 216260] 11:21:51.920481 <... statx resumed>{stx_mask=STATX_BASIC_STATS|STATX_MNT_ID_UNIQUE, stx_attributes=0, stx_mode=S_IFLNK|000, stx_size=64, ...}) = 0
[pid 216261] 11:21:51.920502 epoll_pwait(9, [], 128, 0, NULL, 0) = 0
[pid 216260] 11:21:51.920584 readlinkat(12, "",  <unfinished ...>
[pid 216261] 11:21:51.920606 nanosleep({tv_sec=0, tv_nsec=20000},  <unfinished ...>
[pid 216260] 11:21:51.920625 <... readlinkat resumed>"/home/sh1rogane/Anolix/rootfs/sy"..., 4096) = 33
[pid 216260] 11:21:51.920682 close(12 <unfinished ...>
[pid 216261] 11:21:51.920742 <... nanosleep resumed>NULL) = 0
[pid 216260] 11:21:51.920759 <... close resumed>) = 0
[pid 216261] 11:21:51.920802 nanosleep({tv_sec=0, tv_nsec=20000},  <unfinished ...>
[pid 216260] 11:21:51.920848 fcntl(11, F_DUPFD_CLOEXEC, 0) = 12
[pid 216260] 11:21:51.920946 fcntl(12, F_GETFL <unfinished ...>
[pid 216261] 11:21:51.920983 <... nanosleep resumed>NULL) = 0
[pid 216260] 11:21:51.920999 <... fcntl resumed>) = 0x200000 (flags O_RDONLY|O_PATH)
[pid 216261] 11:21:51.921019 nanosleep({tv_sec=0, tv_nsec=20000},  <unfinished ...>
[pid 216260] 11:21:51.921041 close(11)  = 0
[pid 216261] 11:21:51.921155 <... nanosleep resumed>NULL) = 0
[pid 216260] 11:21:51.921197 close(8 <unfinished ...>
[pid 216261] 11:21:51.921242 nanosleep({tv_sec=0, tv_nsec=20000},  <unfinished ...>
[pid 216260] 11:21:51.921268 <... close resumed>) = 0
[pid 216260] 11:21:51.921325 fstatfs(13,  <unfinished ...>
[pid 216261] 11:21:51.921386 <... nanosleep resumed>NULL) = 0
[pid 216260] 11:21:51.921407 <... fstatfs resumed>{f_type=PROC_SUPER_MAGIC, f_bsize=4096, f_blocks=0, f_bfree=0, f_bavail=0, f_files=0, f_ffree=0, f_fsid={val=[0x57, 0]}, f_namelen=255, f_frsize=4096, f_flags=ST_VALID|ST_NOSUID|ST_NODEV|ST_NOEXEC|ST_RELATIME}) = 0
[pid 216261] 11:21:51.921434 nanosleep({tv_sec=0, tv_nsec=20000},  <unfinished ...>
[pid 216260] 11:21:51.921459 fstat(13, {st_mode=S_IFDIR|0555, st_size=0, ...}) = 0
[pid 216260] 11:21:51.921553 openat2(AT_FDCWD, ".", {flags=O_RDONLY|O_CLOEXEC|O_PATH, resolve=RESOLVE_NO_SYMLINKS|RESOLVE_IN_ROOT}, 24 <unfinished ...>
[pid 216261] 11:21:51.921596 <... nanosleep resumed>NULL) = 0
[pid 216260] 11:21:51.921627 <... openat2 resumed>) = 8
[pid 216261] 11:21:51.921648 nanosleep({tv_sec=0, tv_nsec=20000},  <unfinished ...>
[pid 216260] 11:21:51.921688 close(8)   = 0
[pid 216261] 11:21:51.921804 <... nanosleep resumed>NULL) = 0
[pid 216260] 11:21:51.921885 openat2(13, "thread-self/fd/", {flags=O_RDONLY|O_NOFOLLOW|O_CLOEXEC|O_PATH, resolve=RESOLVE_NO_XDEV|RESOLVE_NO_MAGICLINKS|RESOLVE_BENEATH}, 24 <unfinished ...>
[pid 216261] 11:21:51.921920 nanosleep({tv_sec=0, tv_nsec=20000},  <unfinished ...>
[pid 216260] 11:21:51.921943 <... openat2 resumed>) = 8
[pid 216260] 11:21:51.921999 fcntl(8, F_GETFL <unfinished ...>
[pid 216261] 11:21:51.922039 <... nanosleep resumed>NULL) = 0
[pid 216260] 11:21:51.922072 <... fcntl resumed>) = 0x220000 (flags O_RDONLY|O_NOFOLLOW|O_PATH)
[pid 216261] 11:21:51.922095 nanosleep({tv_sec=0, tv_nsec=20000},  <unfinished ...>
[pid 216260] 11:21:51.922121 statx(13, "", AT_STATX_SYNC_AS_STAT|AT_SYMLINK_NOFOLLOW|AT_EMPTY_PATH, STATX_MNT_ID|STATX_MNT_ID_UNIQUE, {stx_mask=STATX_BASIC_STATS|STATX_MNT_ID_UNIQUE, stx_attributes=STATX_ATTR_MOUNT_ROOT, stx_mode=S_IFDIR|0555, stx_size=0, ...}) = 0
[pid 216261] 11:21:51.922230 <... nanosleep resumed>NULL) = 0
[pid 216260] 11:21:51.922253 statx(8, "12", AT_STATX_SYNC_AS_STAT|AT_SYMLINK_NOFOLLOW|AT_EMPTY_PATH, STATX_MNT_ID|STATX_MNT_ID_UNIQUE,  <unfinished ...>
[pid 216261] 11:21:51.922286 nanosleep({tv_sec=0, tv_nsec=20000},  <unfinished ...>
[pid 216260] 11:21:51.922305 <... statx resumed>{stx_mask=STATX_BASIC_STATS|STATX_MNT_ID_UNIQUE, stx_attributes=0, stx_mode=S_IFLNK|000, stx_size=64, ...}) = 0
[pid 216260] 11:21:51.922356 openat(8, "12", O_RDONLY|O_CLOEXEC|O_PATH <unfinished ...>
[pid 216261] 11:21:51.922443 <... nanosleep resumed>NULL) = 0
[pid 216260] 11:21:51.922464 <... openat resumed>) = 11
[pid 216261] 11:21:51.922509 nanosleep({tv_sec=0, tv_nsec=20000},  <unfinished ...>
[pid 216260] 11:21:51.922553 fcntl(11, F_GETFL) = 0x200000 (flags O_RDONLY|O_PATH)
[pid 216261] 11:21:51.922663 <... nanosleep resumed>NULL) = 0
[pid 216260] 11:21:51.922690 close(8 <unfinished ...>
[pid 216261] 11:21:51.922710 nanosleep({tv_sec=0, tv_nsec=20000},  <unfinished ...>
[pid 216260] 11:21:51.922732 <... close resumed>) = 0
[pid 216260] 11:21:51.922786 close(12 <unfinished ...>
[pid 216261] 11:21:51.922868 <... nanosleep resumed>NULL) = 0
[pid 216260] 11:21:51.922885 <... close resumed>) = 0
[pid 216261] 11:21:51.922908 nanosleep({tv_sec=0, tv_nsec=20000},  <unfinished ...>
[pid 216260] 11:21:51.922933 fstatfs(13, {f_type=PROC_SUPER_MAGIC, f_bsize=4096, f_blocks=0, f_bfree=0, f_bavail=0, f_files=0, f_ffree=0, f_fsid={val=[0x57, 0]}, f_namelen=255, f_frsize=4096, f_flags=ST_VALID|ST_NOSUID|ST_NODEV|ST_NOEXEC|ST_RELATIME}) = 0
[pid 216260] 11:21:51.923030 fstat(13,  <unfinished ...>
[pid 216261] 11:21:51.923060 <... nanosleep resumed>NULL) = 0
[pid 216260] 11:21:51.923078 <... fstat resumed>{st_mode=S_IFDIR|0555, st_size=0, ...}) = 0
[pid 216261] 11:21:51.923098 nanosleep({tv_sec=0, tv_nsec=20000},  <unfinished ...>
[pid 216260] 11:21:51.923139 openat2(AT_FDCWD, ".", {flags=O_RDONLY|O_CLOEXEC|O_PATH, resolve=RESOLVE_NO_SYMLINKS|RESOLVE_IN_ROOT}, 24) = 8
[pid 216261] 11:21:51.923235 <... nanosleep resumed>NULL) = 0
[pid 216260] 11:21:51.923256 close(8 <unfinished ...>
[pid 216261] 11:21:51.923295 nanosleep({tv_sec=0, tv_nsec=20000},  <unfinished ...>
[pid 216260] 11:21:51.923314 <... close resumed>) = 0
[pid 216260] 11:21:51.923370 openat2(13, "thread-self/fd/11", {flags=O_RDONLY|O_NOFOLLOW|O_CLOEXEC|O_PATH, resolve=RESOLVE_NO_XDEV|RESOLVE_NO_MAGICLINKS|RESOLVE_BENEATH}, 24 <unfinished ...>
[pid 216261] 11:21:51.923446 <... nanosleep resumed>NULL) = 0
[pid 216260] 11:21:51.923466 <... openat2 resumed>) = 8
[pid 216261] 11:21:51.923507 nanosleep({tv_sec=0, tv_nsec=20000},  <unfinished ...>
[pid 216260] 11:21:51.923540 fcntl(8, F_GETFL) = 0x220000 (flags O_RDONLY|O_NOFOLLOW|O_PATH)
[pid 216260] 11:21:51.923655 statx(13, "", AT_STATX_SYNC_AS_STAT|AT_SYMLINK_NOFOLLOW|AT_EMPTY_PATH, STATX_MNT_ID|STATX_MNT_ID_UNIQUE,  <unfinished ...>
[pid 216261] 11:21:51.923699 <... nanosleep resumed>NULL) = 0
[pid 216260] 11:21:51.923726 <... statx resumed>{stx_mask=STATX_BASIC_STATS|STATX_MNT_ID_UNIQUE, stx_attributes=STATX_ATTR_MOUNT_ROOT, stx_mode=S_IFDIR|0555, stx_size=0, ...}) = 0
[pid 216261] 11:21:51.923750 nanosleep({tv_sec=0, tv_nsec=20000},  <unfinished ...>
[pid 216260] 11:21:51.923772 statx(8, "", AT_STATX_SYNC_AS_STAT|AT_SYMLINK_NOFOLLOW|AT_EMPTY_PATH, STATX_MNT_ID|STATX_MNT_ID_UNIQUE, {stx_mask=STATX_BASIC_STATS|STATX_MNT_ID_UNIQUE, stx_attributes=0, stx_mode=S_IFLNK|000, stx_size=64, ...}) = 0
[pid 216261] 11:21:51.923875 <... nanosleep resumed>NULL) = 0
[pid 216260] 11:21:51.923898 readlinkat(8, "",  <unfinished ...>
[pid 216261] 11:21:51.923918 nanosleep({tv_sec=0, tv_nsec=20000},  <unfinished ...>
[pid 216260] 11:21:51.923939 <... readlinkat resumed>"/home/sh1rogane/Anolix/rootfs/sy"..., 4096) = 33
[pid 216260] 11:21:51.923996 close(8 <unfinished ...>
[pid 216261] 11:21:51.924060 <... nanosleep resumed>NULL) = 0
[pid 216260] 11:21:51.924083 <... close resumed>) = 0
[pid 216261] 11:21:51.924125 nanosleep({tv_sec=0, tv_nsec=20000},  <unfinished ...>
[pid 216260] 11:21:51.924153 close(14)  = 0
[pid 216261] 11:21:51.924268 <... nanosleep resumed>NULL) = 0
[pid 216260] 11:21:51.924286 close(11 <unfinished ...>
[pid 216261] 11:21:51.924346 nanosleep({tv_sec=0, tv_nsec=20000},  <unfinished ...>
[pid 216260] 11:21:51.924367 <... close resumed>) = 0
[pid 216260] 11:21:51.924432 openat(AT_FDCWD, "/proc/self/uid_map", O_RDONLY|O_CLOEXEC <unfinished ...>
[pid 216261] 11:21:51.924524 <... nanosleep resumed>NULL) = 0
[pid 216260] 11:21:51.924546 <... openat resumed>) = 8
[pid 216261] 11:21:51.924570 nanosleep({tv_sec=0, tv_nsec=20000},  <unfinished ...>
[pid 216260] 11:21:51.924592 fcntl(8, F_GETFL) = 0x8000 (flags O_RDONLY|O_LARGEFILE)
[pid 216261] 11:21:51.924700 <... nanosleep resumed>NULL) = 0
[pid 216260] 11:21:51.924735 fcntl(8, F_SETFL, O_RDONLY|O_NONBLOCK|O_LARGEFILE <unfinished ...>
[pid 216261] 11:21:51.924754 nanosleep({tv_sec=0, tv_nsec=20000},  <unfinished ...>
[pid 216260] 11:21:51.924775 <... fcntl resumed>) = 0
[pid 216260] 11:21:51.924824 epoll_ctl(9, EPOLL_CTL_ADD, 8, {events=EPOLLIN|EPOLLOUT|EPOLLRDHUP|EPOLLET, data={u32=1592786954, u64=8212740833262174218}} <unfinished ...>
[pid 216261] 11:21:51.924898 <... nanosleep resumed>NULL) = 0
[pid 216260] 11:21:51.924916 <... epoll_ctl resumed>) = -1 EPERM (Operation not permitted)
[pid 216261] 11:21:51.924966 nanosleep({tv_sec=0, tv_nsec=20000},  <unfinished ...>
[pid 216260] 11:21:51.924999 fcntl(8, F_GETFL) = 0x8800 (flags O_RDONLY|O_NONBLOCK|O_LARGEFILE)
[pid 216261] 11:21:51.925115 <... nanosleep resumed>NULL) = 0
[pid 216260] 11:21:51.925156 fcntl(8, F_SETFL, O_RDONLY|O_LARGEFILE <unfinished ...>
[pid 216261] 11:21:51.925184 nanosleep({tv_sec=0, tv_nsec=20000},  <unfinished ...>
[pid 216260] 11:21:51.925215 <... fcntl resumed>) = 0
[pid 216260] 11:21:51.925287 read(8,  <unfinished ...>
[pid 216261] 11:21:51.925357 <... nanosleep resumed>NULL) = 0
[pid 216260] 11:21:51.925377 <... read resumed>"         0       1000          1"..., 4096) = 33
[pid 216261] 11:21:51.925400 nanosleep({tv_sec=0, tv_nsec=20000},  <unfinished ...>
[pid 216260] 11:21:51.925462 close(8)   = 0
[pid 216261] 11:21:51.925552 <... nanosleep resumed>NULL) = 0
[pid 216260] 11:21:51.925578 newfstatat(AT_FDCWD, "/home/sh1rogane/Anolix/rootfs//dev",  <unfinished ...>
[pid 216261] 11:21:51.925601 nanosleep({tv_sec=0, tv_nsec=20000},  <unfinished ...>
[pid 216260] 11:21:51.925635 <... newfstatat resumed>{st_mode=S_IFDIR|0755, st_size=100, ...}, AT_SYMLINK_NOFOLLOW) = 0
[pid 216260] 11:21:51.925694 newfstatat(AT_FDCWD, "/home/sh1rogane/Anolix/rootfs//dev/null",  <unfinished ...>
[pid 216261] 11:21:51.925735 <... nanosleep resumed>NULL) = 0
[pid 216260] 11:21:51.925753 <... newfstatat resumed>0xc0000c5d78, AT_SYMLINK_NOFOLLOW) = -1 ENOENT (No such file or directory)
[pid 216261] 11:21:51.925781 nanosleep({tv_sec=0, tv_nsec=20000},  <unfinished ...>
[pid 216260] 11:21:51.925815 openat(AT_FDCWD, "/home/sh1rogane/Anolix/rootfs", O_RDONLY|O_CLOEXEC|O_DIRECTORY) = 8
[pid 216260] 11:21:51.925916 fcntl(8, F_GETFL <unfinished ...>
[pid 216261] 11:21:51.925944 <... nanosleep resumed>NULL) = 0
[pid 216260] 11:21:51.925966 <... fcntl resumed>) = 0x18000 (flags O_RDONLY|O_LARGEFILE|O_DIRECTORY)
[pid 216261] 11:21:51.925996 nanosleep({tv_sec=0, tv_nsec=20000},  <unfinished ...>
[pid 216260] 11:21:51.926022 fcntl(8, F_SETFL, O_RDONLY|O_NONBLOCK|O_LARGEFILE|O_DIRECTORY) = 0
[pid 216261] 11:21:51.926136 <... nanosleep resumed>NULL) = 0
[pid 216260] 11:21:51.926159 epoll_ctl(9, EPOLL_CTL_ADD, 8, {events=EPOLLIN|EPOLLOUT|EPOLLRDHUP|EPOLLET, data={u32=1592786955, u64=8212740833262174219}} <unfinished ...>
[pid 216261] 11:21:51.926184 nanosleep({tv_sec=0, tv_nsec=20000},  <unfinished ...>
[pid 216260] 11:21:51.926209 <... epoll_ctl resumed>) = -1 EPERM (Operation not permitted)
[pid 216260] 11:21:51.926277 fcntl(8, F_GETFL <unfinished ...>
[pid 216261] 11:21:51.926315 <... nanosleep resumed>NULL) = 0
[pid 216260] 11:21:51.926338 <... fcntl resumed>) = 0x18800 (flags O_RDONLY|O_NONBLOCK|O_LARGEFILE|O_DIRECTORY)
[pid 216261] 11:21:51.926362 nanosleep({tv_sec=0, tv_nsec=20000},  <unfinished ...>
[pid 216260] 11:21:51.926390 fcntl(8, F_SETFL, O_RDONLY|O_LARGEFILE|O_DIRECTORY) = 0
[pid 216261] 11:21:51.926493 <... nanosleep resumed>NULL) = 0
[pid 216260] 11:21:51.926518 openat2(8, "dev", {flags=O_RDONLY|O_CLOEXEC|O_PATH, resolve=RESOLVE_NO_MAGICLINKS|RESOLVE_IN_ROOT}, 24 <unfinished ...>
[pid 216261] 11:21:51.926546 futex(0xc00006d948, FUTEX_WAKE_PRIVATE, 1 <unfinished ...>
[pid 216260] 11:21:51.926570 <... openat2 resumed>) = 11
[pid 216263] 11:21:51.926621 <... futex resumed>) = 0
[pid 216261] 11:21:51.926645 <... futex resumed>) = 1
[pid 216260] 11:21:51.926663 futex(0xeeaf80, FUTEX_WAIT_PRIVATE, 0, NULL <unfinished ...>
[pid 216263] 11:21:51.926683 futex(0xeeaf80, FUTEX_WAKE_PRIVATE, 1 <unfinished ...>
[pid 216261] 11:21:51.926701 nanosleep({tv_sec=0, tv_nsec=20000},  <unfinished ...>
[pid 216260] 11:21:51.926722 <... futex resumed>) = -1 EAGAIN (Resource temporarily unavailable)
[pid 216263] 11:21:51.926741 <... futex resumed>) = 0
[pid 216260] 11:21:51.926760 fcntl(11, F_GETFL <unfinished ...>
[pid 216263] 11:21:51.926786 futex(0xc00006d948, FUTEX_WAIT_PRIVATE, 0, NULL <unfinished ...>
[pid 216260] 11:21:51.926803 <... fcntl resumed>) = 0x200000 (flags O_RDONLY|O_PATH)
[pid 216261] 11:21:51.926821 <... nanosleep resumed>NULL) = 0
[pid 216260] 11:21:51.926845 fstatfs(13,  <unfinished ...>
[pid 216261] 11:21:51.926880 nanosleep({tv_sec=0, tv_nsec=20000},  <unfinished ...>
[pid 216260] 11:21:51.926946 <... fstatfs resumed>{f_type=PROC_SUPER_MAGIC, f_bsize=4096, f_blocks=0, f_bfree=0, f_bavail=0, f_files=0, f_ffree=0, f_fsid={val=[0x57, 0]}, f_namelen=255, f_frsize=4096, f_flags=ST_VALID|ST_NOSUID|ST_NODEV|ST_NOEXEC|ST_RELATIME}) = 0
[pid 216261] 11:21:51.927065 <... nanosleep resumed>NULL) = 0
[pid 216260] 11:21:51.927100 fstat(13,  <unfinished ...>
[pid 216261] 11:21:51.927146 nanosleep({tv_sec=0, tv_nsec=20000},  <unfinished ...>
[pid 216260] 11:21:51.927172 <... fstat resumed>{st_mode=S_IFDIR|0555, st_size=0, ...}) = 0
[pid 216260] 11:21:51.927234 openat2(AT_FDCWD, ".", {flags=O_RDONLY|O_CLOEXEC|O_PATH, resolve=RESOLVE_NO_SYMLINKS|RESOLVE_IN_ROOT}, 24 <unfinished ...>
[pid 216261] 11:21:51.927285 <... nanosleep resumed>NULL) = 0
[pid 216260] 11:21:51.927306 <... openat2 resumed>) = 12
[pid 216261] 11:21:51.927327 nanosleep({tv_sec=0, tv_nsec=20000},  <unfinished ...>
[pid 216260] 11:21:51.927348 close(12)  = 0
[pid 216260] 11:21:51.927453 openat2(13, "thread-self/fd/11", {flags=O_RDONLY|O_NOFOLLOW|O_CLOEXEC|O_PATH, resolve=RESOLVE_NO_XDEV|RESOLVE_NO_MAGICLINKS|RESOLVE_BENEATH}, 24 <unfinished ...>
[pid 216261] 11:21:51.927491 <... nanosleep resumed>NULL) = 0
[pid 216260] 11:21:51.927511 <... openat2 resumed>) = 12
[pid 216261] 11:21:51.927529 nanosleep({tv_sec=0, tv_nsec=20000},  <unfinished ...>
[pid 216260] 11:21:51.927549 fcntl(12, F_GETFL) = 0x220000 (flags O_RDONLY|O_NOFOLLOW|O_PATH)
[pid 216261] 11:21:51.927656 <... nanosleep resumed>NULL) = 0
[pid 216260] 11:21:51.927678 statx(13, "", AT_STATX_SYNC_AS_STAT|AT_SYMLINK_NOFOLLOW|AT_EMPTY_PATH, STATX_MNT_ID|STATX_MNT_ID_UNIQUE,  <unfinished ...>
[pid 216261] 11:21:51.927713 nanosleep({tv_sec=0, tv_nsec=20000},  <unfinished ...>
[pid 216260] 11:21:51.927733 <... statx resumed>{stx_mask=STATX_BASIC_STATS|STATX_MNT_ID_UNIQUE, stx_attributes=STATX_ATTR_MOUNT_ROOT, stx_mode=S_IFDIR|0555, stx_size=0, ...}) = 0
[pid 216260] 11:21:51.927791 statx(12, "", AT_STATX_SYNC_AS_STAT|AT_SYMLINK_NOFOLLOW|AT_EMPTY_PATH, STATX_MNT_ID|STATX_MNT_ID_UNIQUE,  <unfinished ...>
[pid 216261] 11:21:51.927865 <... nanosleep resumed>NULL) = 0
[pid 216260] 11:21:51.927887 <... statx resumed>{stx_mask=STATX_BASIC_STATS|STATX_MNT_ID_UNIQUE, stx_attributes=0, stx_mode=S_IFLNK|000, stx_size=64, ...}) = 0
[pid 216261] 11:21:51.927914 nanosleep({tv_sec=0, tv_nsec=20000},  <unfinished ...>
[pid 216260] 11:21:51.927939 readlinkat(12, "", "/home/sh1rogane/Anolix/rootfs/de"..., 4096) = 33
[pid 216261] 11:21:51.928043 <... nanosleep resumed>NULL) = 0
[pid 216260] 11:21:51.928070 close(12 <unfinished ...>
[pid 216261] 11:21:51.928090 nanosleep({tv_sec=0, tv_nsec=20000},  <unfinished ...>
[pid 216260] 11:21:51.928114 <... close resumed>) = 0
[pid 216260] 11:21:51.928173 fcntl(11, F_DUPFD_CLOEXEC, 0 <unfinished ...>
[pid 216261] 11:21:51.928259 <... nanosleep resumed>NULL) = 0
[pid 216260] 11:21:51.928288 <... fcntl resumed>) = 12
[pid 216261] 11:21:51.928324 nanosleep({tv_sec=0, tv_nsec=20000},  <unfinished ...>
[pid 216260] 11:21:51.928349 fcntl(12, F_GETFL) = 0x200000 (flags O_RDONLY|O_PATH)
[pid 216261] 11:21:51.928459 <... nanosleep resumed>NULL) = 0
[pid 216260] 11:21:51.928482 close(11 <unfinished ...>
[pid 216261] 11:21:51.928507 nanosleep({tv_sec=0, tv_nsec=20000},  <unfinished ...>
[pid 216260] 11:21:51.928534 <... close resumed>) = 0
[pid 216260] 11:21:51.928599 fstat(12,  <unfinished ...>
[pid 216261] 11:21:51.928638 <... nanosleep resumed>NULL) = 0
[pid 216260] 11:21:51.928658 <... fstat resumed>{st_mode=S_IFDIR|0755, st_size=100, ...}) = 0
[pid 216261] 11:21:51.928685 nanosleep({tv_sec=0, tv_nsec=20000},  <unfinished ...>
[pid 216260] 11:21:51.928707 fstatfs(13, {f_type=PROC_SUPER_MAGIC, f_bsize=4096, f_blocks=0, f_bfree=0, f_bavail=0, f_files=0, f_ffree=0, f_fsid={val=[0x57, 0]}, f_namelen=255, f_frsize=4096, f_flags=ST_VALID|ST_NOSUID|ST_NODEV|ST_NOEXEC|ST_RELATIME}) = 0
[pid 216261] 11:21:51.928830 <... nanosleep resumed>NULL) = 0
[pid 216260] 11:21:51.928858 fstat(13,  <unfinished ...>
[pid 216261] 11:21:51.928926 nanosleep({tv_sec=0, tv_nsec=20000},  <unfinished ...>
[pid 216260] 11:21:51.928955 <... fstat resumed>{st_mode=S_IFDIR|0555, st_size=0, ...}) = 0
[pid 216260] 11:21:51.929015 openat2(AT_FDCWD, ".", {flags=O_RDONLY|O_CLOEXEC|O_PATH, resolve=RESOLVE_NO_SYMLINKS|RESOLVE_IN_ROOT}, 24 <unfinished ...>
[pid 216261] 11:21:51.929064 <... nanosleep resumed>NULL) = 0
[pid 216260] 11:21:51.929083 <... openat2 resumed>) = 11
[pid 216261] 11:21:51.929101 nanosleep({tv_sec=0, tv_nsec=20000},  <unfinished ...>
[pid 216260] 11:21:51.929129 close(11)  = 0
[pid 216261] 11:21:51.929243 <... nanosleep resumed>NULL) = 0
[pid 216260] 11:21:51.929283 openat2(13, "thread-self/fd/", {flags=O_RDONLY|O_NOFOLLOW|O_CLOEXEC|O_PATH, resolve=RESOLVE_NO_XDEV|RESOLVE_NO_MAGICLINKS|RESOLVE_BENEATH}, 24 <unfinished ...>
[pid 216261] 11:21:51.929311 nanosleep({tv_sec=0, tv_nsec=20000},  <unfinished ...>
[pid 216260] 11:21:51.929331 <... openat2 resumed>) = 11
[pid 216260] 11:21:51.929382 fcntl(11, F_GETFL <unfinished ...>
[pid 216261] 11:21:51.929452 <... nanosleep resumed>NULL) = 0
[pid 216260] 11:21:51.929477 <... fcntl resumed>) = 0x220000 (flags O_RDONLY|O_NOFOLLOW|O_PATH)
[pid 216261] 11:21:51.929503 nanosleep({tv_sec=0, tv_nsec=20000},  <unfinished ...>
[pid 216260] 11:21:51.929545 statx(13, "", AT_STATX_SYNC_AS_STAT|AT_SYMLINK_NOFOLLOW|AT_EMPTY_PATH, STATX_MNT_ID|STATX_MNT_ID_UNIQUE, {stx_mask=STATX_BASIC_STATS|STATX_MNT_ID_UNIQUE, stx_attributes=STATX_ATTR_MOUNT_ROOT, stx_mode=S_IFDIR|0555, stx_size=0, ...}) = 0
[pid 216261] 11:21:51.929662 <... nanosleep resumed>NULL) = 0
[pid 216260] 11:21:51.929687 statx(11, "12", AT_STATX_SYNC_AS_STAT|AT_SYMLINK_NOFOLLOW|AT_EMPTY_PATH, STATX_MNT_ID|STATX_MNT_ID_UNIQUE,  <unfinished ...>
[pid 216261] 11:21:51.929713 nanosleep({tv_sec=0, tv_nsec=20000},  <unfinished ...>
[pid 216260] 11:21:51.929739 <... statx resumed>{stx_mask=STATX_BASIC_STATS|STATX_MNT_ID_UNIQUE, stx_attributes=0, stx_mode=S_IFLNK|000, stx_size=64, ...}) = 0
[pid 216261] 11:21:51.929826 <... nanosleep resumed>NULL) = 0
[pid 216260] 11:21:51.929865 openat(11, "12", O_RDONLY|O_CLOEXEC|O_DIRECTORY <unfinished ...>
[pid 216261] 11:21:51.929890 nanosleep({tv_sec=0, tv_nsec=20000},  <unfinished ...>
[pid 216260] 11:21:51.929910 <... openat resumed>) = 14
[pid 216260] 11:21:51.929954 fcntl(14, F_GETFL) = 0x18000 (flags O_RDONLY|O_LARGEFILE|O_DIRECTORY)
[pid 216261] 11:21:51.930068 <... nanosleep resumed>NULL) = 0
[pid 216260] 11:21:51.930099 close(11 <unfinished ...>
[pid 216261] 11:21:51.930117 nanosleep({tv_sec=0, tv_nsec=20000},  <unfinished ...>
[pid 216260] 11:21:51.930138 <... close resumed>) = 0
[pid 216260] 11:21:51.930191 close(12)  = 0
[pid 216261] 11:21:51.930262 <... nanosleep resumed>NULL) = 0
[pid 216260] 11:21:51.930282 close(8 <unfinished ...>
[pid 216261] 11:21:51.930300 nanosleep({tv_sec=0, tv_nsec=20000},  <unfinished ...>
[pid 216260] 11:21:51.930326 <... close resumed>) = 0
[pid 216260] 11:21:51.930378 openat(14, "null", O_RDONLY|O_CREAT|O_NOFOLLOW|O_CLOEXEC, 000 <unfinished ...>
[pid 216261] 11:21:51.930455 <... nanosleep resumed>NULL) = 0
[pid 216260] 11:21:51.930473 <... openat resumed>) = 8
[pid 216261] 11:21:51.930514 epoll_pwait(9,  <unfinished ...>
[pid 216260] 11:21:51.930532 fcntl(8, F_GETFL <unfinished ...>
[pid 216261] 11:21:51.930571 <... epoll_pwait resumed>[], 128, 0, NULL, 0) = 0
[pid 216260] 11:21:51.930589 <... fcntl resumed>) = 0x28000 (flags O_RDONLY|O_LARGEFILE|O_NOFOLLOW)
[pid 216261] 11:21:51.930610 nanosleep({tv_sec=0, tv_nsec=20000},  <unfinished ...>
[pid 216260] 11:21:51.930635 mount("/dev/null", "/proc/thread-self/fd/8", 0xc0000cef3a, MS_BIND, NULL <unfinished ...>
[pid 216261] 11:21:51.930767 <... nanosleep resumed>NULL) = 0
[pid 216261] 11:21:51.930815 nanosleep({tv_sec=0, tv_nsec=20000}, NULL) = 0
[pid 216261] 11:21:51.931014 futex(0xc00006d948, FUTEX_WAKE_PRIVATE, 1 <unfinished ...>
[pid 216260] 11:21:51.931048 <... mount resumed>) = 0
[pid 216263] 11:21:51.931093 <... futex resumed>) = 0
[pid 216261] 11:21:51.931113 <... futex resumed>) = 1
[pid 216260] 11:21:51.931140 futex(0xeeaf80, FUTEX_WAIT_PRIVATE, 0, NULL <unfinished ...>
[pid 216263] 11:21:51.931159 futex(0xeeaf80, FUTEX_WAKE_PRIVATE, 1 <unfinished ...>
[pid 216261] 11:21:51.931182 nanosleep({tv_sec=0, tv_nsec=20000},  <unfinished ...>
[pid 216260] 11:21:51.931202 <... futex resumed>) = -1 EAGAIN (Resource temporarily unavailable)
[pid 216263] 11:21:51.931224 <... futex resumed>) = 0
[pid 216260] 11:21:51.931243 close(8 <unfinished ...>
[pid 216263] 11:21:51.931261 futex(0xc00006d948, FUTEX_WAIT_PRIVATE, 0, NULL <unfinished ...>
[pid 216260] 11:21:51.931280 <... close resumed>) = 0
[pid 216261] 11:21:51.931327 <... nanosleep resumed>NULL) = 0
[pid 216260] 11:21:51.931359 close(14 <unfinished ...>
[pid 216261] 11:21:51.931405 nanosleep({tv_sec=0, tv_nsec=20000},  <unfinished ...>
[pid 216260] 11:21:51.931444 <... close resumed>) = 0
[pid 216260] 11:21:51.931508 newfstatat(AT_FDCWD, "/home/sh1rogane/Anolix/rootfs//dev",  <unfinished ...>
[pid 216261] 11:21:51.931550 <... nanosleep resumed>NULL) = 0
[pid 216260] 11:21:51.931568 <... newfstatat resumed>{st_mode=S_IFDIR|0755, st_size=120, ...}, AT_SYMLINK_NOFOLLOW) = 0
[pid 216261] 11:21:51.931592 nanosleep({tv_sec=0, tv_nsec=20000},  <unfinished ...>
[pid 216260] 11:21:51.931616 newfstatat(AT_FDCWD, "/home/sh1rogane/Anolix/rootfs//dev/random", 0xc0001f2038, AT_SYMLINK_NOFOLLOW) = -1 ENOENT (No such file or directory)
[pid 216261] 11:21:51.931735 <... nanosleep resumed>NULL) = 0
[pid 216260] 11:21:51.931767 openat(AT_FDCWD, "/home/sh1rogane/Anolix/rootfs", O_RDONLY|O_CLOEXEC|O_DIRECTORY <unfinished ...>
[pid 216261] 11:21:51.931791 nanosleep({tv_sec=0, tv_nsec=20000},  <unfinished ...>
[pid 216260] 11:21:51.931811 <... openat resumed>) = 8
[pid 216260] 11:21:51.931871 fcntl(8, F_GETFL <unfinished ...>
[pid 216261] 11:21:51.931913 <... nanosleep resumed>NULL) = 0
[pid 216260] 11:21:51.931941 <... fcntl resumed>) = 0x18000 (flags O_RDONLY|O_LARGEFILE|O_DIRECTORY)
[pid 216261] 11:21:51.931963 nanosleep({tv_sec=0, tv_nsec=20000},  <unfinished ...>
[pid 216260] 11:21:51.931991 fcntl(8, F_SETFL, O_RDONLY|O_NONBLOCK|O_LARGEFILE|O_DIRECTORY) = 0
[pid 216261] 11:21:51.932101 <... nanosleep resumed>NULL) = 0
[pid 216260] 11:21:51.932125 epoll_ctl(9, EPOLL_CTL_ADD, 8, {events=EPOLLIN|EPOLLOUT|EPOLLRDHUP|EPOLLET, data={u32=1592786956, u64=8212740833262174220}} <unfinished ...>
[pid 216261] 11:21:51.932173 nanosleep({tv_sec=0, tv_nsec=20000},  <unfinished ...>
[pid 216260] 11:21:51.932199 <... epoll_ctl resumed>) = -1 EPERM (Operation not permitted)
[pid 216260] 11:21:51.932255 fcntl(8, F_GETFL <unfinished ...>
[pid 216261] 11:21:51.932316 <... nanosleep resumed>NULL) = 0
[pid 216260] 11:21:51.932334 <... fcntl resumed>) = 0x18800 (flags O_RDONLY|O_NONBLOCK|O_LARGEFILE|O_DIRECTORY)
[pid 216261] 11:21:51.932382 nanosleep({tv_sec=0, tv_nsec=20000},  <unfinished ...>
[pid 216260] 11:21:51.932420 fcntl(8, F_SETFL, O_RDONLY|O_LARGEFILE|O_DIRECTORY) = 0
[pid 216261] 11:21:51.932534 <... nanosleep resumed>NULL) = 0
[pid 216260] 11:21:51.932567 openat2(8, "dev", {flags=O_RDONLY|O_CLOEXEC|O_PATH, resolve=RESOLVE_NO_MAGICLINKS|RESOLVE_IN_ROOT}, 24 <unfinished ...>
[pid 216261] 11:21:51.932594 nanosleep({tv_sec=0, tv_nsec=20000},  <unfinished ...>
[pid 216260] 11:21:51.932615 <... openat2 resumed>) = 11
[pid 216260] 11:21:51.932674 fcntl(11, F_GETFL <unfinished ...>
[pid 216261] 11:21:51.932747 <... nanosleep resumed>NULL) = 0
[pid 216260] 11:21:51.932764 <... fcntl resumed>) = 0x200000 (flags O_RDONLY|O_PATH)
[pid 216261] 11:21:51.932782 nanosleep({tv_sec=0, tv_nsec=20000},  <unfinished ...>
[pid 216260] 11:21:51.932812 fstatfs(13, {f_type=PROC_SUPER_MAGIC, f_bsize=4096, f_blocks=0, f_bfree=0, f_bavail=0, f_files=0, f_ffree=0, f_fsid={val=[0x57, 0]}, f_namelen=255, f_frsize=4096, f_flags=ST_VALID|ST_NOSUID|ST_NODEV|ST_NOEXEC|ST_RELATIME}) = 0
[pid 216261] 11:21:51.932918 <... nanosleep resumed>NULL) = 0
[pid 216260] 11:21:51.932936 fstat(13,  <unfinished ...>
[pid 216261] 11:21:51.932975 nanosleep({tv_sec=0, tv_nsec=20000},  <unfinished ...>
[pid 216260] 11:21:51.932995 <... fstat resumed>{st_mode=S_IFDIR|0555, st_size=0, ...}) = 0
[pid 216260] 11:21:51.933044 openat2(AT_FDCWD, ".", {flags=O_RDONLY|O_CLOEXEC|O_PATH, resolve=RESOLVE_NO_SYMLINKS|RESOLVE_IN_ROOT}, 24 <unfinished ...>
[pid 216261] 11:21:51.933098 <... nanosleep resumed>NULL) = 0
[pid 216260] 11:21:51.933116 <... openat2 resumed>) = 12
[pid 216261] 11:21:51.933154 nanosleep({tv_sec=0, tv_nsec=20000},  <unfinished ...>
[pid 216260] 11:21:51.933174 close(12)  = 0
[pid 216261] 11:21:51.933292 <... nanosleep resumed>NULL) = 0
[pid 216260] 11:21:51.933331 openat2(13, "thread-self/fd/11", {flags=O_RDONLY|O_NOFOLLOW|O_CLOEXEC|O_PATH, resolve=RESOLVE_NO_XDEV|RESOLVE_NO_MAGICLINKS|RESOLVE_BENEATH}, 24 <unfinished ...>
[pid 216261] 11:21:51.933356 nanosleep({tv_sec=0, tv_nsec=20000},  <unfinished ...>
[pid 216260] 11:21:51.933449 <... openat2 resumed>) = 12
[pid 216261] 11:21:51.933500 <... nanosleep resumed>NULL) = 0
[pid 216260] 11:21:51.933522 fcntl(12, F_GETFL <unfinished ...>
[pid 216261] 11:21:51.933545 nanosleep({tv_sec=0, tv_nsec=20000},  <unfinished ...>
[pid 216260] 11:21:51.933572 <... fcntl resumed>) = 0x220000 (flags O_RDONLY|O_NOFOLLOW|O_PATH)
[pid 216260] 11:21:51.933638 statx(13, "", AT_STATX_SYNC_AS_STAT|AT_SYMLINK_NOFOLLOW|AT_EMPTY_PATH, STATX_MNT_ID|STATX_MNT_ID_UNIQUE,  <unfinished ...>
[pid 216261] 11:21:51.933685 <... nanosleep resumed>NULL) = 0
[pid 216261] 11:21:51.933725 nanosleep({tv_sec=0, tv_nsec=20000},  <unfinished ...>
[pid 216260] 11:21:51.933748 <... statx resumed>{stx_mask=STATX_BASIC_STATS|STATX_MNT_ID_UNIQUE, stx_attributes=STATX_ATTR_MOUNT_ROOT, stx_mode=S_IFDIR|0555, stx_size=0, ...}) = 0
[pid 216261] 11:21:51.933810 <... nanosleep resumed>NULL) = 0
[pid 216260] 11:21:51.933835 statx(12, "", AT_STATX_SYNC_AS_STAT|AT_SYMLINK_NOFOLLOW|AT_EMPTY_PATH, STATX_MNT_ID|STATX_MNT_ID_UNIQUE,  <unfinished ...>
[pid 216261] 11:21:51.933863 nanosleep({tv_sec=0, tv_nsec=20000},  <unfinished ...>
[pid 216260] 11:21:51.933884 <... statx resumed>{stx_mask=STATX_BASIC_STATS|STATX_MNT_ID_UNIQUE, stx_attributes=0, stx_mode=S_IFLNK|000, stx_size=64, ...}) = 0
[pid 216260] 11:21:51.933962 readlinkat(12, "",  <unfinished ...>
[pid 216261] 11:21:51.934005 <... nanosleep resumed>NULL) = 0
[pid 216260] 11:21:51.934023 <... readlinkat resumed>"/home/sh1rogane/Anolix/rootfs/de"..., 4096) = 33
[pid 216261] 11:21:51.934044 nanosleep({tv_sec=0, tv_nsec=20000},  <unfinished ...>
[pid 216260] 11:21:51.934068 close(12)  = 0
[pid 216261] 11:21:51.934182 <... nanosleep resumed>NULL) = 0
[pid 216260] 11:21:51.934205 fcntl(11, F_DUPFD_CLOEXEC, 0 <unfinished ...>
[pid 216261] 11:21:51.934224 nanosleep({tv_sec=0, tv_nsec=20000},  <unfinished ...>
[pid 216260] 11:21:51.934246 <... fcntl resumed>) = 12
[pid 216260] 11:21:51.934296 fcntl(12, F_GETFL <unfinished ...>
[pid 216261] 11:21:51.934369 <... nanosleep resumed>NULL) = 0
[pid 216260] 11:21:51.934388 <... fcntl resumed>) = 0x200000 (flags O_RDONLY|O_PATH)
[pid 216261] 11:21:51.934407 nanosleep({tv_sec=0, tv_nsec=20000},  <unfinished ...>
[pid 216260] 11:21:51.934428 close(11)  = 0
[pid 216260] 11:21:51.934523 fstat(12,  <unfinished ...>
[pid 216261] 11:21:51.934569 <... nanosleep resumed>NULL) = 0
[pid 216260] 11:21:51.934591 <... fstat resumed>{st_mode=S_IFDIR|0755, st_size=120, ...}) = 0
[pid 216261] 11:21:51.934619 nanosleep({tv_sec=0, tv_nsec=20000},  <unfinished ...>
[pid 216260] 11:21:51.934657 fstatfs(13, {f_type=PROC_SUPER_MAGIC, f_bsize=4096, f_blocks=0, f_bfree=0, f_bavail=0, f_files=0, f_ffree=0, f_fsid={val=[0x57, 0]}, f_namelen=255, f_frsize=4096, f_flags=ST_VALID|ST_NOSUID|ST_NODEV|ST_NOEXEC|ST_RELATIME}) = 0
[pid 216261] 11:21:51.934765 <... nanosleep resumed>NULL) = 0
[pid 216260] 11:21:51.934801 fstat(13,  <unfinished ...>
[pid 216261] 11:21:51.934824 nanosleep({tv_sec=0, tv_nsec=20000},  <unfinished ...>
[pid 216260] 11:21:51.934850 <... fstat resumed>{st_mode=S_IFDIR|0555, st_size=0, ...}) = 0
[pid 216260] 11:21:51.934908 openat2(AT_FDCWD, ".", {flags=O_RDONLY|O_CLOEXEC|O_PATH, resolve=RESOLVE_NO_SYMLINKS|RESOLVE_IN_ROOT}, 24 <unfinished ...>
[pid 216261] 11:21:51.934970 <... nanosleep resumed>NULL) = 0
[pid 216260] 11:21:51.934989 <... openat2 resumed>) = 11
[pid 216261] 11:21:51.935006 nanosleep({tv_sec=0, tv_nsec=20000},  <unfinished ...>
[pid 216260] 11:21:51.935028 close(11)  = 0
[pid 216260] 11:21:51.935120 openat2(13, "thread-self/fd/", {flags=O_RDONLY|O_NOFOLLOW|O_CLOEXEC|O_PATH, resolve=RESOLVE_NO_XDEV|RESOLVE_NO_MAGICLINKS|RESOLVE_BENEATH}, 24 <unfinished ...>
[pid 216261] 11:21:51.935161 <... nanosleep resumed>NULL) = 0
[pid 216260] 11:21:51.935179 <... openat2 resumed>) = 11
[pid 216261] 11:21:51.935196 nanosleep({tv_sec=0, tv_nsec=20000},  <unfinished ...>
[pid 216260] 11:21:51.935243 fcntl(11, F_GETFL) = 0x220000 (flags O_RDONLY|O_NOFOLLOW|O_PATH)
[pid 216261] 11:21:51.935329 <... nanosleep resumed>NULL) = 0
[pid 216260] 11:21:51.935351 statx(13, "", AT_STATX_SYNC_AS_STAT|AT_SYMLINK_NOFOLLOW|AT_EMPTY_PATH, STATX_MNT_ID|STATX_MNT_ID_UNIQUE,  <unfinished ...>
[pid 216261] 11:21:51.935375 nanosleep({tv_sec=0, tv_nsec=20000},  <unfinished ...>
[pid 216260] 11:21:51.935394 <... statx resumed>{stx_mask=STATX_BASIC_STATS|STATX_MNT_ID_UNIQUE, stx_attributes=STATX_ATTR_MOUNT_ROOT, stx_mode=S_IFDIR|0555, stx_size=0, ...}) = 0
[pid 216260] 11:21:51.935462 statx(11, "12", AT_STATX_SYNC_AS_STAT|AT_SYMLINK_NOFOLLOW|AT_EMPTY_PATH, STATX_MNT_ID|STATX_MNT_ID_UNIQUE,  <unfinished ...>
[pid 216261] 11:21:51.935505 <... nanosleep resumed>NULL) = 0
[pid 216260] 11:21:51.935524 <... statx resumed>{stx_mask=STATX_BASIC_STATS|STATX_MNT_ID_UNIQUE, stx_attributes=0, stx_mode=S_IFLNK|000, stx_size=64, ...}) = 0
[pid 216261] 11:21:51.935549 nanosleep({tv_sec=0, tv_nsec=20000},  <unfinished ...>
[pid 216260] 11:21:51.935594 openat(11, "12", O_RDONLY|O_CLOEXEC|O_DIRECTORY <unfinished ...>
[pid 216261] 11:21:51.935701 <... nanosleep resumed>NULL) = 0
[pid 216260] 11:21:51.935726 <... openat resumed>) = 14
[pid 216261] 11:21:51.935748 nanosleep({tv_sec=0, tv_nsec=20000},  <unfinished ...>
[pid 216260] 11:21:51.935776 fcntl(14, F_GETFL) = 0x18000 (flags O_RDONLY|O_LARGEFILE|O_DIRECTORY)
[pid 216261] 11:21:51.935902 <... nanosleep resumed>NULL) = 0
[pid 216260] 11:21:51.935948 close(11 <unfinished ...>
[pid 216261] 11:21:51.935967 nanosleep({tv_sec=0, tv_nsec=20000},  <unfinished ...>
[pid 216260] 11:21:51.935993 <... close resumed>) = 0
[pid 216260] 11:21:51.936056 close(12 <unfinished ...>
[pid 216261] 11:21:51.936101 <... nanosleep resumed>NULL) = 0
[pid 216260] 11:21:51.936121 <... close resumed>) = 0
[pid 216261] 11:21:51.936175 nanosleep({tv_sec=0, tv_nsec=20000},  <unfinished ...>
[pid 216260] 11:21:51.936214 close(8)   = 0
[pid 216260] 11:21:51.936326 openat(14, "random", O_RDONLY|O_CREAT|O_NOFOLLOW|O_CLOEXEC, 000 <unfinished ...>
[pid 216261] 11:21:51.936381 <... nanosleep resumed>NULL) = 0
[pid 216260] 11:21:51.936405 <... openat resumed>) = 8
[pid 216261] 11:21:51.936427 nanosleep({tv_sec=0, tv_nsec=20000},  <unfinished ...>
[pid 216260] 11:21:51.936468 fcntl(8, F_GETFL) = 0x28000 (flags O_RDONLY|O_LARGEFILE|O_NOFOLLOW)
[pid 216261] 11:21:51.936580 <... nanosleep resumed>NULL) = 0
[pid 216260] 11:21:51.936616 mount("/dev/random", "/proc/thread-self/fd/8", 0xc0000cf010, MS_BIND, NULL <unfinished ...>
[pid 216261] 11:21:51.936643 nanosleep({tv_sec=0, tv_nsec=20000},  <unfinished ...>
[pid 216260] 11:21:51.936756 <... mount resumed>) = 0
[pid 216261] 11:21:51.936774 <... nanosleep resumed>NULL) = 0
[pid 216260] 11:21:51.936795 close(8 <unfinished ...>
[pid 216261] 11:21:51.936833 nanosleep({tv_sec=0, tv_nsec=20000},  <unfinished ...>
[pid 216260] 11:21:51.936857 <... close resumed>) = 0
[pid 216260] 11:21:51.936903 close(14 <unfinished ...>
[pid 216261] 11:21:51.936973 <... nanosleep resumed>NULL) = 0
[pid 216260] 11:21:51.936995 <... close resumed>) = 0
[pid 216261] 11:21:51.937023 nanosleep({tv_sec=0, tv_nsec=20000},  <unfinished ...>
[pid 216260] 11:21:51.937064 newfstatat(AT_FDCWD, "/home/sh1rogane/Anolix/rootfs//dev", {st_mode=S_IFDIR|0755, st_size=140, ...}, AT_SYMLINK_NOFOLLOW) = 0
[pid 216261] 11:21:51.937167 <... nanosleep resumed>NULL) = 0
[pid 216260] 11:21:51.937194 newfstatat(AT_FDCWD, "/home/sh1rogane/Anolix/rootfs//dev/full",  <unfinished ...>
[pid 216261] 11:21:51.937216 nanosleep({tv_sec=0, tv_nsec=20000},  <unfinished ...>
[pid 216260] 11:21:51.937235 <... newfstatat resumed>0xc0001f21d8, AT_SYMLINK_NOFOLLOW) = -1 ENOENT (No such file or directory)
[pid 216260] 11:21:51.937290 openat(AT_FDCWD, "/home/sh1rogane/Anolix/rootfs", O_RDONLY|O_CLOEXEC|O_DIRECTORY <unfinished ...>
[pid 216261] 11:21:51.937354 <... nanosleep resumed>NULL) = 0
[pid 216260] 11:21:51.937395 <... openat resumed>) = 8
[pid 216261] 11:21:51.937417 nanosleep({tv_sec=0, tv_nsec=20000},  <unfinished ...>
[pid 216260] 11:21:51.937447 fcntl(8, F_GETFL) = 0x18000 (flags O_RDONLY|O_LARGEFILE|O_DIRECTORY)
[pid 216261] 11:21:51.937561 <... nanosleep resumed>NULL) = 0
[pid 216260] 11:21:51.937587 fcntl(8, F_SETFL, O_RDONLY|O_NONBLOCK|O_LARGEFILE|O_DIRECTORY <unfinished ...>
[pid 216261] 11:21:51.937624 nanosleep({tv_sec=0, tv_nsec=20000},  <unfinished ...>
[pid 216260] 11:21:51.937648 <... fcntl resumed>) = 0
[pid 216260] 11:21:51.937698 epoll_ctl(9, EPOLL_CTL_ADD, 8, {events=EPOLLIN|EPOLLOUT|EPOLLRDHUP|EPOLLET, data={u32=1592786957, u64=8212740833262174221}} <unfinished ...>
[pid 216261] 11:21:51.937756 <... nanosleep resumed>NULL) = 0
[pid 216260] 11:21:51.937774 <... epoll_ctl resumed>) = -1 EPERM (Operation not permitted)
[pid 216261] 11:21:51.937808 nanosleep({tv_sec=0, tv_nsec=20000},  <unfinished ...>
[pid 216260] 11:21:51.937842 fcntl(8, F_GETFL) = 0x18800 (flags O_RDONLY|O_NONBLOCK|O_LARGEFILE|O_DIRECTORY)
[pid 216261] 11:21:51.937941 <... nanosleep resumed>NULL) = 0
[pid 216260] 11:21:51.937980 fcntl(8, F_SETFL, O_RDONLY|O_LARGEFILE|O_DIRECTORY <unfinished ...>
[pid 216261] 11:21:51.938002 nanosleep({tv_sec=0, tv_nsec=20000},  <unfinished ...>
[pid 216260] 11:21:51.938027 <... fcntl resumed>) = 0
[pid 216260] 11:21:51.938082 openat2(8, "dev", {flags=O_RDONLY|O_CLOEXEC|O_PATH, resolve=RESOLVE_NO_MAGICLINKS|RESOLVE_IN_ROOT}, 24 <unfinished ...>
[pid 216261] 11:21:51.938162 <... nanosleep resumed>NULL) = 0
[pid 216260] 11:21:51.938181 <... openat2 resumed>) = 11
[pid 216261] 11:21:51.938231 nanosleep({tv_sec=0, tv_nsec=20000},  <unfinished ...>
[pid 216260] 11:21:51.938263 fcntl(11, F_GETFL) = 0x200000 (flags O_RDONLY|O_PATH)
[pid 216260] 11:21:51.938364 fstatfs(13,  <unfinished ...>
[pid 216261] 11:21:51.938406 <... nanosleep resumed>NULL) = 0
[pid 216260] 11:21:51.938429 <... fstatfs resumed>{f_type=PROC_SUPER_MAGIC, f_bsize=4096, f_blocks=0, f_bfree=0, f_bavail=0, f_files=0, f_ffree=0, f_fsid={val=[0x57, 0]}, f_namelen=255, f_frsize=4096, f_flags=ST_VALID|ST_NOSUID|ST_NODEV|ST_NOEXEC|ST_RELATIME}) = 0
[pid 216261] 11:21:51.938461 nanosleep({tv_sec=0, tv_nsec=20000},  <unfinished ...>
[pid 216260] 11:21:51.938531 fstat(13,  <unfinished ...>
[pid 216261] 11:21:51.938596 <... nanosleep resumed>NULL) = 0
[pid 216260] 11:21:51.938634 <... fstat resumed>{st_mode=S_IFDIR|0555, st_size=0, ...}) = 0
[pid 216261] 11:21:51.938703 nanosleep({tv_sec=0, tv_nsec=20000},  <unfinished ...>
[pid 216260] 11:21:51.938731 openat2(AT_FDCWD, ".", {flags=O_RDONLY|O_CLOEXEC|O_PATH, resolve=RESOLVE_NO_SYMLINKS|RESOLVE_IN_ROOT}, 24) = 12
[pid 216261] 11:21:51.938832 <... nanosleep resumed>NULL) = 0
[pid 216260] 11:21:51.938855 close(12 <unfinished ...>
[pid 216261] 11:21:51.938874 nanosleep({tv_sec=0, tv_nsec=20000},  <unfinished ...>
[pid 216260] 11:21:51.938913 <... close resumed>) = 0
[pid 216260] 11:21:51.938987 openat2(13, "thread-self/fd/11", {flags=O_RDONLY|O_NOFOLLOW|O_CLOEXEC|O_PATH, resolve=RESOLVE_NO_XDEV|RESOLVE_NO_MAGICLINKS|RESOLVE_BENEATH}, 24 <unfinished ...>
[pid 216261] 11:21:51.939018 <... nanosleep resumed>NULL) = 0
[pid 216261] 11:21:51.939079 nanosleep({tv_sec=0, tv_nsec=20000},  <unfinished ...>
[pid 216260] 11:21:51.939142 <... openat2 resumed>) = 12
[pid 216260] 11:21:51.939195 fcntl(12, F_GETFL <unfinished ...>
[pid 216261] 11:21:51.939269 <... nanosleep resumed>NULL) = 0
[pid 216260] 11:21:51.939295 <... fcntl resumed>) = 0x220000 (flags O_RDONLY|O_NOFOLLOW|O_PATH)
[pid 216261] 11:21:51.939318 nanosleep({tv_sec=0, tv_nsec=20000},  <unfinished ...>
[pid 216260] 11:21:51.939345 statx(13, "", AT_STATX_SYNC_AS_STAT|AT_SYMLINK_NOFOLLOW|AT_EMPTY_PATH, STATX_MNT_ID|STATX_MNT_ID_UNIQUE, {stx_mask=STATX_BASIC_STATS|STATX_MNT_ID_UNIQUE, stx_attributes=STATX_ATTR_MOUNT_ROOT, stx_mode=S_IFDIR|0555, stx_size=0, ...}) = 0
[pid 216261] 11:21:51.939461 <... nanosleep resumed>NULL) = 0
[pid 216260] 11:21:51.939488 statx(12, "", AT_STATX_SYNC_AS_STAT|AT_SYMLINK_NOFOLLOW|AT_EMPTY_PATH, STATX_MNT_ID|STATX_MNT_ID_UNIQUE,  <unfinished ...>
[pid 216261] 11:21:51.939514 nanosleep({tv_sec=0, tv_nsec=20000},  <unfinished ...>
[pid 216260] 11:21:51.939537 <... statx resumed>{stx_mask=STATX_BASIC_STATS|STATX_MNT_ID_UNIQUE, stx_attributes=0, stx_mode=S_IFLNK|000, stx_size=64, ...}) = 0
[pid 216260] 11:21:51.939627 readlinkat(12, "",  <unfinished ...>
[pid 216261] 11:21:51.939676 <... nanosleep resumed>NULL) = 0
[pid 216260] 11:21:51.939697 <... readlinkat resumed>"/home/sh1rogane/Anolix/rootfs/de"..., 4096) = 33
[pid 216261] 11:21:51.939722 nanosleep({tv_sec=0, tv_nsec=20000},  <unfinished ...>
[pid 216260] 11:21:51.939747 close(12)  = 0
[pid 216261] 11:21:51.939866 <... nanosleep resumed>NULL) = 0
[pid 216260] 11:21:51.939905 fcntl(11, F_DUPFD_CLOEXEC, 0 <unfinished ...>
[pid 216261] 11:21:51.939973 nanosleep({tv_sec=0, tv_nsec=20000},  <unfinished ...>
[pid 216260] 11:21:51.939999 <... fcntl resumed>) = 12
[pid 216260] 11:21:51.940041 fcntl(12, F_GETFL) = 0x200000 (flags O_RDONLY|O_PATH)
[pid 216261] 11:21:51.940121 <... nanosleep resumed>NULL) = 0
[pid 216260] 11:21:51.940148 close(11 <unfinished ...>
[pid 216261] 11:21:51.940189 nanosleep({tv_sec=0, tv_nsec=20000},  <unfinished ...>
[pid 216260] 11:21:51.940212 <... close resumed>) = 0
[pid 216260] 11:21:51.940269 fstat(12,  <unfinished ...>
[pid 216261] 11:21:51.940345 <... nanosleep resumed>NULL) = 0
[pid 216260] 11:21:51.940362 <... fstat resumed>{st_mode=S_IFDIR|0755, st_size=140, ...}) = 0
[pid 216261] 11:21:51.940385 nanosleep({tv_sec=0, tv_nsec=20000},  <unfinished ...>
[pid 216260] 11:21:51.940406 fstatfs(13, {f_type=PROC_SUPER_MAGIC, f_bsize=4096, f_blocks=0, f_bfree=0, f_bavail=0, f_files=0, f_ffree=0, f_fsid={val=[0x57, 0]}, f_namelen=255, f_frsize=4096, f_flags=ST_VALID|ST_NOSUID|ST_NODEV|ST_NOEXEC|ST_RELATIME}) = 0
[pid 216261] 11:21:51.940548 <... nanosleep resumed>NULL) = 0
[pid 216260] 11:21:51.940568 fstat(13,  <unfinished ...>
[pid 216261] 11:21:51.940628 epoll_pwait(9,  <unfinished ...>
[pid 216260] 11:21:51.940650 <... fstat resumed>{st_mode=S_IFDIR|0555, st_size=0, ...}) = 0
[pid 216261] 11:21:51.940671 <... epoll_pwait resumed>[], 128, 0, NULL, 0) = 0
[pid 216260] 11:21:51.940690 openat2(AT_FDCWD, ".", {flags=O_RDONLY|O_CLOEXEC|O_PATH, resolve=RESOLVE_NO_SYMLINKS|RESOLVE_IN_ROOT}, 24 <unfinished ...>
[pid 216261] 11:21:51.940715 nanosleep({tv_sec=0, tv_nsec=20000},  <unfinished ...>
[pid 216260] 11:21:51.940740 <... openat2 resumed>) = 11
[pid 216260] 11:21:51.940791 close(11 <unfinished ...>
[pid 216261] 11:21:51.940860 <... nanosleep resumed>NULL) = 0
[pid 216260] 11:21:51.940880 <... close resumed>) = 0
[pid 216261] 11:21:51.940901 nanosleep({tv_sec=0, tv_nsec=20000},  <unfinished ...>
[pid 216260] 11:21:51.940938 openat2(13, "thread-self/fd/", {flags=O_RDONLY|O_NOFOLLOW|O_CLOEXEC|O_PATH, resolve=RESOLVE_NO_XDEV|RESOLVE_NO_MAGICLINKS|RESOLVE_BENEATH}, 24) = 11
[pid 216261] 11:21:51.941025 <... nanosleep resumed>NULL) = 0
[pid 216260] 11:21:51.941058 fcntl(11, F_GETFL <unfinished ...>
[pid 216261] 11:21:51.941079 nanosleep({tv_sec=0, tv_nsec=20000},  <unfinished ...>
[pid 216260] 11:21:51.941104 <... fcntl resumed>) = 0x220000 (flags O_RDONLY|O_NOFOLLOW|O_PATH)
[pid 216260] 11:21:51.941160 statx(13, "", AT_STATX_SYNC_AS_STAT|AT_SYMLINK_NOFOLLOW|AT_EMPTY_PATH, STATX_MNT_ID|STATX_MNT_ID_UNIQUE,  <unfinished ...>
[pid 216261] 11:21:51.941231 <... nanosleep resumed>NULL) = 0
[pid 216260] 11:21:51.941253 <... statx resumed>{stx_mask=STATX_BASIC_STATS|STATX_MNT_ID_UNIQUE, stx_attributes=STATX_ATTR_MOUNT_ROOT, stx_mode=S_IFDIR|0555, stx_size=0, ...}) = 0
[pid 216261] 11:21:51.941277 nanosleep({tv_sec=0, tv_nsec=20000},  <unfinished ...>
[pid 216260] 11:21:51.941311 statx(11, "12", AT_STATX_SYNC_AS_STAT|AT_SYMLINK_NOFOLLOW|AT_EMPTY_PATH, STATX_MNT_ID|STATX_MNT_ID_UNIQUE, {stx_mask=STATX_BASIC_STATS|STATX_MNT_ID_UNIQUE, stx_attributes=0, stx_mode=S_IFLNK|000, stx_size=64, ...}) = 0
[pid 216261] 11:21:51.941431 <... nanosleep resumed>NULL) = 0
[pid 216260] 11:21:51.941478 openat(11, "12", O_RDONLY|O_CLOEXEC|O_DIRECTORY <unfinished ...>
[pid 216261] 11:21:51.941507 futex(0xc00006d948, FUTEX_WAKE_PRIVATE, 1 <unfinished ...>
[pid 216260] 11:21:51.941531 <... openat resumed>) = 14
[pid 216261] 11:21:51.941552 <... futex resumed>) = 1
[pid 216263] 11:21:51.941574 <... futex resumed>) = 0
[pid 216260] 11:21:51.941590 futex(0xeeaf80, FUTEX_WAIT_PRIVATE, 0, NULL <unfinished ...>
[pid 216263] 11:21:51.941609 futex(0xeeaf80, FUTEX_WAKE_PRIVATE, 1 <unfinished ...>
[pid 216261] 11:21:51.941625 nanosleep({tv_sec=0, tv_nsec=20000},  <unfinished ...>
[pid 216263] 11:21:51.941656 <... futex resumed>) = 0
[pid 216260] 11:21:51.941672 <... futex resumed>) = -1 EAGAIN (Resource temporarily unavailable)
[pid 216263] 11:21:51.941718 futex(0xc00006d948, FUTEX_WAIT_PRIVATE, 0, NULL <unfinished ...>
[pid 216260] 11:21:51.941742 fcntl(14, F_GETFL <unfinished ...>
[pid 216261] 11:21:51.941763 <... nanosleep resumed>NULL) = 0
[pid 216260] 11:21:51.941793 <... fcntl resumed>) = 0x18000 (flags O_RDONLY|O_LARGEFILE|O_DIRECTORY)
[pid 216261] 11:21:51.941831 nanosleep({tv_sec=0, tv_nsec=20000},  <unfinished ...>
[pid 216260] 11:21:51.941852 close(11)  = 0
[pid 216260] 11:21:51.941946 close(12 <unfinished ...>
[pid 216261] 11:21:51.941975 <... nanosleep resumed>NULL) = 0
[pid 216261] 11:21:51.942011 nanosleep({tv_sec=0, tv_nsec=20000},  <unfinished ...>
[pid 216260] 11:21:51.942040 <... close resumed>) = 0
[pid 216260] 11:21:51.942089 close(8 <unfinished ...>
[pid 216261] 11:21:51.942150 <... nanosleep resumed>NULL) = 0
[pid 216260] 11:21:51.942174 <... close resumed>) = 0
[pid 216261] 11:21:51.942203 nanosleep({tv_sec=0, tv_nsec=20000},  <unfinished ...>
[pid 216260] 11:21:51.942239 openat(14, "full", O_RDONLY|O_CREAT|O_NOFOLLOW|O_CLOEXEC, 000) = 8
[pid 216261] 11:21:51.942358 <... nanosleep resumed>NULL) = 0
[pid 216260] 11:21:51.942381 fcntl(8, F_GETFL <unfinished ...>
[pid 216261] 11:21:51.942401 nanosleep({tv_sec=0, tv_nsec=20000},  <unfinished ...>
[pid 216260] 11:21:51.942423 <... fcntl resumed>) = 0x28000 (flags O_RDONLY|O_LARGEFILE|O_NOFOLLOW)
[pid 216260] 11:21:51.942491 mount("/dev/full", "/proc/thread-self/fd/8", 0xc0000cf0da, MS_BIND, NULL <unfinished ...>
[pid 216261] 11:21:51.942541 <... nanosleep resumed>NULL) = 0
[pid 216261] 11:21:51.942610 nanosleep({tv_sec=0, tv_nsec=20000}, NULL) = 0
[pid 216261] 11:21:51.942845 futex(0xc00006d948, FUTEX_WAKE_PRIVATE, 1 <unfinished ...>
[pid 216263] 11:21:51.942957 <... futex resumed>) = 0
[pid 216261] 11:21:51.942983 <... futex resumed>) = 1
[pid 216263] 11:21:51.943005 futex(0xc00006d948, FUTEX_WAIT_PRIVATE, 0, NULL <unfinished ...>
[pid 216260] 11:21:51.943023 <... mount resumed>) = 0
[pid 216261] 11:21:51.943040 nanosleep({tv_sec=0, tv_nsec=20000},  <unfinished ...>
[pid 216260] 11:21:51.943063 close(8)   = 0
[pid 216260] 11:21:51.943161 close(14 <unfinished ...>
[pid 216261] 11:21:51.943195 <... nanosleep resumed>NULL) = 0
[pid 216260] 11:21:51.943212 <... close resumed>) = 0
[pid 216261] 11:21:51.943229 nanosleep({tv_sec=0, tv_nsec=20000},  <unfinished ...>
[pid 216260] 11:21:51.943250 newfstatat(AT_FDCWD, "/home/sh1rogane/Anolix/rootfs//dev", {st_mode=S_IFDIR|0755, st_size=160, ...}, AT_SYMLINK_NOFOLLOW) = 0
[pid 216260] 11:21:51.943356 newfstatat(AT_FDCWD, "/home/sh1rogane/Anolix/rootfs//dev/tty",  <unfinished ...>
[pid 216261] 11:21:51.943380 <... nanosleep resumed>NULL) = 0
[pid 216260] 11:21:51.943398 <... newfstatat resumed>0xc0001f2378, AT_SYMLINK_NOFOLLOW) = -1 ENOENT (No such file or directory)
[pid 216261] 11:21:51.943419 nanosleep({tv_sec=0, tv_nsec=20000},  <unfinished ...>
[pid 216260] 11:21:51.943440 openat(AT_FDCWD, "/home/sh1rogane/Anolix/rootfs", O_RDONLY|O_CLOEXEC|O_DIRECTORY) = 8
[pid 216261] 11:21:51.943560 <... nanosleep resumed>NULL) = 0
[pid 216260] 11:21:51.943579 fcntl(8, F_GETFL <unfinished ...>
[pid 216261] 11:21:51.943629 nanosleep({tv_sec=0, tv_nsec=20000},  <unfinished ...>
[pid 216260] 11:21:51.943658 <... fcntl resumed>) = 0x18000 (flags O_RDONLY|O_LARGEFILE|O_DIRECTORY)
[pid 216260] 11:21:51.943708 fcntl(8, F_SETFL, O_RDONLY|O_NONBLOCK|O_LARGEFILE|O_DIRECTORY <unfinished ...>
[pid 216261] 11:21:51.943781 <... nanosleep resumed>NULL) = 0
[pid 216260] 11:21:51.943802 <... fcntl resumed>) = 0
[pid 216261] 11:21:51.943843 nanosleep({tv_sec=0, tv_nsec=20000},  <unfinished ...>
[pid 216260] 11:21:51.943875 epoll_ctl(9, EPOLL_CTL_ADD, 8, {events=EPOLLIN|EPOLLOUT|EPOLLRDHUP|EPOLLET, data={u32=1592786958, u64=8212740833262174222}}) = -1 EPERM (Operation not permitted)
[pid 216260] 11:21:51.943978 fcntl(8, F_GETFL <unfinished ...>
[pid 216261] 11:21:51.944000 <... nanosleep resumed>NULL) = 0
[pid 216260] 11:21:51.944020 <... fcntl resumed>) = 0x18800 (flags O_RDONLY|O_NONBLOCK|O_LARGEFILE|O_DIRECTORY)
[pid 216261] 11:21:51.944040 nanosleep({tv_sec=0, tv_nsec=20000},  <unfinished ...>
[pid 216260] 11:21:51.944075 fcntl(8, F_SETFL, O_RDONLY|O_LARGEFILE|O_DIRECTORY) = 0
[pid 216261] 11:21:51.944181 <... nanosleep resumed>NULL) = 0
[pid 216260] 11:21:51.944219 openat2(8, "dev", {flags=O_RDONLY|O_CLOEXEC|O_PATH, resolve=RESOLVE_NO_MAGICLINKS|RESOLVE_IN_ROOT}, 24 <unfinished ...>
[pid 216261] 11:21:51.944243 nanosleep({tv_sec=0, tv_nsec=20000},  <unfinished ...>
[pid 216260] 11:21:51.944263 <... openat2 resumed>) = 11
[pid 216260] 11:21:51.944311 fcntl(11, F_GETFL <unfinished ...>
[pid 216261] 11:21:51.944391 <... nanosleep resumed>NULL) = 0
[pid 216260] 11:21:51.944417 <... fcntl resumed>) = 0x200000 (flags O_RDONLY|O_PATH)
[pid 216261] 11:21:51.944439 nanosleep({tv_sec=0, tv_nsec=20000},  <unfinished ...>
[pid 216260] 11:21:51.944477 fstatfs(13, {f_type=PROC_SUPER_MAGIC, f_bsize=4096, f_blocks=0, f_bfree=0, f_bavail=0, f_files=0, f_ffree=0, f_fsid={val=[0x57, 0]}, f_namelen=255, f_frsize=4096, f_flags=ST_VALID|ST_NOSUID|ST_NODEV|ST_NOEXEC|ST_RELATIME}) = 0
[pid 216261] 11:21:51.944578 <... nanosleep resumed>NULL) = 0
[pid 216260] 11:21:51.944600 fstat(13,  <unfinished ...>
[pid 216261] 11:21:51.944651 nanosleep({tv_sec=0, tv_nsec=20000},  <unfinished ...>
[pid 216260] 11:21:51.944677 <... fstat resumed>{st_mode=S_IFDIR|0555, st_size=0, ...}) = 0
[pid 216260] 11:21:51.944733 openat2(AT_FDCWD, ".", {flags=O_RDONLY|O_CLOEXEC|O_PATH, resolve=RESOLVE_NO_SYMLINKS|RESOLVE_IN_ROOT}, 24 <unfinished ...>
[pid 216261] 11:21:51.944792 <... nanosleep resumed>NULL) = 0
[pid 216260] 11:21:51.944809 <... openat2 resumed>) = 12
[pid 216261] 11:21:51.944850 nanosleep({tv_sec=0, tv_nsec=20000},  <unfinished ...>
[pid 216260] 11:21:51.944880 close(12)  = 0
[pid 216260] 11:21:51.944978 openat2(13, "thread-self/fd/11", {flags=O_RDONLY|O_NOFOLLOW|O_CLOEXEC|O_PATH, resolve=RESOLVE_NO_XDEV|RESOLVE_NO_MAGICLINKS|RESOLVE_BENEATH}, 24 <unfinished ...>
[pid 216261] 11:21:51.945016 <... nanosleep resumed>NULL) = 0
[pid 216260] 11:21:51.945033 <... openat2 resumed>) = 12
[pid 216261] 11:21:51.945070 nanosleep({tv_sec=0, tv_nsec=20000},  <unfinished ...>
[pid 216260] 11:21:51.945089 fcntl(12, F_GETFL) = 0x220000 (flags O_RDONLY|O_NOFOLLOW|O_PATH)
[pid 216260] 11:21:51.945189 statx(13, "", AT_STATX_SYNC_AS_STAT|AT_SYMLINK_NOFOLLOW|AT_EMPTY_PATH, STATX_MNT_ID|STATX_MNT_ID_UNIQUE,  <unfinished ...>
[pid 216261] 11:21:51.945232 <... nanosleep resumed>NULL) = 0
[pid 216260] 11:21:51.945251 <... statx resumed>{stx_mask=STATX_BASIC_STATS|STATX_MNT_ID_UNIQUE, stx_attributes=STATX_ATTR_MOUNT_ROOT, stx_mode=S_IFDIR|0555, stx_size=0, ...}) = 0
[pid 216261] 11:21:51.945272 nanosleep({tv_sec=0, tv_nsec=20000},  <unfinished ...>
[pid 216260] 11:21:51.945293 statx(12, "", AT_STATX_SYNC_AS_STAT|AT_SYMLINK_NOFOLLOW|AT_EMPTY_PATH, STATX_MNT_ID|STATX_MNT_ID_UNIQUE, {stx_mask=STATX_BASIC_STATS|STATX_MNT_ID_UNIQUE, stx_attributes=0, stx_mode=S_IFLNK|000, stx_size=64, ...}) = 0
[pid 216261] 11:21:51.945408 <... nanosleep resumed>NULL) = 0
[pid 216260] 11:21:51.945459 readlinkat(12, "",  <unfinished ...>
[pid 216261] 11:21:51.945494 nanosleep({tv_sec=0, tv_nsec=20000},  <unfinished ...>
[pid 216260] 11:21:51.945515 <... readlinkat resumed>"/home/sh1rogane/Anolix/rootfs/de"..., 4096) = 33
[pid 216260] 11:21:51.945571 close(12 <unfinished ...>
[pid 216261] 11:21:51.945646 <... nanosleep resumed>NULL) = 0
[pid 216260] 11:21:51.945667 <... close resumed>) = 0
[pid 216261] 11:21:51.945695 nanosleep({tv_sec=0, tv_nsec=20000},  <unfinished ...>
[pid 216260] 11:21:51.945718 fcntl(11, F_DUPFD_CLOEXEC, 0) = 12
[pid 216261] 11:21:51.945831 <... nanosleep resumed>NULL) = 0
[pid 216260] 11:21:51.945851 fcntl(12, F_GETFL <unfinished ...>
[pid 216261] 11:21:51.945870 nanosleep({tv_sec=0, tv_nsec=20000},  <unfinished ...>
[pid 216260] 11:21:51.945890 <... fcntl resumed>) = 0x200000 (flags O_RDONLY|O_PATH)
[pid 216260] 11:21:51.945945 close(11 <unfinished ...>
[pid 216261] 11:21:51.946005 <... nanosleep resumed>NULL) = 0
[pid 216260] 11:21:51.946028 <... close resumed>) = 0
[pid 216261] 11:21:51.946074 nanosleep({tv_sec=0, tv_nsec=20000},  <unfinished ...>
[pid 216260] 11:21:51.946110 fstat(12, {st_mode=S_IFDIR|0755, st_size=160, ...}) = 0
[pid 216261] 11:21:51.946209 <... nanosleep resumed>NULL) = 0
[pid 216260] 11:21:51.946232 fstatfs(13,  <unfinished ...>
[pid 216261] 11:21:51.946301 nanosleep({tv_sec=0, tv_nsec=20000},  <unfinished ...>
[pid 216260] 11:21:51.946343 <... fstatfs resumed>{f_type=PROC_SUPER_MAGIC, f_bsize=4096, f_blocks=0, f_bfree=0, f_bavail=0, f_files=0, f_ffree=0, f_fsid={val=[0x57, 0]}, f_namelen=255, f_frsize=4096, f_flags=ST_VALID|ST_NOSUID|ST_NODEV|ST_NOEXEC|ST_RELATIME}) = 0
[pid 216260] 11:21:51.946406 fstat(13,  <unfinished ...>
[pid 216261] 11:21:51.946443 <... nanosleep resumed>NULL) = 0
[pid 216260] 11:21:51.946463 <... fstat resumed>{st_mode=S_IFDIR|0555, st_size=0, ...}) = 0
[pid 216261] 11:21:51.946491 nanosleep({tv_sec=0, tv_nsec=20000},  <unfinished ...>
[pid 216260] 11:21:51.946515 openat2(AT_FDCWD, ".", {flags=O_RDONLY|O_CLOEXEC|O_PATH, resolve=RESOLVE_NO_SYMLINKS|RESOLVE_IN_ROOT}, 24) = 11
[pid 216261] 11:21:51.946629 <... nanosleep resumed>NULL) = 0
[pid 216260] 11:21:51.946651 close(11 <unfinished ...>
[pid 216261] 11:21:51.946701 nanosleep({tv_sec=0, tv_nsec=20000},  <unfinished ...>
[pid 216260] 11:21:51.946744 <... close resumed>) = 0
[pid 216260] 11:21:51.946798 openat2(13, "thread-self/fd/", {flags=O_RDONLY|O_NOFOLLOW|O_CLOEXEC|O_PATH, resolve=RESOLVE_NO_XDEV|RESOLVE_NO_MAGICLINKS|RESOLVE_BENEATH}, 24 <unfinished ...>
[pid 216261] 11:21:51.946864 <... nanosleep resumed>NULL) = 0
[pid 216260] 11:21:51.946882 <... openat2 resumed>) = 11
[pid 216261] 11:21:51.946900 nanosleep({tv_sec=0, tv_nsec=20000},  <unfinished ...>
[pid 216260] 11:21:51.946919 fcntl(11, F_GETFL) = 0x220000 (flags O_RDONLY|O_NOFOLLOW|O_PATH)
[pid 216261] 11:21:51.947057 <... nanosleep resumed>NULL) = 0
[pid 216260] 11:21:51.947080 statx(13, "", AT_STATX_SYNC_AS_STAT|AT_SYMLINK_NOFOLLOW|AT_EMPTY_PATH, STATX_MNT_ID|STATX_MNT_ID_UNIQUE,  <unfinished ...>
[pid 216261] 11:21:51.947108 nanosleep({tv_sec=0, tv_nsec=20000},  <unfinished ...>
[pid 216260] 11:21:51.947131 <... statx resumed>{stx_mask=STATX_BASIC_STATS|STATX_MNT_ID_UNIQUE, stx_attributes=STATX_ATTR_MOUNT_ROOT, stx_mode=S_IFDIR|0555, stx_size=0, ...}) = 0
[pid 216260] 11:21:51.947194 statx(11, "12", AT_STATX_SYNC_AS_STAT|AT_SYMLINK_NOFOLLOW|AT_EMPTY_PATH, STATX_MNT_ID|STATX_MNT_ID_UNIQUE,  <unfinished ...>
[pid 216261] 11:21:51.947243 <... nanosleep resumed>NULL) = 0
[pid 216260] 11:21:51.947264 <... statx resumed>{stx_mask=STATX_BASIC_STATS|STATX_MNT_ID_UNIQUE, stx_attributes=0, stx_mode=S_IFLNK|000, stx_size=64, ...}) = 0
[pid 216261] 11:21:51.947289 nanosleep({tv_sec=0, tv_nsec=20000},  <unfinished ...>
[pid 216260] 11:21:51.947314 openat(11, "12", O_RDONLY|O_CLOEXEC|O_DIRECTORY) = 14
[pid 216261] 11:21:51.947438 <... nanosleep resumed>NULL) = 0
[pid 216260] 11:21:51.947475 fcntl(14, F_GETFL <unfinished ...>
[pid 216261] 11:21:51.947515 nanosleep({tv_sec=0, tv_nsec=20000},  <unfinished ...>
[pid 216260] 11:21:51.947538 <... fcntl resumed>) = 0x18000 (flags O_RDONLY|O_LARGEFILE|O_DIRECTORY)
[pid 216260] 11:21:51.947598 close(11 <unfinished ...>
[pid 216261] 11:21:51.947667 <... nanosleep resumed>NULL) = 0
[pid 216260] 11:21:51.947690 <... close resumed>) = 0
[pid 216261] 11:21:51.947716 nanosleep({tv_sec=0, tv_nsec=20000},  <unfinished ...>
[pid 216260] 11:21:51.947742 close(12)  = 0
[pid 216261] 11:21:51.947859 <... nanosleep resumed>NULL) = 0
[pid 216260] 11:21:51.947883 close(8 <unfinished ...>
[pid 216261] 11:21:51.947928 nanosleep({tv_sec=0, tv_nsec=20000},  <unfinished ...>
[pid 216260] 11:21:51.947950 <... close resumed>) = 0
[pid 216260] 11:21:51.948003 openat(14, "tty", O_RDONLY|O_CREAT|O_NOFOLLOW|O_CLOEXEC, 000 <unfinished ...>
[pid 216261] 11:21:51.948088 <... nanosleep resumed>NULL) = 0
[pid 216260] 11:21:51.948109 <... openat resumed>) = 8
[pid 216261] 11:21:51.948153 nanosleep({tv_sec=0, tv_nsec=20000},  <unfinished ...>
[pid 216260] 11:21:51.948189 fcntl(8, F_GETFL) = 0x28000 (flags O_RDONLY|O_LARGEFILE|O_NOFOLLOW)
[pid 216260] 11:21:51.948278 mount("/dev/tty", "/proc/thread-self/fd/8", 0xc0000cf199, MS_BIND, NULL <unfinished ...>
[pid 216261] 11:21:51.948320 <... nanosleep resumed>NULL) = 0
[pid 216261] 11:21:51.948366 nanosleep({tv_sec=0, tv_nsec=20000},  <unfinished ...>
[pid 216260] 11:21:51.948418 <... mount resumed>) = 0
[pid 216260] 11:21:51.948495 close(8 <unfinished ...>
[pid 216261] 11:21:51.948522 <... nanosleep resumed>NULL) = 0
[pid 216260] 11:21:51.948543 <... close resumed>) = 0
[pid 216261] 11:21:51.948580 nanosleep({tv_sec=0, tv_nsec=20000},  <unfinished ...>
[pid 216260] 11:21:51.948623 close(14)  = 0
[pid 216261] 11:21:51.948732 <... nanosleep resumed>NULL) = 0
[pid 216260] 11:21:51.948764 newfstatat(AT_FDCWD, "/home/sh1rogane/Anolix/rootfs//dev",  <unfinished ...>
[pid 216261] 11:21:51.948787 nanosleep({tv_sec=0, tv_nsec=20000},  <unfinished ...>
[pid 216260] 11:21:51.948810 <... newfstatat resumed>{st_mode=S_IFDIR|0755, st_size=180, ...}, AT_SYMLINK_NOFOLLOW) = 0
[pid 216260] 11:21:51.948877 newfstatat(AT_FDCWD, "/home/sh1rogane/Anolix/rootfs//dev/zero",  <unfinished ...>
[pid 216261] 11:21:51.948929 <... nanosleep resumed>NULL) = 0
[pid 216260] 11:21:51.948952 <... newfstatat resumed>0xc0001f2518, AT_SYMLINK_NOFOLLOW) = -1 ENOENT (No such file or directory)
[pid 216261] 11:21:51.948976 nanosleep({tv_sec=0, tv_nsec=20000},  <unfinished ...>
[pid 216260] 11:21:51.949014 openat(AT_FDCWD, "/home/sh1rogane/Anolix/rootfs", O_RDONLY|O_CLOEXEC|O_DIRECTORY) = 8
[pid 216261] 11:21:51.949129 <... nanosleep resumed>NULL) = 0
[pid 216260] 11:21:51.949164 fcntl(8, F_GETFL <unfinished ...>
[pid 216261] 11:21:51.949183 nanosleep({tv_sec=0, tv_nsec=20000},  <unfinished ...>
[pid 216260] 11:21:51.949204 <... fcntl resumed>) = 0x18000 (flags O_RDONLY|O_LARGEFILE|O_DIRECTORY)
[pid 216260] 11:21:51.949251 fcntl(8, F_SETFL, O_RDONLY|O_NONBLOCK|O_LARGEFILE|O_DIRECTORY) = 0
[pid 216261] 11:21:51.949315 <... nanosleep resumed>NULL) = 0
[pid 216260] 11:21:51.949338 epoll_ctl(9, EPOLL_CTL_ADD, 8, {events=EPOLLIN|EPOLLOUT|EPOLLRDHUP|EPOLLET, data={u32=1592786959, u64=8212740833262174223}} <unfinished ...>
[pid 216261] 11:21:51.949372 nanosleep({tv_sec=0, tv_nsec=20000},  <unfinished ...>
[pid 216260] 11:21:51.949391 <... epoll_ctl resumed>) = -1 EPERM (Operation not permitted)
[pid 216260] 11:21:51.949439 fcntl(8, F_GETFL <unfinished ...>
[pid 216261] 11:21:51.949510 <... nanosleep resumed>NULL) = 0
[pid 216260] 11:21:51.949535 <... fcntl resumed>) = 0x18800 (flags O_RDONLY|O_NONBLOCK|O_LARGEFILE|O_DIRECTORY)
[pid 216261] 11:21:51.949569 nanosleep({tv_sec=0, tv_nsec=20000},  <unfinished ...>
[pid 216260] 11:21:51.949596 fcntl(8, F_SETFL, O_RDONLY|O_LARGEFILE|O_DIRECTORY) = 0
[pid 216261] 11:21:51.949707 <... nanosleep resumed>NULL) = 0
[pid 216260] 11:21:51.949743 openat2(8, "dev", {flags=O_RDONLY|O_CLOEXEC|O_PATH, resolve=RESOLVE_NO_MAGICLINKS|RESOLVE_IN_ROOT}, 24 <unfinished ...>
[pid 216261] 11:21:51.949770 nanosleep({tv_sec=0, tv_nsec=20000},  <unfinished ...>
[pid 216260] 11:21:51.949835 <... openat2 resumed>) = 11
[pid 216260] 11:21:51.949882 fcntl(11, F_GETFL <unfinished ...>
[pid 216261] 11:21:51.949901 <... nanosleep resumed>NULL) = 0
[pid 216260] 11:21:51.949921 <... fcntl resumed>) = 0x200000 (flags O_RDONLY|O_PATH)
[pid 216261] 11:21:51.949940 nanosleep({tv_sec=0, tv_nsec=20000},  <unfinished ...>
[pid 216260] 11:21:51.949963 fstatfs(13, {f_type=PROC_SUPER_MAGIC, f_bsize=4096, f_blocks=0, f_bfree=0, f_bavail=0, f_files=0, f_ffree=0, f_fsid={val=[0x57, 0]}, f_namelen=255, f_frsize=4096, f_flags=ST_VALID|ST_NOSUID|ST_NODEV|ST_NOEXEC|ST_RELATIME}) = 0
[pid 216261] 11:21:51.950065 <... nanosleep resumed>NULL) = 0
[pid 216260] 11:21:51.950086 fstat(13,  <unfinished ...>
[pid 216261] 11:21:51.950125 nanosleep({tv_sec=0, tv_nsec=20000},  <unfinished ...>
[pid 216260] 11:21:51.950159 <... fstat resumed>{st_mode=S_IFDIR|0555, st_size=0, ...}) = 0
[pid 216260] 11:21:51.950214 openat2(AT_FDCWD, ".", {flags=O_RDONLY|O_CLOEXEC|O_PATH, resolve=RESOLVE_NO_SYMLINKS|RESOLVE_IN_ROOT}, 24 <unfinished ...>
[pid 216261] 11:21:51.950292 <... nanosleep resumed>NULL) = 0
[pid 216260] 11:21:51.950310 <... openat2 resumed>) = 12
[pid 216261] 11:21:51.950332 nanosleep({tv_sec=0, tv_nsec=20000},  <unfinished ...>
[pid 216260] 11:21:51.950368 close(12)  = 0
[pid 216261] 11:21:51.950470 <... nanosleep resumed>NULL) = 0
[pid 216260] 11:21:51.950499 openat2(13, "thread-self/fd/11", {flags=O_RDONLY|O_NOFOLLOW|O_CLOEXEC|O_PATH, resolve=RESOLVE_NO_XDEV|RESOLVE_NO_MAGICLINKS|RESOLVE_BENEATH}, 24 <unfinished ...>
[pid 216261] 11:21:51.950542 nanosleep({tv_sec=0, tv_nsec=20000},  <unfinished ...>
[pid 216260] 11:21:51.950562 <... openat2 resumed>) = 12
[pid 216260] 11:21:51.950620 fcntl(12, F_GETFL <unfinished ...>
[pid 216261] 11:21:51.950685 <... nanosleep resumed>NULL) = 0
[pid 216260] 11:21:51.950705 <... fcntl resumed>) = 0x220000 (flags O_RDONLY|O_NOFOLLOW|O_PATH)
[pid 216261] 11:21:51.950726 epoll_pwait(9,  <unfinished ...>
[pid 216260] 11:21:51.950755 statx(13, "", AT_STATX_SYNC_AS_STAT|AT_SYMLINK_NOFOLLOW|AT_EMPTY_PATH, STATX_MNT_ID|STATX_MNT_ID_UNIQUE,  <unfinished ...>
[pid 216261] 11:21:51.950779 <... epoll_pwait resumed>[], 128, 0, NULL, 0) = 0
[pid 216260] 11:21:51.950811 <... statx resumed>{stx_mask=STATX_BASIC_STATS|STATX_MNT_ID_UNIQUE, stx_attributes=STATX_ATTR_MOUNT_ROOT, stx_mode=S_IFDIR|0555, stx_size=0, ...}) = 0
[pid 216261] 11:21:51.950862 nanosleep({tv_sec=0, tv_nsec=20000},  <unfinished ...>
[pid 216260] 11:21:51.950897 statx(12, "", AT_STATX_SYNC_AS_STAT|AT_SYMLINK_NOFOLLOW|AT_EMPTY_PATH, STATX_MNT_ID|STATX_MNT_ID_UNIQUE, {stx_mask=STATX_BASIC_STATS|STATX_MNT_ID_UNIQUE, stx_attributes=0, stx_mode=S_IFLNK|000, stx_size=64, ...}) = 0
[pid 216261] 11:21:51.951007 <... nanosleep resumed>NULL) = 0
[pid 216260] 11:21:51.951042 readlinkat(12, "",  <unfinished ...>
[pid 216261] 11:21:51.951065 nanosleep({tv_sec=0, tv_nsec=20000},  <unfinished ...>
[pid 216260] 11:21:51.951091 <... readlinkat resumed>"/home/sh1rogane/Anolix/rootfs/de"..., 4096) = 33
[pid 216260] 11:21:51.951147 close(12 <unfinished ...>
[pid 216261] 11:21:51.951186 <... nanosleep resumed>NULL) = 0
[pid 216260] 11:21:51.951205 <... close resumed>) = 0
[pid 216261] 11:21:51.951242 nanosleep({tv_sec=0, tv_nsec=20000},  <unfinished ...>
[pid 216260] 11:21:51.951274 fcntl(11, F_DUPFD_CLOEXEC, 0) = 12
[pid 216261] 11:21:51.951381 <... nanosleep resumed>NULL) = 0
[pid 216260] 11:21:51.951413 fcntl(12, F_GETFL <unfinished ...>
[pid 216261] 11:21:51.951451 nanosleep({tv_sec=0, tv_nsec=20000},  <unfinished ...>
[pid 216260] 11:21:51.951472 <... fcntl resumed>) = 0x200000 (flags O_RDONLY|O_PATH)
[pid 216260] 11:21:51.951533 close(11 <unfinished ...>
[pid 216261] 11:21:51.951596 <... nanosleep resumed>NULL) = 0
[pid 216260] 11:21:51.951614 <... close resumed>) = 0
[pid 216261] 11:21:51.951635 nanosleep({tv_sec=0, tv_nsec=20000},  <unfinished ...>
[pid 216260] 11:21:51.951660 fstat(12, {st_mode=S_IFDIR|0755, st_size=180, ...}) = 0
[pid 216261] 11:21:51.951778 <... nanosleep resumed>NULL) = 0
[pid 216260] 11:21:51.951798 fstatfs(13,  <unfinished ...>
[pid 216261] 11:21:51.951818 nanosleep({tv_sec=0, tv_nsec=20000},  <unfinished ...>
[pid 216260] 11:21:51.951842 <... fstatfs resumed>{f_type=PROC_SUPER_MAGIC, f_bsize=4096, f_blocks=0, f_bfree=0, f_bavail=0, f_files=0, f_ffree=0, f_fsid={val=[0x57, 0]}, f_namelen=255, f_frsize=4096, f_flags=ST_VALID|ST_NOSUID|ST_NODEV|ST_NOEXEC|ST_RELATIME}) = 0
[pid 216260] 11:21:51.951904 fstat(13,  <unfinished ...>
[pid 216261] 11:21:51.951946 <... nanosleep resumed>NULL) = 0
[pid 216260] 11:21:51.951968 <... fstat resumed>{st_mode=S_IFDIR|0555, st_size=0, ...}) = 0
[pid 216261] 11:21:51.951996 futex(0xc00006d948, FUTEX_WAKE_PRIVATE, 1 <unfinished ...>
[pid 216260] 11:21:51.952016 futex(0xeeaf80, FUTEX_WAIT_PRIVATE, 0, NULL <unfinished ...>
[pid 216263] 11:21:51.952080 <... futex resumed>) = 0
[pid 216261] 11:21:51.952107 <... futex resumed>) = 1
[pid 216263] 11:21:51.952172 futex(0xeeaf80, FUTEX_WAKE_PRIVATE, 1 <unfinished ...>
[pid 216261] 11:21:51.952208 nanosleep({tv_sec=0, tv_nsec=20000},  <unfinished ...>
[pid 216263] 11:21:51.952232 <... futex resumed>) = 1
[pid 216260] 11:21:51.952252 <... futex resumed>) = 0
[pid 216263] 11:21:51.952276 futex(0xc00006d948, FUTEX_WAIT_PRIVATE, 0, NULL <unfinished ...>
[pid 216260] 11:21:51.952315 openat2(AT_FDCWD, ".", {flags=O_RDONLY|O_CLOEXEC|O_PATH, resolve=RESOLVE_NO_SYMLINKS|RESOLVE_IN_ROOT}, 24 <unfinished ...>
[pid 216261] 11:21:51.952344 <... nanosleep resumed>NULL) = 0
[pid 216260] 11:21:51.952363 <... openat2 resumed>) = 11
[pid 216261] 11:21:51.952380 nanosleep({tv_sec=0, tv_nsec=20000},  <unfinished ...>
[pid 216260] 11:21:51.952404 close(11)  = 0
[pid 216261] 11:21:51.952528 <... nanosleep resumed>NULL) = 0
[pid 216260] 11:21:51.952552 openat2(13, "thread-self/fd/", {flags=O_RDONLY|O_NOFOLLOW|O_CLOEXEC|O_PATH, resolve=RESOLVE_NO_XDEV|RESOLVE_NO_MAGICLINKS|RESOLVE_BENEATH}, 24 <unfinished ...>
[pid 216261] 11:21:51.952614 nanosleep({tv_sec=0, tv_nsec=20000},  <unfinished ...>
[pid 216260] 11:21:51.952641 <... openat2 resumed>) = 11
[pid 216260] 11:21:51.952698 fcntl(11, F_GETFL <unfinished ...>
[pid 216261] 11:21:51.952766 <... nanosleep resumed>NULL) = 0
[pid 216260] 11:21:51.952791 <... fcntl resumed>) = 0x220000 (flags O_RDONLY|O_NOFOLLOW|O_PATH)
[pid 216261] 11:21:51.952815 nanosleep({tv_sec=0, tv_nsec=20000},  <unfinished ...>
[pid 216260] 11:21:51.952842 statx(13, "", AT_STATX_SYNC_AS_STAT|AT_SYMLINK_NOFOLLOW|AT_EMPTY_PATH, STATX_MNT_ID|STATX_MNT_ID_UNIQUE, {stx_mask=STATX_BASIC_STATS|STATX_MNT_ID_UNIQUE, stx_attributes=STATX_ATTR_MOUNT_ROOT, stx_mode=S_IFDIR|0555, stx_size=0, ...}) = 0
[pid 216261] 11:21:51.952972 <... nanosleep resumed>NULL) = 0
[pid 216260] 11:21:51.953015 statx(11, "12", AT_STATX_SYNC_AS_STAT|AT_SYMLINK_NOFOLLOW|AT_EMPTY_PATH, STATX_MNT_ID|STATX_MNT_ID_UNIQUE,  <unfinished ...>
[pid 216261] 11:21:51.953047 nanosleep({tv_sec=0, tv_nsec=20000},  <unfinished ...>
[pid 216260] 11:21:51.953073 <... statx resumed>{stx_mask=STATX_BASIC_STATS|STATX_MNT_ID_UNIQUE, stx_attributes=0, stx_mode=S_IFLNK|000, stx_size=64, ...}) = 0
[pid 216260] 11:21:51.953143 openat(11, "12", O_RDONLY|O_CLOEXEC|O_DIRECTORY <unfinished ...>
[pid 216261] 11:21:51.953194 <... nanosleep resumed>NULL) = 0
[pid 216260] 11:21:51.953218 <... openat resumed>) = 14
[pid 216261] 11:21:51.953240 nanosleep({tv_sec=0, tv_nsec=20000},  <unfinished ...>
[pid 216260] 11:21:51.953301 fcntl(14, F_GETFL) = 0x18000 (flags O_RDONLY|O_LARGEFILE|O_DIRECTORY)
[pid 216261] 11:21:51.953368 <... nanosleep resumed>NULL) = 0
[pid 216260] 11:21:51.953392 close(11 <unfinished ...>
[pid 216261] 11:21:51.953452 nanosleep({tv_sec=0, tv_nsec=20000},  <unfinished ...>
[pid 216260] 11:21:51.953480 <... close resumed>) = 0
[pid 216260] 11:21:51.953543 close(12 <unfinished ...>
[pid 216261] 11:21:51.953658 <... nanosleep resumed>NULL) = 0
[pid 216260] 11:21:51.953679 <... close resumed>) = 0
[pid 216261] 11:21:51.953697 nanosleep({tv_sec=0, tv_nsec=20000},  <unfinished ...>
[pid 216260] 11:21:51.953722 close(8)   = 0
[pid 216261] 11:21:51.953836 <... nanosleep resumed>NULL) = 0
[pid 216260] 11:21:51.953859 openat(14, "zero", O_RDONLY|O_CREAT|O_NOFOLLOW|O_CLOEXEC, 000 <unfinished ...>
[pid 216261] 11:21:51.953886 nanosleep({tv_sec=0, tv_nsec=20000},  <unfinished ...>
[pid 216260] 11:21:51.953959 <... openat resumed>) = 8
[pid 216261] 11:21:51.954010 <... nanosleep resumed>NULL) = 0
[pid 216260] 11:21:51.954032 fcntl(8, F_GETFL <unfinished ...>
[pid 216261] 11:21:51.954067 nanosleep({tv_sec=0, tv_nsec=20000},  <unfinished ...>
[pid 216260] 11:21:51.954094 <... fcntl resumed>) = 0x28000 (flags O_RDONLY|O_LARGEFILE|O_NOFOLLOW)
[pid 216260] 11:21:51.954143 mount("/dev/zero", "/proc/thread-self/fd/8", 0xc0000cf26a, MS_BIND, NULL <unfinished ...>
[pid 216261] 11:21:51.954226 <... nanosleep resumed>NULL) = 0
[pid 216260] 11:21:51.954251 <... mount resumed>) = 0
[pid 216261] 11:21:51.954293 nanosleep({tv_sec=0, tv_nsec=20000},  <unfinished ...>
[pid 216260] 11:21:51.954317 close(8)   = 0
[pid 216260] 11:21:51.954430 close(14 <unfinished ...>
[pid 216261] 11:21:51.954471 <... nanosleep resumed>NULL) = 0
[pid 216260] 11:21:51.954490 <... close resumed>) = 0
[pid 216261] 11:21:51.954526 nanosleep({tv_sec=0, tv_nsec=20000},  <unfinished ...>
[pid 216260] 11:21:51.954551 newfstatat(AT_FDCWD, "/home/sh1rogane/Anolix/rootfs//dev", {st_mode=S_IFDIR|0755, st_size=200, ...}, AT_SYMLINK_NOFOLLOW) = 0
[pid 216261] 11:21:51.954677 <... nanosleep resumed>NULL) = 0
[pid 216260] 11:21:51.954702 newfstatat(AT_FDCWD, "/home/sh1rogane/Anolix/rootfs//dev/urandom",  <unfinished ...>
[pid 216261] 11:21:51.954731 nanosleep({tv_sec=0, tv_nsec=20000},  <unfinished ...>
[pid 216260] 11:21:51.954752 <... newfstatat resumed>0xc0001f26b8, AT_SYMLINK_NOFOLLOW) = -1 ENOENT (No such file or directory)
[pid 216260] 11:21:51.954820 openat(AT_FDCWD, "/home/sh1rogane/Anolix/rootfs", O_RDONLY|O_CLOEXEC|O_DIRECTORY <unfinished ...>
[pid 216261] 11:21:51.954853 <... nanosleep resumed>NULL) = 0
[pid 216260] 11:21:51.954875 <... openat resumed>) = 8
[pid 216261] 11:21:51.954898 nanosleep({tv_sec=0, tv_nsec=20000},  <unfinished ...>
[pid 216260] 11:21:51.954926 fcntl(8, F_GETFL) = 0x18000 (flags O_RDONLY|O_LARGEFILE|O_DIRECTORY)
[pid 216261] 11:21:51.955037 <... nanosleep resumed>NULL) = 0
[pid 216260] 11:21:51.955070 fcntl(8, F_SETFL, O_RDONLY|O_NONBLOCK|O_LARGEFILE|O_DIRECTORY <unfinished ...>
[pid 216261] 11:21:51.955112 nanosleep({tv_sec=0, tv_nsec=20000},  <unfinished ...>
[pid 216260] 11:21:51.955138 <... fcntl resumed>) = 0
[pid 216260] 11:21:51.955198 epoll_ctl(9, EPOLL_CTL_ADD, 8, {events=EPOLLIN|EPOLLOUT|EPOLLRDHUP|EPOLLET, data={u32=1592786960, u64=8212740833262174224}} <unfinished ...>
[pid 216261] 11:21:51.955242 <... nanosleep resumed>NULL) = 0
[pid 216260] 11:21:51.955261 <... epoll_ctl resumed>) = -1 EPERM (Operation not permitted)
[pid 216261] 11:21:51.955285 nanosleep({tv_sec=0, tv_nsec=20000},  <unfinished ...>
[pid 216260] 11:21:51.955309 fcntl(8, F_GETFL) = 0x18800 (flags O_RDONLY|O_NONBLOCK|O_LARGEFILE|O_DIRECTORY)
[pid 216261] 11:21:51.955430 <... nanosleep resumed>NULL) = 0
[pid 216260] 11:21:51.955453 fcntl(8, F_SETFL, O_RDONLY|O_LARGEFILE|O_DIRECTORY <unfinished ...>
[pid 216261] 11:21:51.955520 nanosleep({tv_sec=0, tv_nsec=20000},  <unfinished ...>
[pid 216260] 11:21:51.955565 <... fcntl resumed>) = 0
[pid 216260] 11:21:51.955639 openat2(8, "dev", {flags=O_RDONLY|O_CLOEXEC|O_PATH, resolve=RESOLVE_NO_MAGICLINKS|RESOLVE_IN_ROOT}, 24 <unfinished ...>
[pid 216261] 11:21:51.955685 <... nanosleep resumed>NULL) = 0
[pid 216260] 11:21:51.955704 <... openat2 resumed>) = 11
[pid 216261] 11:21:51.955738 nanosleep({tv_sec=0, tv_nsec=20000},  <unfinished ...>
[pid 216260] 11:21:51.955773 fcntl(11, F_GETFL) = 0x200000 (flags O_RDONLY|O_PATH)
[pid 216261] 11:21:51.955882 <... nanosleep resumed>NULL) = 0
[pid 216260] 11:21:51.955913 fstatfs(13,  <unfinished ...>
[pid 216261] 11:21:51.955957 nanosleep({tv_sec=0, tv_nsec=20000},  <unfinished ...>
[pid 216260] 11:21:51.955985 <... fstatfs resumed>{f_type=PROC_SUPER_MAGIC, f_bsize=4096, f_blocks=0, f_bfree=0, f_bavail=0, f_files=0, f_ffree=0, f_fsid={val=[0x57, 0]}, f_namelen=255, f_frsize=4096, f_flags=ST_VALID|ST_NOSUID|ST_NODEV|ST_NOEXEC|ST_RELATIME}) = 0
[pid 216260] 11:21:51.956056 fstat(13,  <unfinished ...>
[pid 216261] 11:21:51.956108 <... nanosleep resumed>NULL) = 0
[pid 216260] 11:21:51.956132 <... fstat resumed>{st_mode=S_IFDIR|0555, st_size=0, ...}) = 0
[pid 216261] 11:21:51.956160 nanosleep({tv_sec=0, tv_nsec=20000},  <unfinished ...>
[pid 216260] 11:21:51.956197 openat2(AT_FDCWD, ".", {flags=O_RDONLY|O_CLOEXEC|O_PATH, resolve=RESOLVE_NO_SYMLINKS|RESOLVE_IN_ROOT}, 24) = 12
[pid 216261] 11:21:51.956309 <... nanosleep resumed>NULL) = 0
[pid 216260] 11:21:51.956354 close(12 <unfinished ...>
[pid 216261] 11:21:51.956378 nanosleep({tv_sec=0, tv_nsec=20000},  <unfinished ...>
[pid 216260] 11:21:51.956406 <... close resumed>) = 0
[pid 216260] 11:21:51.956460 openat2(13, "thread-self/fd/11", {flags=O_RDONLY|O_NOFOLLOW|O_CLOEXEC|O_PATH, resolve=RESOLVE_NO_XDEV|RESOLVE_NO_MAGICLINKS|RESOLVE_BENEATH}, 24 <unfinished ...>
[pid 216261] 11:21:51.956526 <... nanosleep resumed>NULL) = 0
[pid 216260] 11:21:51.956549 <... openat2 resumed>) = 12
[pid 216261] 11:21:51.956568 nanosleep({tv_sec=0, tv_nsec=20000},  <unfinished ...>
[pid 216260] 11:21:51.956603 fcntl(12, F_GETFL) = 0x220000 (flags O_RDONLY|O_NOFOLLOW|O_PATH)
[pid 216261] 11:21:51.956710 <... nanosleep resumed>NULL) = 0
[pid 216260] 11:21:51.956757 statx(13, "", AT_STATX_SYNC_AS_STAT|AT_SYMLINK_NOFOLLOW|AT_EMPTY_PATH, STATX_MNT_ID|STATX_MNT_ID_UNIQUE,  <unfinished ...>
[pid 216261] 11:21:51.956789 nanosleep({tv_sec=0, tv_nsec=20000},  <unfinished ...>
[pid 216260] 11:21:51.956814 <... statx resumed>{stx_mask=STATX_BASIC_STATS|STATX_MNT_ID_UNIQUE, stx_attributes=STATX_ATTR_MOUNT_ROOT, stx_mode=S_IFDIR|0555, stx_size=0, ...}) = 0
[pid 216260] 11:21:51.956882 statx(12, "", AT_STATX_SYNC_AS_STAT|AT_SYMLINK_NOFOLLOW|AT_EMPTY_PATH, STATX_MNT_ID|STATX_MNT_ID_UNIQUE,  <unfinished ...>
[pid 216261] 11:21:51.956946 <... nanosleep resumed>NULL) = 0
[pid 216260] 11:21:51.956969 <... statx resumed>{stx_mask=STATX_BASIC_STATS|STATX_MNT_ID_UNIQUE, stx_attributes=0, stx_mode=S_IFLNK|000, stx_size=64, ...}) = 0
[pid 216261] 11:21:51.957005 nanosleep({tv_sec=0, tv_nsec=20000},  <unfinished ...>
[pid 216260] 11:21:51.957032 readlinkat(12, "", "/home/sh1rogane/Anolix/rootfs/de"..., 4096) = 33
[pid 216261] 11:21:51.957140 <... nanosleep resumed>NULL) = 0
[pid 216260] 11:21:51.957167 close(12 <unfinished ...>
[pid 216261] 11:21:51.957190 nanosleep({tv_sec=0, tv_nsec=20000},  <unfinished ...>
[pid 216260] 11:21:51.957229 <... close resumed>) = 0
[pid 216260] 11:21:51.957291 fcntl(11, F_DUPFD_CLOEXEC, 0 <unfinished ...>
[pid 216261] 11:21:51.957320 <... nanosleep resumed>NULL) = 0
[pid 216260] 11:21:51.957344 <... fcntl resumed>) = 12
[pid 216261] 11:21:51.957366 nanosleep({tv_sec=0, tv_nsec=20000},  <unfinished ...>
[pid 216260] 11:21:51.957394 fcntl(12, F_GETFL) = 0x200000 (flags O_RDONLY|O_PATH)
[pid 216261] 11:21:51.957510 <... nanosleep resumed>NULL) = 0
[pid 216260] 11:21:51.957545 close(11 <unfinished ...>
[pid 216261] 11:21:51.957576 nanosleep({tv_sec=0, tv_nsec=20000},  <unfinished ...>
[pid 216260] 11:21:51.957597 <... close resumed>) = 0
[pid 216260] 11:21:51.957642 fstat(12, {st_mode=S_IFDIR|0755, st_size=200, ...}) = 0
[pid 216261] 11:21:51.957734 <... nanosleep resumed>NULL) = 0
[pid 216260] 11:21:51.957759 fstatfs(13,  <unfinished ...>
[pid 216261] 11:21:51.957821 nanosleep({tv_sec=0, tv_nsec=20000},  <unfinished ...>
[pid 216260] 11:21:51.957843 <... fstatfs resumed>{f_type=PROC_SUPER_MAGIC, f_bsize=4096, f_blocks=0, f_bfree=0, f_bavail=0, f_files=0, f_ffree=0, f_fsid={val=[0x57, 0]}, f_namelen=255, f_frsize=4096, f_flags=ST_VALID|ST_NOSUID|ST_NODEV|ST_NOEXEC|ST_RELATIME}) = 0
[pid 216260] 11:21:51.957891 fstat(13, {st_mode=S_IFDIR|0555, st_size=0, ...}) = 0
[pid 216261] 11:21:51.957975 <... nanosleep resumed>NULL) = 0
[pid 216260] 11:21:51.957997 openat2(AT_FDCWD, ".", {flags=O_RDONLY|O_CLOEXEC|O_PATH, resolve=RESOLVE_NO_SYMLINKS|RESOLVE_IN_ROOT}, 24 <unfinished ...>
[pid 216261] 11:21:51.958020 nanosleep({tv_sec=0, tv_nsec=20000},  <unfinished ...>
[pid 216260] 11:21:51.958042 <... openat2 resumed>) = 11
[pid 216260] 11:21:51.958098 close(11 <unfinished ...>
[pid 216261] 11:21:51.958168 <... nanosleep resumed>NULL) = 0
[pid 216260] 11:21:51.958189 <... close resumed>) = 0
[pid 216261] 11:21:51.958213 nanosleep({tv_sec=0, tv_nsec=20000},  <unfinished ...>
[pid 216260] 11:21:51.958236 openat2(13, "thread-self/fd/", {flags=O_RDONLY|O_NOFOLLOW|O_CLOEXEC|O_PATH, resolve=RESOLVE_NO_XDEV|RESOLVE_NO_MAGICLINKS|RESOLVE_BENEATH}, 24) = 11
[pid 216261] 11:21:51.958354 <... nanosleep resumed>NULL) = 0
[pid 216260] 11:21:51.958376 fcntl(11, F_GETFL <unfinished ...>
[pid 216261] 11:21:51.958418 nanosleep({tv_sec=0, tv_nsec=20000},  <unfinished ...>
[pid 216260] 11:21:51.958446 <... fcntl resumed>) = 0x220000 (flags O_RDONLY|O_NOFOLLOW|O_PATH)
[pid 216260] 11:21:51.958503 statx(13, "", AT_STATX_SYNC_AS_STAT|AT_SYMLINK_NOFOLLOW|AT_EMPTY_PATH, STATX_MNT_ID|STATX_MNT_ID_UNIQUE, {stx_mask=STATX_BASIC_STATS|STATX_MNT_ID_UNIQUE, stx_attributes=STATX_ATTR_MOUNT_ROOT, stx_mode=S_IFDIR|0555, stx_size=0, ...}) = 0
[pid 216261] 11:21:51.958600 <... nanosleep resumed>NULL) = 0
[pid 216260] 11:21:51.958626 statx(11, "12", AT_STATX_SYNC_AS_STAT|AT_SYMLINK_NOFOLLOW|AT_EMPTY_PATH, STATX_MNT_ID|STATX_MNT_ID_UNIQUE,  <unfinished ...>
[pid 216261] 11:21:51.958675 nanosleep({tv_sec=0, tv_nsec=20000},  <unfinished ...>
[pid 216260] 11:21:51.958699 <... statx resumed>{stx_mask=STATX_BASIC_STATS|STATX_MNT_ID_UNIQUE, stx_attributes=0, stx_mode=S_IFLNK|000, stx_size=64, ...}) = 0
[pid 216260] 11:21:51.958770 openat(11, "12", O_RDONLY|O_CLOEXEC|O_DIRECTORY <unfinished ...>
[pid 216261] 11:21:51.958798 <... nanosleep resumed>NULL) = 0
[pid 216260] 11:21:51.958822 <... openat resumed>) = 14
[pid 216261] 11:21:51.958846 nanosleep({tv_sec=0, tv_nsec=20000},  <unfinished ...>
[pid 216260] 11:21:51.958872 fcntl(14, F_GETFL) = 0x18000 (flags O_RDONLY|O_LARGEFILE|O_DIRECTORY)
[pid 216261] 11:21:51.958980 <... nanosleep resumed>NULL) = 0
[pid 216260] 11:21:51.959009 close(11 <unfinished ...>
[pid 216261] 11:21:51.959032 nanosleep({tv_sec=0, tv_nsec=20000},  <unfinished ...>
[pid 216260] 11:21:51.959061 <... close resumed>) = 0
[pid 216260] 11:21:51.959116 close(12 <unfinished ...>
[pid 216261] 11:21:51.959181 <... nanosleep resumed>NULL) = 0
[pid 216260] 11:21:51.959204 <... close resumed>) = 0
[pid 216261] 11:21:51.959229 nanosleep({tv_sec=0, tv_nsec=20000},  <unfinished ...>
[pid 216260] 11:21:51.959257 close(8)   = 0
[pid 216261] 11:21:51.959386 <... nanosleep resumed>NULL) = 0
[pid 216260] 11:21:51.959420 openat(14, "urandom", O_RDONLY|O_CREAT|O_NOFOLLOW|O_CLOEXEC, 000 <unfinished ...>
[pid 216261] 11:21:51.959473 nanosleep({tv_sec=0, tv_nsec=20000},  <unfinished ...>
[pid 216260] 11:21:51.959503 <... openat resumed>) = 8
[pid 216260] 11:21:51.959542 fcntl(8, F_GETFL) = 0x28000 (flags O_RDONLY|O_LARGEFILE|O_NOFOLLOW)
[pid 216261] 11:21:51.959641 <... nanosleep resumed>NULL) = 0
[pid 216260] 11:21:51.959671 mount("/dev/urandom", "/proc/thread-self/fd/8", 0xc0000cf340, MS_BIND, NULL <unfinished ...>
[pid 216261] 11:21:51.959705 nanosleep({tv_sec=0, tv_nsec=20000},  <unfinished ...>
[pid 216260] 11:21:51.959779 <... mount resumed>) = 0
[pid 216261] 11:21:51.959847 <... nanosleep resumed>NULL) = 0
[pid 216260] 11:21:51.959878 close(8 <unfinished ...>
[pid 216261] 11:21:51.959904 nanosleep({tv_sec=0, tv_nsec=20000},  <unfinished ...>
[pid 216260] 11:21:51.959935 <... close resumed>) = 0
[pid 216260] 11:21:51.959989 close(14 <unfinished ...>
[pid 216261] 11:21:51.960036 <... nanosleep resumed>NULL) = 0
[pid 216260] 11:21:51.960061 <... close resumed>) = 0
[pid 216261] 11:21:51.960085 nanosleep({tv_sec=0, tv_nsec=20000},  <unfinished ...>
[pid 216260] 11:21:51.960122 unlinkat(AT_FDCWD, "/home/sh1rogane/Anolix/rootfs/dev/ptmx", 0) = -1 ENOENT (No such file or directory)
[pid 216261] 11:21:51.960235 <... nanosleep resumed>NULL) = 0
[pid 216260] 11:21:51.960286 unlinkat(AT_FDCWD, "/home/sh1rogane/Anolix/rootfs/dev/ptmx", AT_REMOVEDIR <unfinished ...>
[pid 216261] 11:21:51.960322 nanosleep({tv_sec=0, tv_nsec=20000},  <unfinished ...>
[pid 216260] 11:21:51.960348 <... unlinkat resumed>) = -1 ENOENT (No such file or directory)
[pid 216260] 11:21:51.960411 symlinkat("pts/ptmx", AT_FDCWD, "/home/sh1rogane/Anolix/rootfs/dev/ptmx" <unfinished ...>
[pid 216261] 11:21:51.960480 <... nanosleep resumed>NULL) = 0
[pid 216260] 11:21:51.960499 <... symlinkat resumed>) = 0
[pid 216261] 11:21:51.960540 nanosleep({tv_sec=0, tv_nsec=20000},  <unfinished ...>
[pid 216260] 11:21:51.960564 newfstatat(AT_FDCWD, "/proc/kcore", {st_mode=S_IFREG|0400, st_size=140737471598592, ...}, 0) = 0
[pid 216261] 11:21:51.960687 <... nanosleep resumed>NULL) = 0
[pid 216260] 11:21:51.960716 symlinkat("/proc/self/fd", AT_FDCWD, "/home/sh1rogane/Anolix/rootfs/dev/fd" <unfinished ...>
[pid 216261] 11:21:51.960759 epoll_pwait(9,  <unfinished ...>
[pid 216260] 11:21:51.960778 <... symlinkat resumed>) = 0
[pid 216261] 11:21:51.960796 <... epoll_pwait resumed>[], 128, 0, NULL, 0) = 0
[pid 216260] 11:21:51.960816 symlinkat("/proc/self/fd/0", AT_FDCWD, "/home/sh1rogane/Anolix/rootfs/dev/stdin" <unfinished ...>
[pid 216261] 11:21:51.960839 nanosleep({tv_sec=0, tv_nsec=20000},  <unfinished ...>
[pid 216260] 11:21:51.960862 <... symlinkat resumed>) = 0
[pid 216260] 11:21:51.960918 symlinkat("/proc/self/fd/1", AT_FDCWD, "/home/sh1rogane/Anolix/rootfs/dev/stdout" <unfinished ...>
[pid 216261] 11:21:51.960989 <... nanosleep resumed>NULL) = 0
[pid 216260] 11:21:51.961014 <... symlinkat resumed>) = 0
[pid 216261] 11:21:51.961045 nanosleep({tv_sec=0, tv_nsec=20000},  <unfinished ...>
[pid 216260] 11:21:51.961094 symlinkat("/proc/self/fd/2", AT_FDCWD, "/home/sh1rogane/Anolix/rootfs/dev/stderr") = 0
[pid 216261] 11:21:51.961208 <... nanosleep resumed>NULL) = 0
[pid 216260] 11:21:51.961242 symlinkat("/proc/kcore", AT_FDCWD, "/home/sh1rogane/Anolix/rootfs/dev/core" <unfinished ...>
[pid 216261] 11:21:51.961265 nanosleep({tv_sec=0, tv_nsec=20000},  <unfinished ...>
[pid 216260] 11:21:51.961347 <... symlinkat resumed>) = 0
[pid 216261] 11:21:51.961404 <... nanosleep resumed>NULL) = 0
[pid 216260] 11:21:51.961439 write(4, "{\"type\":\"procHooks\",\"flags\":0}", 30 <unfinished ...>
[pid 216261] 11:21:51.961460 nanosleep({tv_sec=0, tv_nsec=20000},  <unfinished ...>
[pid 216260] 11:21:51.961502 <... write resumed>) = 30
[pid 216245] 11:21:51.961522 <... recvfrom resumed>"", 0, MSG_PEEK|MSG_TRUNC, 0xc0002c40e0, [112 => 0]) = 30
[pid 216260] 11:21:51.961562 recvfrom(4,  <unfinished ...>
[pid 216261] 11:21:51.961623 <... nanosleep resumed>NULL) = 0
[pid 216245] 11:21:51.961642 futex(0xeec8c0, FUTEX_WAKE_PRIVATE, 1 <unfinished ...>
[pid 216261] 11:21:51.961660 nanosleep({tv_sec=0, tv_nsec=20000},  <unfinished ...>
[pid 216245] 11:21:51.961680 <... futex resumed>) = 1
[pid 216246] 11:21:51.961705 <... futex resumed>) = 0
[pid 216245] 11:21:51.961723 read(18,  <unfinished ...>
[pid 216246] 11:21:51.961742 nanosleep({tv_sec=0, tv_nsec=20000},  <unfinished ...>
[pid 216245] 11:21:51.961762 <... read resumed>"{\"type\":\"procHooks\",\"flags\":0}", 30) = 30
[pid 216261] 11:21:51.961813 <... nanosleep resumed>NULL) = 0
[pid 216245] 11:21:51.961854 mmap(NULL, 262144, PROT_READ|PROT_WRITE, MAP_PRIVATE|MAP_ANONYMOUS, -1, 0 <unfinished ...>
[pid 216261] 11:21:51.961875 futex(0xc00006d948, FUTEX_WAKE_PRIVATE, 1 <unfinished ...>
[pid 216246] 11:21:51.961893 <... nanosleep resumed>NULL) = 0
[pid 216245] 11:21:51.961910 <... mmap resumed>) = 0x74f688238000
[pid 216263] 11:21:51.961930 <... futex resumed>) = 0
[pid 216261] 11:21:51.961963 <... futex resumed>) = 1
[pid 216263] 11:21:51.961987 futex(0xc00006d948, FUTEX_WAIT_PRIVATE, 0, NULL <unfinished ...>
[pid 216246] 11:21:51.962005 getpid( <unfinished ...>
[pid 216245] 11:21:51.962021 futex(0xc000100148, FUTEX_WAKE_PRIVATE, 1 <unfinished ...>
[pid 216261] 11:21:51.962040 nanosleep({tv_sec=0, tv_nsec=20000},  <unfinished ...>
[pid 216246] 11:21:51.962061 <... getpid resumed>) = 216245
[pid 216249] 11:21:51.962082 <... futex resumed>) = 0
[pid 216245] 11:21:51.962102 <... futex resumed>) = 1
[pid 216249] 11:21:51.962126 futex(0xc000101148, FUTEX_WAKE_PRIVATE, 1 <unfinished ...>
[pid 216246] 11:21:51.962146 tgkill(216245, 216245, SIGURG <unfinished ...>
[pid 216245] 11:21:51.962156 futex(0xeeaf80, FUTEX_WAIT_PRIVATE, 0, NULL <unfinished ...>
[pid 216261] 11:21:51.962180 <... nanosleep resumed>NULL) = 0
[pid 216255] 11:21:51.962203 <... futex resumed>) = 0
[pid 216249] 11:21:51.962223 <... futex resumed>) = 1
[pid 216261] 11:21:51.962247 futex(0xeec8c0, FUTEX_WAIT_PRIVATE, 0, {tv_sec=60, tv_nsec=0} <unfinished ...>
[pid 216255] 11:21:51.962273 futex(0xc000101148, FUTEX_WAIT_PRIVATE, 0, NULL <unfinished ...>
[pid 216246] 11:21:51.962295 <... tgkill resumed>) = 0
[pid 216245] 11:21:51.962317 <... futex resumed>) = ? ERESTARTSYS (To be restarted if SA_RESTART is set)
[pid 216249] 11:21:51.962340 futex(0xeeaf80, FUTEX_WAKE_PRIVATE, 1 <unfinished ...>
[pid 216246] 11:21:51.962359 nanosleep({tv_sec=0, tv_nsec=20000},  <unfinished ...>
[pid 216249] 11:21:51.962386 <... futex resumed>) = 0
[pid 216245] 11:21:51.962405 --- SIGURG {si_signo=SIGURG, si_code=SI_TKILL, si_pid=216245, si_uid=1000} ---
[pid 216249] 11:21:51.962429 futex(0xc000100148, FUTEX_WAIT_PRIVATE, 0, NULL <unfinished ...>
[pid 216245] 11:21:51.962509 futex(0xf0b780, FUTEX_WAKE_PRIVATE, 1 <unfinished ...>
[pid 216246] 11:21:51.962537 <... nanosleep resumed>NULL) = 0
[pid 216245] 11:21:51.962556 <... futex resumed>) = 1
[pid 216248] 11:21:51.962587 <... futex resumed>) = 0
[pid 216246] 11:21:51.962608 nanosleep({tv_sec=0, tv_nsec=20000},  <unfinished ...>
[pid 216245] 11:21:51.962672 rt_sigreturn({mask=[]} <unfinished ...>
[pid 216248] 11:21:51.962703 futex(0xf0b780, FUTEX_WAIT_PRIVATE, 0, NULL <unfinished ...>
[pid 216245] 11:21:51.962725 <... rt_sigreturn resumed>) = 202
[pid 216245] 11:21:51.962784 futex(0xeeaf80, FUTEX_WAIT_PRIVATE, 0, NULL <unfinished ...>
[pid 216246] 11:21:51.962835 <... nanosleep resumed>NULL) = 0
[pid 216245] 11:21:51.962855 <... futex resumed>) = -1 EAGAIN (Resource temporarily unavailable)
[pid 216246] 11:21:51.962878 nanosleep({tv_sec=0, tv_nsec=20000},  <unfinished ...>
[pid 216245] 11:21:51.963004 openat2(3, "anolix-3e10afe62f83/cgroup.controllers", {flags=O_RDONLY|O_CLOEXEC, resolve=RESOLVE_NO_XDEV|RESOLVE_NO_MAGICLINKS|RESOLVE_NO_SYMLINKS|RESOLVE_BENEATH}, 24 <unfinished ...>
[pid 216246] 11:21:51.963036 <... nanosleep resumed>NULL) = 0
[pid 216245] 11:21:51.963064 <... openat2 resumed>) = -1 ENOENT (No such file or directory)
[pid 216246] 11:21:51.963084 nanosleep({tv_sec=0, tv_nsec=20000},  <unfinished ...>
[pid 216245] 11:21:51.963108 readlinkat(AT_FDCWD, "/proc/thread-self/fd/3", "/sys/fs/cgroup", 128) = 14
[pid 216246] 11:21:51.963244 <... nanosleep resumed>NULL) = 0
[pid 216246] 11:21:51.963306 nanosleep({tv_sec=0, tv_nsec=20000},  <unfinished ...>
[pid 216245] 11:21:51.963341 openat(AT_FDCWD, "/sys/fs/cgroup/anolix-3e10afe62f83", O_RDONLY|O_DIRECTORY) = -1 ENOENT (No such file or directory)
[pid 216246] 11:21:51.963463 <... nanosleep resumed>NULL) = 0
[pid 216245] 11:21:51.963484 write(18, "{\"type\":\"procHooksDone\",\"flags\":"..., 34 <unfinished ...>
[pid 216246] 11:21:51.963506 nanosleep({tv_sec=0, tv_nsec=20000},  <unfinished ...>
[pid 216260] 11:21:51.963562 <... recvfrom resumed>"", 0, MSG_PEEK|MSG_TRUNC, 0xc000118310, [112 => 0]) = 34
[pid 216245] 11:21:51.963655 <... write resumed>) = 34
[pid 216260] 11:21:51.963675 futex(0xeec8c0, FUTEX_WAKE_PRIVATE, 1 <unfinished ...>
[pid 216246] 11:21:51.963692 <... nanosleep resumed>NULL) = 0
[pid 216245] 11:21:51.963710 recvfrom(18,  <unfinished ...>
[pid 216261] 11:21:51.963732 <... futex resumed>) = 0
[pid 216260] 11:21:51.963747 <... futex resumed>) = 1
[pid 216246] 11:21:51.963765 nanosleep({tv_sec=0, tv_nsec=20000},  <unfinished ...>
[pid 216261] 11:21:51.963804 sched_yield( <unfinished ...>
[pid 216260] 11:21:51.963824 read(4,  <unfinished ...>
[pid 216261] 11:21:51.963843 <... sched_yield resumed>) = 0
[pid 216260] 11:21:51.963860 <... read resumed>"{\"type\":\"procHooksDone\",\"flags\":"..., 34) = 34
[pid 216261] 11:21:51.963880 futex(0xc00006d948, FUTEX_WAKE_PRIVATE, 1 <unfinished ...>
[pid 216260] 11:21:51.963902 futex(0xeeaf80, FUTEX_WAIT_PRIVATE, 0, NULL <unfinished ...>
[pid 216246] 11:21:51.963922 <... nanosleep resumed>NULL) = 0
[pid 216263] 11:21:51.963945 <... futex resumed>) = 0
[pid 216261] 11:21:51.963966 <... futex resumed>) = 1
[pid 216263] 11:21:51.963998 futex(0xeeaf80, FUTEX_WAKE_PRIVATE, 1 <unfinished ...>
[pid 216246] 11:21:51.964017 nanosleep({tv_sec=0, tv_nsec=20000},  <unfinished ...>
[pid 216263] 11:21:51.964037 <... futex resumed>) = 1
[pid 216261] 11:21:51.964057 nanosleep({tv_sec=0, tv_nsec=20000},  <unfinished ...>
[pid 216263] 11:21:51.964081 futex(0xc00006d948, FUTEX_WAIT_PRIVATE, 0, NULL <unfinished ...>
[pid 216260] 11:21:51.964099 <... futex resumed>) = 0
[pid 216246] 11:21:51.964154 <... nanosleep resumed>NULL) = 0
[pid 216261] 11:21:51.964188 <... nanosleep resumed>NULL) = 0
[pid 216260] 11:21:51.964204 chdir("/home/sh1rogane/Anolix/rootfs" <unfinished ...>
[pid 216261] 11:21:51.964227 nanosleep({tv_sec=0, tv_nsec=20000},  <unfinished ...>
[pid 216246] 11:21:51.964245 nanosleep({tv_sec=0, tv_nsec=20000},  <unfinished ...>
[pid 216260] 11:21:51.964264 <... chdir resumed>) = 0
[pid 216260] 11:21:51.964318 openat(AT_FDCWD, "/", O_RDONLY|O_DIRECTORY <unfinished ...>
[pid 216261] 11:21:51.964354 <... nanosleep resumed>NULL) = 0
[pid 216260] 11:21:51.964378 <... openat resumed>) = 8
[pid 216246] 11:21:51.964395 <... nanosleep resumed>NULL) = 0
[pid 216261] 11:21:51.964412 nanosleep({tv_sec=0, tv_nsec=20000},  <unfinished ...>
[pid 216260] 11:21:51.964431 openat(AT_FDCWD, "/home/sh1rogane/Anolix/rootfs", O_RDONLY|O_DIRECTORY <unfinished ...>
[pid 216246] 11:21:51.964452 nanosleep({tv_sec=0, tv_nsec=20000},  <unfinished ...>
[pid 216260] 11:21:51.964471 <... openat resumed>) = 11
[pid 216260] 11:21:51.964520 fchdir(11 <unfinished ...>
[pid 216261] 11:21:51.964542 <... nanosleep resumed>NULL) = 0
[pid 216260] 11:21:51.964563 <... fchdir resumed>) = 0
[pid 216261] 11:21:51.964601 nanosleep({tv_sec=0, tv_nsec=20000},  <unfinished ...>
[pid 216246] 11:21:51.964623 <... nanosleep resumed>NULL) = 0
[pid 216260] 11:21:51.964640 pivot_root(".", "." <unfinished ...>
[pid 216246] 11:21:51.964661 nanosleep({tv_sec=0, tv_nsec=20000},  <unfinished ...>
[pid 216261] 11:21:51.964743 <... nanosleep resumed>NULL) = 0
[pid 216261] 11:21:51.964798 nanosleep({tv_sec=0, tv_nsec=20000},  <unfinished ...>
[pid 216246] 11:21:51.964829 <... nanosleep resumed>NULL) = 0
[pid 216260] 11:21:51.964849 <... pivot_root resumed>) = 0
[pid 216246] 11:21:51.964870 nanosleep({tv_sec=0, tv_nsec=20000},  <unfinished ...>
[pid 216260] 11:21:51.964895 fchdir(8 <unfinished ...>
[pid 216261] 11:21:51.964948 <... nanosleep resumed>NULL) = 0
[pid 216260] 11:21:51.964969 <... fchdir resumed>) = 0
[pid 216261] 11:21:51.964989 nanosleep({tv_sec=0, tv_nsec=20000},  <unfinished ...>
[pid 216260] 11:21:51.965012 mount("", ".", 0xc0000cf488, MS_REC|MS_SLAVE, NULL <unfinished ...>
[pid 216246] 11:21:51.965035 <... nanosleep resumed>NULL) = 0
[pid 216260] 11:21:51.965055 <... mount resumed>) = 0
[pid 216246] 11:21:51.965075 nanosleep({tv_sec=0, tv_nsec=20000},  <unfinished ...>
[pid 216261] 11:21:51.965166 <... nanosleep resumed>NULL) = 0
[pid 216260] 11:21:51.965186 umount2(".", MNT_DETACH <unfinished ...>
[pid 216261] 11:21:51.965209 nanosleep({tv_sec=0, tv_nsec=20000},  <unfinished ...>
[pid 216246] 11:21:51.965319 <... nanosleep resumed>NULL) = 0
[pid 216261] 11:21:51.965342 <... nanosleep resumed>NULL) = 0
[pid 216260] 11:21:51.965360 <... umount2 resumed>) = 0
[pid 216261] 11:21:51.965382 futex(0xc00006d948, FUTEX_WAKE_PRIVATE, 1 <unfinished ...>
[pid 216246] 11:21:51.965403 nanosleep({tv_sec=0, tv_nsec=20000},  <unfinished ...>
[pid 216261] 11:21:51.965430 <... futex resumed>) = 1
[pid 216260] 11:21:51.965450 futex(0xeeaf80, FUTEX_WAIT_PRIVATE, 0, NULL <unfinished ...>
[pid 216263] 11:21:51.965472 <... futex resumed>) = 0
[pid 216261] 11:21:51.965493 nanosleep({tv_sec=0, tv_nsec=20000},  <unfinished ...>
[pid 216263] 11:21:51.965520 futex(0xeeaf80, FUTEX_WAKE_PRIVATE, 1 <unfinished ...>
[pid 216246] 11:21:51.965555 <... nanosleep resumed>NULL) = 0
[pid 216263] 11:21:51.965575 <... futex resumed>) = 1
[pid 216260] 11:21:51.965595 <... futex resumed>) = 0
[pid 216263] 11:21:51.965630 futex(0xc00006d948, FUTEX_WAIT_PRIVATE, 0, NULL <unfinished ...>
[pid 216261] 11:21:51.965650 <... nanosleep resumed>NULL) = 0
[pid 216246] 11:21:51.965670 nanosleep({tv_sec=0, tv_nsec=20000},  <unfinished ...>
[pid 216261] 11:21:51.965708 nanosleep({tv_sec=0, tv_nsec=20000},  <unfinished ...>
[pid 216260] 11:21:51.965731 chdir("/" <unfinished ...>
[pid 216261] 11:21:51.965843 <... nanosleep resumed>NULL) = 0
[pid 216260] 11:21:51.965862 <... chdir resumed>) = 0
[pid 216246] 11:21:51.965881 <... nanosleep resumed>NULL) = 0
[pid 216261] 11:21:51.965900 futex(0xc00006d948, FUTEX_WAKE_PRIVATE, 1 <unfinished ...>
[pid 216260] 11:21:51.965917 futex(0xeeaf80, FUTEX_WAIT_PRIVATE, 0, NULL <unfinished ...>
[pid 216261] 11:21:51.965938 <... futex resumed>) = 1
[pid 216246] 11:21:51.965956 nanosleep({tv_sec=0, tv_nsec=20000},  <unfinished ...>
[pid 216263] 11:21:51.965980 <... futex resumed>) = 0
[pid 216261] 11:21:51.966004 nanosleep({tv_sec=0, tv_nsec=20000},  <unfinished ...>
[pid 216263] 11:21:51.966029 futex(0xeeaf80, FUTEX_WAKE_PRIVATE, 1) = 1
[pid 216260] 11:21:51.966121 <... futex resumed>) = 0
[pid 216246] 11:21:51.966143 <... nanosleep resumed>NULL) = 0
[pid 216263] 11:21:51.966167 futex(0xc00006d948, FUTEX_WAIT_PRIVATE, 0, NULL <unfinished ...>
[pid 216261] 11:21:51.966189 <... nanosleep resumed>NULL) = 0
[pid 216260] 11:21:51.966210 close(11 <unfinished ...>
[pid 216261] 11:21:51.966234 nanosleep({tv_sec=0, tv_nsec=20000},  <unfinished ...>
[pid 216246] 11:21:51.966259 nanosleep({tv_sec=0, tv_nsec=20000},  <unfinished ...>
[pid 216260] 11:21:51.966284 <... close resumed>) = 0
[pid 216260] 11:21:51.966343 close(8 <unfinished ...>
[pid 216261] 11:21:51.966381 <... nanosleep resumed>NULL) = 0
[pid 216246] 11:21:51.966398 <... nanosleep resumed>NULL) = 0
[pid 216261] 11:21:51.966417 nanosleep({tv_sec=0, tv_nsec=20000},  <unfinished ...>
[pid 216260] 11:21:51.966438 <... close resumed>) = 0
[pid 216246] 11:21:51.966461 nanosleep({tv_sec=0, tv_nsec=20000},  <unfinished ...>
[pid 216260] 11:21:51.966486 openat(AT_FDCWD, "/dev/null", O_RDWR|O_CLOEXEC <unfinished ...>
[pid 216261] 11:21:51.966562 <... nanosleep resumed>NULL) = 0
[pid 216260] 11:21:51.966584 <... openat resumed>) = 8
[pid 216261] 11:21:51.966606 nanosleep({tv_sec=0, tv_nsec=20000},  <unfinished ...>
[pid 216246] 11:21:51.966627 <... nanosleep resumed>NULL) = 0
[pid 216260] 11:21:51.966644 fcntl(8, F_GETFL <unfinished ...>
[pid 216246] 11:21:51.966664 nanosleep({tv_sec=0, tv_nsec=20000},  <unfinished ...>
[pid 216260] 11:21:51.966688 <... fcntl resumed>) = 0x8002 (flags O_RDWR|O_LARGEFILE)
[pid 216261] 11:21:51.966752 <... nanosleep resumed>NULL) = 0
[pid 216260] 11:21:51.966796 fcntl(8, F_SETFL, O_RDWR|O_NONBLOCK|O_LARGEFILE <unfinished ...>
[pid 216261] 11:21:51.966822 nanosleep({tv_sec=0, tv_nsec=20000},  <unfinished ...>
[pid 216246] 11:21:51.966849 <... nanosleep resumed>NULL) = 0
[pid 216260] 11:21:51.966871 <... fcntl resumed>) = 0
[pid 216246] 11:21:51.966892 nanosleep({tv_sec=0, tv_nsec=20000},  <unfinished ...>
[pid 216260] 11:21:51.966932 epoll_ctl(9, EPOLL_CTL_ADD, 8, {events=EPOLLIN|EPOLLOUT|EPOLLRDHUP|EPOLLET, data={u32=1592786961, u64=8212740833262174225}} <unfinished ...>
[pid 216261] 11:21:51.966961 <... nanosleep resumed>NULL) = 0
[pid 216260] 11:21:51.966987 <... epoll_ctl resumed>) = -1 EPERM (Operation not permitted)
[pid 216261] 11:21:51.967014 nanosleep({tv_sec=0, tv_nsec=20000},  <unfinished ...>
[pid 216260] 11:21:51.967040 fcntl(8, F_GETFL <unfinished ...>
[pid 216246] 11:21:51.967087 <... nanosleep resumed>NULL) = 0
[pid 216261] 11:21:51.967167 <... nanosleep resumed>NULL) = 0
[pid 216260] 11:21:51.967205 <... fcntl resumed>) = 0x8802 (flags O_RDWR|O_NONBLOCK|O_LARGEFILE)
[pid 216246] 11:21:51.967228 nanosleep({tv_sec=0, tv_nsec=20000},  <unfinished ...>
[pid 216261] 11:21:51.967254 nanosleep({tv_sec=0, tv_nsec=20000},  <unfinished ...>
[pid 216260] 11:21:51.967274 fcntl(8, F_SETFL, O_RDWR|O_LARGEFILE) = 0
[pid 216246] 11:21:51.967358 <... nanosleep resumed>NULL) = 0
[pid 216260] 11:21:51.967380 fstat(8,  <unfinished ...>
[pid 216261] 11:21:51.967400 <... nanosleep resumed>NULL) = 0
[pid 216246] 11:21:51.967416 nanosleep({tv_sec=0, tv_nsec=20000},  <unfinished ...>
[pid 216261] 11:21:51.967439 nanosleep({tv_sec=0, tv_nsec=20000},  <unfinished ...>
[pid 216260] 11:21:51.967462 <... fstat resumed>{st_mode=S_IFCHR|0666, st_rdev=makedev(0x1, 0x3), ...}) = 0
[pid 216260] 11:21:51.967530 fstatfs(8,  <unfinished ...>
[pid 216246] 11:21:51.967566 <... nanosleep resumed>NULL) = 0
[pid 216261] 11:21:51.967591 <... nanosleep resumed>NULL) = 0
[pid 216260] 11:21:51.967611 <... fstatfs resumed>{f_type=TMPFS_MAGIC, f_bsize=4096, f_blocks=991797, f_bfree=991797, f_bavail=991797, f_files=991797, f_ffree=991397, f_fsid={val=[0xf1c8e8db, 0x94a17f9b]}, f_namelen=255, f_frsize=4096, f_flags=ST_VALID|ST_NOSUID|ST_RELATIME}) = 0
[pid 216261] 11:21:51.967644 nanosleep({tv_sec=0, tv_nsec=20000},  <unfinished ...>
[pid 216246] 11:21:51.967666 nanosleep({tv_sec=0, tv_nsec=20000},  <unfinished ...>
[pid 216260] 11:21:51.967686 fstat(0, {st_mode=S_IFIFO|0600, st_size=0, ...}) = 0
[pid 216261] 11:21:51.967784 <... nanosleep resumed>NULL) = 0
[pid 216260] 11:21:51.967807 fstat(1,  <unfinished ...>
[pid 216246] 11:21:51.967824 <... nanosleep resumed>NULL) = 0
[pid 216261] 11:21:51.967843 nanosleep({tv_sec=0, tv_nsec=20000},  <unfinished ...>
[pid 216260] 11:21:51.967862 <... fstat resumed>{st_mode=S_IFIFO|0600, st_size=0, ...}) = 0
[pid 216246] 11:21:51.967882 nanosleep({tv_sec=0, tv_nsec=20000},  <unfinished ...>
[pid 216260] 11:21:51.967905 fstat(2, {st_mode=S_IFIFO|0600, st_size=0, ...}) = 0
[pid 216261] 11:21:51.967968 <... nanosleep resumed>NULL) = 0
[pid 216260] 11:21:51.967987 close(8 <unfinished ...>
[pid 216261] 11:21:51.968006 nanosleep({tv_sec=0, tv_nsec=20000},  <unfinished ...>
[pid 216260] 11:21:51.968050 <... close resumed>) = 0
[pid 216246] 11:21:51.968069 <... nanosleep resumed>NULL) = 0
[pid 216260] 11:21:51.968086 newfstatat(AT_FDCWD, "/",  <unfinished ...>
[pid 216246] 11:21:51.968109 nanosleep({tv_sec=0, tv_nsec=20000},  <unfinished ...>
[pid 216260] 11:21:51.968133 <... newfstatat resumed>{st_mode=S_IFDIR|0755, st_size=4096, ...}, 0) = 0
[pid 216261] 11:21:51.968168 <... nanosleep resumed>NULL) = 0
[pid 216260] 11:21:51.968195 umask(022 <unfinished ...>
[pid 216261] 11:21:51.968232 nanosleep({tv_sec=0, tv_nsec=20000},  <unfinished ...>
[pid 216260] 11:21:51.968256 <... umask resumed>) = 022
[pid 216246] 11:21:51.968277 <... nanosleep resumed>NULL) = 0
[pid 216260] 11:21:51.968296 sethostname("anolix", 6 <unfinished ...>
[pid 216246] 11:21:51.968316 nanosleep({tv_sec=0, tv_nsec=20000},  <unfinished ...>
[pid 216261] 11:21:51.968383 <... nanosleep resumed>NULL) = 0
[pid 216260] 11:21:51.968403 <... sethostname resumed>) = 0
[pid 216261] 11:21:51.968424 nanosleep({tv_sec=0, tv_nsec=20000},  <unfinished ...>
[pid 216260] 11:21:51.968452 fsopen("proc", FSOPEN_CLOEXEC <unfinished ...>
[pid 216246] 11:21:51.968479 <... nanosleep resumed>NULL) = 0
[pid 216246] 11:21:51.968544 nanosleep({tv_sec=0, tv_nsec=20000},  <unfinished ...>
[pid 216261] 11:21:51.968585 <... nanosleep resumed>NULL) = 0
[pid 216261] 11:21:51.968644 nanosleep({tv_sec=0, tv_nsec=20000},  <unfinished ...>
[pid 216246] 11:21:51.968751 <... nanosleep resumed>NULL) = 0
[pid 216260] 11:21:51.968775 <... fsopen resumed>) = 8
[pid 216261] 11:21:51.968795 <... nanosleep resumed>NULL) = 0
[pid 216246] 11:21:51.968812 nanosleep({tv_sec=0, tv_nsec=20000},  <unfinished ...>
[pid 216261] 11:21:51.968835 nanosleep({tv_sec=0, tv_nsec=20000},  <unfinished ...>
[pid 216260] 11:21:51.968859 fcntl(8, F_GETFL) = 0x2 (flags O_RDWR)
[pid 216246] 11:21:51.968953 <... nanosleep resumed>NULL) = 0
[pid 216261] 11:21:51.968975 <... nanosleep resumed>NULL) = 0
[pid 216260] 11:21:51.968992 fsconfig(8, FSCONFIG_CMD_CREATE, NULL, NULL, 0 <unfinished ...>
[pid 216261] 11:21:51.969012 nanosleep({tv_sec=0, tv_nsec=20000},  <unfinished ...>
[pid 216246] 11:21:51.969033 nanosleep({tv_sec=0, tv_nsec=20000},  <unfinished ...>
[pid 216260] 11:21:51.969055 <... fsconfig resumed>) = 0
[pid 216260] 11:21:51.969108 fsmount(8, FSMOUNT_CLOEXEC, MOUNT_ATTR_NOSUID|MOUNT_ATTR_NODEV|MOUNT_ATTR_NOEXEC <unfinished ...>
[pid 216261] 11:21:51.969158 <... nanosleep resumed>NULL) = 0
[pid 216246] 11:21:51.969199 <... nanosleep resumed>NULL) = 0
[pid 216261] 11:21:51.969246 nanosleep({tv_sec=0, tv_nsec=20000},  <unfinished ...>
[pid 216260] 11:21:51.969277 <... fsmount resumed>) = 11
[pid 216246] 11:21:51.969298 nanosleep({tv_sec=0, tv_nsec=20000},  <unfinished ...>
[pid 216260] 11:21:51.969340 fcntl(11, F_GETFL <unfinished ...>
[pid 216261] 11:21:51.969392 <... nanosleep resumed>NULL) = 0
[pid 216260] 11:21:51.969418 <... fcntl resumed>) = 0x200000 (flags O_RDONLY|O_PATH)
[pid 216261] 11:21:51.969439 nanosleep({tv_sec=0, tv_nsec=20000},  <unfinished ...>
[pid 216246] 11:21:51.969465 <... nanosleep resumed>NULL) = 0
[pid 216260] 11:21:51.969483 fstatfs(11,  <unfinished ...>
[pid 216246] 11:21:51.969502 nanosleep({tv_sec=0, tv_nsec=20000},  <unfinished ...>
[pid 216260] 11:21:51.969533 <... fstatfs resumed>{f_type=PROC_SUPER_MAGIC, f_bsize=4096, f_blocks=0, f_bfree=0, f_bavail=0, f_files=0, f_ffree=0, f_fsid={val=[0x5d, 0]}, f_namelen=255, f_frsize=4096, f_flags=ST_VALID|ST_NOSUID|ST_NODEV|ST_NOEXEC|ST_RELATIME}) = 0
[pid 216261] 11:21:51.969589 <... nanosleep resumed>NULL) = 0
[pid 216260] 11:21:51.969611 fstat(11,  <unfinished ...>
[pid 216261] 11:21:51.969646 nanosleep({tv_sec=0, tv_nsec=20000},  <unfinished ...>
[pid 216246] 11:21:51.969668 <... nanosleep resumed>NULL) = 0
[pid 216260] 11:21:51.969685 <... fstat resumed>{st_mode=S_IFDIR|0555, st_size=0, ...}) = 0
[pid 216246] 11:21:51.969710 nanosleep({tv_sec=0, tv_nsec=20000},  <unfinished ...>
[pid 216260] 11:21:51.969732 faccessat2(11, "uptime", F_OK, AT_SYMLINK_NOFOLLOW <unfinished ...>
[pid 216261] 11:21:51.969826 <... nanosleep resumed>NULL) = 0
[pid 216260] 11:21:51.969849 <... faccessat2 resumed>) = 0
[pid 216246] 11:21:51.969868 <... nanosleep resumed>NULL) = 0
[pid 216261] 11:21:51.969887 nanosleep({tv_sec=0, tv_nsec=20000},  <unfinished ...>
[pid 216260] 11:21:51.969909 close(8 <unfinished ...>
[pid 216246] 11:21:51.969930 nanosleep({tv_sec=0, tv_nsec=20000},  <unfinished ...>
[pid 216260] 11:21:51.969952 <... close resumed>) = 0
[pid 216260] 11:21:51.970011 close(11 <unfinished ...>
[pid 216261] 11:21:51.970053 <... nanosleep resumed>NULL) = 0
[pid 216246] 11:21:51.970070 <... nanosleep resumed>NULL) = 0
[pid 216261] 11:21:51.970091 nanosleep({tv_sec=0, tv_nsec=20000},  <unfinished ...>
[pid 216246] 11:21:51.970113 nanosleep({tv_sec=0, tv_nsec=20000},  <unfinished ...>
[pid 216260] 11:21:51.970207 <... close resumed>) = 0
[pid 216261] 11:21:51.970235 <... nanosleep resumed>NULL) = 0
[pid 216260] 11:21:51.970272 mount("/proc/asound", "/proc/asound", 0xc0000cf4ac, MS_BIND|MS_REC, NULL <unfinished ...>
[pid 216246] 11:21:51.970300 <... nanosleep resumed>NULL) = 0
[pid 216261] 11:21:51.970320 nanosleep({tv_sec=0, tv_nsec=20000},  <unfinished ...>
[pid 216260] 11:21:51.970361 <... mount resumed>) = -1 ENOENT (No such file or directory)
[pid 216246] 11:21:51.970392 nanosleep({tv_sec=0, tv_nsec=20000},  <unfinished ...>
[pid 216260] 11:21:51.970420 mount("/proc/bus", "/proc/bus", 0xc0000cf4ea, MS_BIND|MS_REC, NULL <unfinished ...>
[pid 216261] 11:21:51.970501 <... nanosleep resumed>NULL) = 0
[pid 216246] 11:21:51.970525 <... nanosleep resumed>NULL) = 0
[pid 216261] 11:21:51.970544 nanosleep({tv_sec=0, tv_nsec=20000},  <unfinished ...>
[pid 216246] 11:21:51.970568 nanosleep({tv_sec=0, tv_nsec=20000},  <unfinished ...>
[pid 216260] 11:21:51.970592 <... mount resumed>) = 0
[pid 216260] 11:21:51.970656 statfs("/proc/bus",  <unfinished ...>
[pid 216261] 11:21:51.970690 <... nanosleep resumed>NULL) = 0
[pid 216260] 11:21:51.970708 <... statfs resumed>{f_type=PROC_SUPER_MAGIC, f_bsize=4096, f_blocks=0, f_bfree=0, f_bavail=0, f_files=0, f_ffree=0, f_fsid={val=[0x58, 0]}, f_namelen=255, f_frsize=4096, f_flags=ST_VALID|ST_NOSUID|ST_NODEV|ST_NOEXEC|ST_RELATIME}) = 0
[pid 216246] 11:21:51.970731 <... nanosleep resumed>NULL) = 0
[pid 216261] 11:21:51.970749 nanosleep({tv_sec=0, tv_nsec=20000},  <unfinished ...>
[pid 216260] 11:21:51.970769 mount("/proc/bus", "/proc/bus", 0xc0000cf50a, MS_RDONLY|MS_NOSUID|MS_NODEV|MS_NOEXEC|MS_REMOUNT|MS_BIND, NULL <unfinished ...>
[pid 216246] 11:21:51.970793 nanosleep({tv_sec=0, tv_nsec=20000},  <unfinished ...>
[pid 216260] 11:21:51.970814 <... mount resumed>) = 0
[pid 216260] 11:21:51.970867 mount("/proc/fs", "/proc/fs", 0xc0000cf539, MS_BIND|MS_REC, NULL <unfinished ...>
[pid 216261] 11:21:51.970912 <... nanosleep resumed>NULL) = 0
[pid 216246] 11:21:51.970930 <... nanosleep resumed>NULL) = 0
[pid 216261] 11:21:51.970952 epoll_pwait(9,  <unfinished ...>
[pid 216260] 11:21:51.970972 <... mount resumed>) = 0
[pid 216246] 11:21:51.970994 nanosleep({tv_sec=0, tv_nsec=20000},  <unfinished ...>
[pid 216261] 11:21:51.971020 <... epoll_pwait resumed>[], 128, 0, NULL, 0) = 0
[pid 216260] 11:21:51.971041 statfs("/proc/fs",  <unfinished ...>
[pid 216261] 11:21:51.971076 nanosleep({tv_sec=0, tv_nsec=20000},  <unfinished ...>
[pid 216260] 11:21:51.971097 <... statfs resumed>{f_type=PROC_SUPER_MAGIC, f_bsize=4096, f_blocks=0, f_bfree=0, f_bavail=0, f_files=0, f_ffree=0, f_fsid={val=[0x58, 0]}, f_namelen=255, f_frsize=4096, f_flags=ST_VALID|ST_NOSUID|ST_NODEV|ST_NOEXEC|ST_RELATIME}) = 0
[pid 216246] 11:21:51.971125 <... nanosleep resumed>NULL) = 0
[pid 216260] 11:21:51.971155 mount("/proc/fs", "/proc/fs", 0xc0000cf559, MS_RDONLY|MS_NOSUID|MS_NODEV|MS_NOEXEC|MS_REMOUNT|MS_BIND, NULL <unfinished ...>
[pid 216246] 11:21:51.971194 nanosleep({tv_sec=0, tv_nsec=20000},  <unfinished ...>
[pid 216261] 11:21:51.971214 <... nanosleep resumed>NULL) = 0
[pid 216260] 11:21:51.971230 <... mount resumed>) = 0
[pid 216261] 11:21:51.971261 nanosleep({tv_sec=0, tv_nsec=20000},  <unfinished ...>
[pid 216260] 11:21:51.971285 mount("/proc/irq", "/proc/irq", 0xc0000cf55a, MS_BIND|MS_REC, NULL <unfinished ...>
[pid 216246] 11:21:51.971323 <... nanosleep resumed>NULL) = 0
[pid 216260] 11:21:51.971375 <... mount resumed>) = 0
[pid 216246] 11:21:51.971401 nanosleep({tv_sec=0, tv_nsec=20000},  <unfinished ...>
[pid 216261] 11:21:51.971430 <... nanosleep resumed>NULL) = 0
[pid 216260] 11:21:51.971458 statfs("/proc/irq",  <unfinished ...>
[pid 216261] 11:21:51.971484 nanosleep({tv_sec=0, tv_nsec=20000},  <unfinished ...>
[pid 216260] 11:21:51.971506 <... statfs resumed>{f_type=PROC_SUPER_MAGIC, f_bsize=4096, f_blocks=0, f_bfree=0, f_bavail=0, f_files=0, f_ffree=0, f_fsid={val=[0x58, 0]}, f_namelen=255, f_frsize=4096, f_flags=ST_VALID|ST_NOSUID|ST_NODEV|ST_NOEXEC|ST_RELATIME}) = 0
[pid 216246] 11:21:51.971535 <... nanosleep resumed>NULL) = 0
[pid 216260] 11:21:51.971557 mount("/proc/irq", "/proc/irq", 0xc0000cf5aa, MS_RDONLY|MS_NOSUID|MS_NODEV|MS_NOEXEC|MS_REMOUNT|MS_BIND, NULL <unfinished ...>
[pid 216246] 11:21:51.971583 nanosleep({tv_sec=0, tv_nsec=20000},  <unfinished ...>
[pid 216261] 11:21:51.971608 <... nanosleep resumed>NULL) = 0
[pid 216260] 11:21:51.971629 <... mount resumed>) = 0
[pid 216261] 11:21:51.971704 nanosleep({tv_sec=0, tv_nsec=20000},  <unfinished ...>
[pid 216260] 11:21:51.971747 mount("/proc/sys", "/proc/sys", 0xc0000cf5da, MS_BIND|MS_REC, NULL <unfinished ...>
[pid 216246] 11:21:51.971771 <... nanosleep resumed>NULL) = 0
[pid 216246] 11:21:51.971831 nanosleep({tv_sec=0, tv_nsec=20000},  <unfinished ...>
[pid 216261] 11:21:51.971888 <... nanosleep resumed>NULL) = 0
[pid 216260] 11:21:51.971912 <... mount resumed>) = 0
[pid 216261] 11:21:51.971934 nanosleep({tv_sec=0, tv_nsec=20000},  <unfinished ...>
[pid 216260] 11:21:51.971960 statfs("/proc/sys", {f_type=PROC_SUPER_MAGIC, f_bsize=4096, f_blocks=0, f_bfree=0, f_bavail=0, f_files=0, f_ffree=0, f_fsid={val=[0x58, 0]}, f_namelen=255, f_frsize=4096, f_flags=ST_VALID|ST_NOSUID|ST_NODEV|ST_NOEXEC|ST_RELATIME}) = 0
[pid 216246] 11:21:51.972023 <... nanosleep resumed>NULL) = 0
[pid 216260] 11:21:51.972048 mount("/proc/sys", "/proc/sys", 0xc0000cf5fa, MS_RDONLY|MS_NOSUID|MS_NODEV|MS_NOEXEC|MS_REMOUNT|MS_BIND, NULL <unfinished ...>
[pid 216261] 11:21:51.972077 <... nanosleep resumed>NULL) = 0
[pid 216246] 11:21:51.972097 nanosleep({tv_sec=0, tv_nsec=20000},  <unfinished ...>
[pid 216261] 11:21:51.972140 nanosleep({tv_sec=0, tv_nsec=20000},  <unfinished ...>
[pid 216260] 11:21:51.972173 <... mount resumed>) = 0
[pid 216260] 11:21:51.972232 mount("/proc/sysrq-trigger", "/proc/sysrq-trigger", 0xc0000cf5fb, MS_BIND|MS_REC, NULL <unfinished ...>
[pid 216261] 11:21:51.972276 <... nanosleep resumed>NULL) = 0
[pid 216246] 11:21:51.972296 <... nanosleep resumed>NULL) = 0
[pid 216261] 11:21:51.972319 nanosleep({tv_sec=0, tv_nsec=20000},  <unfinished ...>
[pid 216246] 11:21:51.972347 nanosleep({tv_sec=0, tv_nsec=20000},  <unfinished ...>
[pid 216261] 11:21:51.972470 <... nanosleep resumed>NULL) = 0
[pid 216246] 11:21:51.972493 <... nanosleep resumed>NULL) = 0
[pid 216261] 11:21:51.972511 futex(0xc00006d948, FUTEX_WAKE_PRIVATE, 1 <unfinished ...>
[pid 216246] 11:21:51.972532 nanosleep({tv_sec=0, tv_nsec=20000},  <unfinished ...>
[pid 216261] 11:21:51.972570 <... futex resumed>) = 1
[pid 216263] 11:21:51.972600 <... futex resumed>) = 0
[pid 216260] 11:21:51.972618 <... mount resumed>) = 0
[pid 216261] 11:21:51.972636 nanosleep({tv_sec=0, tv_nsec=20000},  <unfinished ...>
[pid 216263] 11:21:51.972667 futex(0xc00006d948, FUTEX_WAIT_PRIVATE, 0, NULL <unfinished ...>
[pid 216246] 11:21:51.972688 <... nanosleep resumed>NULL) = 0
[pid 216260] 11:21:51.972712 statfs("/proc/sysrq-trigger",  <unfinished ...>
[pid 216246] 11:21:51.972734 nanosleep({tv_sec=0, tv_nsec=20000},  <unfinished ...>
[pid 216260] 11:21:51.972756 <... statfs resumed>{f_type=PROC_SUPER_MAGIC, f_bsize=4096, f_blocks=0, f_bfree=0, f_bavail=0, f_files=0, f_ffree=0, f_fsid={val=[0x58, 0]}, f_namelen=255, f_frsize=4096, f_flags=ST_VALID|ST_NOSUID|ST_NODEV|ST_NOEXEC|ST_RELATIME}) = 0
[pid 216261] 11:21:51.972783 <... nanosleep resumed>NULL) = 0
[pid 216261] 11:21:51.972835 nanosleep({tv_sec=0, tv_nsec=20000},  <unfinished ...>
[pid 216260] 11:21:51.972885 mount("/proc/sysrq-trigger", "/proc/sysrq-trigger", 0xc0000cf5fc, MS_RDONLY|MS_NOSUID|MS_NODEV|MS_NOEXEC|MS_REMOUNT|MS_BIND, NULL <unfinished ...>
[pid 216246] 11:21:51.972915 <... nanosleep resumed>NULL) = 0
[pid 216260] 11:21:51.972938 <... mount resumed>) = 0
[pid 216246] 11:21:51.972963 nanosleep({tv_sec=0, tv_nsec=20000},  <unfinished ...>
[pid 216261] 11:21:51.973001 <... nanosleep resumed>NULL) = 0
[pid 216260] 11:21:51.973022 openat(AT_FDCWD, "/dev/null", O_RDONLY|O_CLOEXEC|O_PATH <unfinished ...>
[pid 216261] 11:21:51.973048 nanosleep({tv_sec=0, tv_nsec=20000},  <unfinished ...>
[pid 216260] 11:21:51.973073 <... openat resumed>) = 8
[pid 216260] 11:21:51.973127 fcntl(8, F_GETFL <unfinished ...>
[pid 216246] 11:21:51.973149 <... nanosleep resumed>NULL) = 0
[pid 216260] 11:21:51.973171 <... fcntl resumed>) = 0x200000 (flags O_RDONLY|O_PATH)
[pid 216261] 11:21:51.973195 <... nanosleep resumed>NULL) = 0
[pid 216246] 11:21:51.973220 nanosleep({tv_sec=0, tv_nsec=20000},  <unfinished ...>
[pid 216261] 11:21:51.973246 nanosleep({tv_sec=0, tv_nsec=20000},  <unfinished ...>
[pid 216260] 11:21:51.973270 fcntl(8, F_SETFL, O_RDONLY|O_NONBLOCK|O_PATH) = -1 EBADF (Bad file descriptor)
[pid 216246] 11:21:51.973358 <... nanosleep resumed>NULL) = 0
[pid 216261] 11:21:51.973387 <... nanosleep resumed>NULL) = 0
[pid 216260] 11:21:51.973408 fstat(8,  <unfinished ...>
[pid 216261] 11:21:51.973430 nanosleep({tv_sec=0, tv_nsec=20000},  <unfinished ...>
[pid 216246] 11:21:51.973456 nanosleep({tv_sec=0, tv_nsec=20000},  <unfinished ...>
[pid 216260] 11:21:51.973486 <... fstat resumed>{st_mode=S_IFCHR|0666, st_rdev=makedev(0x1, 0x3), ...}) = 0
[pid 216260] 11:21:51.973554 fstatfs(8,  <unfinished ...>
[pid 216261] 11:21:51.973610 <... nanosleep resumed>NULL) = 0
[pid 216246] 11:21:51.973629 <... nanosleep resumed>NULL) = 0
[pid 216261] 11:21:51.973668 nanosleep({tv_sec=0, tv_nsec=20000},  <unfinished ...>
[pid 216260] 11:21:51.973692 <... fstatfs resumed>{f_type=TMPFS_MAGIC, f_bsize=4096, f_blocks=991797, f_bfree=991797, f_bavail=991797, f_files=991797, f_ffree=991397, f_fsid={val=[0xf1c8e8db, 0x94a17f9b]}, f_namelen=255, f_frsize=4096, f_flags=ST_VALID|ST_NOSUID|ST_RELATIME}) = 0
[pid 216246] 11:21:51.973719 nanosleep({tv_sec=0, tv_nsec=20000},  <unfinished ...>
[pid 216260] 11:21:51.973740 openat(AT_FDCWD, "/proc/acpi", O_RDONLY|O_CLOEXEC|O_PATH) = 11
[pid 216246] 11:21:51.973860 <... nanosleep resumed>NULL) = 0
[pid 216261] 11:21:51.973885 <... nanosleep resumed>NULL) = 0
[pid 216260] 11:21:51.973902 fcntl(11, F_GETFL <unfinished ...>
[pid 216246] 11:21:51.973920 nanosleep({tv_sec=0, tv_nsec=20000},  <unfinished ...>
[pid 216261] 11:21:51.973956 nanosleep({tv_sec=0, tv_nsec=20000},  <unfinished ...>
[pid 216260] 11:21:51.973974 <... fcntl resumed>) = 0x200000 (flags O_RDONLY|O_PATH)
[pid 216260] 11:21:51.974020 fcntl(11, F_SETFL, O_RDONLY|O_NONBLOCK|O_PATH) = -1 EBADF (Bad file descriptor)
[pid 216246] 11:21:51.974081 <... nanosleep resumed>NULL) = 0
[pid 216261] 11:21:51.974103 <... nanosleep resumed>NULL) = 0
[pid 216260] 11:21:51.974120 fstat(11,  <unfinished ...>
[pid 216246] 11:21:51.974137 futex(0xeec8c0, FUTEX_WAIT_PRIVATE, 0, {tv_sec=60, tv_nsec=0} <unfinished ...>
[pid 216261] 11:21:51.974163 nanosleep({tv_sec=0, tv_nsec=20000},  <unfinished ...>
[pid 216260] 11:21:51.974186 <... fstat resumed>{st_mode=S_IFDIR|0555, st_size=0, ...}) = 0
[pid 216260] 11:21:51.974254 mount("tmpfs", "/proc/acpi", "tmpfs", MS_RDONLY, NULL <unfinished ...>
[pid 216261] 11:21:51.974293 <... nanosleep resumed>NULL) = 0
[pid 216261] 11:21:51.974344 nanosleep({tv_sec=0, tv_nsec=20000},  <unfinished ...>
[pid 216260] 11:21:51.974373 <... mount resumed>) = 0
[pid 216260] 11:21:51.974427 close(11 <unfinished ...>
[pid 216261] 11:21:51.974489 <... nanosleep resumed>NULL) = 0
[pid 216260] 11:21:51.974511 <... close resumed>) = 0
[pid 216261] 11:21:51.974530 nanosleep({tv_sec=0, tv_nsec=20000},  <unfinished ...>
[pid 216260] 11:21:51.974564 openat(AT_FDCWD, "/proc/asound", O_RDONLY|O_CLOEXEC|O_PATH) = -1 ENOENT (No such file or directory)
[pid 216260] 11:21:51.974674 openat(AT_FDCWD, "/proc/kcore", O_RDONLY|O_CLOEXEC|O_PATH <unfinished ...>
[pid 216261] 11:21:51.974717 <... nanosleep resumed>NULL) = 0
[pid 216260] 11:21:51.974742 <... openat resumed>) = 11
[pid 216261] 11:21:51.974761 nanosleep({tv_sec=0, tv_nsec=20000},  <unfinished ...>
[pid 216260] 11:21:51.974788 fcntl(11, F_GETFL) = 0x200000 (flags O_RDONLY|O_PATH)
[pid 216260] 11:21:51.974898 fcntl(11, F_SETFL, O_RDONLY|O_NONBLOCK|O_PATH <unfinished ...>
[pid 216261] 11:21:51.974936 <... nanosleep resumed>NULL) = 0
[pid 216260] 11:21:51.974957 <... fcntl resumed>) = -1 EBADF (Bad file descriptor)
[pid 216261] 11:21:51.974977 nanosleep({tv_sec=0, tv_nsec=20000},  <unfinished ...>
[pid 216260] 11:21:51.975006 fstat(11, {st_mode=S_IFREG|0400, st_size=140737471598592, ...}) = 0
[pid 216261] 11:21:51.975137 <... nanosleep resumed>NULL) = 0
[pid 216260] 11:21:51.975168 mount("/proc/thread-self/fd/8", "/proc/thread-self/fd/11", 0xc0000cf656, MS_BIND, NULL <unfinished ...>
[pid 216261] 11:21:51.975201 nanosleep({tv_sec=0, tv_nsec=20000},  <unfinished ...>
[pid 216260] 11:21:51.975288 <... mount resumed>) = 0
[pid 216261] 11:21:51.975348 <... nanosleep resumed>NULL) = 0
[pid 216260] 11:21:51.975368 close(11 <unfinished ...>
[pid 216261] 11:21:51.975422 nanosleep({tv_sec=0, tv_nsec=20000},  <unfinished ...>
[pid 216260] 11:21:51.975451 <... close resumed>) = 0
[pid 216260] 11:21:51.975508 openat(AT_FDCWD, "/proc/keys", O_RDONLY|O_CLOEXEC|O_PATH <unfinished ...>
[pid 216261] 11:21:51.975585 <... nanosleep resumed>NULL) = 0
[pid 216260] 11:21:51.975607 <... openat resumed>) = 11
[pid 216261] 11:21:51.975675 nanosleep({tv_sec=0, tv_nsec=20000},  <unfinished ...>
[pid 216260] 11:21:51.975697 fcntl(11, F_GETFL) = 0x200000 (flags O_RDONLY|O_PATH)
[pid 216260] 11:21:51.975794 fcntl(11, F_SETFL, O_RDONLY|O_NONBLOCK|O_PATH <unfinished ...>
[pid 216261] 11:21:51.975840 <... nanosleep resumed>NULL) = 0
[pid 216260] 11:21:51.975863 <... fcntl resumed>) = -1 EBADF (Bad file descriptor)
[pid 216261] 11:21:51.975885 nanosleep({tv_sec=0, tv_nsec=20000},  <unfinished ...>
[pid 216260] 11:21:51.975912 fstat(11, {st_mode=S_IFREG|0444, st_size=0, ...}) = 0
[pid 216261] 11:21:51.976025 <... nanosleep resumed>NULL) = 0
[pid 216260] 11:21:51.976068 mount("/proc/thread-self/fd/8", "/proc/thread-self/fd/11", 0xc0000cf657, MS_BIND, NULL <unfinished ...>
[pid 216261] 11:21:51.976093 nanosleep({tv_sec=0, tv_nsec=20000},  <unfinished ...>
[pid 216260] 11:21:51.976163 <... mount resumed>) = 0
[pid 216260] 11:21:51.976215 close(11 <unfinished ...>
[pid 216261] 11:21:51.976247 <... nanosleep resumed>NULL) = 0
[pid 216260] 11:21:51.976276 <... close resumed>) = 0
[pid 216261] 11:21:51.976303 futex(0xc00006d948, FUTEX_WAKE_PRIVATE, 1 <unfinished ...>
[pid 216260] 11:21:51.976322 futex(0xeeaf80, FUTEX_WAIT_PRIVATE, 0, NULL <unfinished ...>
[pid 216261] 11:21:51.976342 <... futex resumed>) = 1
[pid 216263] 11:21:51.976363 <... futex resumed>) = 0
[pid 216261] 11:21:51.976381 nanosleep({tv_sec=0, tv_nsec=20000},  <unfinished ...>
[pid 216263] 11:21:51.976404 futex(0xeeaf80, FUTEX_WAKE_PRIVATE, 1) = 1
[pid 216260] 11:21:51.976487 <... futex resumed>) = 0
[pid 216263] 11:21:51.976518 futex(0xc00006d948, FUTEX_WAIT_PRIVATE, 0, NULL <unfinished ...>
[pid 216261] 11:21:51.976536 <... nanosleep resumed>NULL) = 0
[pid 216260] 11:21:51.976553 openat(AT_FDCWD, "/proc/latency_stats", O_RDONLY|O_CLOEXEC|O_PATH <unfinished ...>
[pid 216261] 11:21:51.976578 nanosleep({tv_sec=0, tv_nsec=20000},  <unfinished ...>
[pid 216260] 11:21:51.976609 <... openat resumed>) = 11
[pid 216260] 11:21:51.976653 fcntl(11, F_GETFL) = 0x200000 (flags O_RDONLY|O_PATH)
[pid 216261] 11:21:51.976730 <... nanosleep resumed>NULL) = 0
[pid 216260] 11:21:51.976748 fcntl(11, F_SETFL, O_RDONLY|O_NONBLOCK|O_PATH <unfinished ...>
[pid 216261] 11:21:51.976800 nanosleep({tv_sec=0, tv_nsec=20000},  <unfinished ...>
[pid 216260] 11:21:51.976821 <... fcntl resumed>) = -1 EBADF (Bad file descriptor)
[pid 216260] 11:21:51.976884 fstat(11, {st_mode=S_IFREG|0644, st_size=0, ...}) = 0
[pid 216261] 11:21:51.976994 <... nanosleep resumed>NULL) = 0
[pid 216260] 11:21:51.977027 mount("/proc/thread-self/fd/8", "/proc/thread-self/fd/11", 0xc0000cf658, MS_BIND, NULL <unfinished ...>
[pid 216261] 11:21:51.977053 nanosleep({tv_sec=0, tv_nsec=20000},  <unfinished ...>
[pid 216260] 11:21:51.977152 <... mount resumed>) = 0
[pid 216261] 11:21:51.977216 <... nanosleep resumed>NULL) = 0
[pid 216260] 11:21:51.977259 close(11 <unfinished ...>
[pid 216261] 11:21:51.977284 nanosleep({tv_sec=0, tv_nsec=20000},  <unfinished ...>
[pid 216260] 11:21:51.977307 <... close resumed>) = 0
[pid 216260] 11:21:51.977365 openat(AT_FDCWD, "/proc/timer_list", O_RDONLY|O_CLOEXEC|O_PATH <unfinished ...>
[pid 216261] 11:21:51.977440 <... nanosleep resumed>NULL) = 0
[pid 216260] 11:21:51.977462 <... openat resumed>) = 11
[pid 216261] 11:21:51.977485 nanosleep({tv_sec=0, tv_nsec=20000},  <unfinished ...>
[pid 216260] 11:21:51.977524 fcntl(11, F_GETFL) = 0x200000 (flags O_RDONLY|O_PATH)
[pid 216261] 11:21:51.977626 <... nanosleep resumed>NULL) = 0
[pid 216260] 11:21:51.977657 fcntl(11, F_SETFL, O_RDONLY|O_NONBLOCK|O_PATH <unfinished ...>
[pid 216261] 11:21:51.977695 nanosleep({tv_sec=0, tv_nsec=20000},  <unfinished ...>
[pid 216260] 11:21:51.977717 <... fcntl resumed>) = -1 EBADF (Bad file descriptor)
[pid 216260] 11:21:51.977771 fstat(11,  <unfinished ...>
[pid 216261] 11:21:51.977828 <... nanosleep resumed>NULL) = 0
[pid 216260] 11:21:51.977852 <... fstat resumed>{st_mode=S_IFREG|0400, st_size=0, ...}) = 0
[pid 216261] 11:21:51.977875 nanosleep({tv_sec=0, tv_nsec=20000},  <unfinished ...>
[pid 216260] 11:21:51.977897 mount("/proc/thread-self/fd/8", "/proc/thread-self/fd/11", 0xc0000cf659, MS_BIND, NULL) = 0
[pid 216261] 11:21:51.978021 <... nanosleep resumed>NULL) = 0
[pid 216260] 11:21:51.978043 close(11 <unfinished ...>
[pid 216261] 11:21:51.978087 nanosleep({tv_sec=0, tv_nsec=20000},  <unfinished ...>
[pid 216260] 11:21:51.978117 <... close resumed>) = 0
[pid 216260] 11:21:51.978172 openat(AT_FDCWD, "/proc/timer_stats", O_RDONLY|O_CLOEXEC|O_PATH <unfinished ...>
[pid 216261] 11:21:51.978247 <... nanosleep resumed>NULL) = 0
[pid 216260] 11:21:51.978266 <... openat resumed>) = -1 ENOENT (No such file or directory)
[pid 216261] 11:21:51.978312 nanosleep({tv_sec=0, tv_nsec=20000},  <unfinished ...>
[pid 216260] 11:21:51.978337 openat(AT_FDCWD, "/proc/sched_debug", O_RDONLY|O_CLOEXEC|O_PATH) = -1 ENOENT (No such file or directory)
[pid 216261] 11:21:51.978464 <... nanosleep resumed>NULL) = 0
[pid 216260] 11:21:51.978485 openat(AT_FDCWD, "/proc/scsi", O_RDONLY|O_CLOEXEC|O_PATH <unfinished ...>
[pid 216261] 11:21:51.978512 nanosleep({tv_sec=0, tv_nsec=20000},  <unfinished ...>
[pid 216260] 11:21:51.978553 <... openat resumed>) = 11
[pid 216260] 11:21:51.978615 fcntl(11, F_GETFL <unfinished ...>
[pid 216261] 11:21:51.978648 <... nanosleep resumed>NULL) = 0
[pid 216260] 11:21:51.978668 <... fcntl resumed>) = 0x200000 (flags O_RDONLY|O_PATH)
[pid 216261] 11:21:51.978718 nanosleep({tv_sec=0, tv_nsec=20000},  <unfinished ...>
[pid 216260] 11:21:51.978748 fcntl(11, F_SETFL, O_RDONLY|O_NONBLOCK|O_PATH) = -1 EBADF (Bad file descriptor)
[pid 216261] 11:21:51.978874 <... nanosleep resumed>NULL) = 0
[pid 216260] 11:21:51.978897 fstat(11,  <unfinished ...>
[pid 216261] 11:21:51.978940 nanosleep({tv_sec=0, tv_nsec=20000},  <unfinished ...>
[pid 216260] 11:21:51.978962 <... fstat resumed>{st_mode=S_IFDIR|0555, st_size=0, ...}) = 0
[pid 216260] 11:21:51.979018 mount("tmpfs", "/proc/scsi", "tmpfs", MS_RDONLY, NULL <unfinished ...>
[pid 216261] 11:21:51.979109 <... nanosleep resumed>NULL) = 0
[pid 216261] 11:21:51.979161 nanosleep({tv_sec=0, tv_nsec=20000},  <unfinished ...>
[pid 216260] 11:21:51.979204 <... mount resumed>) = 0
[pid 216260] 11:21:51.979261 close(11 <unfinished ...>
[pid 216261] 11:21:51.979298 <... nanosleep resumed>NULL) = 0
[pid 216260] 11:21:51.979317 <... close resumed>) = 0
[pid 216261] 11:21:51.979361 nanosleep({tv_sec=0, tv_nsec=20000},  <unfinished ...>
[pid 216260] 11:21:51.979400 openat(AT_FDCWD, "/sys/firmware", O_RDONLY|O_CLOEXEC|O_PATH <unfinished ...>
[pid 216261] 11:21:51.979507 <... nanosleep resumed>NULL) = 0
[pid 216260] 11:21:51.979528 <... openat resumed>) = 11
[pid 216261] 11:21:51.979579 nanosleep({tv_sec=0, tv_nsec=20000},  <unfinished ...>
[pid 216260] 11:21:51.979627 fcntl(11, F_GETFL) = 0x200000 (flags O_RDONLY|O_PATH)
[pid 216261] 11:21:51.979744 <... nanosleep resumed>NULL) = 0
[pid 216260] 11:21:51.979765 fcntl(11, F_SETFL, O_RDONLY|O_NONBLOCK|O_PATH <unfinished ...>
[pid 216261] 11:21:51.979789 nanosleep({tv_sec=0, tv_nsec=20000},  <unfinished ...>
[pid 216260] 11:21:51.979810 <... fcntl resumed>) = -1 EBADF (Bad file descriptor)
[pid 216260] 11:21:51.979861 fstat(11, {st_mode=S_IFDIR|0755, st_size=0, ...}) = 0
[pid 216261] 11:21:51.979939 <... nanosleep resumed>NULL) = 0
[pid 216260] 11:21:51.979957 mount("tmpfs", "/sys/firmware", "tmpfs", MS_RDONLY, NULL <unfinished ...>
[pid 216261] 11:21:51.979980 nanosleep({tv_sec=0, tv_nsec=20000}, NULL) = 0
[pid 216260] 11:21:51.980145 <... mount resumed>) = 0
[pid 216261] 11:21:51.980167 futex(0xc00006d948, FUTEX_WAKE_PRIVATE, 1 <unfinished ...>
[pid 216260] 11:21:51.980186 futex(0xeeaf80, FUTEX_WAIT_PRIVATE, 0, NULL <unfinished ...>
[pid 216263] 11:21:51.980263 <... futex resumed>) = 0
[pid 216261] 11:21:51.980284 <... futex resumed>) = 1
[pid 216263] 11:21:51.980333 futex(0xeeaf80, FUTEX_WAKE_PRIVATE, 1 <unfinished ...>
[pid 216261] 11:21:51.980358 nanosleep({tv_sec=0, tv_nsec=20000},  <unfinished ...>
[pid 216263] 11:21:51.980390 <... futex resumed>) = 1
[pid 216260] 11:21:51.980415 <... futex resumed>) = 0
[pid 216263] 11:21:51.980460 futex(0xc00006d948, FUTEX_WAIT_PRIVATE, 0, NULL <unfinished ...>
[pid 216260] 11:21:51.980496 close(11 <unfinished ...>
[pid 216261] 11:21:51.980516 <... nanosleep resumed>NULL) = 0
[pid 216261] 11:21:51.980561 nanosleep({tv_sec=0, tv_nsec=20000},  <unfinished ...>
[pid 216260] 11:21:51.980598 <... close resumed>) = 0
[pid 216260] 11:21:51.980655 openat(AT_FDCWD, "/sys/devices/virtual/powercap", O_RDONLY|O_CLOEXEC|O_PATH <unfinished ...>
[pid 216261] 11:21:51.980738 <... nanosleep resumed>NULL) = 0
[pid 216260] 11:21:51.980757 <... openat resumed>) = -1 ENOENT (No such file or directory)
[pid 216261] 11:21:51.980787 nanosleep({tv_sec=0, tv_nsec=20000},  <unfinished ...>
[pid 216260] 11:21:51.980810 close(8)   = 0
[pid 216260] 11:21:51.980902 prctl(PR_GET_PDEATHSIG,  <unfinished ...>
[pid 216261] 11:21:51.980932 <... nanosleep resumed>NULL) = 0
[pid 216261] 11:21:51.980970 epoll_pwait(9,  <unfinished ...>
[pid 216260] 11:21:51.980988 <... prctl resumed>[0]) = 0
[pid 216261] 11:21:51.981010 <... epoll_pwait resumed>[], 128, 0, NULL, 0) = 0
[pid 216260] 11:21:51.981032 prctl(PR_SET_NO_NEW_PRIVS, 1, 0, 0, 0 <unfinished ...>
[pid 216261] 11:21:51.981082 nanosleep({tv_sec=0, tv_nsec=20000},  <unfinished ...>
[pid 216260] 11:21:51.981115 <... prctl resumed>) = 0
[pid 216260] 11:21:51.981181 write(4, "{\"type\":\"procReady\",\"flags\":0}", 30 <unfinished ...>
[pid 216261] 11:21:51.981222 <... nanosleep resumed>NULL) = 0
[pid 216261] 11:21:51.981266 nanosleep({tv_sec=0, tv_nsec=20000},  <unfinished ...>
[pid 216260] 11:21:51.981290 <... write resumed>) = 30
[pid 216245] 11:21:51.981311 <... recvfrom resumed>"", 0, MSG_PEEK|MSG_TRUNC, 0xc00033a0e0, [112 => 0]) = 30
[pid 216260] 11:21:51.981363 recvfrom(4,  <unfinished ...>
[pid 216245] 11:21:51.981384 futex(0xeec8c0, FUTEX_WAKE_PRIVATE, 1 <unfinished ...>
[pid 216261] 11:21:51.981402 <... nanosleep resumed>NULL) = 0
[pid 216261] 11:21:51.981442 nanosleep({tv_sec=0, tv_nsec=20000},  <unfinished ...>
[pid 216246] 11:21:51.981463 <... futex resumed>) = 0
[pid 216245] 11:21:51.981479 <... futex resumed>) = 1
[pid 216246] 11:21:51.981529 sched_yield( <unfinished ...>
[pid 216245] 11:21:51.981565 read(18,  <unfinished ...>
[pid 216261] 11:21:51.981588 <... nanosleep resumed>NULL) = 0
[pid 216246] 11:21:51.981605 <... sched_yield resumed>) = 0
[pid 216261] 11:21:51.981623 futex(0xc00006d948, FUTEX_WAKE_PRIVATE, 1 <unfinished ...>
[pid 216245] 11:21:51.981641 <... read resumed>"{\"type\":\"procReady\",\"flags\":0}", 30) = 30
[pid 216261] 11:21:51.981662 <... futex resumed>) = 1
[pid 216246] 11:21:51.981681 nanosleep({tv_sec=0, tv_nsec=20000},  <unfinished ...>
[pid 216263] 11:21:51.981731 <... futex resumed>) = 0
[pid 216261] 11:21:51.981748 nanosleep({tv_sec=0, tv_nsec=20000},  <unfinished ...>
[pid 216245] 11:21:51.981769 prlimit64(216260, RLIMIT_NOFILE, {rlim_cur=1024, rlim_max=1024},  <unfinished ...>
[pid 216263] 11:21:51.981803 futex(0xc00006d948, FUTEX_WAIT_PRIVATE, 0, NULL <unfinished ...>
[pid 216245] 11:21:51.981857 <... prlimit64 resumed>NULL) = 0
[pid 216246] 11:21:51.981888 <... nanosleep resumed>NULL) = 0
[pid 216261] 11:21:51.981906 <... nanosleep resumed>NULL) = 0
[pid 216245] 11:21:51.981923 getpid( <unfinished ...>
[pid 216261] 11:21:51.981942 futex(0xeec8c0, FUTEX_WAIT_PRIVATE, 0, {tv_sec=60, tv_nsec=0} <unfinished ...>
[pid 216246] 11:21:51.981962 getpid( <unfinished ...>
[pid 216245] 11:21:51.981979 <... getpid resumed>) = 216245
[pid 216246] 11:21:51.982003 <... getpid resumed>) = 216245
[pid 216245] 11:21:51.982023 futex(0xc000100148, FUTEX_WAKE_PRIVATE, 1 <unfinished ...>
[pid 216246] 11:21:51.982045 tgkill(216245, 216245, SIGURG <unfinished ...>
[pid 216245] 11:21:51.982067 <... futex resumed>) = 1
[pid 216249] 11:21:51.982097 <... futex resumed>) = 0
[pid 216246] 11:21:51.982126 <... tgkill resumed>) = 0
[pid 216245] 11:21:51.982143 --- SIGURG {si_signo=SIGURG, si_code=SI_TKILL, si_pid=216245, si_uid=1000} ---
[pid 216249] 11:21:51.982165 futex(0xc000101148, FUTEX_WAKE_PRIVATE, 1 <unfinished ...>
[pid 216246] 11:21:51.982184 nanosleep({tv_sec=0, tv_nsec=20000},  <unfinished ...>
[pid 216249] 11:21:51.982211 <... futex resumed>) = 1
[pid 216245] 11:21:51.982230 futex(0xf0b780, FUTEX_WAKE_PRIVATE, 1 <unfinished ...>
[pid 216255] 11:21:51.982250 <... futex resumed>) = 0
[pid 216249] 11:21:51.982276 futex(0xeeaf80, FUTEX_WAKE_PRIVATE, 1 <unfinished ...>
[pid 216245] 11:21:51.982297 <... futex resumed>) = 1
[pid 216255] 11:21:51.982320 futex(0xc000101148, FUTEX_WAIT_PRIVATE, 0, NULL <unfinished ...>
[pid 216249] 11:21:51.982341 <... futex resumed>) = 0
[pid 216248] 11:21:51.982360 <... futex resumed>) = 0
[pid 216246] 11:21:51.982380 <... nanosleep resumed>NULL) = 0
[pid 216249] 11:21:51.982403 futex(0xc000100148, FUTEX_WAIT_PRIVATE, 0, NULL <unfinished ...>
[pid 216248] 11:21:51.982424 futex(0xf0b780, FUTEX_WAIT_PRIVATE, 0, NULL <unfinished ...>
[pid 216245] 11:21:51.982443 rt_sigreturn({mask=[]} <unfinished ...>
[pid 216246] 11:21:51.982468 nanosleep({tv_sec=0, tv_nsec=20000},  <unfinished ...>
[pid 216245] 11:21:51.982490 <... rt_sigreturn resumed>) = 1
[pid 216245] 11:21:51.982569 fsopen("proc", FSOPEN_CLOEXEC <unfinished ...>
[pid 216246] 11:21:51.982613 <... nanosleep resumed>NULL) = 0
[pid 216245] 11:21:51.982635 <... fsopen resumed>) = -1 EPERM (Operation not permitted)
[pid 216246] 11:21:51.982660 nanosleep({tv_sec=0, tv_nsec=20000},  <unfinished ...>
[pid 216245] 11:21:51.982695 open_tree(-9, "/proc", OPEN_TREE_CLONE|OPEN_TREE_CLOEXEC) = -1 EPERM (Operation not permitted)
[pid 216246] 11:21:51.982813 <... nanosleep resumed>NULL) = 0
[pid 216245] 11:21:51.982833 open_tree(-9, "/proc", OPEN_TREE_CLONE|OPEN_TREE_CLOEXEC|AT_RECURSIVE <unfinished ...>
[pid 216246] 11:21:51.982857 nanosleep({tv_sec=0, tv_nsec=20000},  <unfinished ...>
[pid 216245] 11:21:51.982878 <... open_tree resumed>) = -1 EPERM (Operation not permitted)
[pid 216245] 11:21:51.982945 openat(AT_FDCWD, "/proc", O_RDONLY|O_NOFOLLOW|O_CLOEXEC|O_PATH|O_DIRECTORY <unfinished ...>
[pid 216246] 11:21:51.982996 <... nanosleep resumed>NULL) = 0
[pid 216245] 11:21:51.983015 <... openat resumed>) = 16
[pid 216246] 11:21:51.983033 nanosleep({tv_sec=0, tv_nsec=20000},  <unfinished ...>
[pid 216245] 11:21:51.983058 fcntl(16, F_GETFL) = 0x230000 (flags O_RDONLY|O_NOFOLLOW|O_PATH|O_DIRECTORY)
[pid 216246] 11:21:51.983163 <... nanosleep resumed>NULL) = 0
[pid 216245] 11:21:51.983183 fcntl(16, F_SETFL, O_RDONLY|O_NONBLOCK|O_NOFOLLOW|O_PATH|O_DIRECTORY <unfinished ...>
[pid 216246] 11:21:51.983203 nanosleep({tv_sec=0, tv_nsec=20000},  <unfinished ...>
[pid 216245] 11:21:51.983228 <... fcntl resumed>) = -1 EBADF (Bad file descriptor)
[pid 216245] 11:21:51.983291 fstatfs(16,  <unfinished ...>
[pid 216246] 11:21:51.983336 <... nanosleep resumed>NULL) = 0
[pid 216245] 11:21:51.983355 <... fstatfs resumed>{f_type=PROC_SUPER_MAGIC, f_bsize=4096, f_blocks=0, f_bfree=0, f_bavail=0, f_files=0, f_ffree=0, f_fsid={val=[0x3d, 0]}, f_namelen=255, f_frsize=4096, f_flags=ST_VALID|ST_NOSUID|ST_NODEV|ST_NOEXEC|ST_NOATIME}) = 0
[pid 216246] 11:21:51.983382 nanosleep({tv_sec=0, tv_nsec=20000},  <unfinished ...>
[pid 216245] 11:21:51.983404 fstat(16, {st_mode=S_IFDIR|0555, st_size=0, ...}) = 0
[pid 216246] 11:21:51.983507 <... nanosleep resumed>NULL) = 0
[pid 216245] 11:21:51.983527 faccessat2(16, "uptime", F_OK, AT_SYMLINK_NOFOLLOW <unfinished ...>
[pid 216246] 11:21:51.983555 nanosleep({tv_sec=0, tv_nsec=20000},  <unfinished ...>
[pid 216245] 11:21:51.983575 <... faccessat2 resumed>) = 0
[pid 216245] 11:21:51.983632 fstatfs(16,  <unfinished ...>
[pid 216246] 11:21:51.983706 <... nanosleep resumed>NULL) = 0
[pid 216245] 11:21:51.983727 <... fstatfs resumed>{f_type=PROC_SUPER_MAGIC, f_bsize=4096, f_blocks=0, f_bfree=0, f_bavail=0, f_files=0, f_ffree=0, f_fsid={val=[0x3d, 0]}, f_namelen=255, f_frsize=4096, f_flags=ST_VALID|ST_NOSUID|ST_NODEV|ST_NOEXEC|ST_NOATIME}) = 0
[pid 216246] 11:21:51.983757 nanosleep({tv_sec=0, tv_nsec=20000},  <unfinished ...>
[pid 216245] 11:21:51.983782 fstat(16, {st_mode=S_IFDIR|0555, st_size=0, ...}) = 0
[pid 216246] 11:21:51.983893 <... nanosleep resumed>NULL) = 0
[pid 216245] 11:21:51.983926 openat2(AT_FDCWD, ".", {flags=O_RDONLY|O_CLOEXEC|O_PATH, resolve=RESOLVE_NO_SYMLINKS|RESOLVE_IN_ROOT}, 24 <unfinished ...>
[pid 216246] 11:21:51.983956 nanosleep({tv_sec=0, tv_nsec=20000},  <unfinished ...>
[pid 216245] 11:21:51.983979 <... openat2 resumed>) = 22
[pid 216245] 11:21:51.984037 close(22 <unfinished ...>
[pid 216246] 11:21:51.984114 <... nanosleep resumed>NULL) = 0
[pid 216245] 11:21:51.984140 <... close resumed>) = 0
[pid 216246] 11:21:51.984165 nanosleep({tv_sec=0, tv_nsec=20000},  <unfinished ...>
[pid 216245] 11:21:51.984192 openat2(16, "./216260/stat", {flags=O_RDONLY|O_NOFOLLOW|O_CLOEXEC|O_PATH, resolve=RESOLVE_NO_XDEV|RESOLVE_NO_MAGICLINKS|RESOLVE_BENEATH}, 24) = 22
[pid 216246] 11:21:51.984316 <... nanosleep resumed>NULL) = 0
[pid 216245] 11:21:51.984338 fcntl(22, F_GETFL <unfinished ...>
[pid 216246] 11:21:51.984359 nanosleep({tv_sec=0, tv_nsec=20000},  <unfinished ...>
[pid 216245] 11:21:51.984385 <... fcntl resumed>) = 0x220000 (flags O_RDONLY|O_NOFOLLOW|O_PATH)
[pid 216245] 11:21:51.984450 fsopen("proc", FSOPEN_CLOEXEC <unfinished ...>
[pid 216246] 11:21:51.984488 <... nanosleep resumed>NULL) = 0
[pid 216245] 11:21:51.984506 <... fsopen resumed>) = -1 EPERM (Operation not permitted)
[pid 216246] 11:21:51.984526 nanosleep({tv_sec=0, tv_nsec=20000},  <unfinished ...>
[pid 216245] 11:21:51.984551 open_tree(-9, "/proc", OPEN_TREE_CLONE|OPEN_TREE_CLOEXEC) = -1 EPERM (Operation not permitted)
[pid 216246] 11:21:51.984646 <... nanosleep resumed>NULL) = 0
[pid 216245] 11:21:51.984670 open_tree(-9, "/proc", OPEN_TREE_CLONE|OPEN_TREE_CLOEXEC|AT_RECURSIVE <unfinished ...>
[pid 216246] 11:21:51.984694 nanosleep({tv_sec=0, tv_nsec=20000},  <unfinished ...>
[pid 216245] 11:21:51.984730 <... open_tree resumed>) = -1 EPERM (Operation not permitted)
[pid 216245] 11:21:51.984801 openat(AT_FDCWD, "/proc", O_RDONLY|O_NOFOLLOW|O_CLOEXEC|O_PATH|O_DIRECTORY <unfinished ...>
[pid 216246] 11:21:51.984847 <... nanosleep resumed>NULL) = 0
[pid 216245] 11:21:51.984866 <... openat resumed>) = 26
[pid 216246] 11:21:51.984884 nanosleep({tv_sec=0, tv_nsec=20000},  <unfinished ...>
[pid 216245] 11:21:51.984904 fcntl(26, F_GETFL) = 0x230000 (flags O_RDONLY|O_NOFOLLOW|O_PATH|O_DIRECTORY)
[pid 216246] 11:21:51.985006 <... nanosleep resumed>NULL) = 0
[pid 216245] 11:21:51.985025 fcntl(26, F_SETFL, O_RDONLY|O_NONBLOCK|O_NOFOLLOW|O_PATH|O_DIRECTORY <unfinished ...>
[pid 216246] 11:21:51.985044 nanosleep({tv_sec=0, tv_nsec=20000},  <unfinished ...>
[pid 216245] 11:21:51.985069 <... fcntl resumed>) = -1 EBADF (Bad file descriptor)
[pid 216245] 11:21:51.985127 fstatfs(26,  <unfinished ...>
[pid 216246] 11:21:51.985170 <... nanosleep resumed>NULL) = 0
[pid 216245] 11:21:51.985193 <... fstatfs resumed>{f_type=PROC_SUPER_MAGIC, f_bsize=4096, f_blocks=0, f_bfree=0, f_bavail=0, f_files=0, f_ffree=0, f_fsid={val=[0x3d, 0]}, f_namelen=255, f_frsize=4096, f_flags=ST_VALID|ST_NOSUID|ST_NODEV|ST_NOEXEC|ST_NOATIME}) = 0
[pid 216246] 11:21:51.985220 nanosleep({tv_sec=0, tv_nsec=20000},  <unfinished ...>
[pid 216245] 11:21:51.985241 fstat(26, {st_mode=S_IFDIR|0555, st_size=0, ...}) = 0
[pid 216246] 11:21:51.985350 <... nanosleep resumed>NULL) = 0
[pid 216245] 11:21:51.985369 faccessat2(26, "uptime", F_OK, AT_SYMLINK_NOFOLLOW <unfinished ...>
[pid 216246] 11:21:51.985392 nanosleep({tv_sec=0, tv_nsec=20000},  <unfinished ...>
[pid 216245] 11:21:51.985412 <... faccessat2 resumed>) = 0
[pid 216245] 11:21:51.985481 fstatfs(26,  <unfinished ...>
[pid 216246] 11:21:51.985517 <... nanosleep resumed>NULL) = 0
[pid 216245] 11:21:51.985535 <... fstatfs resumed>{f_type=PROC_SUPER_MAGIC, f_bsize=4096, f_blocks=0, f_bfree=0, f_bavail=0, f_files=0, f_ffree=0, f_fsid={val=[0x3d, 0]}, f_namelen=255, f_frsize=4096, f_flags=ST_VALID|ST_NOSUID|ST_NODEV|ST_NOEXEC|ST_NOATIME}) = 0
[pid 216246] 11:21:51.985561 nanosleep({tv_sec=0, tv_nsec=20000},  <unfinished ...>
[pid 216245] 11:21:51.985582 fstat(26, {st_mode=S_IFDIR|0555, st_size=0, ...}) = 0
[pid 216246] 11:21:51.985693 <... nanosleep resumed>NULL) = 0
[pid 216245] 11:21:51.985729 openat2(AT_FDCWD, ".", {flags=O_RDONLY|O_CLOEXEC|O_PATH, resolve=RESOLVE_NO_SYMLINKS|RESOLVE_IN_ROOT}, 24 <unfinished ...>
[pid 216246] 11:21:51.985764 nanosleep({tv_sec=0, tv_nsec=20000},  <unfinished ...>
[pid 216245] 11:21:51.985797 <... openat2 resumed>) = 27
[pid 216245] 11:21:51.985843 close(27)  = 0
[pid 216246] 11:21:51.985909 <... nanosleep resumed>NULL) = 0
[pid 216245] 11:21:51.985930 openat2(26, "thread-self/fd/", {flags=O_RDONLY|O_NOFOLLOW|O_CLOEXEC|O_PATH, resolve=RESOLVE_NO_XDEV|RESOLVE_NO_MAGICLINKS|RESOLVE_BENEATH}, 24 <unfinished ...>
[pid 216246] 11:21:51.985957 nanosleep({tv_sec=0, tv_nsec=20000},  <unfinished ...>
[pid 216245] 11:21:51.985978 <... openat2 resumed>) = 27
[pid 216245] 11:21:51.986021 fcntl(27, F_GETFL) = 0x220000 (flags O_RDONLY|O_NOFOLLOW|O_PATH)
[pid 216246] 11:21:51.986093 <... nanosleep resumed>NULL) = 0
[pid 216245] 11:21:51.986119 statx(26, "", AT_STATX_SYNC_AS_STAT|AT_SYMLINK_NOFOLLOW|AT_EMPTY_PATH, STATX_MNT_ID|STATX_MNT_ID_UNIQUE,  <unfinished ...>
[pid 216246] 11:21:51.986146 nanosleep({tv_sec=0, tv_nsec=20000},  <unfinished ...>
[pid 216245] 11:21:51.986169 <... statx resumed>{stx_mask=STATX_BASIC_STATS|STATX_MNT_ID_UNIQUE, stx_attributes=STATX_ATTR_MOUNT_ROOT, stx_mode=S_IFDIR|0555, stx_size=0, ...}) = 0
[pid 216245] 11:21:51.986233 statx(27, "22", AT_STATX_SYNC_AS_STAT|AT_SYMLINK_NOFOLLOW|AT_EMPTY_PATH, STATX_MNT_ID|STATX_MNT_ID_UNIQUE,  <unfinished ...>
[pid 216246] 11:21:51.986305 <... nanosleep resumed>NULL) = 0
[pid 216245] 11:21:51.986339 <... statx resumed>{stx_mask=STATX_BASIC_STATS|STATX_MNT_ID_UNIQUE, stx_attributes=0, stx_mode=S_IFLNK|000, stx_size=64, ...}) = 0
[pid 216246] 11:21:51.986369 nanosleep({tv_sec=0, tv_nsec=20000},  <unfinished ...>
[pid 216245] 11:21:51.986395 openat(27, "22", O_RDONLY|O_CLOEXEC) = 28
[pid 216246] 11:21:51.986510 <... nanosleep resumed>NULL) = 0
[pid 216245] 11:21:51.986528 fcntl(28, F_GETFL <unfinished ...>
[pid 216246] 11:21:51.986583 nanosleep({tv_sec=0, tv_nsec=20000},  <unfinished ...>
[pid 216245] 11:21:51.986604 <... fcntl resumed>) = 0x8000 (flags O_RDONLY|O_LARGEFILE)
[pid 216245] 11:21:51.986653 close(27)  = 0
[pid 216246] 11:21:51.986727 <... nanosleep resumed>NULL) = 0
[pid 216245] 11:21:51.986760 close(26 <unfinished ...>
[pid 216246] 11:21:51.986799 nanosleep({tv_sec=0, tv_nsec=20000},  <unfinished ...>
[pid 216245] 11:21:51.986831 <... close resumed>) = 0
[pid 216245] 11:21:51.986888 close(22)  = 0
[pid 216246] 11:21:51.986983 <... nanosleep resumed>NULL) = 0
[pid 216245] 11:21:51.987002 close(16 <unfinished ...>
[pid 216246] 11:21:51.987024 nanosleep({tv_sec=0, tv_nsec=20000},  <unfinished ...>
[pid 216245] 11:21:51.987044 <... close resumed>) = 0
[pid 216245] 11:21:51.987093 read(28,  <unfinished ...>
[pid 216246] 11:21:51.987171 <... nanosleep resumed>NULL) = 0
[pid 216245] 11:21:51.987197 <... read resumed>"216260 (runc:[2:INIT]) S 216245 "..., 512) = 299
[pid 216246] 11:21:51.987232 nanosleep({tv_sec=0, tv_nsec=20000},  <unfinished ...>
[pid 216245] 11:21:51.987254 read(28, "", 213) = 0
[pid 216246] 11:21:51.987441 <... nanosleep resumed>NULL) = 0
[pid 216245] 11:21:51.987478 close(28 <unfinished ...>
[pid 216246] 11:21:51.987506 nanosleep({tv_sec=0, tv_nsec=20000},  <unfinished ...>
[pid 216245] 11:21:51.987532 <... close resumed>) = 0
[pid 216246] 11:21:51.987629 <... nanosleep resumed>NULL) = 0
[pid 216245] 11:21:51.987676 openat(AT_FDCWD, "/run/user/1000/anolix-runc/anolix-3e10afe62f83/state-2652286171", O_RDWR|O_CREAT|O_EXCL|O_CLOEXEC, 0600 <unfinished ...>
[pid 216246] 11:21:51.987708 nanosleep({tv_sec=0, tv_nsec=20000},  <unfinished ...>
[pid 216245] 11:21:51.987807 <... openat resumed>) = 16
[pid 216246] 11:21:51.987844 <... nanosleep resumed>NULL) = 0
[pid 216245] 11:21:51.987870 fcntl(16, F_GETFL <unfinished ...>
[pid 216246] 11:21:51.987959 nanosleep({tv_sec=0, tv_nsec=20000},  <unfinished ...>
[pid 216245] 11:21:51.987991 <... fcntl resumed>) = 0x8002 (flags O_RDWR|O_LARGEFILE)
[pid 216245] 11:21:51.988074 fcntl(16, F_SETFL, O_RDWR|O_NONBLOCK|O_LARGEFILE <unfinished ...>
[pid 216246] 11:21:51.988120 <... nanosleep resumed>NULL) = 0
[pid 216245] 11:21:51.988143 <... fcntl resumed>) = 0
[pid 216246] 11:21:51.988166 nanosleep({tv_sec=0, tv_nsec=20000},  <unfinished ...>
[pid 216245] 11:21:51.988196 epoll_ctl(4, EPOLL_CTL_ADD, 16, {events=EPOLLIN|EPOLLOUT|EPOLLRDHUP|EPOLLET, data={u32=2251816963, u64=8428155476997832707}}) = -1 EPERM (Operation not permitted)
[pid 216246] 11:21:51.988320 <... nanosleep resumed>NULL) = 0
[pid 216245] 11:21:51.988343 fcntl(16, F_GETFL <unfinished ...>
[pid 216246] 11:21:51.988440 nanosleep({tv_sec=0, tv_nsec=20000},  <unfinished ...>
[pid 216245] 11:21:51.988479 <... fcntl resumed>) = 0x8802 (flags O_RDWR|O_NONBLOCK|O_LARGEFILE)
[pid 216245] 11:21:51.988513 fcntl(16, F_SETFL, O_RDWR|O_LARGEFILE) = 0
[pid 216246] 11:21:51.988609 <... nanosleep resumed>NULL) = 0
[pid 216246] 11:21:51.988669 nanosleep({tv_sec=0, tv_nsec=20000},  <unfinished ...>
[pid 216245] 11:21:51.988817 write(16, "{\"id\":\"anolix-3e10afe62f83\",\"ini"..., 11770 <unfinished ...>
[pid 216246] 11:21:51.988849 <... nanosleep resumed>NULL) = 0
[pid 216246] 11:21:51.988899 nanosleep({tv_sec=0, tv_nsec=20000},  <unfinished ...>
[pid 216245] 11:21:51.988925 <... write resumed>) = 11770
[pid 216245] 11:21:51.988989 close(16)  = 0
[pid 216246] 11:21:51.989081 <... nanosleep resumed>NULL) = 0
[pid 216246] 11:21:51.989131 nanosleep({tv_sec=0, tv_nsec=20000},  <unfinished ...>
[pid 216245] 11:21:51.989181 newfstatat(AT_FDCWD, "/run/user/1000/anolix-runc/anolix-3e10afe62f83/state.json", {st_mode=S_IFREG|0600, st_size=11684, ...}, AT_SYMLINK_NOFOLLOW) = 0
[pid 216246] 11:21:51.989322 <... nanosleep resumed>NULL) = 0
[pid 216245] 11:21:51.989351 renameat(AT_FDCWD, "/run/user/1000/anolix-runc/anolix-3e10afe62f83/state-2652286171", AT_FDCWD, "/run/user/1000/anolix-runc/anolix-3e10afe62f83/state.json" <unfinished ...>
[pid 216246] 11:21:51.989380 nanosleep({tv_sec=0, tv_nsec=20000},  <unfinished ...>
[pid 216245] 11:21:51.989456 <... renameat resumed>) = 0
[pid 216246] 11:21:51.989533 <... nanosleep resumed>NULL) = 0
[pid 216245] 11:21:51.989558 write(18, "{\"type\":\"procRun\",\"flags\":0}", 28 <unfinished ...>
[pid 216246] 11:21:51.989587 nanosleep({tv_sec=0, tv_nsec=20000},  <unfinished ...>
[pid 216260] 11:21:51.989670 <... recvfrom resumed>"", 0, MSG_PEEK|MSG_TRUNC, 0xc000118380, [112 => 0]) = 28
[pid 216245] 11:21:51.989727 <... write resumed>) = 28
[pid 216260] 11:21:51.989753 futex(0xeec8c0, FUTEX_WAKE_PRIVATE, 1 <unfinished ...>
[pid 216246] 11:21:51.989841 <... nanosleep resumed>NULL) = 0
[pid 216245] 11:21:51.989868 recvfrom(18,  <unfinished ...>
[pid 216260] 11:21:51.989894 <... futex resumed>) = 1
[pid 216261] 11:21:51.989913 <... futex resumed>) = 0
[pid 216246] 11:21:51.989946 nanosleep({tv_sec=0, tv_nsec=20000},  <unfinished ...>
[pid 216261] 11:21:51.989969 nanosleep({tv_sec=0, tv_nsec=20000},  <unfinished ...>
[pid 216260] 11:21:51.989989 read(4, "{\"type\":\"procRun\",\"flags\":0}", 28) = 28
[pid 216261] 11:21:51.990212 <... nanosleep resumed>NULL) = 0
[pid 216246] 11:21:51.990315 <... nanosleep resumed>NULL) = 0
[pid 216261] 11:21:51.990440 nanosleep({tv_sec=0, tv_nsec=20000},  <unfinished ...>
[pid 216260] 11:21:51.990472 fcntl(0, F_DUPFD_CLOEXEC, 0 <unfinished ...>
[pid 216246] 11:21:51.990498 nanosleep({tv_sec=0, tv_nsec=20000},  <unfinished ...>
[pid 216260] 11:21:51.990527 <... fcntl resumed>) = 8
[pid 216260] 11:21:51.990602 close_range(8, 8, CLOSE_RANGE_CLOEXEC <unfinished ...>
[pid 216261] 11:21:51.990644 <... nanosleep resumed>NULL) = 0
[pid 216246] 11:21:51.990665 <... nanosleep resumed>NULL) = 0
[pid 216261] 11:21:51.990688 futex(0xc00006d948, FUTEX_WAKE_PRIVATE, 1 <unfinished ...>
[pid 216260] 11:21:51.990710 <... close_range resumed>) = 0
[pid 216246] 11:21:51.990731 nanosleep({tv_sec=0, tv_nsec=20000},  <unfinished ...>
[pid 216263] 11:21:51.990781 <... futex resumed>) = 0
[pid 216261] 11:21:51.990893 <... futex resumed>) = 1
[pid 216260] 11:21:51.990934 futex(0xeeaf80, FUTEX_WAIT_PRIVATE, 0, NULL <unfinished ...>
[pid 216263] 11:21:51.990964 futex(0xeeaf80, FUTEX_WAKE_PRIVATE, 1 <unfinished ...>
[pid 216246] 11:21:51.990986 <... nanosleep resumed>NULL) = 0
[pid 216261] 11:21:51.991009 nanosleep({tv_sec=0, tv_nsec=20000},  <unfinished ...>
[pid 216263] 11:21:51.991040 <... futex resumed>) = 0
[pid 216260] 11:21:51.991060 <... futex resumed>) = -1 EAGAIN (Resource temporarily unavailable)
[pid 216246] 11:21:51.991084 nanosleep({tv_sec=0, tv_nsec=20000},  <unfinished ...>
[pid 216263] 11:21:51.991110 futex(0xc00006d948, FUTEX_WAIT_PRIVATE, 0, NULL <unfinished ...>
[pid 216260] 11:21:51.991130 close(8 <unfinished ...>
[pid 216261] 11:21:51.991152 <... nanosleep resumed>NULL) = 0
[pid 216260] 11:21:51.991183 <... close resumed>) = 0
[pid 216261] 11:21:51.991219 epoll_pwait(9,  <unfinished ...>
[pid 216246] 11:21:51.991240 <... nanosleep resumed>NULL) = 0
[pid 216261] 11:21:51.991262 <... epoll_pwait resumed>[], 128, 0, NULL, 0) = 0
[pid 216260] 11:21:51.991284 close_range(3, 2147483647, CLOSE_RANGE_CLOEXEC <unfinished ...>
[pid 216246] 11:21:51.991315 nanosleep({tv_sec=0, tv_nsec=20000},  <unfinished ...>
[pid 216261] 11:21:51.991340 nanosleep({tv_sec=0, tv_nsec=20000},  <unfinished ...>
[pid 216260] 11:21:51.991363 <... close_range resumed>) = 0
[pid 216260] 11:21:51.991417 chdir("/" <unfinished ...>
[pid 216246] 11:21:51.991459 <... nanosleep resumed>NULL) = 0
[pid 216261] 11:21:51.991489 <... nanosleep resumed>NULL) = 0
[pid 216260] 11:21:51.991510 <... chdir resumed>) = 0
[pid 216261] 11:21:51.991533 nanosleep({tv_sec=0, tv_nsec=20000},  <unfinished ...>
[pid 216246] 11:21:51.991557 nanosleep({tv_sec=0, tv_nsec=20000},  <unfinished ...>
[pid 216260] 11:21:51.991582 openat(AT_FDCWD, "/etc/passwd", O_RDONLY|O_CLOEXEC) = -1 ENOENT (No such file or directory)
[pid 216261] 11:21:51.991678 <... nanosleep resumed>NULL) = 0
[pid 216246] 11:21:51.991699 <... nanosleep resumed>NULL) = 0
[pid 216261] 11:21:51.991721 nanosleep({tv_sec=0, tv_nsec=20000},  <unfinished ...>
[pid 216260] 11:21:51.991761 openat(AT_FDCWD, "/proc/sys/kernel/cap_last_cap", O_RDONLY|O_CLOEXEC <unfinished ...>
[pid 216246] 11:21:51.991787 nanosleep({tv_sec=0, tv_nsec=20000},  <unfinished ...>
[pid 216261] 11:21:51.991872 <... nanosleep resumed>NULL) = 0
[pid 216260] 11:21:51.991896 <... openat resumed>) = 8
[pid 216261] 11:21:51.991938 futex(0xc00006d948, FUTEX_WAKE_PRIVATE, 1 <unfinished ...>
[pid 216260] 11:21:51.991956 futex(0xeeaf80, FUTEX_WAIT_PRIVATE, 0, NULL <unfinished ...>
[pid 216246] 11:21:51.991975 <... nanosleep resumed>NULL) = 0
[pid 216263] 11:21:51.991997 <... futex resumed>) = 0
[pid 216261] 11:21:51.992026 <... futex resumed>) = 1
[pid 216246] 11:21:51.992044 nanosleep({tv_sec=0, tv_nsec=20000},  <unfinished ...>
[pid 216263] 11:21:51.992068 futex(0xeeaf80, FUTEX_WAKE_PRIVATE, 1 <unfinished ...>
[pid 216261] 11:21:51.992086 nanosleep({tv_sec=0, tv_nsec=20000},  <unfinished ...>
[pid 216263] 11:21:51.992143 <... futex resumed>) = 1
[pid 216260] 11:21:51.992162 <... futex resumed>) = 0
[pid 216263] 11:21:51.992200 futex(0xc00006d948, FUTEX_WAIT_PRIVATE, 0, NULL <unfinished ...>
[pid 216246] 11:21:51.992220 <... nanosleep resumed>NULL) = 0
[pid 216261] 11:21:51.992239 <... nanosleep resumed>NULL) = 0
[pid 216260] 11:21:51.992263 fcntl(8, F_GETFL <unfinished ...>
[pid 216246] 11:21:51.992287 nanosleep({tv_sec=0, tv_nsec=20000},  <unfinished ...>
[pid 216261] 11:21:51.992310 nanosleep({tv_sec=0, tv_nsec=20000},  <unfinished ...>
[pid 216260] 11:21:51.992345 <... fcntl resumed>) = 0x8000 (flags O_RDONLY|O_LARGEFILE)
[pid 216260] 11:21:51.992392 fcntl(8, F_SETFL, O_RDONLY|O_NONBLOCK|O_LARGEFILE <unfinished ...>
[pid 216261] 11:21:51.992501 <... nanosleep resumed>NULL) = 0
[pid 216260] 11:21:51.992522 <... fcntl resumed>) = 0
[pid 216246] 11:21:51.992540 <... nanosleep resumed>NULL) = 0
[pid 216261] 11:21:51.992563 nanosleep({tv_sec=0, tv_nsec=20000},  <unfinished ...>
[pid 216260] 11:21:51.992589 epoll_ctl(9, EPOLL_CTL_ADD, 8, {events=EPOLLIN|EPOLLOUT|EPOLLRDHUP|EPOLLET, data={u32=1592786962, u64=8212740833262174226}} <unfinished ...>
[pid 216246] 11:21:51.992618 nanosleep({tv_sec=0, tv_nsec=20000},  <unfinished ...>
[pid 216260] 11:21:51.992643 <... epoll_ctl resumed>) = 0
[pid 216261] 11:21:51.992713 <... nanosleep resumed>NULL) = 0
[pid 216260] 11:21:51.992748 read(8,  <unfinished ...>
[pid 216246] 11:21:51.992769 <... nanosleep resumed>NULL) = 0
[pid 216261] 11:21:51.992792 nanosleep({tv_sec=0, tv_nsec=20000},  <unfinished ...>
[pid 216260] 11:21:51.992823 <... read resumed>"40\n", 11) = 3
[pid 216246] 11:21:51.992852 nanosleep({tv_sec=0, tv_nsec=20000},  <unfinished ...>
[pid 216260] 11:21:51.992878 epoll_ctl(9, EPOLL_CTL_DEL, 8, 0xc0001a111c <unfinished ...>
[pid 216261] 11:21:51.992964 <... nanosleep resumed>NULL) = 0
[pid 216260] 11:21:51.992985 <... epoll_ctl resumed>) = 0
[pid 216261] 11:21:51.993004 nanosleep({tv_sec=0, tv_nsec=20000},  <unfinished ...>
[pid 216246] 11:21:51.993030 <... nanosleep resumed>NULL) = 0
[pid 216260] 11:21:51.993053 close(8 <unfinished ...>
[pid 216246] 11:21:51.993089 nanosleep({tv_sec=0, tv_nsec=20000},  <unfinished ...>
[pid 216260] 11:21:51.993114 <... close resumed>) = 0
[pid 216261] 11:21:51.993135 <... nanosleep resumed>NULL) = 0
[pid 216261] 11:21:51.993196 nanosleep({tv_sec=0, tv_nsec=20000},  <unfinished ...>
[pid 216260] 11:21:51.993244 capget({version=0 /* _LINUX_CAPABILITY_VERSION_??? */, pid=0},  <unfinished ...>
[pid 216246] 11:21:51.993272 <... nanosleep resumed>NULL) = 0
[pid 216260] 11:21:51.993295 <... capget resumed>NULL) = 0
[pid 216246] 11:21:51.993320 nanosleep({tv_sec=0, tv_nsec=20000},  <unfinished ...>
[pid 216261] 11:21:51.993360 <... nanosleep resumed>NULL) = 0
[pid 216260] 11:21:51.993381 capget({version=_LINUX_CAPABILITY_VERSION_3, pid=0},  <unfinished ...>
[pid 216261] 11:21:51.993406 nanosleep({tv_sec=0, tv_nsec=20000},  <unfinished ...>
[pid 216260] 11:21:51.993431 <... capget resumed>{effective=1<<CAP_CHOWN|1<<CAP_DAC_OVERRIDE|1<<CAP_DAC_READ_SEARCH|1<<CAP_FOWNER|1<<CAP_FSETID|1<<CAP_KILL|1<<CAP_SETGID|1<<CAP_SETUID|1<<CAP_SETPCAP|1<<CAP_LINUX_IMMUTABLE|1<<CAP_NET_BIND_SERVICE|1<<CAP_NET_BROADCAST|1<<CAP_NET_ADMIN|1<<CAP_NET_RAW|1<<CAP_IPC_LOCK|1<<CAP_IPC_OWNER|1<<CAP_SYS_MODULE|1<<CAP_SYS_RAWIO|1<<CAP_SYS_CHROOT|1<<CAP_SYS_PTRACE|1<<CAP_SYS_PACCT|1<<CAP_SYS_ADMIN|1<<CAP_SYS_BOOT|1<<CAP_SYS_NICE|1<<CAP_SYS_RESOURCE|1<<CAP_SYS_TIME|1<<CAP_SYS_TTY_CONFIG|1<<CAP_MKNOD|1<<CAP_LEASE|1<<CAP_AUDIT_WRITE|1<<CAP_AUDIT_CONTROL|1<<CAP_SETFCAP|1<<CAP_MAC_OVERRIDE|1<<CAP_MAC_ADMIN|1<<CAP_SYSLOG|1<<CAP_WAKE_ALARM|1<<CAP_BLOCK_SUSPEND|1<<CAP_AUDIT_READ|1<<CAP_PERFMON|1<<CAP_BPF|1<<CAP_CHECKPOINT_RESTORE, permitted=1<<CAP_CHOWN|1<<CAP_DAC_OVERRIDE|1<<CAP_DAC_READ_SEARCH|1<<CAP_FOWNER|1<<CAP_FSETID|1<<CAP_KILL|1<<CAP_SETGID|1<<CAP_SETUID|1<<CAP_SETPCAP|1<<CAP_LINUX_IMMUTABLE|1<<CAP_NET_BIND_SERVICE|1<<CAP_NET_BROADCAST|1<<CAP_NET_ADMIN|1<<CAP_NET_RAW|1<<CAP_IPC_LOCK|1<<CAP_IPC_OWNER|1<<CAP_SYS_MODULE|1<<CAP_SYS_RAWIO|1<<CAP_SYS_CHROOT|1<<CAP_SYS_PTRACE|1<<CAP_SYS_PACCT|1<<CAP_SYS_ADMIN|1<<CAP_SYS_BOOT|1<<CAP_SYS_NICE|1<<CAP_SYS_RESOURCE|1<<CAP_SYS_TIME|1<<CAP_SYS_TTY_CONFIG|1<<CAP_MKNOD|1<<CAP_LEASE|1<<CAP_AUDIT_WRITE|1<<CAP_AUDIT_CONTROL|1<<CAP_SETFCAP|1<<CAP_MAC_OVERRIDE|1<<CAP_MAC_ADMIN|1<<CAP_SYSLOG|1<<CAP_WAKE_ALARM|1<<CAP_BLOCK_SUSPEND|1<<CAP_AUDIT_READ|1<<CAP_PERFMON|1<<CAP_BPF|1<<CAP_CHECKPOINT_RESTORE, inheritable=0}) = 0
[pid 216260] 11:21:51.993508 prctl(PR_CAPBSET_DROP, CAP_CHOWN <unfinished ...>
[pid 216246] 11:21:51.993533 <... nanosleep resumed>NULL) = 0
[pid 216261] 11:21:51.993556 <... nanosleep resumed>NULL) = 0
[pid 216260] 11:21:51.993577 <... prctl resumed>) = 0
[pid 216261] 11:21:51.993599 nanosleep({tv_sec=0, tv_nsec=20000},  <unfinished ...>
[pid 216246] 11:21:51.993625 nanosleep({tv_sec=0, tv_nsec=40000},  <unfinished ...>
[pid 216260] 11:21:51.993654 prctl(PR_CAPBSET_DROP, CAP_DAC_OVERRIDE) = 0
[pid 216261] 11:21:51.993743 <... nanosleep resumed>NULL) = 0
[pid 216260] 11:21:51.993763 prctl(PR_CAPBSET_DROP, CAP_DAC_READ_SEARCH <unfinished ...>
[pid 216261] 11:21:51.993793 nanosleep({tv_sec=0, tv_nsec=20000},  <unfinished ...>
[pid 216246] 11:21:51.993826 <... nanosleep resumed>NULL) = 0
[pid 216260] 11:21:51.993846 <... prctl resumed>) = 0
[pid 216246] 11:21:51.993867 nanosleep({tv_sec=0, tv_nsec=80000},  <unfinished ...>
[pid 216260] 11:21:51.993895 prctl(PR_CAPBSET_DROP, CAP_FOWNER <unfinished ...>
[pid 216261] 11:21:51.993946 <... nanosleep resumed>NULL) = 0
[pid 216260] 11:21:51.993980 <... prctl resumed>) = 0
[pid 216261] 11:21:51.994029 nanosleep({tv_sec=0, tv_nsec=20000},  <unfinished ...>
[pid 216260] 11:21:51.994059 prctl(PR_CAPBSET_DROP, CAP_FSETID <unfinished ...>
[pid 216246] 11:21:51.994083 <... nanosleep resumed>NULL) = 0
[pid 216260] 11:21:51.994103 <... prctl resumed>) = 0
[pid 216246] 11:21:51.994123 nanosleep({tv_sec=0, tv_nsec=160000},  <unfinished ...>
[pid 216260] 11:21:51.994153 prctl(PR_CAPBSET_DROP, CAP_KILL <unfinished ...>
[pid 216261] 11:21:51.994177 <... nanosleep resumed>NULL) = 0
[pid 216260] 11:21:51.994199 <... prctl resumed>) = 0
[pid 216261] 11:21:51.994224 nanosleep({tv_sec=0, tv_nsec=20000},  <unfinished ...>
[pid 216260] 11:21:51.994250 prctl(PR_CAPBSET_DROP, CAP_SETGID) = 0
[pid 216261] 11:21:51.994364 <... nanosleep resumed>NULL) = 0
[pid 216260] 11:21:51.994414 prctl(PR_CAPBSET_DROP, CAP_SETUID <unfinished ...>
[pid 216261] 11:21:51.994438 nanosleep({tv_sec=0, tv_nsec=20000},  <unfinished ...>
[pid 216246] 11:21:51.994461 <... nanosleep resumed>NULL) = 0
[pid 216260] 11:21:51.994479 <... prctl resumed>) = 0
[pid 216246] 11:21:51.994500 nanosleep({tv_sec=0, tv_nsec=320000},  <unfinished ...>
[pid 216260] 11:21:51.994526 prctl(PR_CAPBSET_DROP, CAP_SETPCAP <unfinished ...>
[pid 216261] 11:21:51.994604 <... nanosleep resumed>NULL) = 0
[pid 216260] 11:21:51.994626 <... prctl resumed>) = 0
[pid 216261] 11:21:51.994646 nanosleep({tv_sec=0, tv_nsec=20000},  <unfinished ...>
[pid 216260] 11:21:51.994689 prctl(PR_CAPBSET_DROP, CAP_LINUX_IMMUTABLE) = 0
[pid 216261] 11:21:51.994808 <... nanosleep resumed>NULL) = 0
[pid 216260] 11:21:51.994852 prctl(PR_CAPBSET_DROP, CAP_NET_BIND_SERVICE <unfinished ...>
[pid 216261] 11:21:51.994906 nanosleep({tv_sec=0, tv_nsec=20000},  <unfinished ...>
[pid 216260] 11:21:51.994934 <... prctl resumed>) = 0
[pid 216246] 11:21:51.994956 <... nanosleep resumed>NULL) = 0
[pid 216260] 11:21:51.994979 prctl(PR_CAPBSET_DROP, CAP_NET_BROADCAST <unfinished ...>
[pid 216246] 11:21:51.995002 nanosleep({tv_sec=0, tv_nsec=640000},  <unfinished ...>
[pid 216260] 11:21:51.995029 <... prctl resumed>) = 0
[pid 216261] 11:21:51.995053 <... nanosleep resumed>NULL) = 0
[pid 216260] 11:21:51.995076 prctl(PR_CAPBSET_DROP, CAP_NET_ADMIN <unfinished ...>
[pid 216261] 11:21:51.995100 nanosleep({tv_sec=0, tv_nsec=20000},  <unfinished ...>
[pid 216260] 11:21:51.995126 <... prctl resumed>) = 0
[pid 216260] 11:21:51.995195 prctl(PR_CAPBSET_DROP, CAP_NET_RAW <unfinished ...>
[pid 216261] 11:21:51.995234 <... nanosleep resumed>NULL) = 0
[pid 216261] 11:21:51.995290 nanosleep({tv_sec=0, tv_nsec=20000},  <unfinished ...>
[pid 216260] 11:21:51.995326 <... prctl resumed>) = 0
[pid 216260] 11:21:51.995393 prctl(PR_CAPBSET_DROP, CAP_IPC_LOCK <unfinished ...>
[pid 216261] 11:21:51.995439 <... nanosleep resumed>NULL) = 0
[pid 216260] 11:21:51.995462 <... prctl resumed>) = 0
[pid 216261] 11:21:51.995485 nanosleep({tv_sec=0, tv_nsec=20000},  <unfinished ...>
[pid 216260] 11:21:51.995514 prctl(PR_CAPBSET_DROP, CAP_IPC_OWNER) = 0
[pid 216261] 11:21:51.995619 <... nanosleep resumed>NULL) = 0
[pid 216260] 11:21:51.995655 prctl(PR_CAPBSET_DROP, CAP_SYS_MODULE <unfinished ...>
[pid 216261] 11:21:51.995675 nanosleep({tv_sec=0, tv_nsec=20000},  <unfinished ...>
[pid 216260] 11:21:51.995704 <... prctl resumed>) = 0
[pid 216260] 11:21:51.995777 prctl(PR_CAPBSET_DROP, CAP_SYS_RAWIO <unfinished ...>
[pid 216246] 11:21:51.995811 <... nanosleep resumed>NULL) = 0
[pid 216261] 11:21:51.995832 <... nanosleep resumed>NULL) = 0
[pid 216246] 11:21:51.995855 nanosleep({tv_sec=0, tv_nsec=1280000},  <unfinished ...>
[pid 216261] 11:21:51.995877 nanosleep({tv_sec=0, tv_nsec=20000},  <unfinished ...>
[pid 216260] 11:21:51.995896 <... prctl resumed>) = 0
[pid 216260] 11:21:51.995942 prctl(PR_CAPBSET_DROP, CAP_SYS_CHROOT) = 0
[pid 216261] 11:21:51.996010 <... nanosleep resumed>NULL) = 0
[pid 216260] 11:21:51.996029 prctl(PR_CAPBSET_DROP, CAP_SYS_PTRACE <unfinished ...>
[pid 216261] 11:21:51.996051 nanosleep({tv_sec=0, tv_nsec=20000},  <unfinished ...>
[pid 216260] 11:21:51.996075 <... prctl resumed>) = 0
[pid 216260] 11:21:51.996129 prctl(PR_CAPBSET_DROP, CAP_SYS_PACCT <unfinished ...>
[pid 216261] 11:21:51.996216 <... nanosleep resumed>NULL) = 0
[pid 216260] 11:21:51.996241 <... prctl resumed>) = 0
[pid 216261] 11:21:51.996266 nanosleep({tv_sec=0, tv_nsec=20000},  <unfinished ...>
[pid 216260] 11:21:51.996293 prctl(PR_CAPBSET_DROP, CAP_SYS_ADMIN) = 0
[pid 216261] 11:21:51.996431 <... nanosleep resumed>NULL) = 0
[pid 216260] 11:21:51.996468 prctl(PR_CAPBSET_DROP, CAP_SYS_BOOT <unfinished ...>
[pid 216261] 11:21:51.996492 nanosleep({tv_sec=0, tv_nsec=20000},  <unfinished ...>
[pid 216260] 11:21:51.996518 <... prctl resumed>) = 0
[pid 216260] 11:21:51.996579 prctl(PR_CAPBSET_DROP, CAP_SYS_NICE <unfinished ...>
[pid 216261] 11:21:51.996621 <... nanosleep resumed>NULL) = 0
[pid 216260] 11:21:51.996651 <... prctl resumed>) = 0
[pid 216261] 11:21:51.996672 nanosleep({tv_sec=0, tv_nsec=20000},  <unfinished ...>
[pid 216260] 11:21:51.996715 prctl(PR_CAPBSET_DROP, CAP_SYS_RESOURCE) = 0
[pid 216261] 11:21:51.996853 <... nanosleep resumed>NULL) = 0
[pid 216260] 11:21:51.996881 prctl(PR_CAPBSET_DROP, CAP_SYS_TIME <unfinished ...>
[pid 216261] 11:21:51.996955 nanosleep({tv_sec=0, tv_nsec=20000},  <unfinished ...>
[pid 216260] 11:21:51.996990 <... prctl resumed>) = 0
[pid 216260] 11:21:51.997040 prctl(PR_CAPBSET_DROP, CAP_SYS_TTY_CONFIG <unfinished ...>
[pid 216261] 11:21:51.997132 <... nanosleep resumed>NULL) = 0
[pid 216260] 11:21:51.997170 <... prctl resumed>) = 0
[pid 216261] 11:21:51.997194 nanosleep({tv_sec=0, tv_nsec=20000},  <unfinished ...>
[pid 216260] 11:21:51.997223 prctl(PR_CAPBSET_DROP, CAP_MKNOD) = 0
[pid 216246] 11:21:51.997319 <... nanosleep resumed>NULL) = 0
[pid 216261] 11:21:51.997344 <... nanosleep resumed>NULL) = 0
[pid 216260] 11:21:51.997360 prctl(PR_CAPBSET_DROP, CAP_LEASE <unfinished ...>
[pid 216246] 11:21:51.997381 nanosleep({tv_sec=0, tv_nsec=2560000},  <unfinished ...>
[pid 216261] 11:21:51.997409 nanosleep({tv_sec=0, tv_nsec=20000},  <unfinished ...>
[pid 216260] 11:21:51.997459 <... prctl resumed>) = 0
[pid 216260] 11:21:51.997518 prctl(PR_CAPBSET_DROP, CAP_AUDIT_WRITE <unfinished ...>
[pid 216261] 11:21:51.997563 <... nanosleep resumed>NULL) = 0
[pid 216260] 11:21:51.997586 <... prctl resumed>) = 0
[pid 216261] 11:21:51.997608 nanosleep({tv_sec=0, tv_nsec=20000},  <unfinished ...>
[pid 216260] 11:21:51.997639 prctl(PR_CAPBSET_DROP, CAP_AUDIT_CONTROL) = 0
[pid 216261] 11:21:51.997776 <... nanosleep resumed>NULL) = 0
[pid 216260] 11:21:51.997836 prctl(PR_CAPBSET_DROP, CAP_SETFCAP <unfinished ...>
[pid 216261] 11:21:51.997865 nanosleep({tv_sec=0, tv_nsec=20000},  <unfinished ...>
[pid 216260] 11:21:51.997887 <... prctl resumed>) = 0
[pid 216260] 11:21:51.997940 prctl(PR_CAPBSET_DROP, CAP_MAC_OVERRIDE <unfinished ...>
[pid 216261] 11:21:51.998017 <... nanosleep resumed>NULL) = 0
[pid 216260] 11:21:51.998036 <... prctl resumed>) = 0
[pid 216261] 11:21:51.998086 nanosleep({tv_sec=0, tv_nsec=20000},  <unfinished ...>
[pid 216260] 11:21:51.998114 prctl(PR_CAPBSET_DROP, CAP_MAC_ADMIN <unfinished ...>
[pid 216261] 11:21:51.998249 <... nanosleep resumed>NULL) = 0
[pid 216260] 11:21:51.998270 <... prctl resumed>) = 0
[pid 216261] 11:21:51.998320 nanosleep({tv_sec=0, tv_nsec=20000},  <unfinished ...>
[pid 216260] 11:21:51.998351 prctl(PR_CAPBSET_DROP, CAP_SYSLOG <unfinished ...>
[pid 216261] 11:21:51.998486 <... nanosleep resumed>NULL) = 0
[pid 216261] 11:21:51.998539 nanosleep({tv_sec=0, tv_nsec=20000}, NULL) = 0
[pid 216260] 11:21:51.998721 <... prctl resumed>) = 0
[pid 216261] 11:21:51.998745 nanosleep({tv_sec=0, tv_nsec=20000},  <unfinished ...>
[pid 216260] 11:21:51.998773 prctl(PR_CAPBSET_DROP, CAP_WAKE_ALARM) = 0
[pid 216261] 11:21:51.998920 <... nanosleep resumed>NULL) = 0
[pid 216260] 11:21:51.998949 prctl(PR_CAPBSET_DROP, CAP_BLOCK_SUSPEND <unfinished ...>
[pid 216261] 11:21:51.999009 nanosleep({tv_sec=0, tv_nsec=20000},  <unfinished ...>
[pid 216260] 11:21:51.999051 <... prctl resumed>) = 0
[pid 216260] 11:21:51.999107 prctl(PR_CAPBSET_DROP, CAP_AUDIT_READ <unfinished ...>
[pid 216261] 11:21:51.999182 <... nanosleep resumed>NULL) = 0
[pid 216260] 11:21:51.999206 <... prctl resumed>) = 0
[pid 216261] 11:21:51.999235 nanosleep({tv_sec=0, tv_nsec=20000},  <unfinished ...>
[pid 216260] 11:21:51.999263 prctl(PR_CAPBSET_DROP, CAP_PERFMON) = 0
[pid 216261] 11:21:51.999380 <... nanosleep resumed>NULL) = 0
[pid 216260] 11:21:51.999406 prctl(PR_CAPBSET_DROP, CAP_BPF <unfinished ...>
[pid 216261] 11:21:51.999429 nanosleep({tv_sec=0, tv_nsec=20000},  <unfinished ...>
[pid 216260] 11:21:51.999456 <... prctl resumed>) = 0
[pid 216260] 11:21:51.999509 prctl(PR_CAPBSET_DROP, CAP_CHECKPOINT_RESTORE <unfinished ...>
[pid 216261] 11:21:51.999580 <... nanosleep resumed>NULL) = 0
[pid 216260] 11:21:51.999599 <... prctl resumed>) = 0
[pid 216261] 11:21:51.999634 nanosleep({tv_sec=0, tv_nsec=20000},  <unfinished ...>
[pid 216260] 11:21:51.999654 prctl(PR_SET_KEEPCAPS, 1) = 0
[pid 216260] 11:21:51.999741 fstat(0,  <unfinished ...>
[pid 216261] 11:21:51.999781 <... nanosleep resumed>NULL) = 0
[pid 216260] 11:21:51.999802 <... fstat resumed>{st_mode=S_IFIFO|0600, st_size=0, ...}) = 0
[pid 216261] 11:21:51.999832 nanosleep({tv_sec=0, tv_nsec=20000},  <unfinished ...>
[pid 216260] 11:21:51.999857 fstat(1, {st_mode=S_IFIFO|0600, st_size=0, ...}) = 0
[pid 216261] 11:21:51.999968 <... nanosleep resumed>NULL) = 0
[pid 216260] 11:21:51.999992 fstat(2,  <unfinished ...>
[pid 216261] 11:21:52.000041 nanosleep({tv_sec=0, tv_nsec=20000},  <unfinished ...>
[pid 216260] 11:21:52.000066 <... fstat resumed>{st_mode=S_IFIFO|0600, st_size=0, ...}) = 0
[pid 216246] 11:21:52.000092 <... nanosleep resumed>NULL) = 0
[pid 216260] 11:21:52.000127 fstatfs(13,  <unfinished ...>
[pid 216246] 11:21:52.000151 nanosleep({tv_sec=0, tv_nsec=20000},  <unfinished ...>
[pid 216260] 11:21:52.000176 <... fstatfs resumed>{f_type=PROC_SUPER_MAGIC, f_bsize=4096, f_blocks=0, f_bfree=0, f_bavail=0, f_files=0, f_ffree=0, f_fsid={val=[0x57, 0]}, f_namelen=255, f_frsize=4096, f_flags=ST_VALID|ST_NOSUID|ST_NODEV|ST_NOEXEC|ST_RELATIME}) = 0
[pid 216261] 11:21:52.000207 <... nanosleep resumed>NULL) = 0
[pid 216260] 11:21:52.000230 fstat(13,  <unfinished ...>
[pid 216261] 11:21:52.000252 nanosleep({tv_sec=0, tv_nsec=20000},  <unfinished ...>
[pid 216260] 11:21:52.000276 <... fstat resumed>{st_mode=S_IFDIR|0555, st_size=0, ...}) = 0
[pid 216246] 11:21:52.000303 <... nanosleep resumed>NULL) = 0
[pid 216260] 11:21:52.000325 openat2(AT_FDCWD, ".", {flags=O_RDONLY|O_CLOEXEC|O_PATH, resolve=RESOLVE_NO_SYMLINKS|RESOLVE_IN_ROOT}, 24 <unfinished ...>
[pid 216246] 11:21:52.000375 futex(0xeec8c0, FUTEX_WAIT_PRIVATE, 0, {tv_sec=60, tv_nsec=0} <unfinished ...>
[pid 216261] 11:21:52.000403 <... nanosleep resumed>NULL) = 0
[pid 216260] 11:21:52.000424 <... openat2 resumed>) = 8
[pid 216261] 11:21:52.000455 nanosleep({tv_sec=0, tv_nsec=20000},  <unfinished ...>
[pid 216260] 11:21:52.000495 close(8)   = 0
[pid 216261] 11:21:52.000621 <... nanosleep resumed>NULL) = 0
[pid 216260] 11:21:52.000660 openat2(13, "self/setgroups", {flags=O_RDONLY|O_NOFOLLOW|O_CLOEXEC|O_PATH, resolve=RESOLVE_NO_XDEV|RESOLVE_NO_MAGICLINKS|RESOLVE_BENEATH}, 24 <unfinished ...>
[pid 216261] 11:21:52.000689 nanosleep({tv_sec=0, tv_nsec=20000},  <unfinished ...>
[pid 216260] 11:21:52.000744 <... openat2 resumed>) = 8
[pid 216260] 11:21:52.000817 fcntl(8, F_GETFL <unfinished ...>
[pid 216261] 11:21:52.000851 <... nanosleep resumed>NULL) = 0
[pid 216260] 11:21:52.000874 <... fcntl resumed>) = 0x220000 (flags O_RDONLY|O_NOFOLLOW|O_PATH)
[pid 216261] 11:21:52.000905 nanosleep({tv_sec=0, tv_nsec=20000},  <unfinished ...>
[pid 216260] 11:21:52.000947 fstatfs(13, {f_type=PROC_SUPER_MAGIC, f_bsize=4096, f_blocks=0, f_bfree=0, f_bavail=0, f_files=0, f_ffree=0, f_fsid={val=[0x57, 0]}, f_namelen=255, f_frsize=4096, f_flags=ST_VALID|ST_NOSUID|ST_NODEV|ST_NOEXEC|ST_RELATIME}) = 0
[pid 216261] 11:21:52.001051 <... nanosleep resumed>NULL) = 0
[pid 216260] 11:21:52.001079 fstat(13,  <unfinished ...>
[pid 216261] 11:21:52.001104 nanosleep({tv_sec=0, tv_nsec=20000},  <unfinished ...>
[pid 216260] 11:21:52.001130 <... fstat resumed>{st_mode=S_IFDIR|0555, st_size=0, ...}) = 0
[pid 216260] 11:21:52.001185 openat2(AT_FDCWD, ".", {flags=O_RDONLY|O_CLOEXEC|O_PATH, resolve=RESOLVE_NO_SYMLINKS|RESOLVE_IN_ROOT}, 24 <unfinished ...>
[pid 216261] 11:21:52.001258 <... nanosleep resumed>NULL) = 0
[pid 216260] 11:21:52.001280 <... openat2 resumed>) = 11
[pid 216261] 11:21:52.001303 epoll_pwait(9,  <unfinished ...>
[pid 216260] 11:21:52.001328 close(11 <unfinished ...>
[pid 216261] 11:21:52.001350 <... epoll_pwait resumed>[], 128, 0, NULL, 0) = 0
[pid 216260] 11:21:52.001379 <... close resumed>) = 0
[pid 216261] 11:21:52.001416 nanosleep({tv_sec=0, tv_nsec=20000},  <unfinished ...>
[pid 216260] 11:21:52.001442 openat2(13, "thread-self/fd/", {flags=O_RDONLY|O_NOFOLLOW|O_CLOEXEC|O_PATH, resolve=RESOLVE_NO_XDEV|RESOLVE_NO_MAGICLINKS|RESOLVE_BENEATH}, 24) = 11
[pid 216261] 11:21:52.001551 <... nanosleep resumed>NULL) = 0
[pid 216260] 11:21:52.001578 fcntl(11, F_GETFL <unfinished ...>
[pid 216261] 11:21:52.001644 nanosleep({tv_sec=0, tv_nsec=20000},  <unfinished ...>
[pid 216260] 11:21:52.001668 <... fcntl resumed>) = 0x220000 (flags O_RDONLY|O_NOFOLLOW|O_PATH)
[pid 216260] 11:21:52.001722 statx(13, "", AT_STATX_SYNC_AS_STAT|AT_SYMLINK_NOFOLLOW|AT_EMPTY_PATH, STATX_MNT_ID|STATX_MNT_ID_UNIQUE,  <unfinished ...>
[pid 216261] 11:21:52.001810 <... nanosleep resumed>NULL) = 0
[pid 216260] 11:21:52.001829 <... statx resumed>{stx_mask=STATX_BASIC_STATS|STATX_MNT_ID_UNIQUE, stx_attributes=STATX_ATTR_MOUNT_ROOT, stx_mode=S_IFDIR|0555, stx_size=0, ...}) = 0
[pid 216261] 11:21:52.001856 nanosleep({tv_sec=0, tv_nsec=20000},  <unfinished ...>
[pid 216260] 11:21:52.001883 statx(11, "8", AT_STATX_SYNC_AS_STAT|AT_SYMLINK_NOFOLLOW|AT_EMPTY_PATH, STATX_MNT_ID|STATX_MNT_ID_UNIQUE, {stx_mask=STATX_BASIC_STATS|STATX_MNT_ID_UNIQUE, stx_attributes=0, stx_mode=S_IFLNK|000, stx_size=64, ...}) = 0
[pid 216261] 11:21:52.002014 <... nanosleep resumed>NULL) = 0
[pid 216260] 11:21:52.002045 openat(11, "8", O_RDONLY|O_CLOEXEC <unfinished ...>
[pid 216261] 11:21:52.002077 nanosleep({tv_sec=0, tv_nsec=20000},  <unfinished ...>
[pid 216260] 11:21:52.002120 <... openat resumed>) = 12
[pid 216260] 11:21:52.002178 fcntl(12, F_GETFL <unfinished ...>
[pid 216261] 11:21:52.002208 <... nanosleep resumed>NULL) = 0
[pid 216260] 11:21:52.002230 <... fcntl resumed>) = 0x8000 (flags O_RDONLY|O_LARGEFILE)
[pid 216261] 11:21:52.002287 nanosleep({tv_sec=0, tv_nsec=20000},  <unfinished ...>
[pid 216260] 11:21:52.002321 close(11)  = 0
[pid 216261] 11:21:52.002448 <... nanosleep resumed>NULL) = 0
[pid 216260] 11:21:52.002478 close(8 <unfinished ...>
[pid 216261] 11:21:52.002543 futex(0xc00006d948, FUTEX_WAKE_PRIVATE, 1 <unfinished ...>
[pid 216260] 11:21:52.002566 <... close resumed>) = 0
[pid 216263] 11:21:52.002611 <... futex resumed>) = 0
[pid 216261] 11:21:52.002629 <... futex resumed>) = 1
[pid 216260] 11:21:52.002647 futex(0xeeaf80, FUTEX_WAIT_PRIVATE, 0, NULL <unfinished ...>
[pid 216263] 11:21:52.002669 futex(0xeeaf80, FUTEX_WAKE_PRIVATE, 1 <unfinished ...>
[pid 216261] 11:21:52.002701 nanosleep({tv_sec=0, tv_nsec=20000},  <unfinished ...>
[pid 216263] 11:21:52.002724 <... futex resumed>) = 0
[pid 216260] 11:21:52.002746 <... futex resumed>) = -1 EAGAIN (Resource temporarily unavailable)
[pid 216263] 11:21:52.002803 futex(0xc00006d948, FUTEX_WAIT_PRIVATE, 0, NULL <unfinished ...>
[pid 216260] 11:21:52.002842 read(12,  <unfinished ...>
[pid 216261] 11:21:52.002862 <... nanosleep resumed>NULL) = 0
[pid 216260] 11:21:52.002881 <... read resumed>"deny\n", 512) = 5
[pid 216261] 11:21:52.002922 nanosleep({tv_sec=0, tv_nsec=20000},  <unfinished ...>
[pid 216260] 11:21:52.002950 read(12, "", 507) = 0
[pid 216260] 11:21:52.003056 close(12 <unfinished ...>
[pid 216261] 11:21:52.003080 <... nanosleep resumed>NULL) = 0
[pid 216261] 11:21:52.003130 nanosleep({tv_sec=0, tv_nsec=20000},  <unfinished ...>
[pid 216260] 11:21:52.003172 <... close resumed>) = 0
[pid 216260] 11:21:52.003239 getpid( <unfinished ...>
[pid 216261] 11:21:52.003281 <... nanosleep resumed>NULL) = 0
[pid 216260] 11:21:52.003300 <... getpid resumed>) = 1
[pid 216261] 11:21:52.003320 nanosleep({tv_sec=0, tv_nsec=20000},  <unfinished ...>
[pid 216260] 11:21:52.003343 tgkill(1, 6, SIGRT_1 <unfinished ...>
[pid 216265] 11:21:52.003434 <... futex resumed>) = ? ERESTARTSYS (To be restarted if SA_RESTART is set)
[pid 216260] 11:21:52.003456 <... tgkill resumed>) = 0
[pid 216261] 11:21:52.003481 <... nanosleep resumed>NULL) = 0
[pid 216265] 11:21:52.003500 --- SIGRT_1 {si_signo=SIGRT_1, si_code=SI_TKILL, si_pid=1, si_uid=0} ---
[pid 216260] 11:21:52.003522 getpid( <unfinished ...>
[pid 216261] 11:21:52.003543 futex(0xc00006d948, FUTEX_WAKE_PRIVATE, 1 <unfinished ...>
[pid 216265] 11:21:52.003587 getpid( <unfinished ...>
[pid 216260] 11:21:52.003608 <... getpid resumed>) = 1
[pid 216265] 11:21:52.003628 <... getpid resumed>) = 1
[pid 216263] 11:21:52.003650 <... futex resumed>) = 0
[pid 216261] 11:21:52.003668 <... futex resumed>) = 1
[pid 216265] 11:21:52.003703 setgid(0 <unfinished ...>
[pid 216263] 11:21:52.003727 futex(0xc00006d948, FUTEX_WAIT_PRIVATE, 0, NULL <unfinished ...>
[pid 216260] 11:21:52.003749 tgkill(1, 5, SIGRT_1 <unfinished ...>
[pid 216265] 11:21:52.003773 <... setgid resumed>) = 0
[pid 216261] 11:21:52.003810 nanosleep({tv_sec=0, tv_nsec=20000},  <unfinished ...>
[pid 216265] 11:21:52.003839 futex(0x71f97effdcdc, FUTEX_WAKE_PRIVATE, 1 <unfinished ...>
[pid 216264] 11:21:52.003861 <... futex resumed>) = ? ERESTARTSYS (To be restarted if SA_RESTART is set)
[pid 216260] 11:21:52.003882 <... tgkill resumed>) = 0
[pid 216265] 11:21:52.003915 <... futex resumed>) = 0
[pid 216264] 11:21:52.003935 --- SIGRT_1 {si_signo=SIGRT_1, si_code=SI_TKILL, si_pid=1, si_uid=0} ---
[pid 216265] 11:21:52.003960 rt_sigreturn({mask=[]} <unfinished ...>
[pid 216261] 11:21:52.003987 <... nanosleep resumed>NULL) = 0
[pid 216260] 11:21:52.004008 getpid( <unfinished ...>
[pid 216265] 11:21:52.004037 <... rt_sigreturn resumed>) = 202
[pid 216264] 11:21:52.004058 getpid( <unfinished ...>
[pid 216261] 11:21:52.004079 futex(0xeec8c0, FUTEX_WAIT_PRIVATE, 0, {tv_sec=60, tv_nsec=0} <unfinished ...>
[pid 216265] 11:21:52.004108 futex(0xf0b5d8, FUTEX_WAIT_PRIVATE, 0, NULL <unfinished ...>
[pid 216264] 11:21:52.004131 <... getpid resumed>) = 1
[pid 216260] 11:21:52.004151 <... getpid resumed>) = 1
[pid 216264] 11:21:52.004175 setgid(0 <unfinished ...>
[pid 216260] 11:21:52.004198 tgkill(1, 4, SIGRT_1 <unfinished ...>
[pid 216264] 11:21:52.004222 <... setgid resumed>) = 0
[pid 216260] 11:21:52.004261 <... tgkill resumed>) = 0
[pid 216264] 11:21:52.004285 futex(0x71f97f7fecdc, FUTEX_WAKE_PRIVATE, 1 <unfinished ...>
[pid 216263] 11:21:52.004309 <... futex resumed>) = ? ERESTARTSYS (To be restarted if SA_RESTART is set)
[pid 216260] 11:21:52.004331 getpid( <unfinished ...>
[pid 216264] 11:21:52.004357 <... futex resumed>) = 0
[pid 216263] 11:21:52.004378 --- SIGRT_1 {si_signo=SIGRT_1, si_code=SI_TKILL, si_pid=1, si_uid=0} ---
[pid 216260] 11:21:52.004401 <... getpid resumed>) = 1
[pid 216264] 11:21:52.004424 rt_sigreturn({mask=[]} <unfinished ...>
[pid 216263] 11:21:52.004450 getpid( <unfinished ...>
[pid 216260] 11:21:52.004473 tgkill(1, 3, SIGRT_1 <unfinished ...>
[pid 216264] 11:21:52.004496 <... rt_sigreturn resumed>) = 202
[pid 216263] 11:21:52.004538 <... getpid resumed>) = 1
[pid 216264] 11:21:52.004565 futex(0xc000100148, FUTEX_WAIT_PRIVATE, 0, NULL <unfinished ...>
[pid 216262] 11:21:52.004588 <... futex resumed>) = ? ERESTARTSYS (To be restarted if SA_RESTART is set)
[pid 216260] 11:21:52.004610 <... tgkill resumed>) = 0
[pid 216263] 11:21:52.004635 setgid(0 <unfinished ...>
[pid 216262] 11:21:52.004656 --- SIGRT_1 {si_signo=SIGRT_1, si_code=SI_TKILL, si_pid=1, si_uid=0} ---
[pid 216263] 11:21:52.004680 <... setgid resumed>) = 0
[pid 216260] 11:21:52.004702 getpid( <unfinished ...>
[pid 216263] 11:21:52.004727 futex(0x71f977fffcdc, FUTEX_WAKE_PRIVATE, 1 <unfinished ...>
[pid 216262] 11:21:52.004749 getpid( <unfinished ...>
[pid 216260] 11:21:52.004773 <... getpid resumed>) = 1
[pid 216263] 11:21:52.004795 <... futex resumed>) = 0
[pid 216262] 11:21:52.004819 <... getpid resumed>) = 1
[pid 216260] 11:21:52.004840 tgkill(1, 2, SIGRT_1 <unfinished ...>
[pid 216263] 11:21:52.004863 rt_sigreturn({mask=[]} <unfinished ...>
[pid 216262] 11:21:52.004898 setgid(0 <unfinished ...>
[pid 216261] 11:21:52.004922 <... futex resumed>) = ? ERESTART_RESTARTBLOCK (Interrupted by signal)
[pid 216260] 11:21:52.004943 <... tgkill resumed>) = 0
[pid 216263] 11:21:52.004969 <... rt_sigreturn resumed>) = 202
[pid 216262] 11:21:52.004990 <... setgid resumed>) = 0
[pid 216261] 11:21:52.005009 --- SIGRT_1 {si_signo=SIGRT_1, si_code=SI_TKILL, si_pid=1, si_uid=0} ---
[pid 216263] 11:21:52.005035 futex(0xc00006d948, FUTEX_WAIT_PRIVATE, 0, NULL <unfinished ...>
[pid 216262] 11:21:52.005058 futex(0x71f97ffffcdc, FUTEX_WAKE_PRIVATE, 1 <unfinished ...>
[pid 216260] 11:21:52.005078 futex(0x7ffdbf259ca0, FUTEX_WAIT_PRIVATE, 2, NULL <unfinished ...>
[pid 216261] 11:21:52.005102 getpid( <unfinished ...>
[pid 216262] 11:21:52.005124 <... futex resumed>) = 0
[pid 216261] 11:21:52.005146 <... getpid resumed>) = 1
[pid 216262] 11:21:52.005176 rt_sigreturn({mask=[]} <unfinished ...>
[pid 216261] 11:21:52.005206 setgid(0 <unfinished ...>
[pid 216262] 11:21:52.005233 <... rt_sigreturn resumed>) = 202
[pid 216261] 11:21:52.005259 <... setgid resumed>) = 0
[pid 216262] 11:21:52.005280 futex(0xc00006d148, FUTEX_WAIT_PRIVATE, 0, NULL <unfinished ...>
[pid 216261] 11:21:52.005374 futex(0x71f984cffcdc, FUTEX_WAKE_PRIVATE, 1) = 0
[pid 216261] 11:21:52.005483 futex(0x7ffdbf259ca0, FUTEX_WAKE_PRIVATE, 1) = 1
[pid 216260] 11:21:52.005571 <... futex resumed>) = 0
[pid 216261] 11:21:52.005632 rt_sigreturn({mask=[]} <unfinished ...>
[pid 216260] 11:21:52.005661 setgid(0 <unfinished ...>
[pid 216261] 11:21:52.005683 <... rt_sigreturn resumed>) = -1 EINTR (Interrupted system call)
[pid 216260] 11:21:52.005747 <... setgid resumed>) = 0
[pid 216261] 11:21:52.005769 futex(0xeec8c0, FUTEX_WAIT_PRIVATE, 0, {tv_sec=59, tv_nsec=998279222}) = -1 EAGAIN (Resource temporarily unavailable)
[pid 216260] 11:21:52.005874 futex(0xeec8c0, FUTEX_WAKE_PRIVATE, 1 <unfinished ...>
[pid 216261] 11:21:52.005899 sched_yield( <unfinished ...>
[pid 216260] 11:21:52.005921 <... futex resumed>) = 0
[pid 216261] 11:21:52.005941 <... sched_yield resumed>) = 0
[pid 216261] 11:21:52.006001 nanosleep({tv_sec=0, tv_nsec=20000},  <unfinished ...>
[pid 216260] 11:21:52.006048 getpid()   = 1
[pid 216261] 11:21:52.006173 <... nanosleep resumed>NULL) = 0
[pid 216260] 11:21:52.006224 tgkill(1, 6, SIGRT_1 <unfinished ...>
[pid 216261] 11:21:52.006252 futex(0xc00006d948, FUTEX_WAKE_PRIVATE, 1 <unfinished ...>
[pid 216260] 11:21:52.006295 <... tgkill resumed>) = 0
[pid 216265] 11:21:52.006319 <... futex resumed>) = ? ERESTARTSYS (To be restarted if SA_RESTART is set)
[pid 216263] 11:21:52.006345 <... futex resumed>) = 0
[pid 216261] 11:21:52.006369 <... futex resumed>) = 1
[pid 216260] 11:21:52.006392 getpid( <unfinished ...>
[pid 216265] 11:21:52.006417 --- SIGRT_1 {si_signo=SIGRT_1, si_code=SI_TKILL, si_pid=1, si_uid=0} ---
[pid 216263] 11:21:52.006440 futex(0xc00006d948, FUTEX_WAIT_PRIVATE, 0, NULL <unfinished ...>
[pid 216261] 11:21:52.006465 nanosleep({tv_sec=0, tv_nsec=20000},  <unfinished ...>
[pid 216265] 11:21:52.006494 getpid( <unfinished ...>
[pid 216260] 11:21:52.006515 <... getpid resumed>) = 1
[pid 216265] 11:21:52.006552 <... getpid resumed>) = 1
[pid 216260] 11:21:52.006574 tgkill(1, 5, SIGRT_1 <unfinished ...>
[pid 216265] 11:21:52.006598 setuid(0 <unfinished ...>
[pid 216261] 11:21:52.006637 <... nanosleep resumed>NULL) = 0
[pid 216264] 11:21:52.006660 <... futex resumed>) = ? ERESTARTSYS (To be restarted if SA_RESTART is set)
[pid 216260] 11:21:52.006682 <... tgkill resumed>) = 0
[pid 216265] 11:21:52.006719 <... setuid resumed>) = 0
[pid 216264] 11:21:52.006739 --- SIGRT_1 {si_signo=SIGRT_1, si_code=SI_TKILL, si_pid=1, si_uid=0} ---
[pid 216261] 11:21:52.006763 futex(0xeec8c0, FUTEX_WAIT_PRIVATE, 0, {tv_sec=60, tv_nsec=0} <unfinished ...>
[pid 216265] 11:21:52.006795 futex(0x71f97effdcdc, FUTEX_WAKE_PRIVATE, 1 <unfinished ...>
[pid 216264] 11:21:52.006819 getpid( <unfinished ...>
[pid 216260] 11:21:52.006842 getpid( <unfinished ...>
[pid 216265] 11:21:52.006866 <... futex resumed>) = 0
[pid 216264] 11:21:52.006889 <... getpid resumed>) = 1
[pid 216265] 11:21:52.006927 rt_sigreturn({mask=[]} <unfinished ...>
[pid 216260] 11:21:52.007029 <... getpid resumed>) = 1
[pid 216265] 11:21:52.007091 <... rt_sigreturn resumed>) = 202
[pid 216264] 11:21:52.007116 setuid(0 <unfinished ...>
[pid 216260] 11:21:52.007137 tgkill(1, 4, SIGRT_1 <unfinished ...>
[pid 216265] 11:21:52.007185 futex(0xf0b5d8, FUTEX_WAIT_PRIVATE, 0, NULL <unfinished ...>
[pid 216264] 11:21:52.007224 <... setuid resumed>) = 0
[pid 216263] 11:21:52.007250 <... futex resumed>) = ? ERESTARTSYS (To be restarted if SA_RESTART is set)
[pid 216260] 11:21:52.007283 <... tgkill resumed>) = 0
[pid 216264] 11:21:52.007317 futex(0x71f97f7fecdc, FUTEX_WAKE_PRIVATE, 1 <unfinished ...>
[pid 216263] 11:21:52.007339 --- SIGRT_1 {si_signo=SIGRT_1, si_code=SI_TKILL, si_pid=1, si_uid=0} ---
[pid 216264] 11:21:52.007379 <... futex resumed>) = 0
[pid 216260] 11:21:52.007447 getpid( <unfinished ...>
[pid 216264] 11:21:52.007462 rt_sigreturn({mask=[]} <unfinished ...>
[pid 216263] 11:21:52.007551 getpid( <unfinished ...>
[pid 216264] 11:21:52.007597 <... rt_sigreturn resumed>) = 202
[pid 216263] 11:21:52.007622 <... getpid resumed>) = 1
[pid 216260] 11:21:52.007672 <... getpid resumed>) = 1
[pid 216264] 11:21:52.007736 futex(0xc000100148, FUTEX_WAIT_PRIVATE, 0, NULL <unfinished ...>
[pid 216263] 11:21:52.007765 setuid(0 <unfinished ...>
[pid 216260] 11:21:52.007822 tgkill(1, 3, SIGRT_1 <unfinished ...>
[pid 216263] 11:21:52.007852 <... setuid resumed>) = 0
[pid 216262] 11:21:52.007890 <... futex resumed>) = ? ERESTARTSYS (To be restarted if SA_RESTART is set)
[pid 216260] 11:21:52.007909 <... tgkill resumed>) = 0
[pid 216263] 11:21:52.007981 futex(0x71f977fffcdc, FUTEX_WAKE_PRIVATE, 1 <unfinished ...>
[pid 216262] 11:21:52.008019 --- SIGRT_1 {si_signo=SIGRT_1, si_code=SI_TKILL, si_pid=1, si_uid=0} ---
[pid 216263] 11:21:52.008043 <... futex resumed>) = 0
[pid 216260] 11:21:52.008063 getpid( <unfinished ...>
[pid 216263] 11:21:52.008089 rt_sigreturn({mask=[]} <unfinished ...>
[pid 216262] 11:21:52.008135 getpid( <unfinished ...>
[pid 216263] 11:21:52.008158 <... rt_sigreturn resumed>) = 202
[pid 216260] 11:21:52.008177 <... getpid resumed>) = 1
[pid 216262] 11:21:52.008205 <... getpid resumed>) = 1
[pid 216263] 11:21:52.008227 futex(0xc00006d948, FUTEX_WAIT_PRIVATE, 0, NULL <unfinished ...>
[pid 216262] 11:21:52.008250 setuid(0 <unfinished ...>
[pid 216260] 11:21:52.008271 tgkill(1, 2, SIGRT_1 <unfinished ...>
[pid 216262] 11:21:52.008295 <... setuid resumed>) = 0
[pid 216261] 11:21:52.008329 <... futex resumed>) = ? ERESTART_RESTARTBLOCK (Interrupted by signal)
[pid 216260] 11:21:52.008351 <... tgkill resumed>) = 0
[pid 216262] 11:21:52.008373 futex(0x71f97ffffcdc, FUTEX_WAKE_PRIVATE, 1 <unfinished ...>
[pid 216261] 11:21:52.008391 --- SIGRT_1 {si_signo=SIGRT_1, si_code=SI_TKILL, si_pid=1, si_uid=0} ---
[pid 216262] 11:21:52.008414 <... futex resumed>) = 0
[pid 216260] 11:21:52.008438 futex(0x7ffdbf259ca0, FUTEX_WAIT_PRIVATE, 2, NULL <unfinished ...>
[pid 216262] 11:21:52.008484 rt_sigreturn({mask=[]} <unfinished ...>
[pid 216261] 11:21:52.008512 getpid( <unfinished ...>
[pid 216260] 11:21:52.008534 <... futex resumed>) = -1 EAGAIN (Resource temporarily unavailable)
[pid 216262] 11:21:52.008587 <... rt_sigreturn resumed>) = 202
[pid 216262] 11:21:52.008627 futex(0xc00006d148, FUTEX_WAIT_PRIVATE, 0, NULL <unfinished ...>
[pid 216261] 11:21:52.008686 <... getpid resumed>) = 1
[pid 216260] 11:21:52.008708 futex(0x7ffdbf259ca0, FUTEX_WAIT_PRIVATE, 1, NULL <unfinished ...>
[pid 216261] 11:21:52.008759 setuid(0)  = 0
[pid 216261] 11:21:52.008896 futex(0x71f984cffcdc, FUTEX_WAKE_PRIVATE, 1) = 0
[pid 216261] 11:21:52.009018 futex(0x7ffdbf259ca0, FUTEX_WAKE_PRIVATE, 1) = 1
[pid 216260] 11:21:52.009182 <... futex resumed>) = 0
[pid 216261] 11:21:52.009211 rt_sigreturn({mask=[]} <unfinished ...>
[pid 216260] 11:21:52.009260 setuid(0 <unfinished ...>
[pid 216261] 11:21:52.009305 <... rt_sigreturn resumed>) = -1 EINTR (Interrupted system call)
[pid 216260] 11:21:52.009339 <... setuid resumed>) = 0
[pid 216261] 11:21:52.009421 futex(0xeec8c0, FUTEX_WAIT_PRIVATE, 0, {tv_sec=59, tv_nsec=997320167} <unfinished ...>
[pid 216260] 11:21:52.009489 futex(0xeec8c0, FUTEX_WAKE_PRIVATE, 1 <unfinished ...>
[pid 216261] 11:21:52.009551 <... futex resumed>) = -1 EAGAIN (Resource temporarily unavailable)
[pid 216260] 11:21:52.009602 <... futex resumed>) = 0
[pid 216261] 11:21:52.009661 sched_yield( <unfinished ...>
[pid 216260] 11:21:52.009687 getcwd( <unfinished ...>
[pid 216261] 11:21:52.009708 <... sched_yield resumed>) = 0
[pid 216260] 11:21:52.009728 <... getcwd resumed>"/", 4096) = 2
[pid 216261] 11:21:52.009772 nanosleep({tv_sec=0, tv_nsec=20000},  <unfinished ...>
[pid 216260] 11:21:52.009810 prctl(PR_SET_KEEPCAPS, 0) = 0
[pid 216261] 11:21:52.009923 <... nanosleep resumed>NULL) = 0
[pid 216260] 11:21:52.009968 capget({version=_LINUX_CAPABILITY_VERSION_3, pid=0},  <unfinished ...>
[pid 216261] 11:21:52.010002 nanosleep({tv_sec=0, tv_nsec=20000},  <unfinished ...>
[pid 216260] 11:21:52.010030 <... capget resumed>{effective=1<<CAP_CHOWN|1<<CAP_DAC_OVERRIDE|1<<CAP_DAC_READ_SEARCH|1<<CAP_FOWNER|1<<CAP_FSETID|1<<CAP_KILL|1<<CAP_SETGID|1<<CAP_SETUID|1<<CAP_SETPCAP|1<<CAP_LINUX_IMMUTABLE|1<<CAP_NET_BIND_SERVICE|1<<CAP_NET_BROADCAST|1<<CAP_NET_ADMIN|1<<CAP_NET_RAW|1<<CAP_IPC_LOCK|1<<CAP_IPC_OWNER|1<<CAP_SYS_MODULE|1<<CAP_SYS_RAWIO|1<<CAP_SYS_CHROOT|1<<CAP_SYS_PTRACE|1<<CAP_SYS_PACCT|1<<CAP_SYS_ADMIN|1<<CAP_SYS_BOOT|1<<CAP_SYS_NICE|1<<CAP_SYS_RESOURCE|1<<CAP_SYS_TIME|1<<CAP_SYS_TTY_CONFIG|1<<CAP_MKNOD|1<<CAP_LEASE|1<<CAP_AUDIT_WRITE|1<<CAP_AUDIT_CONTROL|1<<CAP_SETFCAP|1<<CAP_MAC_OVERRIDE|1<<CAP_MAC_ADMIN|1<<CAP_SYSLOG|1<<CAP_WAKE_ALARM|1<<CAP_BLOCK_SUSPEND|1<<CAP_AUDIT_READ|1<<CAP_PERFMON|1<<CAP_BPF|1<<CAP_CHECKPOINT_RESTORE, permitted=1<<CAP_CHOWN|1<<CAP_DAC_OVERRIDE|1<<CAP_DAC_READ_SEARCH|1<<CAP_FOWNER|1<<CAP_FSETID|1<<CAP_KILL|1<<CAP_SETGID|1<<CAP_SETUID|1<<CAP_SETPCAP|1<<CAP_LINUX_IMMUTABLE|1<<CAP_NET_BIND_SERVICE|1<<CAP_NET_BROADCAST|1<<CAP_NET_ADMIN|1<<CAP_NET_RAW|1<<CAP_IPC_LOCK|1<<CAP_IPC_OWNER|1<<CAP_SYS_MODULE|1<<CAP_SYS_RAWIO|1<<CAP_SYS_CHROOT|1<<CAP_SYS_PTRACE|1<<CAP_SYS_PACCT|1<<CAP_SYS_ADMIN|1<<CAP_SYS_BOOT|1<<CAP_SYS_NICE|1<<CAP_SYS_RESOURCE|1<<CAP_SYS_TIME|1<<CAP_SYS_TTY_CONFIG|1<<CAP_MKNOD|1<<CAP_LEASE|1<<CAP_AUDIT_WRITE|1<<CAP_AUDIT_CONTROL|1<<CAP_SETFCAP|1<<CAP_MAC_OVERRIDE|1<<CAP_MAC_ADMIN|1<<CAP_SYSLOG|1<<CAP_WAKE_ALARM|1<<CAP_BLOCK_SUSPEND|1<<CAP_AUDIT_READ|1<<CAP_PERFMON|1<<CAP_BPF|1<<CAP_CHECKPOINT_RESTORE, inheritable=0}) = 0
[pid 216260] 11:21:52.010095 prctl(PR_CAPBSET_DROP, CAP_CHOWN <unfinished ...>
[pid 216261] 11:21:52.010183 <... nanosleep resumed>NULL) = 0
[pid 216260] 11:21:52.010208 <... prctl resumed>) = 0
[pid 216261] 11:21:52.010250 nanosleep({tv_sec=0, tv_nsec=20000},  <unfinished ...>
[pid 216260] 11:21:52.010281 prctl(PR_CAPBSET_DROP, CAP_DAC_OVERRIDE) = 0
[pid 216260] 11:21:52.010369 prctl(PR_CAPBSET_DROP, CAP_DAC_READ_SEARCH <unfinished ...>
[pid 216261] 11:21:52.010396 <... nanosleep resumed>NULL) = 0
[pid 216260] 11:21:52.010418 <... prctl resumed>) = 0
[pid 216261] 11:21:52.010456 nanosleep({tv_sec=0, tv_nsec=20000},  <unfinished ...>
[pid 216260] 11:21:52.010483 prctl(PR_CAPBSET_DROP, CAP_FOWNER) = 0
[pid 216261] 11:21:52.010602 <... nanosleep resumed>NULL) = 0
[pid 216260] 11:21:52.010646 prctl(PR_CAPBSET_DROP, CAP_FSETID <unfinished ...>
[pid 216261] 11:21:52.010673 nanosleep({tv_sec=0, tv_nsec=20000},  <unfinished ...>
[pid 216260] 11:21:52.010703 <... prctl resumed>) = 0
[pid 216260] 11:21:52.010754 prctl(PR_CAPBSET_DROP, CAP_KILL <unfinished ...>
[pid 216261] 11:21:52.010838 <... nanosleep resumed>NULL) = 0
[pid 216260] 11:21:52.010876 <... prctl resumed>) = 0
[pid 216261] 11:21:52.010901 nanosleep({tv_sec=0, tv_nsec=20000},  <unfinished ...>
[pid 216260] 11:21:52.011009 prctl(PR_CAPBSET_DROP, CAP_SETGID <unfinished ...>
[pid 216261] 11:21:52.011071 <... nanosleep resumed>NULL) = 0
[pid 216260] 11:21:52.011097 <... prctl resumed>) = 0
[pid 216260] 11:21:52.011154 prctl(PR_CAPBSET_DROP, CAP_SETUID <unfinished ...>
[pid 216261] 11:21:52.011202 nanosleep({tv_sec=0, tv_nsec=20000},  <unfinished ...>
[pid 216260] 11:21:52.011233 <... prctl resumed>) = 0
[pid 216260] 11:21:52.011297 prctl(PR_CAPBSET_DROP, CAP_SETPCAP <unfinished ...>
[pid 216261] 11:21:52.011341 <... nanosleep resumed>NULL) = 0
[pid 216260] 11:21:52.011361 <... prctl resumed>) = 0
[pid 216261] 11:21:52.011381 epoll_pwait(9,  <unfinished ...>
[pid 216260] 11:21:52.011403 prctl(PR_CAPBSET_DROP, CAP_LINUX_IMMUTABLE <unfinished ...>
[pid 216261] 11:21:52.011421 <... epoll_pwait resumed>[], 128, 0, NULL, 0) = 0
[pid 216261] 11:21:52.011457 nanosleep({tv_sec=0, tv_nsec=20000},  <unfinished ...>
[pid 216260] 11:21:52.011509 <... prctl resumed>) = 0
[pid 216260] 11:21:52.011561 prctl(PR_CAPBSET_DROP, CAP_NET_BIND_SERVICE <unfinished ...>
[pid 216261] 11:21:52.011630 <... nanosleep resumed>NULL) = 0
[pid 216260] 11:21:52.011655 <... prctl resumed>) = 0
[pid 216261] 11:21:52.011690 nanosleep({tv_sec=0, tv_nsec=20000},  <unfinished ...>
[pid 216260] 11:21:52.011718 prctl(PR_CAPBSET_DROP, CAP_NET_BROADCAST) = 0
[pid 216261] 11:21:52.011788 <... nanosleep resumed>NULL) = 0
[pid 216260] 11:21:52.011811 prctl(PR_CAPBSET_DROP, CAP_NET_ADMIN <unfinished ...>
[pid 216261] 11:21:52.011834 nanosleep({tv_sec=0, tv_nsec=20000},  <unfinished ...>
[pid 216260] 11:21:52.011859 <... prctl resumed>) = 0
[pid 216260] 11:21:52.011920 prctl(PR_CAPBSET_DROP, CAP_NET_RAW <unfinished ...>
[pid 216261] 11:21:52.011971 <... nanosleep resumed>NULL) = 0
[pid 216260] 11:21:52.011998 <... prctl resumed>) = 0
[pid 216261] 11:21:52.012040 nanosleep({tv_sec=0, tv_nsec=20000},  <unfinished ...>
[pid 216260] 11:21:52.012068 prctl(PR_CAPBSET_DROP, CAP_IPC_LOCK) = 0
[pid 216261] 11:21:52.012193 <... nanosleep resumed>NULL) = 0
[pid 216260] 11:21:52.012218 prctl(PR_CAPBSET_DROP, CAP_IPC_OWNER <unfinished ...>
[pid 216261] 11:21:52.012260 nanosleep({tv_sec=0, tv_nsec=20000},  <unfinished ...>
[pid 216260] 11:21:52.012287 <... prctl resumed>) = 0
[pid 216260] 11:21:52.012345 prctl(PR_CAPBSET_DROP, CAP_SYS_MODULE <unfinished ...>
[pid 216261] 11:21:52.012392 <... nanosleep resumed>NULL) = 0
[pid 216260] 11:21:52.012414 <... prctl resumed>) = 0
[pid 216261] 11:21:52.012436 nanosleep({tv_sec=0, tv_nsec=20000},  <unfinished ...>
[pid 216260] 11:21:52.012464 prctl(PR_CAPBSET_DROP, CAP_SYS_RAWIO <unfinished ...>
[pid 216261] 11:21:52.012610 <... nanosleep resumed>NULL) = 0
[pid 216260] 11:21:52.012638 <... prctl resumed>) = 0
[pid 216261] 11:21:52.012669 nanosleep({tv_sec=0, tv_nsec=20000},  <unfinished ...>
[pid 216260] 11:21:52.012700 prctl(PR_CAPBSET_DROP, CAP_SYS_CHROOT <unfinished ...>
[pid 216261] 11:21:52.012872 <... nanosleep resumed>NULL) = 0
[pid 216261] 11:21:52.012943 getpid()   = 1
[pid 216260] 11:21:52.013082 <... prctl resumed>) = 0
[pid 216261] 11:21:52.013108 tgkill(1, 1, SIGURG) = 0
[pid 216260] 11:21:52.013179 futex(0xc00006d948, FUTEX_WAKE_PRIVATE, 1 <unfinished ...>
[pid 216261] 11:21:52.013259 nanosleep({tv_sec=0, tv_nsec=20000},  <unfinished ...>
[pid 216263] 11:21:52.013293 <... futex resumed>) = 0
[pid 216260] 11:21:52.013360 <... futex resumed>) = 1
[pid 216263] 11:21:52.013442 futex(0xeeaf80, FUTEX_WAKE_PRIVATE, 1 <unfinished ...>
[pid 216261] 11:21:52.013469 <... nanosleep resumed>NULL) = 0
[pid 216260] 11:21:52.013491 --- SIGURG {si_signo=SIGURG, si_code=SI_TKILL, si_pid=1, si_uid=0} ---
[pid 216263] 11:21:52.013563 <... futex resumed>) = 0
[pid 216261] 11:21:52.013609 nanosleep({tv_sec=0, tv_nsec=20000},  <unfinished ...>
[pid 216263] 11:21:52.013649 futex(0xc00006d948, FUTEX_WAIT_PRIVATE, 0, NULL <unfinished ...>
[pid 216260] 11:21:52.013719 rt_sigreturn({mask=[]} <unfinished ...>
[pid 216261] 11:21:52.013767 <... nanosleep resumed>NULL) = 0
[pid 216260] 11:21:52.013797 <... rt_sigreturn resumed>) = 1
[pid 216261] 11:21:52.013851 nanosleep({tv_sec=0, tv_nsec=20000},  <unfinished ...>
[pid 216260] 11:21:52.013917 prctl(PR_CAPBSET_DROP, CAP_SYS_PTRACE) = 0
[pid 216260] 11:21:52.014002 prctl(PR_CAPBSET_DROP, CAP_SYS_PACCT <unfinished ...>
[pid 216261] 11:21:52.014064 <... nanosleep resumed>NULL) = 0
[pid 216260] 11:21:52.014092 <... prctl resumed>) = 0
[pid 216261] 11:21:52.014118 nanosleep({tv_sec=0, tv_nsec=20000},  <unfinished ...>
[pid 216260] 11:21:52.014150 prctl(PR_CAPBSET_DROP, CAP_SYS_ADMIN) = 0
[pid 216261] 11:21:52.014271 <... nanosleep resumed>NULL) = 0
[pid 216260] 11:21:52.014299 prctl(PR_CAPBSET_DROP, CAP_SYS_BOOT <unfinished ...>
[pid 216261] 11:21:52.014363 nanosleep({tv_sec=0, tv_nsec=20000},  <unfinished ...>
[pid 216260] 11:21:52.014393 <... prctl resumed>) = 0
[pid 216260] 11:21:52.014447 prctl(PR_CAPBSET_DROP, CAP_SYS_NICE <unfinished ...>
[pid 216261] 11:21:52.014506 <... nanosleep resumed>NULL) = 0
[pid 216260] 11:21:52.014529 <... prctl resumed>) = 0
[pid 216261] 11:21:52.014578 nanosleep({tv_sec=0, tv_nsec=20000},  <unfinished ...>
[pid 216260] 11:21:52.014631 prctl(PR_CAPBSET_DROP, CAP_SYS_RESOURCE) = 0
[pid 216260] 11:21:52.014737 prctl(PR_CAPBSET_DROP, CAP_SYS_TIME <unfinished ...>
[pid 216261] 11:21:52.014779 <... nanosleep resumed>NULL) = 0
[pid 216260] 11:21:52.014802 <... prctl resumed>) = 0
[pid 216261] 11:21:52.014826 nanosleep({tv_sec=0, tv_nsec=20000},  <unfinished ...>
[pid 216260] 11:21:52.014855 prctl(PR_CAPBSET_DROP, CAP_SYS_TTY_CONFIG) = 0
[pid 216261] 11:21:52.014971 <... nanosleep resumed>NULL) = 0
[pid 216260] 11:21:52.015017 prctl(PR_CAPBSET_DROP, CAP_MKNOD <unfinished ...>
[pid 216261] 11:21:52.015044 nanosleep({tv_sec=0, tv_nsec=20000},  <unfinished ...>
[pid 216260] 11:21:52.015073 <... prctl resumed>) = 0
[pid 216260] 11:21:52.015138 prctl(PR_CAPBSET_DROP, CAP_LEASE <unfinished ...>
[pid 216261] 11:21:52.015179 <... nanosleep resumed>NULL) = 0
[pid 216260] 11:21:52.015198 <... prctl resumed>) = 0
[pid 216261] 11:21:52.015219 nanosleep({tv_sec=0, tv_nsec=20000},  <unfinished ...>
[pid 216260] 11:21:52.015249 prctl(PR_CAPBSET_DROP, CAP_AUDIT_WRITE) = 0
[pid 216261] 11:21:52.015362 <... nanosleep resumed>NULL) = 0
[pid 216260] 11:21:52.015388 prctl(PR_CAPBSET_DROP, CAP_AUDIT_CONTROL <unfinished ...>
[pid 216261] 11:21:52.015460 nanosleep({tv_sec=0, tv_nsec=20000},  <unfinished ...>
[pid 216260] 11:21:52.015492 <... prctl resumed>) = 0
[pid 216260] 11:21:52.015551 prctl(PR_CAPBSET_DROP, CAP_SETFCAP <unfinished ...>
[pid 216261] 11:21:52.015631 <... nanosleep resumed>NULL) = 0
[pid 216260] 11:21:52.015657 <... prctl resumed>) = 0
[pid 216261] 11:21:52.015708 nanosleep({tv_sec=0, tv_nsec=20000},  <unfinished ...>
[pid 216260] 11:21:52.015756 prctl(PR_CAPBSET_DROP, CAP_MAC_OVERRIDE) = 0
[pid 216261] 11:21:52.015874 <... nanosleep resumed>NULL) = 0
[pid 216260] 11:21:52.015915 prctl(PR_CAPBSET_DROP, CAP_MAC_ADMIN <unfinished ...>
[pid 216261] 11:21:52.015940 nanosleep({tv_sec=0, tv_nsec=20000},  <unfinished ...>
[pid 216260] 11:21:52.015968 <... prctl resumed>) = 0
[pid 216260] 11:21:52.016030 prctl(PR_CAPBSET_DROP, CAP_SYSLOG <unfinished ...>
[pid 216261] 11:21:52.016072 <... nanosleep resumed>NULL) = 0
[pid 216260] 11:21:52.016094 <... prctl resumed>) = 0
[pid 216261] 11:21:52.016154 nanosleep({tv_sec=0, tv_nsec=20000},  <unfinished ...>
[pid 216260] 11:21:52.016204 prctl(PR_CAPBSET_DROP, CAP_WAKE_ALARM) = 0
[pid 216260] 11:21:52.016315 prctl(PR_CAPBSET_DROP, CAP_BLOCK_SUSPEND <unfinished ...>
[pid 216261] 11:21:52.016349 <... nanosleep resumed>NULL) = 0
[pid 216260] 11:21:52.016368 <... prctl resumed>) = 0
[pid 216261] 11:21:52.016421 nanosleep({tv_sec=0, tv_nsec=20000},  <unfinished ...>
[pid 216260] 11:21:52.016472 prctl(PR_CAPBSET_DROP, CAP_AUDIT_READ) = 0
[pid 216261] 11:21:52.016587 <... nanosleep resumed>NULL) = 0
[pid 216260] 11:21:52.016625 prctl(PR_CAPBSET_DROP, CAP_PERFMON <unfinished ...>
[pid 216261] 11:21:52.016675 nanosleep({tv_sec=0, tv_nsec=20000},  <unfinished ...>
[pid 216260] 11:21:52.016704 <... prctl resumed>) = 0
[pid 216260] 11:21:52.016769 prctl(PR_CAPBSET_DROP, CAP_BPF <unfinished ...>
[pid 216261] 11:21:52.016849 <... nanosleep resumed>NULL) = 0
[pid 216260] 11:21:52.016877 <... prctl resumed>) = 0
[pid 216261] 11:21:52.016900 nanosleep({tv_sec=0, tv_nsec=20000},  <unfinished ...>
[pid 216260] 11:21:52.016943 prctl(PR_CAPBSET_DROP, CAP_CHECKPOINT_RESTORE) = 0
[pid 216261] 11:21:52.017070 <... nanosleep resumed>NULL) = 0
[pid 216260] 11:21:52.017112 capset({version=_LINUX_CAPABILITY_VERSION_3, pid=0}, {effective=0, permitted=0, inheritable=0} <unfinished ...>
[pid 216261] 11:21:52.017151 nanosleep({tv_sec=0, tv_nsec=20000},  <unfinished ...>
[pid 216260] 11:21:52.017179 <... capset resumed>) = 0
[pid 216260] 11:21:52.017241 prctl(PR_CAP_AMBIENT, PR_CAP_AMBIENT_CLEAR_ALL, 0, 0, 0) = 0
[pid 216261] 11:21:52.017315 <... nanosleep resumed>NULL) = 0
[pid 216260] 11:21:52.017338 getppid( <unfinished ...>
[pid 216261] 11:21:52.017359 nanosleep({tv_sec=0, tv_nsec=20000},  <unfinished ...>
[pid 216260] 11:21:52.017399 <... getppid resumed>) = 0
[pid 216260] 11:21:52.017489 newfstatat(AT_FDCWD, "/probe",  <unfinished ...>
[pid 216261] 11:21:52.017557 <... nanosleep resumed>NULL) = 0
[pid 216260] 11:21:52.017587 <... newfstatat resumed>{st_mode=S_IFREG|0755, st_size=1679520, ...}, 0) = 0
[pid 216261] 11:21:52.017714 nanosleep({tv_sec=0, tv_nsec=20000},  <unfinished ...>
[pid 216260] 11:21:52.017749 faccessat2(AT_FDCWD, "/probe", X_OK, AT_EACCESS <unfinished ...>
[pid 216261] 11:21:52.017834 <... nanosleep resumed>NULL) = 0
[pid 216260] 11:21:52.017857 <... faccessat2 resumed>) = 0
[pid 216261] 11:21:52.017913 nanosleep({tv_sec=0, tv_nsec=20000}, NULL) = 0
[pid 216261] 11:21:52.018143 nanosleep({tv_sec=0, tv_nsec=20000},  <unfinished ...>
[pid 216260] 11:21:52.018176 pipe2([8, 11], O_CLOEXEC) = 0
[pid 216261] 11:21:52.018318 <... nanosleep resumed>NULL) = 0
[pid 216260] 11:21:52.018349 fcntl(8, F_GETFL <unfinished ...>
[pid 216261] 11:21:52.018375 nanosleep({tv_sec=0, tv_nsec=20000},  <unfinished ...>
[pid 216260] 11:21:52.018404 <... fcntl resumed>) = 0 (flags O_RDONLY)
[pid 216260] 11:21:52.018467 fcntl(8, F_SETFL, O_RDONLY|O_NONBLOCK <unfinished ...>
[pid 216261] 11:21:52.018525 <... nanosleep resumed>NULL) = 0
[pid 216260] 11:21:52.018551 <... fcntl resumed>) = 0
[pid 216261] 11:21:52.018570 nanosleep({tv_sec=0, tv_nsec=20000},  <unfinished ...>
[pid 216260] 11:21:52.018596 epoll_ctl(9, EPOLL_CTL_ADD, 8, {events=EPOLLIN|EPOLLOUT|EPOLLRDHUP|EPOLLET, data={u32=1592786963, u64=8212740833262174227}}) = 0
[pid 216261] 11:21:52.018773 <... nanosleep resumed>NULL) = 0
[pid 216260] 11:21:52.018821 fcntl(11, F_GETFL <unfinished ...>
[pid 216261] 11:21:52.018847 nanosleep({tv_sec=0, tv_nsec=20000},  <unfinished ...>
[pid 216260] 11:21:52.018872 <... fcntl resumed>) = 0x1 (flags O_WRONLY)
[pid 216260] 11:21:52.018917 fcntl(11, F_SETFL, O_WRONLY|O_NONBLOCK <unfinished ...>
[pid 216261] 11:21:52.018972 <... nanosleep resumed>NULL) = 0
[pid 216260] 11:21:52.018994 <... fcntl resumed>) = 0
[pid 216261] 11:21:52.019020 nanosleep({tv_sec=0, tv_nsec=20000},  <unfinished ...>
[pid 216260] 11:21:52.019048 epoll_ctl(9, EPOLL_CTL_ADD, 11, {events=EPOLLIN|EPOLLOUT|EPOLLRDHUP|EPOLLET, data={u32=1574436865, u64=8212740833243824129}}) = 0
[pid 216261] 11:21:52.019151 <... nanosleep resumed>NULL) = 0
[pid 216261] 11:21:52.019213 nanosleep({tv_sec=0, tv_nsec=20000},  <unfinished ...>
[pid 216260] 11:21:52.019242 fcntl(11, F_GETFL) = 0x801 (flags O_WRONLY|O_NONBLOCK)
[pid 216261] 11:21:52.019351 <... nanosleep resumed>NULL) = 0
[pid 216260] 11:21:52.019377 fcntl(11, F_SETFL, O_WRONLY <unfinished ...>
[pid 216261] 11:21:52.019403 nanosleep({tv_sec=0, tv_nsec=20000},  <unfinished ...>
[pid 216260] 11:21:52.019432 <... fcntl resumed>) = 0
[pid 216261] 11:21:52.019562 <... nanosleep resumed>NULL) = 0
[pid 216261] 11:21:52.019635 nanosleep({tv_sec=0, tv_nsec=20000},  <unfinished ...>
[pid 216260] 11:21:52.019758 write(11, " \0\0\0\4\0\0\0\25\0\0\223>\0\0\300 \0\0\0\0\0\0\0005\0\0\1\0\0\0@"..., 1200 <unfinished ...>
[pid 216261] 11:21:52.019794 <... nanosleep resumed>NULL) = 0
[pid 216260] 11:21:52.019814 <... write resumed>) = 1200
[pid 216261] 11:21:52.019832 futex(0xc00006d948, FUTEX_WAKE_PRIVATE, 1 <unfinished ...>
[pid 216260] 11:21:52.019854 futex(0xeeaf80, FUTEX_WAIT_PRIVATE, 0, NULL <unfinished ...>
[pid 216263] 11:21:52.019879 <... futex resumed>) = 0
[pid 216261] 11:21:52.019897 <... futex resumed>) = 1
[pid 216263] 11:21:52.019956 read(8,  <unfinished ...>
[pid 216261] 11:21:52.019994 nanosleep({tv_sec=0, tv_nsec=20000},  <unfinished ...>
[pid 216263] 11:21:52.020027 <... read resumed>" \0\0\0\4\0\0\0\25\0\0\223>\0\0\300 \0\0\0\0\0\0\0005\0\0\1\0\0\0@"..., 512) = 512
[pid 216263] 11:21:52.020140 read(8,  <unfinished ...>
[pid 216261] 11:21:52.020188 <... nanosleep resumed>NULL) = 0
[pid 216263] 11:21:52.020212 <... read resumed>"\25\0S\0\212\0\0\0\25\0R\0\211\0\0\0\25\0QP\203\0\0\0%\0\0\tb\0\0\0"..., 512) = 512
[pid 216261] 11:21:52.020242 nanosleep({tv_sec=0, tv_nsec=20000},  <unfinished ...>
[pid 216263] 11:21:52.020271 read(8, "%\0\0\4\16\0\0\0\25\0\22\0\22\0\0\0\25\0\21\0\21\0\0\0\25\0\20\0\20\0\0\0"..., 1024) = 176
[pid 216263] 11:21:52.020439 read(8,  <unfinished ...>
[pid 216261] 11:21:52.020476 <... nanosleep resumed>NULL) = 0
[pid 216263] 11:21:52.020507 <... read resumed>0xc0002004b0, 848) = -1 EAGAIN (Resource temporarily unavailable)
[pid 216261] 11:21:52.020533 nanosleep({tv_sec=0, tv_nsec=20000},  <unfinished ...>
[pid 216263] 11:21:52.020562 futex(0xeeaf80, FUTEX_WAKE_PRIVATE, 1) = 1
[pid 216260] 11:21:52.020682 <... futex resumed>) = 0
[pid 216263] 11:21:52.020713 futex(0xc00006d948, FUTEX_WAIT_PRIVATE, 0, NULL <unfinished ...>
[pid 216261] 11:21:52.020737 <... nanosleep resumed>NULL) = 0
[pid 216260] 11:21:52.020761 epoll_ctl(9, EPOLL_CTL_DEL, 11, 0xc0001a1484 <unfinished ...>
[pid 216261] 11:21:52.020801 nanosleep({tv_sec=0, tv_nsec=20000},  <unfinished ...>
[pid 216260] 11:21:52.020830 <... epoll_ctl resumed>) = 0
[pid 216260] 11:21:52.020892 close(11 <unfinished ...>
[pid 216261] 11:21:52.020970 <... nanosleep resumed>NULL) = 0
[pid 216260] 11:21:52.020993 <... close resumed>) = 0
[pid 216261] 11:21:52.021040 nanosleep({tv_sec=0, tv_nsec=20000},  <unfinished ...>
[pid 216260] 11:21:52.021081 futex(0xc00006d948, FUTEX_WAKE_PRIVATE, 1 <unfinished ...>
[pid 216263] 11:21:52.021146 <... futex resumed>) = 0
[pid 216260] 11:21:52.021154 <... futex resumed>) = 1
[pid 216263] 11:21:52.021200 epoll_pwait(9,  <unfinished ...>
[pid 216261] 11:21:52.021236 <... nanosleep resumed>NULL) = 0
[pid 216260] 11:21:52.021259 futex(0xeeaf80, FUTEX_WAIT_PRIVATE, 0, NULL <unfinished ...>
[pid 216263] 11:21:52.021289 <... epoll_pwait resumed>[{events=EPOLLHUP, data={u32=1592786963, u64=8212740833262174227}}], 128, 0, NULL, 0) = 1
[pid 216261] 11:21:52.021317 nanosleep({tv_sec=0, tv_nsec=20000},  <unfinished ...>
[pid 216263] 11:21:52.021355 read(8, "", 848) = 0
[pid 216263] 11:21:52.021477 futex(0xeeaf80, FUTEX_WAKE_PRIVATE, 1 <unfinished ...>
[pid 216261] 11:21:52.021523 <... nanosleep resumed>NULL) = 0
[pid 216263] 11:21:52.021551 <... futex resumed>) = 1
[pid 216261] 11:21:52.021574 epoll_pwait(9,  <unfinished ...>
[pid 216260] 11:21:52.021594 <... futex resumed>) = 0
[pid 216263] 11:21:52.021617 futex(0xc00006d948, FUTEX_WAIT_PRIVATE, 0, NULL <unfinished ...>
[pid 216261] 11:21:52.021652 <... epoll_pwait resumed>[], 128, 0, NULL, 0) = 0
[pid 216261] 11:21:52.021718 nanosleep({tv_sec=0, tv_nsec=20000},  <unfinished ...>
[pid 216260] 11:21:52.021799 epoll_ctl(9, EPOLL_CTL_DEL, 8, 0xc0001a146c) = 0
[pid 216261] 11:21:52.021903 <... nanosleep resumed>NULL) = 0
[pid 216260] 11:21:52.021932 close(8 <unfinished ...>
[pid 216261] 11:21:52.021955 nanosleep({tv_sec=0, tv_nsec=20000},  <unfinished ...>
[pid 216260] 11:21:52.022085 <... close resumed>) = 0
[pid 216261] 11:21:52.022112 <... nanosleep resumed>NULL) = 0
[pid 216261] 11:21:52.022175 nanosleep({tv_sec=0, tv_nsec=20000}, NULL) = 0
[pid 216261] 11:21:52.022409 nanosleep({tv_sec=0, tv_nsec=20000}, NULL) = 0
[pid 216261] 11:21:52.022673 nanosleep({tv_sec=0, tv_nsec=20000},  <unfinished ...>
[pid 216260] 11:21:52.022723 seccomp(SECCOMP_SET_MODE_FILTER, SECCOMP_FILTER_FLAG_SPEC_ALLOW, {len=159, filter=0xc000201000} <unfinished ...>
[pid 216261] 11:21:52.022872 <... nanosleep resumed>NULL) = 0
[pid 216261] 11:21:52.022938 nanosleep({tv_sec=0, tv_nsec=20000},  <unfinished ...>
[pid 216260] 11:21:52.023012 <... seccomp resumed>) = 0
[pid 216260] 11:21:52.023092 close(4 <unfinished ...>
[pid 216261] 11:21:52.023130 <... nanosleep resumed>NULL) = 0
[pid 216261] 11:21:52.023186 nanosleep({tv_sec=0, tv_nsec=20000},  <unfinished ...>
[pid 216260] 11:21:52.023213 <... close resumed>) = 0
[pid 216245] 11:21:52.023236 <... recvfrom resumed>"", 0, MSG_PEEK|MSG_TRUNC, 0xc000498000, [112 => 0]) = 0
[pid 216260] 11:21:52.023289 close(5 <unfinished ...>
[pid 216245] 11:21:52.023315 futex(0xeec8c0, FUTEX_WAKE_PRIVATE, 1 <unfinished ...>
[pid 216261] 11:21:52.023383 <... nanosleep resumed>NULL) = 0
[pid 216260] 11:21:52.023407 <... close resumed>) = 0
[pid 216256] 11:21:52.023425 <... epoll_pwait resumed>[{events=EPOLLHUP, data={u32=2270167041, u64=8428155477016182785}}], 128, -1, NULL, 0) = 1
[pid 216261] 11:21:52.023461 nanosleep({tv_sec=0, tv_nsec=20000},  <unfinished ...>
[pid 216260] 11:21:52.023490 fstatfs(13,  <unfinished ...>
[pid 216246] 11:21:52.023502 <... futex resumed>) = 0
[pid 216245] 11:21:52.023519 <... futex resumed>) = 1
[pid 216260] 11:21:52.023541 <... fstatfs resumed>{f_type=PROC_SUPER_MAGIC, f_bsize=4096, f_blocks=0, f_bfree=0, f_bavail=0, f_files=0, f_ffree=0, f_fsid={val=[0x57, 0]}, f_namelen=255, f_frsize=4096, f_flags=ST_VALID|ST_NOSUID|ST_NODEV|ST_NOEXEC|ST_RELATIME}) = 0
[pid 216256] 11:21:52.023569 sched_yield( <unfinished ...>
[pid 216246] 11:21:52.023589 sched_yield( <unfinished ...>
[pid 216245] 11:21:52.023600 shutdown(18, SHUT_WR <unfinished ...>
[pid 216261] 11:21:52.023623 <... nanosleep resumed>NULL) = 0
[pid 216260] 11:21:52.023634 fstat(13,  <unfinished ...>
[pid 216256] 11:21:52.023654 <... sched_yield resumed>) = 0
[pid 216246] 11:21:52.023677 <... sched_yield resumed>) = 0
[pid 216261] 11:21:52.023713 nanosleep({tv_sec=0, tv_nsec=20000},  <unfinished ...>
[pid 216260] 11:21:52.023738 <... fstat resumed>{st_mode=S_IFDIR|0555, st_size=0, ...}) = 0
[pid 216256] 11:21:52.023762 read(19,  <unfinished ...>
[pid 216245] 11:21:52.023798 <... shutdown resumed>) = 0
[pid 216260] 11:21:52.023818 openat2(AT_FDCWD, ".", {flags=O_RDONLY|O_CLOEXEC|O_PATH, resolve=RESOLVE_NO_SYMLINKS|RESOLVE_IN_ROOT}, 24 <unfinished ...>
[pid 216256] 11:21:52.023846 <... read resumed>"", 4096) = 0
[pid 216246] 11:21:52.023873 nanosleep({tv_sec=0, tv_nsec=20000},  <unfinished ...>
[pid 216261] 11:21:52.023902 <... nanosleep resumed>NULL) = 0
[pid 216260] 11:21:52.023924 <... openat2 resumed>) = 4
[pid 216256] 11:21:52.023956 epoll_ctl(4, EPOLL_CTL_DEL, 19, 0xc00007a624 <unfinished ...>
[pid 216245] 11:21:52.023978 close(15 <unfinished ...>
[pid 216261] 11:21:52.024002 nanosleep({tv_sec=0, tv_nsec=20000},  <unfinished ...>
[pid 216260] 11:21:52.024032 close(4 <unfinished ...>
[pid 216256] 11:21:52.024071 <... epoll_ctl resumed>) = 0
[pid 216246] 11:21:52.024093 <... nanosleep resumed>NULL) = 0
[pid 216260] 11:21:52.024109 <... close resumed>) = 0
[pid 216245] 11:21:52.024129 <... close resumed>) = 0
[pid 216261] 11:21:52.024153 <... nanosleep resumed>NULL) = 0
[pid 216260] 11:21:52.024162 openat2(13, "thread-self/fd/", {flags=O_RDONLY|O_NOFOLLOW|O_CLOEXEC|O_PATH, resolve=RESOLVE_NO_XDEV|RESOLVE_NO_MAGICLINKS|RESOLVE_BENEATH}, 24 <unfinished ...>
[pid 216256] 11:21:52.024201 close(19 <unfinished ...>
[pid 216246] 11:21:52.024220 nanosleep({tv_sec=0, tv_nsec=20000},  <unfinished ...>
[pid 216261] 11:21:52.024245 nanosleep({tv_sec=0, tv_nsec=20000},  <unfinished ...>
[pid 216260] 11:21:52.024269 <... openat2 resumed>) = 4
[pid 216256] 11:21:52.024291 <... close resumed>) = 0
[pid 216245] 11:21:52.024329 close(18 <unfinished ...>
[pid 216260] 11:21:52.024367 fcntl(4, F_GETFL <unfinished ...>
[pid 216256] 11:21:52.024390 futex(0xc000400148, FUTEX_WAIT_PRIVATE, 0, NULL <unfinished ...>
[pid 216261] 11:21:52.024414 <... nanosleep resumed>NULL) = 0
[pid 216260] 11:21:52.024431 <... fcntl resumed>) = 0x220000 (flags O_RDONLY|O_NOFOLLOW|O_PATH)
[pid 216246] 11:21:52.024449 <... nanosleep resumed>NULL) = 0
[pid 216245] 11:21:52.024467 <... close resumed>) = 0
[pid 216261] 11:21:52.024497 nanosleep({tv_sec=0, tv_nsec=20000},  <unfinished ...>
[pid 216260] 11:21:52.024516 statx(13, "", AT_STATX_SYNC_AS_STAT|AT_SYMLINK_NOFOLLOW|AT_EMPTY_PATH, STATX_MNT_ID|STATX_MNT_ID_UNIQUE,  <unfinished ...>
[pid 216246] 11:21:52.024540 futex(0xc000400148, FUTEX_WAKE_PRIVATE, 1 <unfinished ...>
[pid 216260] 11:21:52.024564 <... statx resumed>{stx_mask=STATX_BASIC_STATS|STATX_MNT_ID_UNIQUE, stx_attributes=STATX_ATTR_MOUNT_ROOT, stx_mode=S_IFDIR|0555, stx_size=0, ...}) = 0
[pid 216245] 11:21:52.024594 close(23 <unfinished ...>
[pid 216260] 11:21:52.024640 statx(4, "7", AT_STATX_SYNC_AS_STAT|AT_SYMLINK_NOFOLLOW|AT_EMPTY_PATH, STATX_MNT_ID|STATX_MNT_ID_UNIQUE,  <unfinished ...>
[pid 216256] 11:21:52.024659 <... futex resumed>) = 0
[pid 216246] 11:21:52.024677 <... futex resumed>) = 1
[pid 216261] 11:21:52.024701 <... nanosleep resumed>NULL) = 0
[pid 216245] 11:21:52.024724 <... close resumed>) = 0
[pid 216261] 11:21:52.024762 nanosleep({tv_sec=0, tv_nsec=20000},  <unfinished ...>
[pid 216260] 11:21:52.024788 <... statx resumed>{stx_mask=STATX_BASIC_STATS|STATX_MNT_ID_UNIQUE, stx_attributes=0, stx_mode=S_IFLNK|000, stx_size=64, ...}) = 0
[pid 216256] 11:21:52.024825 futex(0xc000400148, FUTEX_WAIT_PRIVATE, 0, NULL <unfinished ...>
[pid 216246] 11:21:52.024847 nanosleep({tv_sec=0, tv_nsec=20000},  <unfinished ...>
[pid 216260] 11:21:52.024881 openat(4, "7", O_WRONLY|O_CLOEXEC <unfinished ...>
[pid 216245] 11:21:52.024920 close(25 <unfinished ...>
[pid 216261] 11:21:52.024944 <... nanosleep resumed>NULL) = 0
[pid 216245] 11:21:52.024963 <... close resumed>) = 0
[pid 216261] 11:21:52.024986 nanosleep({tv_sec=0, tv_nsec=20000},  <unfinished ...>
[pid 216246] 11:21:52.025012 <... nanosleep resumed>NULL) = 0
[pid 216246] 11:21:52.025092 nanosleep({tv_sec=0, tv_nsec=20000},  <unfinished ...>
[pid 216261] 11:21:52.025143 <... nanosleep resumed>NULL) = 0
[pid 216245] 11:21:52.025163 futex(0xc000400148, FUTEX_WAKE_PRIVATE, 1 <unfinished ...>
[pid 216261] 11:21:52.025184 futex(0xc00006d948, FUTEX_WAKE_PRIVATE, 1 <unfinished ...>
[pid 216245] 11:21:52.025211 <... futex resumed>) = 1
[pid 216261] 11:21:52.025262 <... futex resumed>) = 1
[pid 216256] 11:21:52.025295 <... futex resumed>) = 0
[pid 216263] 11:21:52.025316 <... futex resumed>) = 0
[pid 216261] 11:21:52.025333 nanosleep({tv_sec=0, tv_nsec=20000},  <unfinished ...>
[pid 216246] 11:21:52.025356 <... nanosleep resumed>NULL) = 0
[pid 216245] 11:21:52.025375 futex(0xc000100148, FUTEX_WAKE_PRIVATE, 1 <unfinished ...>
[pid 216263] 11:21:52.025388 futex(0xc00006d948, FUTEX_WAIT_PRIVATE, 0, NULL <unfinished ...>
[pid 216256] 11:21:52.025396 futex(0xc000101148, FUTEX_WAKE_PRIVATE, 1 <unfinished ...>
[pid 216246] 11:21:52.025420 nanosleep({tv_sec=0, tv_nsec=20000},  <unfinished ...>
[pid 216245] 11:21:52.025446 <... futex resumed>) = 1
[pid 216261] 11:21:52.025519 <... nanosleep resumed>NULL) = 0
[pid 216256] 11:21:52.025581 <... futex resumed>) = 1
[pid 216255] 11:21:52.025606 <... futex resumed>) = 0
[pid 216249] 11:21:52.025626 <... futex resumed>) = 0
[pid 216261] 11:21:52.025651 futex(0xeec8c0, FUTEX_WAIT_PRIVATE, 0, {tv_sec=60, tv_nsec=0} <unfinished ...>
[pid 216256] 11:21:52.025673 openat(AT_FDCWD, "/run/user/1000/anolix-runc/anolix-3e10afe62f83/exec.fifo", O_RDONLY|O_CLOEXEC <unfinished ...>
[pid 216255] 11:21:52.025701 epoll_pwait(4,  <unfinished ...>
[pid 216246] 11:21:52.025722 <... nanosleep resumed>NULL) = 0
[pid 216245] 11:21:52.025730 futex(0xeeaf80, FUTEX_WAIT_PRIVATE, 0, NULL <unfinished ...>
[pid 216256] 11:21:52.025770 <... openat resumed>) = 15
[pid 216249] 11:21:52.025809 futex(0xc000100148, FUTEX_WAIT_PRIVATE, 0, NULL <unfinished ...>
[pid 216260] 11:21:52.025834 <... openat resumed>) = 5
[pid 216256] 11:21:52.025859 fcntl(15, F_GETFL <unfinished ...>
[pid 216246] 11:21:52.025879 nanosleep({tv_sec=0, tv_nsec=20000},  <unfinished ...>
[pid 216260] 11:21:52.025893 futex(0xeec8c0, FUTEX_WAKE_PRIVATE, 1 <unfinished ...>
[pid 216256] 11:21:52.025915 <... fcntl resumed>) = 0x8000 (flags O_RDONLY|O_LARGEFILE)
[pid 216261] 11:21:52.025971 <... futex resumed>) = 0
[pid 216260] 11:21:52.026015 <... futex resumed>) = 1
[pid 216256] 11:21:52.026035 fcntl(15, F_SETFL, O_RDONLY|O_NONBLOCK|O_LARGEFILE <unfinished ...>
[pid 216261] 11:21:52.026063 sched_yield( <unfinished ...>
[pid 216260] 11:21:52.026086 fcntl(5, F_GETFL <unfinished ...>
[pid 216246] 11:21:52.026125 <... nanosleep resumed>NULL) = 0
[pid 216261] 11:21:52.026149 <... sched_yield resumed>) = 0
[pid 216260] 11:21:52.026171 <... fcntl resumed>) = 0x8001 (flags O_WRONLY|O_LARGEFILE)
[pid 216256] 11:21:52.026195 <... fcntl resumed>) = 0
[pid 216261] 11:21:52.026224 nanosleep({tv_sec=0, tv_nsec=20000},  <unfinished ...>
[pid 216260] 11:21:52.026254 close(4 <unfinished ...>
[pid 216246] 11:21:52.026278 nanosleep({tv_sec=0, tv_nsec=20000},  <unfinished ...>
[pid 216260] 11:21:52.026307 <... close resumed>) = 0
[pid 216256] 11:21:52.026328 epoll_ctl(4, EPOLL_CTL_ADD, 15, {events=EPOLLIN|EPOLLOUT|EPOLLRDHUP|EPOLLET, data={u32=2270167042, u64=8428155477016182786}} <unfinished ...>
[pid 216260] 11:21:52.026362 write(5, "0", 1 <unfinished ...>
[pid 216261] 11:21:52.026375 <... nanosleep resumed>NULL) = 0
[pid 216256] 11:21:52.026383 <... epoll_ctl resumed>) = 0
[pid 216260] 11:21:52.026396 <... write resumed>) = 1
[pid 216255] 11:21:52.026417 <... epoll_pwait resumed>[{events=EPOLLIN, data={u32=2270167042, u64=8428155477016182786}}], 128, 99, NULL, 0) = 1
[pid 216261] 11:21:52.026470 nanosleep({tv_sec=0, tv_nsec=20000},  <unfinished ...>
[pid 216260] 11:21:52.026497 close(5 <unfinished ...>
[pid 216256] 11:21:52.026520 futex(0xc000100148, FUTEX_WAKE_PRIVATE, 1 <unfinished ...>
[pid 216246] 11:21:52.026545 <... nanosleep resumed>NULL) = 0
[pid 216260] 11:21:52.026562 <... close resumed>) = 0
[pid 216255] 11:21:52.026582 nanosleep({tv_sec=0, tv_nsec=3000},  <unfinished ...>
[pid 216256] 11:21:52.026597 <... futex resumed>) = 1
[pid 216249] 11:21:52.026617 <... futex resumed>) = 0
[pid 216246] 11:21:52.026638 nanosleep({tv_sec=0, tv_nsec=20000},  <unfinished ...>
[pid 216260] 11:21:52.026649 close(7 <unfinished ...>
[pid 216261] 11:21:52.026673 <... nanosleep resumed>NULL) = 0
[pid 216256] 11:21:52.026693 futex(0xeeaf80, FUTEX_WAKE_PRIVATE, 1 <unfinished ...>
[pid 216249] 11:21:52.026713 epoll_pwait(4,  <unfinished ...>
[pid 216261] 11:21:52.026755 nanosleep({tv_sec=0, tv_nsec=20000},  <unfinished ...>
[pid 216260] 11:21:52.026781 <... close resumed>) = 0
[pid 216255] 11:21:52.026804 <... nanosleep resumed>NULL) = 0
[pid 216260] 11:21:52.026842 fstatfs(13,  <unfinished ...>
[pid 216256] 11:21:52.026866 <... futex resumed>) = 1
[pid 216249] 11:21:52.026889 <... epoll_pwait resumed>[{events=EPOLLIN|EPOLLHUP, data={u32=2270167042, u64=8428155477016182786}}], 128, 98, NULL, 0) = 1
[pid 216246] 11:21:52.026930 <... nanosleep resumed>NULL) = 0
[pid 216245] 11:21:52.026954 <... futex resumed>) = 0
[pid 216261] 11:21:52.026976 <... nanosleep resumed>NULL) = 0
[pid 216260] 11:21:52.026995 <... fstatfs resumed>{f_type=PROC_SUPER_MAGIC, f_bsize=4096, f_blocks=0, f_bfree=0, f_bavail=0, f_files=0, f_ffree=0, f_fsid={val=[0x57, 0]}, f_namelen=255, f_frsize=4096, f_flags=ST_VALID|ST_NOSUID|ST_NODEV|ST_NOEXEC|ST_RELATIME}) = 0
[pid 216256] 11:21:52.027027 futex(0xc000400148, FUTEX_WAIT_PRIVATE, 0, NULL <unfinished ...>
[pid 216255] 11:21:52.027046 futex(0xc000101148, FUTEX_WAIT_PRIVATE, 0, NULL <unfinished ...>
[pid 216249] 11:21:52.027054 epoll_pwait(4,  <unfinished ...>
[pid 216246] 11:21:52.027073 nanosleep({tv_sec=0, tv_nsec=20000},  <unfinished ...>
[pid 216261] 11:21:52.027096 nanosleep({tv_sec=0, tv_nsec=20000},  <unfinished ...>
[pid 216260] 11:21:52.027118 fstat(13,  <unfinished ...>
[pid 216245] 11:21:52.027138 read(15,  <unfinished ...>
[pid 216260] 11:21:52.027158 <... fstat resumed>{st_mode=S_IFDIR|0555, st_size=0, ...}) = 0
[pid 216245] 11:21:52.027183 <... read resumed>"0", 512) = 1
[pid 216260] 11:21:52.027209 openat2(AT_FDCWD, ".", {flags=O_RDONLY|O_CLOEXEC|O_PATH, resolve=RESOLVE_NO_SYMLINKS|RESOLVE_IN_ROOT}, 24 <unfinished ...>
[pid 216261] 11:21:52.027251 <... nanosleep resumed>NULL) = 0
[pid 216246] 11:21:52.027272 <... nanosleep resumed>NULL) = 0
[pid 216261] 11:21:52.027293 nanosleep({tv_sec=0, tv_nsec=20000},  <unfinished ...>
[pid 216260] 11:21:52.027316 <... openat2 resumed>) = 4
[pid 216245] 11:21:52.027341 read(15,  <unfinished ...>
[pid 216260] 11:21:52.027366 close(4 <unfinished ...>
[pid 216246] 11:21:52.027391 nanosleep({tv_sec=0, tv_nsec=20000},  <unfinished ...>
[pid 216260] 11:21:52.027443 <... close resumed>) = 0
[pid 216245] 11:21:52.027463 <... read resumed>"", 511) = 0
[pid 216261] 11:21:52.027485 <... nanosleep resumed>NULL) = 0
[pid 216260] 11:21:52.027502 openat2(13, "thread-self/fd/", {flags=O_RDONLY|O_NOFOLLOW|O_CLOEXEC|O_PATH, resolve=RESOLVE_NO_XDEV|RESOLVE_NO_MAGICLINKS|RESOLVE_BENEATH}, 24 <unfinished ...>
[pid 216261] 11:21:52.027527 nanosleep({tv_sec=0, tv_nsec=20000},  <unfinished ...>
[pid 216245] 11:21:52.027552 unlinkat(AT_FDCWD, "/run/user/1000/anolix-runc/anolix-3e10afe62f83/exec.fifo", 0 <unfinished ...>
[pid 216260] 11:21:52.027589 <... openat2 resumed>) = 4
[pid 216246] 11:21:52.027607 <... nanosleep resumed>NULL) = 0
[pid 216260] 11:21:52.027630 fcntl(4, F_GETFL <unfinished ...>
[pid 216245] 11:21:52.027650 <... unlinkat resumed>) = 0
[pid 216261] 11:21:52.027674 <... nanosleep resumed>NULL) = 0
[pid 216260] 11:21:52.027692 <... fcntl resumed>) = 0x220000 (flags O_RDONLY|O_NOFOLLOW|O_PATH)
[pid 216246] 11:21:52.027710 nanosleep({tv_sec=0, tv_nsec=20000},  <unfinished ...>
[pid 216261] 11:21:52.027733 nanosleep({tv_sec=0, tv_nsec=20000},  <unfinished ...>
[pid 216245] 11:21:52.027756 epoll_ctl(4, EPOLL_CTL_DEL, 15, 0xc0001a0ecc <unfinished ...>
[pid 216260] 11:21:52.027777 fstatfs(13,  <unfinished ...>
[pid 216245] 11:21:52.027800 <... epoll_ctl resumed>) = 0
[pid 216260] 11:21:52.027823 <... fstatfs resumed>{f_type=PROC_SUPER_MAGIC, f_bsize=4096, f_blocks=0, f_bfree=0, f_bavail=0, f_files=0, f_ffree=0, f_fsid={val=[0x57, 0]}, f_namelen=255, f_frsize=4096, f_flags=ST_VALID|ST_NOSUID|ST_NODEV|ST_NOEXEC|ST_RELATIME}) = 0
[pid 216246] 11:21:52.027869 <... nanosleep resumed>NULL) = 0
[pid 216245] 11:21:52.027894 close(15 <unfinished ...>
[pid 216261] 11:21:52.027916 <... nanosleep resumed>NULL) = 0
[pid 216260] 11:21:52.027938 fstat(13,  <unfinished ...>
[pid 216261] 11:21:52.027963 nanosleep({tv_sec=0, tv_nsec=20000},  <unfinished ...>
[pid 216246] 11:21:52.027987 nanosleep({tv_sec=0, tv_nsec=20000},  <unfinished ...>
[pid 216245] 11:21:52.028010 <... close resumed>) = 0
[pid 216260] 11:21:52.028031 <... fstat resumed>{st_mode=S_IFDIR|0555, st_size=0, ...}) = 0
[pid 216245] 11:21:52.028056 epoll_ctl(4, EPOLL_CTL_DEL, 7, 0xc0001a1034 <unfinished ...>
[pid 216260] 11:21:52.028078 openat2(AT_FDCWD, ".", {flags=O_RDONLY|O_CLOEXEC|O_PATH, resolve=RESOLVE_NO_SYMLINKS|RESOLVE_IN_ROOT}, 24 <unfinished ...>
[pid 216245] 11:21:52.028104 <... epoll_ctl resumed>) = 0
[pid 216261] 11:21:52.028114 <... nanosleep resumed>NULL) = 0
[pid 216261] 11:21:52.028158 nanosleep({tv_sec=0, tv_nsec=20000},  <unfinished ...>
[pid 216260] 11:21:52.028199 <... openat2 resumed>) = 5
[pid 216246] 11:21:52.028220 <... nanosleep resumed>NULL) = 0
[pid 216245] 11:21:52.028243 close(7 <unfinished ...>
[pid 216260] 11:21:52.028265 close(5 <unfinished ...>
[pid 216246] 11:21:52.028285 nanosleep({tv_sec=0, tv_nsec=20000},  <unfinished ...>
[pid 216260] 11:21:52.028325 <... close resumed>) = 0
[pid 216245] 11:21:52.028347 <... close resumed>) = 0
[pid 216261] 11:21:52.028367 <... nanosleep resumed>NULL) = 0
[pid 216260] 11:21:52.028388 openat2(13, "thread-self/fd/", {flags=O_RDONLY|O_NOFOLLOW|O_CLOEXEC|O_PATH, resolve=RESOLVE_NO_XDEV|RESOLVE_NO_MAGICLINKS|RESOLVE_BENEATH}, 24 <unfinished ...>
[pid 216261] 11:21:52.028420 nanosleep({tv_sec=0, tv_nsec=20000},  <unfinished ...>
[pid 216246] 11:21:52.028442 <... nanosleep resumed>NULL) = 0
[pid 216245] 11:21:52.028460 epoll_ctl(4, EPOLL_CTL_DEL, 10, 0xc0001a1034 <unfinished ...>
[pid 216260] 11:21:52.028474 <... openat2 resumed>) = 5
[pid 216246] 11:21:52.028492 nanosleep({tv_sec=0, tv_nsec=20000},  <unfinished ...>
[pid 216260] 11:21:52.028532 fcntl(5, F_GETFL <unfinished ...>
[pid 216245] 11:21:52.028552 <... epoll_ctl resumed>) = 0
[pid 216261] 11:21:52.028574 <... nanosleep resumed>NULL) = 0
[pid 216260] 11:21:52.028596 <... fcntl resumed>) = 0x220000 (flags O_RDONLY|O_NOFOLLOW|O_PATH)
[pid 216245] 11:21:52.028619 close(10 <unfinished ...>
[pid 216261] 11:21:52.028641 nanosleep({tv_sec=0, tv_nsec=20000},  <unfinished ...>
[pid 216246] 11:21:52.028667 <... nanosleep resumed>NULL) = 0
[pid 216245] 11:21:52.028689 <... close resumed>) = 0
[pid 216260] 11:21:52.028712 statx(13, "", AT_STATX_SYNC_AS_STAT|AT_SYMLINK_NOFOLLOW|AT_EMPTY_PATH, STATX_MNT_ID|STATX_MNT_ID_UNIQUE,  <unfinished ...>
[pid 216246] 11:21:52.028755 nanosleep({tv_sec=0, tv_nsec=20000},  <unfinished ...>
[pid 216245] 11:21:52.028780 epoll_ctl(4, EPOLL_CTL_DEL, 13, 0xc0001a1034 <unfinished ...>
[pid 216261] 11:21:52.028805 <... nanosleep resumed>NULL) = 0
[pid 216260] 11:21:52.028830 <... statx resumed>{stx_mask=STATX_BASIC_STATS|STATX_MNT_ID_UNIQUE, stx_attributes=STATX_ATTR_MOUNT_ROOT, stx_mode=S_IFDIR|0555, stx_size=0, ...}) = 0
[pid 216261] 11:21:52.028860 nanosleep({tv_sec=0, tv_nsec=20000},  <unfinished ...>
[pid 216245] 11:21:52.028876 <... epoll_ctl resumed>) = 0
[pid 216260] 11:21:52.028887 statx(5, "4", AT_STATX_SYNC_AS_STAT|AT_SYMLINK_NOFOLLOW|AT_EMPTY_PATH, STATX_MNT_ID|STATX_MNT_ID_UNIQUE,  <unfinished ...>
[pid 216246] 11:21:52.028924 <... nanosleep resumed>NULL) = 0
[pid 216260] 11:21:52.028945 <... statx resumed>{stx_mask=STATX_BASIC_STATS|STATX_MNT_ID_UNIQUE, stx_attributes=0, stx_mode=S_IFLNK|000, stx_size=64, ...}) = 0
[pid 216245] 11:21:52.028971 close(13 <unfinished ...>
[pid 216261] 11:21:52.028997 <... nanosleep resumed>NULL) = 0
[pid 216260] 11:21:52.029019 openat(5, "4", O_RDONLY|O_CLOEXEC|O_DIRECTORY <unfinished ...>
[pid 216246] 11:21:52.029046 nanosleep({tv_sec=0, tv_nsec=20000},  <unfinished ...>
[pid 216261] 11:21:52.029089 nanosleep({tv_sec=0, tv_nsec=20000},  <unfinished ...>
[pid 216260] 11:21:52.029115 <... openat resumed>) = 7
[pid 216245] 11:21:52.029134 <... close resumed>) = 0
[pid 216260] 11:21:52.029153 fcntl(7, F_GETFL) = 0x18000 (flags O_RDONLY|O_LARGEFILE|O_DIRECTORY)
[pid 216246] 11:21:52.029253 <... nanosleep resumed>NULL) = 0
[pid 216245] 11:21:52.029282 futex(0xc000400148, FUTEX_WAKE_PRIVATE, 1 <unfinished ...>
[pid 216261] 11:21:52.029310 <... nanosleep resumed>NULL) = 0
[pid 216260] 11:21:52.029333 close(5 <unfinished ...>
[pid 216246] 11:21:52.029355 nanosleep({tv_sec=0, tv_nsec=20000},  <unfinished ...>
[pid 216261] 11:21:52.029381 nanosleep({tv_sec=0, tv_nsec=20000},  <unfinished ...>
[pid 216260] 11:21:52.029403 <... close resumed>) = 0
[pid 216256] 11:21:52.029421 <... futex resumed>) = 0
[pid 216245] 11:21:52.029438 <... futex resumed>) = 1
[pid 216260] 11:21:52.029495 close(4 <unfinished ...>
[pid 216256] 11:21:52.029533 nanosleep({tv_sec=0, tv_nsec=3000},  <unfinished ...>
[pid 216245] 11:21:52.029555 wait4(-1,  <unfinished ...>
[pid 216261] 11:21:52.029598 <... nanosleep resumed>NULL) = 0
[pid 216260] 11:21:52.029620 <... close resumed>) = 0
[pid 216246] 11:21:52.029641 <... nanosleep resumed>NULL) = 0
[pid 216261] 11:21:52.029682 nanosleep({tv_sec=0, tv_nsec=20000},  <unfinished ...>
[pid 216256] 11:21:52.029709 <... nanosleep resumed>NULL) = 0
[pid 216245] 11:21:52.029726 <... wait4 resumed>0xc0001a0c5c, WNOHANG, 0xc0001a0cc0) = 0
[pid 216260] 11:21:52.029748 getdents64(7,  <unfinished ...>
[pid 216246] 11:21:52.029770 nanosleep({tv_sec=0, tv_nsec=20000},  <unfinished ...>
[pid 216256] 11:21:52.029798 futex(0xc000101148, FUTEX_WAKE_PRIVATE, 1 <unfinished ...>
[pid 216245] 11:21:52.029825 wait4(-1,  <unfinished ...>
[pid 216261] 11:21:52.029850 <... nanosleep resumed>NULL) = 0
[pid 216260] 11:21:52.029872 <... getdents64 resumed>0xc000206000 /* 11 entries */, 8192) = 264
[pid 216261] 11:21:52.029889 nanosleep({tv_sec=0, tv_nsec=20000},  <unfinished ...>
[pid 216256] 11:21:52.029913 <... futex resumed>) = 1
[pid 216255] 11:21:52.029933 <... futex resumed>) = 0
[pid 216245] 11:21:52.029954 <... wait4 resumed>0xc0001a0c5c, WNOHANG, 0xc0001a0cc0) = 0
[pid 216260] 11:21:52.029980 getdents64(7,  <unfinished ...>
[pid 216256] 11:21:52.030002 futex(0xc000400148, FUTEX_WAIT_PRIVATE, 0, NULL <unfinished ...>
[pid 216255] 11:21:52.030025 futex(0xc000101148, FUTEX_WAIT_PRIVATE, 0, NULL <unfinished ...>
[pid 216246] 11:21:52.030048 <... nanosleep resumed>NULL) = 0
[pid 216261] 11:21:52.030060 <... nanosleep resumed>NULL) = 0
[pid 216260] 11:21:52.030079 <... getdents64 resumed>0xc000206000 /* 0 entries */, 8192) = 0
[pid 216245] 11:21:52.030104 futex(0xeeaf80, FUTEX_WAIT_PRIVATE, 0, NULL <unfinished ...>
[pid 216261] 11:21:52.030133 nanosleep({tv_sec=0, tv_nsec=20000},  <unfinished ...>
[pid 216260] 11:21:52.030160 close(3 <unfinished ...>
[pid 216246] 11:21:52.030183 futex(0xeec8c0, FUTEX_WAIT_PRIVATE, 0, {tv_sec=60, tv_nsec=0} <unfinished ...>
[pid 216260] 11:21:52.030227 <... close resumed>) = 0
[pid 216261] 11:21:52.030396 <... nanosleep resumed>NULL) = 0
[pid 216261] 11:21:52.030471 nanosleep({tv_sec=0, tv_nsec=20000},  <unfinished ...>
[pid 216260] 11:21:52.030512 close(6)   = 0
[pid 216261] 11:21:52.030636 <... nanosleep resumed>NULL) = 0
[pid 216260] 11:21:52.030666 close(13 <unfinished ...>
[pid 216261] 11:21:52.030692 nanosleep({tv_sec=0, tv_nsec=20000}, NULL) = 0
[pid 216261] 11:21:52.030913 futex(0xc00006d948, FUTEX_WAKE_PRIVATE, 1 <unfinished ...>
[pid 216263] 11:21:52.031004 <... futex resumed>) = 0
[pid 216261] 11:21:52.031031 <... futex resumed>) = 1
[pid 216263] 11:21:52.031055 futex(0xc00006d948, FUTEX_WAIT_PRIVATE, 0, NULL <unfinished ...>
[pid 216261] 11:21:52.031079 nanosleep({tv_sec=0, tv_nsec=20000}, NULL) = 0
[pid 216261] 11:21:52.031317 futex(0xeec8c0, FUTEX_WAIT_PRIVATE, 0, {tv_sec=60, tv_nsec=0} <unfinished ...>
[pid 216260] 11:21:52.032619 <... close resumed>) = 0
[pid 216260] 11:21:52.032675 futex(0xeec8c0, FUTEX_WAKE_PRIVATE, 1) = 1
[pid 216261] 11:21:52.032757 <... futex resumed>) = 0
[pid 216260] 11:21:52.032796 close(7 <unfinished ...>
[pid 216261] 11:21:52.032822 epoll_pwait(9, [], 128, 0, NULL, 0) = 0
[pid 216260] 11:21:52.032902 <... close resumed>) = 0
[pid 216261] 11:21:52.032936 futex(0xc00006d948, FUTEX_WAKE_PRIVATE, 1 <unfinished ...>
[pid 216263] 11:21:52.033009 <... futex resumed>) = 0
[pid 216261] 11:21:52.033048 <... futex resumed>) = 1
[pid 216260] 11:21:52.033072 futex(0xeeaf80, FUTEX_WAIT_PRIVATE, 0, NULL <unfinished ...>
[pid 216263] 11:21:52.033116 futex(0xeeaf80, FUTEX_WAKE_PRIVATE, 1 <unfinished ...>
[pid 216261] 11:21:52.033155 nanosleep({tv_sec=0, tv_nsec=20000},  <unfinished ...>
[pid 216260] 11:21:52.033188 <... futex resumed>) = -1 EAGAIN (Resource temporarily unavailable)
[pid 216263] 11:21:52.033216 <... futex resumed>) = 0
[pid 216263] 11:21:52.033285 futex(0xc00006d948, FUTEX_WAIT_PRIVATE, 0, NULL <unfinished ...>
[pid 216260] 11:21:52.033334 execve("/probe", ["/probe"], 0xc0001fe330 /* 4 vars */ <unfinished ...>
[pid 216261] 11:21:52.033382 <... nanosleep resumed>NULL) = 0
[pid 216261] 11:21:52.033442 nanosleep({tv_sec=0, tv_nsec=20000},  <unfinished ...>
[pid 216263] 11:21:52.033589 <... futex resumed>) = ?
[pid 216261] 11:21:52.033614 <... nanosleep resumed> <unfinished ...>) = ?
[pid 216265] 11:21:52.033676 <... futex resumed>) = ?
[pid 216264] 11:21:52.033708 <... futex resumed>) = ?
[pid 216263] 11:21:52.033729 +++ exited with 0 +++
[pid 216262] 11:21:52.033736 <... futex resumed>) = ?
[pid 216261] 11:21:52.033754 +++ exited with 0 +++
[pid 216265] 11:21:52.033765 +++ exited with 0 +++
[pid 216264] 11:21:52.033769 +++ exited with 0 +++
[pid 216262] 11:21:52.033779 +++ exited with 0 +++
[pid 216260] 11:21:52.036317 <... execve resumed>) = 0
[pid 216260] 11:21:52.036466 arch_prctl(ARCH_SET_FS, 0x59b7e8) = 0
[pid 216260] 11:21:52.036665 sched_getaffinity(0, 8192, [0 1 2 3 4 5 6 7 8 9 10 11 12 13 14 15]) = 8
[pid 216260] 11:21:52.036802 openat(AT_FDCWD, "/sys/kernel/mm/transparent_hugepage/hpage_pmd_size", O_RDONLY) = 3
[pid 216260] 11:21:52.036959 read(3, "2097152\n", 20) = 8
[pid 216260] 11:21:52.037082 close(3)   = 0
[pid 216260] 11:21:52.037341 mmap(NULL, 262144, PROT_READ|PROT_WRITE, MAP_PRIVATE|MAP_ANONYMOUS, -1, 0) = 0x7901bef8f000
[pid 216260] 11:21:52.037487 prctl(PR_SET_VMA, PR_SET_VMA_ANON_NAME, 0x7901bef8f000, 262144, " Go: immortal metadata") = 0
[pid 216260] 11:21:52.037824 mmap(NULL, 131072, PROT_NONE, MAP_PRIVATE|MAP_ANONYMOUS, -1, 0) = 0x7901bef6f000
[pid 216260] 11:21:52.037981 prctl(PR_SET_VMA, PR_SET_VMA_ANON_NAME, 0x7901bef6f000, 131072, " Go: page summary") = 0
[pid 216260] 11:21:52.038139 mmap(NULL, 1048576, PROT_NONE, MAP_PRIVATE|MAP_ANONYMOUS, -1, 0) = 0x7901bee6f000
[pid 216260] 11:21:52.038273 prctl(PR_SET_VMA, PR_SET_VMA_ANON_NAME, 0x7901bee6f000, 1048576, " Go: page summary") = 0
[pid 216260] 11:21:52.038430 mmap(NULL, 8388608, PROT_NONE, MAP_PRIVATE|MAP_ANONYMOUS, -1, 0) = 0x7901be600000
[pid 216260] 11:21:52.038558 prctl(PR_SET_VMA, PR_SET_VMA_ANON_NAME, 0x7901be600000, 8388608, " Go: page summary") = 0
[pid 216260] 11:21:52.038709 mmap(NULL, 67108864, PROT_NONE, MAP_PRIVATE|MAP_ANONYMOUS, -1, 0) = 0x7901ba600000
[pid 216260] 11:21:52.038836 prctl(PR_SET_VMA, PR_SET_VMA_ANON_NAME, 0x7901ba600000, 67108864, " Go: page summary") = 0
[pid 216260] 11:21:52.038970 mmap(NULL, 536870912, PROT_NONE, MAP_PRIVATE|MAP_ANONYMOUS, -1, 0) = 0x79019a600000
[pid 216260] 11:21:52.039089 prctl(PR_SET_VMA, PR_SET_VMA_ANON_NAME, 0x79019a600000, 536870912, " Go: page summary") = 0
[pid 216260] 11:21:52.039245 mmap(NULL, 536870912, PROT_NONE, MAP_PRIVATE|MAP_ANONYMOUS, -1, 0) = 0x79017a600000
[pid 216260] 11:21:52.039433 prctl(PR_SET_VMA, PR_SET_VMA_ANON_NAME, 0x79017a600000, 536870912, " Go: scavenge index") = 0
[pid 216260] 11:21:52.039704 mmap(0x282a74000000, 67108864, PROT_NONE, MAP_PRIVATE|MAP_ANONYMOUS, -1, 0) = 0x282a74000000
[pid 216260] 11:21:52.039850 prctl(PR_SET_VMA, PR_SET_VMA_ANON_NAME, 0x282a74000000, 67108864, " Go: heap reservation") = 0
[pid 216260] 11:21:52.039993 mmap(NULL, 33554432, PROT_READ|PROT_WRITE, MAP_PRIVATE|MAP_ANONYMOUS, -1, 0) = 0x790178600000
[pid 216260] 11:21:52.040136 prctl(PR_SET_VMA, PR_SET_VMA_ANON_NAME, 0x790178600000, 33554432, " Go: heap index") = 0
[pid 216260] 11:21:52.040290 madvise(0x790178600000, 33554432, MADV_NOHUGEPAGE) = 0
[pid 216260] 11:21:52.040447 mmap(NULL, 69648, PROT_READ|PROT_WRITE, MAP_PRIVATE|MAP_ANONYMOUS, -1, 0) = 0x7901bee5d000
[pid 216260] 11:21:52.040600 prctl(PR_SET_VMA, PR_SET_VMA_ANON_NAME, 0x7901bee5d000, 69648, " Go: immortal metadata") = 0
[pid 216260] 11:21:52.040787 mmap(0x282a74000000, 4194304, PROT_READ|PROT_WRITE, MAP_PRIVATE|MAP_FIXED|MAP_ANONYMOUS, -1, 0) = 0x282a74000000
[pid 216260] 11:21:52.040945 prctl(PR_SET_VMA, PR_SET_VMA_ANON_NAME, 0x282a74000000, 4194304, " Go: heap") = 0
[pid 216260] 11:21:52.041106 mmap(0x7901bef6f000, 131072, PROT_READ|PROT_WRITE, MAP_PRIVATE|MAP_FIXED|MAP_ANONYMOUS, -1, 0) = 0x7901bef6f000
[pid 216260] 11:21:52.041244 prctl(PR_SET_VMA, PR_SET_VMA_ANON_NAME, 0x7901bef6f000, 131072, " Go: page alloc") = 0
[pid 216260] 11:21:52.041396 mmap(0x7901bef17000, 4096, PROT_READ|PROT_WRITE, MAP_PRIVATE|MAP_FIXED|MAP_ANONYMOUS, -1, 0) = 0x7901bef17000
[pid 216260] 11:21:52.041565 prctl(PR_SET_VMA, PR_SET_VMA_ANON_NAME, 0x7901bef17000, 4096, " Go: page alloc") = 0
[pid 216260] 11:21:52.041718 mmap(0x7901beb41000, 4096, PROT_READ|PROT_WRITE, MAP_PRIVATE|MAP_FIXED|MAP_ANONYMOUS, -1, 0) = 0x7901beb41000
[pid 216260] 11:21:52.041908 prctl(PR_SET_VMA, PR_SET_VMA_ANON_NAME, 0x7901beb41000, 4096, " Go: page alloc") = 0
[pid 216260] 11:21:52.042096 mmap(0x7901bd00a000, 4096, PROT_READ|PROT_WRITE, MAP_PRIVATE|MAP_FIXED|MAP_ANONYMOUS, -1, 0) = 0x7901bd00a000
[pid 216260] 11:21:52.042255 prctl(PR_SET_VMA, PR_SET_VMA_ANON_NAME, 0x7901bd00a000, 4096, " Go: page alloc") = 0
[pid 216260] 11:21:52.042409 mmap(0x7901af654000, 4096, PROT_READ|PROT_WRITE, MAP_PRIVATE|MAP_FIXED|MAP_ANONYMOUS, -1, 0) = 0x7901af654000
[pid 216260] 11:21:52.042545 prctl(PR_SET_VMA, PR_SET_VMA_ANON_NAME, 0x7901af654000, 4096, " Go: page alloc") = 0
[pid 216260] 11:21:52.042692 mmap(0x79018f654000, 4096, PROT_READ|PROT_WRITE, MAP_PRIVATE|MAP_FIXED|MAP_ANONYMOUS, -1, 0) = 0x79018f654000
[pid 216260] 11:21:52.042815 prctl(PR_SET_VMA, PR_SET_VMA_ANON_NAME, 0x79018f654000, 4096, " Go: scavenge index") = 0
[pid 216260] 11:21:52.042950 mmap(NULL, 1048576, PROT_READ|PROT_WRITE, MAP_PRIVATE|MAP_ANONYMOUS, -1, 0) = 0x790178500000
[pid 216260] 11:21:52.043078 prctl(PR_SET_VMA, PR_SET_VMA_ANON_NAME, 0x790178500000, 1048576, " Go: page alloc index") = 0
[pid 216260] 11:21:52.043208 madvise(0x790178500000, 1048576, MADV_NOHUGEPAGE) = 0
[pid 216260] 11:21:52.043405 mmap(NULL, 65536, PROT_READ|PROT_WRITE, MAP_PRIVATE|MAP_ANONYMOUS, -1, 0) = 0x7901bee4d000
[pid 216260] 11:21:52.043541 prctl(PR_SET_VMA, PR_SET_VMA_ANON_NAME, 0x7901bee4d000, 65536, " Go: allspans array") = 0
[pid 216260] 11:21:52.043694 mmap(NULL, 65536, PROT_READ|PROT_WRITE, MAP_PRIVATE|MAP_ANONYMOUS, -1, 0) = 0x7901bee3d000
[pid 216260] 11:21:52.043818 prctl(PR_SET_VMA, PR_SET_VMA_ANON_NAME, 0x7901bee3d000, 65536, " Go: gc bits") = 0
[pid 216260] 11:21:52.044109 rt_sigprocmask(SIG_SETMASK, NULL, [], 8) = 0
[pid 216260] 11:21:52.044274 fcntl(0, F_GETFD) = 0
[pid 216260] 11:21:52.044404 fcntl(1, F_GETFD) = 0
[pid 216260] 11:21:52.044520 fcntl(2, F_GETFD) = 0
[pid 216260] 11:21:52.044687 mmap(NULL, 1439992, PROT_READ|PROT_WRITE, MAP_PRIVATE|MAP_ANONYMOUS, -1, 0) = 0x7901783a0000
[pid 216260] 11:21:52.044813 prctl(PR_SET_VMA, PR_SET_VMA_ANON_NAME, 0x7901783a0000, 1439992, " Go: profiler hash buckets") = 0
[pid 216260] 11:21:52.044959 openat(AT_FDCWD, "/proc/self/cgroup", O_RDONLY|O_CLOEXEC) = 3
[pid 216260] 11:21:52.045128 read(3, "0::/\n", 65536) = 5
[pid 216260] 11:21:52.045300 read(3, "", 65536) = 0
[pid 216260] 11:21:52.045453 close(3)   = 0
[pid 216260] 11:21:52.045609 openat(AT_FDCWD, "/proc/self/mountinfo", O_RDONLY|O_CLOEXEC) = 3
[pid 216260] 11:21:52.045801 read(3, "647 440 8:48 /home/sh1rogane/Ano"..., 65536) = 2411
[pid 216260] 11:21:52.046051 read(3, "", 65536) = 0
[pid 216260] 11:21:52.046199 close(3)   = 0
[pid 216260] 11:21:52.046631 sigaltstack(NULL, {ss_sp=NULL, ss_flags=SS_DISABLE, ss_size=0}) = 0
[pid 216260] 11:21:52.046771 sigaltstack({ss_sp=0x282a7421e000, ss_flags=0, ss_size=32768}, NULL) = 0
[pid 216260] 11:21:52.046906 rt_sigprocmask(SIG_SETMASK, [], NULL, 8) = 0
[pid 216260] 11:21:52.047058 gettid()   = 1
[pid 216260] 11:21:52.047191 rt_sigaction(SIGHUP, NULL, {sa_handler=SIG_DFL, sa_mask=[], sa_flags=0}, 8) = 0
[pid 216260] 11:21:52.047322 rt_sigaction(SIGHUP, {sa_handler=0x481760, sa_mask=~[], sa_flags=SA_RESTORER|SA_ONSTACK|SA_RESTART|SA_SIGINFO, sa_restorer=0x4818a0}, NULL, 8) = 0
[pid 216260] 11:21:52.047486 rt_sigaction(SIGINT, NULL, {sa_handler=SIG_DFL, sa_mask=[], sa_flags=0}, 8) = 0
[pid 216260] 11:21:52.047639 rt_sigaction(SIGINT, {sa_handler=0x481760, sa_mask=~[], sa_flags=SA_RESTORER|SA_ONSTACK|SA_RESTART|SA_SIGINFO, sa_restorer=0x4818a0}, NULL, 8) = 0
[pid 216260] 11:21:52.047787 rt_sigaction(SIGQUIT, NULL, {sa_handler=SIG_DFL, sa_mask=[], sa_flags=0}, 8) = 0
[pid 216260] 11:21:52.047961 rt_sigaction(SIGQUIT, {sa_handler=0x481760, sa_mask=~[], sa_flags=SA_RESTORER|SA_ONSTACK|SA_RESTART|SA_SIGINFO, sa_restorer=0x4818a0}, NULL, 8) = 0
[pid 216260] 11:21:52.048094 rt_sigaction(SIGILL, NULL, {sa_handler=SIG_DFL, sa_mask=[], sa_flags=0}, 8) = 0
[pid 216260] 11:21:52.048212 rt_sigaction(SIGILL, {sa_handler=0x481760, sa_mask=~[], sa_flags=SA_RESTORER|SA_ONSTACK|SA_RESTART|SA_SIGINFO, sa_restorer=0x4818a0}, NULL, 8) = 0
[pid 216260] 11:21:52.048418 rt_sigaction(SIGTRAP, NULL, {sa_handler=SIG_DFL, sa_mask=[], sa_flags=0}, 8) = 0
[pid 216260] 11:21:52.048571 rt_sigaction(SIGTRAP, {sa_handler=0x481760, sa_mask=~[], sa_flags=SA_RESTORER|SA_ONSTACK|SA_RESTART|SA_SIGINFO, sa_restorer=0x4818a0}, NULL, 8) = 0
[pid 216260] 11:21:52.048715 rt_sigaction(SIGABRT, NULL, {sa_handler=SIG_DFL, sa_mask=[], sa_flags=0}, 8) = 0
[pid 216260] 11:21:52.048845 rt_sigaction(SIGABRT, {sa_handler=0x481760, sa_mask=~[], sa_flags=SA_RESTORER|SA_ONSTACK|SA_RESTART|SA_SIGINFO, sa_restorer=0x4818a0}, NULL, 8) = 0
[pid 216260] 11:21:52.048971 rt_sigaction(SIGBUS, NULL, {sa_handler=SIG_DFL, sa_mask=[], sa_flags=0}, 8) = 0
[pid 216260] 11:21:52.049126 rt_sigaction(SIGBUS, {sa_handler=0x481760, sa_mask=~[], sa_flags=SA_RESTORER|SA_ONSTACK|SA_RESTART|SA_SIGINFO, sa_restorer=0x4818a0}, NULL, 8) = 0
[pid 216260] 11:21:52.049250 rt_sigaction(SIGFPE, NULL, {sa_handler=SIG_DFL, sa_mask=[], sa_flags=0}, 8) = 0
[pid 216260] 11:21:52.049411 rt_sigaction(SIGFPE, {sa_handler=0x481760, sa_mask=~[], sa_flags=SA_RESTORER|SA_ONSTACK|SA_RESTART|SA_SIGINFO, sa_restorer=0x4818a0}, NULL, 8) = 0
[pid 216260] 11:21:52.049603 rt_sigaction(SIGUSR1, NULL, {sa_handler=SIG_DFL, sa_mask=[], sa_flags=0}, 8) = 0
[pid 216260] 11:21:52.049753 rt_sigaction(SIGUSR1, {sa_handler=0x481760, sa_mask=~[], sa_flags=SA_RESTORER|SA_ONSTACK|SA_RESTART|SA_SIGINFO, sa_restorer=0x4818a0}, NULL, 8) = 0
[pid 216260] 11:21:52.049962 rt_sigaction(SIGSEGV, NULL, {sa_handler=SIG_DFL, sa_mask=[], sa_flags=0}, 8) = 0
[pid 216260] 11:21:52.050127 rt_sigaction(SIGSEGV, {sa_handler=0x481760, sa_mask=~[], sa_flags=SA_RESTORER|SA_ONSTACK|SA_RESTART|SA_SIGINFO, sa_restorer=0x4818a0}, NULL, 8) = 0
[pid 216260] 11:21:52.050278 rt_sigaction(SIGUSR2, NULL, {sa_handler=SIG_DFL, sa_mask=[], sa_flags=0}, 8) = 0
[pid 216260] 11:21:52.050464 rt_sigaction(SIGUSR2, {sa_handler=0x481760, sa_mask=~[], sa_flags=SA_RESTORER|SA_ONSTACK|SA_RESTART|SA_SIGINFO, sa_restorer=0x4818a0}, NULL, 8) = 0
[pid 216260] 11:21:52.050605 rt_sigaction(SIGPIPE, NULL, {sa_handler=SIG_DFL, sa_mask=[], sa_flags=0}, 8) = 0
[pid 216260] 11:21:52.050738 rt_sigaction(SIGPIPE, {sa_handler=0x481760, sa_mask=~[], sa_flags=SA_RESTORER|SA_ONSTACK|SA_RESTART|SA_SIGINFO, sa_restorer=0x4818a0}, NULL, 8) = 0
[pid 216260] 11:21:52.050875 rt_sigaction(SIGALRM, NULL, {sa_handler=SIG_DFL, sa_mask=[], sa_flags=0}, 8) = 0
[pid 216260] 11:21:52.051021 rt_sigaction(SIGALRM, {sa_handler=0x481760, sa_mask=~[], sa_flags=SA_RESTORER|SA_ONSTACK|SA_RESTART|SA_SIGINFO, sa_restorer=0x4818a0}, NULL, 8) = 0
[pid 216260] 11:21:52.051127 rt_sigaction(SIGTERM, NULL, {sa_handler=SIG_DFL, sa_mask=[], sa_flags=0}, 8) = 0
[pid 216260] 11:21:52.051236 rt_sigaction(SIGTERM, {sa_handler=0x481760, sa_mask=~[], sa_flags=SA_RESTORER|SA_ONSTACK|SA_RESTART|SA_SIGINFO, sa_restorer=0x4818a0}, NULL, 8) = 0
[pid 216260] 11:21:52.051368 rt_sigaction(SIGSTKFLT, NULL, {sa_handler=SIG_DFL, sa_mask=[], sa_flags=0}, 8) = 0
[pid 216260] 11:21:52.051511 rt_sigaction(SIGSTKFLT, {sa_handler=0x481760, sa_mask=~[], sa_flags=SA_RESTORER|SA_ONSTACK|SA_RESTART|SA_SIGINFO, sa_restorer=0x4818a0}, NULL, 8) = 0
[pid 216260] 11:21:52.051646 rt_sigaction(SIGCHLD, NULL, {sa_handler=SIG_DFL, sa_mask=[], sa_flags=0}, 8) = 0
[pid 216260] 11:21:52.051768 rt_sigaction(SIGCHLD, {sa_handler=0x481760, sa_mask=~[], sa_flags=SA_RESTORER|SA_ONSTACK|SA_RESTART|SA_SIGINFO, sa_restorer=0x4818a0}, NULL, 8) = 0
[pid 216260] 11:21:52.051901 rt_sigaction(SIGURG, NULL, {sa_handler=SIG_DFL, sa_mask=[], sa_flags=0}, 8) = 0
[pid 216260] 11:21:52.052121 rt_sigaction(SIGURG, {sa_handler=0x481760, sa_mask=~[], sa_flags=SA_RESTORER|SA_ONSTACK|SA_RESTART|SA_SIGINFO, sa_restorer=0x4818a0}, NULL, 8) = 0
[pid 216260] 11:21:52.052266 rt_sigaction(SIGXCPU, NULL, {sa_handler=SIG_DFL, sa_mask=[], sa_flags=0}, 8) = 0
[pid 216260] 11:21:52.052422 rt_sigaction(SIGXCPU, {sa_handler=0x481760, sa_mask=~[], sa_flags=SA_RESTORER|SA_ONSTACK|SA_RESTART|SA_SIGINFO, sa_restorer=0x4818a0}, NULL, 8) = 0
[pid 216260] 11:21:52.052561 rt_sigaction(SIGXFSZ, NULL, {sa_handler=SIG_DFL, sa_mask=[], sa_flags=0}, 8) = 0
[pid 216260] 11:21:52.052691 rt_sigaction(SIGXFSZ, {sa_handler=0x481760, sa_mask=~[], sa_flags=SA_RESTORER|SA_ONSTACK|SA_RESTART|SA_SIGINFO, sa_restorer=0x4818a0}, NULL, 8) = 0
[pid 216260] 11:21:52.052833 rt_sigaction(SIGVTALRM, NULL, {sa_handler=SIG_DFL, sa_mask=[], sa_flags=0}, 8) = 0
[pid 216260] 11:21:52.052987 rt_sigaction(SIGVTALRM, {sa_handler=0x481760, sa_mask=~[], sa_flags=SA_RESTORER|SA_ONSTACK|SA_RESTART|SA_SIGINFO, sa_restorer=0x4818a0}, NULL, 8) = 0
[pid 216260] 11:21:52.053109 rt_sigaction(SIGPROF, NULL, {sa_handler=SIG_DFL, sa_mask=[], sa_flags=0}, 8) = 0
[pid 216260] 11:21:52.053225 rt_sigaction(SIGPROF, {sa_handler=0x481760, sa_mask=~[], sa_flags=SA_RESTORER|SA_ONSTACK|SA_RESTART|SA_SIGINFO, sa_restorer=0x4818a0}, NULL, 8) = 0
[pid 216260] 11:21:52.053345 rt_sigaction(SIGWINCH, NULL, {sa_handler=SIG_DFL, sa_mask=[], sa_flags=0}, 8) = 0
[pid 216260] 11:21:52.053451 rt_sigaction(SIGWINCH, {sa_handler=0x481760, sa_mask=~[], sa_flags=SA_RESTORER|SA_ONSTACK|SA_RESTART|SA_SIGINFO, sa_restorer=0x4818a0}, NULL, 8) = 0
[pid 216260] 11:21:52.053597 rt_sigaction(SIGIO, NULL, {sa_handler=SIG_DFL, sa_mask=[], sa_flags=0}, 8) = 0
[pid 216260] 11:21:52.053742 rt_sigaction(SIGIO, {sa_handler=0x481760, sa_mask=~[], sa_flags=SA_RESTORER|SA_ONSTACK|SA_RESTART|SA_SIGINFO, sa_restorer=0x4818a0}, NULL, 8) = 0
[pid 216260] 11:21:52.053910 rt_sigaction(SIGPWR, NULL, {sa_handler=SIG_DFL, sa_mask=[], sa_flags=0}, 8) = 0
[pid 216260] 11:21:52.054032 rt_sigaction(SIGPWR, {sa_handler=0x481760, sa_mask=~[], sa_flags=SA_RESTORER|SA_ONSTACK|SA_RESTART|SA_SIGINFO, sa_restorer=0x4818a0}, NULL, 8) = 0
[pid 216260] 11:21:52.054179 rt_sigaction(SIGSYS, NULL, {sa_handler=SIG_DFL, sa_mask=[], sa_flags=0}, 8) = 0
[pid 216260] 11:21:52.054317 rt_sigaction(SIGSYS, {sa_handler=0x481760, sa_mask=~[], sa_flags=SA_RESTORER|SA_ONSTACK|SA_RESTART|SA_SIGINFO, sa_restorer=0x4818a0}, NULL, 8) = 0
[pid 216260] 11:21:52.054470 rt_sigaction(SIGRTMIN, NULL, {sa_handler=SIG_DFL, sa_mask=[], sa_flags=0}, 8) = 0
[pid 216260] 11:21:52.054617 rt_sigaction(SIGRT_1, NULL, {sa_handler=SIG_DFL, sa_mask=[], sa_flags=0}, 8) = 0
[pid 216260] 11:21:52.054764 rt_sigaction(SIGRT_1, {sa_handler=0x481760, sa_mask=~[], sa_flags=SA_RESTORER|SA_ONSTACK|SA_RESTART|SA_SIGINFO, sa_restorer=0x4818a0}, NULL, 8) = 0
[pid 216260] 11:21:52.054913 rt_sigaction(SIGRT_2, NULL, {sa_handler=SIG_DFL, sa_mask=[], sa_flags=0}, 8) = 0
[pid 216260] 11:21:52.055054 rt_sigaction(SIGRT_3, NULL, {sa_handler=SIG_DFL, sa_mask=[], sa_flags=0}, 8) = 0
[pid 216260] 11:21:52.055276 rt_sigaction(SIGRT_3, {sa_handler=0x481760, sa_mask=~[], sa_flags=SA_RESTORER|SA_ONSTACK|SA_RESTART|SA_SIGINFO, sa_restorer=0x4818a0}, NULL, 8) = 0
[pid 216260] 11:21:52.055478 rt_sigaction(SIGRT_4, NULL, {sa_handler=SIG_DFL, sa_mask=[], sa_flags=0}, 8) = 0
[pid 216260] 11:21:52.055693 rt_sigaction(SIGRT_4, {sa_handler=0x481760, sa_mask=~[], sa_flags=SA_RESTORER|SA_ONSTACK|SA_RESTART|SA_SIGINFO, sa_restorer=0x4818a0}, NULL, 8) = 0
[pid 216260] 11:21:52.055853 rt_sigaction(SIGRT_5, NULL, {sa_handler=SIG_DFL, sa_mask=[], sa_flags=0}, 8) = 0
[pid 216260] 11:21:52.056006 rt_sigaction(SIGRT_5, {sa_handler=0x481760, sa_mask=~[], sa_flags=SA_RESTORER|SA_ONSTACK|SA_RESTART|SA_SIGINFO, sa_restorer=0x4818a0}, NULL, 8) = 0
[pid 216260] 11:21:52.056132 rt_sigaction(SIGRT_6, NULL, {sa_handler=SIG_DFL, sa_mask=[], sa_flags=0}, 8) = 0
[pid 216260] 11:21:52.056277 rt_sigaction(SIGRT_6, {sa_handler=0x481760, sa_mask=~[], sa_flags=SA_RESTORER|SA_ONSTACK|SA_RESTART|SA_SIGINFO, sa_restorer=0x4818a0}, NULL, 8) = 0
[pid 216260] 11:21:52.056416 rt_sigaction(SIGRT_7, NULL, {sa_handler=SIG_DFL, sa_mask=[], sa_flags=0}, 8) = 0
[pid 216260] 11:21:52.056566 rt_sigaction(SIGRT_7, {sa_handler=0x481760, sa_mask=~[], sa_flags=SA_RESTORER|SA_ONSTACK|SA_RESTART|SA_SIGINFO, sa_restorer=0x4818a0}, NULL, 8) = 0
[pid 216260] 11:21:52.056766 rt_sigaction(SIGRT_8, NULL, {sa_handler=SIG_DFL, sa_mask=[], sa_flags=0}, 8) = 0
[pid 216260] 11:21:52.056876 rt_sigaction(SIGRT_8, {sa_handler=0x481760, sa_mask=~[], sa_flags=SA_RESTORER|SA_ONSTACK|SA_RESTART|SA_SIGINFO, sa_restorer=0x4818a0}, NULL, 8) = 0
[pid 216260] 11:21:52.057012 rt_sigaction(SIGRT_9, NULL, {sa_handler=SIG_DFL, sa_mask=[], sa_flags=0}, 8) = 0
[pid 216260] 11:21:52.057142 rt_sigaction(SIGRT_9, {sa_handler=0x481760, sa_mask=~[], sa_flags=SA_RESTORER|SA_ONSTACK|SA_RESTART|SA_SIGINFO, sa_restorer=0x4818a0}, NULL, 8) = 0
[pid 216260] 11:21:52.057277 rt_sigaction(SIGRT_10, NULL, {sa_handler=SIG_DFL, sa_mask=[], sa_flags=0}, 8) = 0
[pid 216260] 11:21:52.057399 rt_sigaction(SIGRT_10, {sa_handler=0x481760, sa_mask=~[], sa_flags=SA_RESTORER|SA_ONSTACK|SA_RESTART|SA_SIGINFO, sa_restorer=0x4818a0}, NULL, 8) = 0
[pid 216260] 11:21:52.057565 rt_sigaction(SIGRT_11, NULL, {sa_handler=SIG_DFL, sa_mask=[], sa_flags=0}, 8) = 0
[pid 216260] 11:21:52.057694 rt_sigaction(SIGRT_11, {sa_handler=0x481760, sa_mask=~[], sa_flags=SA_RESTORER|SA_ONSTACK|SA_RESTART|SA_SIGINFO, sa_restorer=0x4818a0}, NULL, 8) = 0
[pid 216260] 11:21:52.057830 rt_sigaction(SIGRT_12, NULL, {sa_handler=SIG_DFL, sa_mask=[], sa_flags=0}, 8) = 0
[pid 216260] 11:21:52.057967 rt_sigaction(SIGRT_12, {sa_handler=0x481760, sa_mask=~[], sa_flags=SA_RESTORER|SA_ONSTACK|SA_RESTART|SA_SIGINFO, sa_restorer=0x4818a0}, NULL, 8) = 0
[pid 216260] 11:21:52.058106 rt_sigaction(SIGRT_13, NULL, {sa_handler=SIG_DFL, sa_mask=[], sa_flags=0}, 8) = 0
[pid 216260] 11:21:52.058266 rt_sigaction(SIGRT_13, {sa_handler=0x481760, sa_mask=~[], sa_flags=SA_RESTORER|SA_ONSTACK|SA_RESTART|SA_SIGINFO, sa_restorer=0x4818a0}, NULL, 8) = 0
[pid 216260] 11:21:52.058387 rt_sigaction(SIGRT_14, NULL, {sa_handler=SIG_DFL, sa_mask=[], sa_flags=0}, 8) = 0
[pid 216260] 11:21:52.058528 rt_sigaction(SIGRT_14, {sa_handler=0x481760, sa_mask=~[], sa_flags=SA_RESTORER|SA_ONSTACK|SA_RESTART|SA_SIGINFO, sa_restorer=0x4818a0}, NULL, 8) = 0
[pid 216260] 11:21:52.058666 rt_sigaction(SIGRT_15, NULL, {sa_handler=SIG_DFL, sa_mask=[], sa_flags=0}, 8) = 0
[pid 216260] 11:21:52.058789 rt_sigaction(SIGRT_15, {sa_handler=0x481760, sa_mask=~[], sa_flags=SA_RESTORER|SA_ONSTACK|SA_RESTART|SA_SIGINFO, sa_restorer=0x4818a0}, NULL, 8) = 0
[pid 216260] 11:21:52.058921 rt_sigaction(SIGRT_16, NULL, {sa_handler=SIG_DFL, sa_mask=[], sa_flags=0}, 8) = 0
[pid 216260] 11:21:52.059053 rt_sigaction(SIGRT_16, {sa_handler=0x481760, sa_mask=~[], sa_flags=SA_RESTORER|SA_ONSTACK|SA_RESTART|SA_SIGINFO, sa_restorer=0x4818a0}, NULL, 8) = 0
[pid 216260] 11:21:52.059184 rt_sigaction(SIGRT_17, NULL, {sa_handler=SIG_DFL, sa_mask=[], sa_flags=0}, 8) = 0
[pid 216260] 11:21:52.059302 rt_sigaction(SIGRT_17, {sa_handler=0x481760, sa_mask=~[], sa_flags=SA_RESTORER|SA_ONSTACK|SA_RESTART|SA_SIGINFO, sa_restorer=0x4818a0}, NULL, 8) = 0
[pid 216260] 11:21:52.059423 rt_sigaction(SIGRT_18, NULL, {sa_handler=SIG_DFL, sa_mask=[], sa_flags=0}, 8) = 0
[pid 216260] 11:21:52.059545 rt_sigaction(SIGRT_18, {sa_handler=0x481760, sa_mask=~[], sa_flags=SA_RESTORER|SA_ONSTACK|SA_RESTART|SA_SIGINFO, sa_restorer=0x4818a0}, NULL, 8) = 0
[pid 216260] 11:21:52.059669 rt_sigaction(SIGRT_19, NULL, {sa_handler=SIG_DFL, sa_mask=[], sa_flags=0}, 8) = 0
[pid 216260] 11:21:52.059785 rt_sigaction(SIGRT_19, {sa_handler=0x481760, sa_mask=~[], sa_flags=SA_RESTORER|SA_ONSTACK|SA_RESTART|SA_SIGINFO, sa_restorer=0x4818a0}, NULL, 8) = 0
[pid 216260] 11:21:52.059912 rt_sigaction(SIGRT_20, NULL, {sa_handler=SIG_DFL, sa_mask=[], sa_flags=0}, 8) = 0
[pid 216260] 11:21:52.060062 rt_sigaction(SIGRT_20, {sa_handler=0x481760, sa_mask=~[], sa_flags=SA_RESTORER|SA_ONSTACK|SA_RESTART|SA_SIGINFO, sa_restorer=0x4818a0}, NULL, 8) = 0
[pid 216260] 11:21:52.060194 rt_sigaction(SIGRT_21, NULL, {sa_handler=SIG_DFL, sa_mask=[], sa_flags=0}, 8) = 0
[pid 216260] 11:21:52.060328 rt_sigaction(SIGRT_21, {sa_handler=0x481760, sa_mask=~[], sa_flags=SA_RESTORER|SA_ONSTACK|SA_RESTART|SA_SIGINFO, sa_restorer=0x4818a0}, NULL, 8) = 0
[pid 216260] 11:21:52.060575 rt_sigaction(SIGRT_22, NULL, {sa_handler=SIG_DFL, sa_mask=[], sa_flags=0}, 8) = 0
[pid 216260] 11:21:52.060718 rt_sigaction(SIGRT_22, {sa_handler=0x481760, sa_mask=~[], sa_flags=SA_RESTORER|SA_ONSTACK|SA_RESTART|SA_SIGINFO, sa_restorer=0x4818a0}, NULL, 8) = 0
[pid 216260] 11:21:52.060849 rt_sigaction(SIGRT_23, NULL, {sa_handler=SIG_DFL, sa_mask=[], sa_flags=0}, 8) = 0
[pid 216260] 11:21:52.060978 rt_sigaction(SIGRT_23, {sa_handler=0x481760, sa_mask=~[], sa_flags=SA_RESTORER|SA_ONSTACK|SA_RESTART|SA_SIGINFO, sa_restorer=0x4818a0}, NULL, 8) = 0
[pid 216260] 11:21:52.061136 rt_sigaction(SIGRT_24, NULL, {sa_handler=SIG_DFL, sa_mask=[], sa_flags=0}, 8) = 0
[pid 216260] 11:21:52.061263 rt_sigaction(SIGRT_24, {sa_handler=0x481760, sa_mask=~[], sa_flags=SA_RESTORER|SA_ONSTACK|SA_RESTART|SA_SIGINFO, sa_restorer=0x4818a0}, NULL, 8) = 0
[pid 216260] 11:21:52.061383 rt_sigaction(SIGRT_25, NULL, {sa_handler=SIG_DFL, sa_mask=[], sa_flags=0}, 8) = 0
[pid 216260] 11:21:52.061512 rt_sigaction(SIGRT_25, {sa_handler=0x481760, sa_mask=~[], sa_flags=SA_RESTORER|SA_ONSTACK|SA_RESTART|SA_SIGINFO, sa_restorer=0x4818a0}, NULL, 8) = 0
[pid 216260] 11:21:52.061651 rt_sigaction(SIGRT_26, NULL, {sa_handler=SIG_DFL, sa_mask=[], sa_flags=0}, 8) = 0
[pid 216260] 11:21:52.061801 rt_sigaction(SIGRT_26, {sa_handler=0x481760, sa_mask=~[], sa_flags=SA_RESTORER|SA_ONSTACK|SA_RESTART|SA_SIGINFO, sa_restorer=0x4818a0}, NULL, 8) = 0
[pid 216260] 11:21:52.061945 rt_sigaction(SIGRT_27, NULL, {sa_handler=SIG_DFL, sa_mask=[], sa_flags=0}, 8) = 0
[pid 216260] 11:21:52.062107 rt_sigaction(SIGRT_27, {sa_handler=0x481760, sa_mask=~[], sa_flags=SA_RESTORER|SA_ONSTACK|SA_RESTART|SA_SIGINFO, sa_restorer=0x4818a0}, NULL, 8) = 0
[pid 216260] 11:21:52.062303 rt_sigaction(SIGRT_28, NULL, {sa_handler=SIG_DFL, sa_mask=[], sa_flags=0}, 8) = 0
[pid 216260] 11:21:52.062430 rt_sigaction(SIGRT_28, {sa_handler=0x481760, sa_mask=~[], sa_flags=SA_RESTORER|SA_ONSTACK|SA_RESTART|SA_SIGINFO, sa_restorer=0x4818a0}, NULL, 8) = 0
[pid 216260] 11:21:52.062566 rt_sigaction(SIGRT_29, NULL, {sa_handler=SIG_DFL, sa_mask=[], sa_flags=0}, 8) = 0
[pid 216260] 11:21:52.062688 rt_sigaction(SIGRT_29, {sa_handler=0x481760, sa_mask=~[], sa_flags=SA_RESTORER|SA_ONSTACK|SA_RESTART|SA_SIGINFO, sa_restorer=0x4818a0}, NULL, 8) = 0
[pid 216260] 11:21:52.062858 rt_sigaction(SIGRT_30, NULL, {sa_handler=SIG_DFL, sa_mask=[], sa_flags=0}, 8) = 0
[pid 216260] 11:21:52.063007 rt_sigaction(SIGRT_30, {sa_handler=0x481760, sa_mask=~[], sa_flags=SA_RESTORER|SA_ONSTACK|SA_RESTART|SA_SIGINFO, sa_restorer=0x4818a0}, NULL, 8) = 0
[pid 216260] 11:21:52.063124 rt_sigaction(SIGRT_31, NULL, {sa_handler=SIG_DFL, sa_mask=[], sa_flags=0}, 8) = 0
[pid 216260] 11:21:52.063246 rt_sigaction(SIGRT_31, {sa_handler=0x481760, sa_mask=~[], sa_flags=SA_RESTORER|SA_ONSTACK|SA_RESTART|SA_SIGINFO, sa_restorer=0x4818a0}, NULL, 8) = 0
[pid 216260] 11:21:52.063389 rt_sigaction(SIGRT_32, NULL, {sa_handler=SIG_DFL, sa_mask=[], sa_flags=0}, 8) = 0
[pid 216260] 11:21:52.063517 rt_sigaction(SIGRT_32, {sa_handler=0x481760, sa_mask=~[], sa_flags=SA_RESTORER|SA_ONSTACK|SA_RESTART|SA_SIGINFO, sa_restorer=0x4818a0}, NULL, 8) = 0
[pid 216260] 11:21:52.063691 rt_sigprocmask(SIG_SETMASK, ~[], [], 8) = 0
[pid 216260] 11:21:52.063844 clone(child_stack=0x282a74236000, flags=CLONE_VM|CLONE_FS|CLONE_FILES|CLONE_SIGHAND|CLONE_THREAD|CLONE_SYSVSEM|CLONE_SETTLSstrace: Process 216266 attached
 <unfinished ...>
[pid 216266] 11:21:52.064100 gettid( <unfinished ...>
[pid 216260] 11:21:52.064129 <... clone resumed>, tls=0x282a7427e090) = 7
[pid 216266] 11:21:52.064152 <... gettid resumed>) = 7
[pid 216260] 11:21:52.064186 rt_sigprocmask(SIG_SETMASK, [],  <unfinished ...>
[pid 216266] 11:21:52.064214 sigaltstack(NULL,  <unfinished ...>
[pid 216260] 11:21:52.064236 <... rt_sigprocmask resumed>NULL, 8) = 0
[pid 216266] 11:21:52.064258 <... sigaltstack resumed>{ss_sp=NULL, ss_flags=SS_DISABLE, ss_size=0}) = 0
[pid 216266] 11:21:52.064323 sigaltstack({ss_sp=0x282a74288000, ss_flags=0, ss_size=32768}, NULL) = 0
[pid 216266] 11:21:52.064481 rt_sigprocmask(SIG_SETMASK, [],  <unfinished ...>
[pid 216260] 11:21:52.064536 mmap(NULL, 262144, PROT_READ|PROT_WRITE, MAP_PRIVATE|MAP_ANONYMOUS, -1, 0 <unfinished ...>
[pid 216266] 11:21:52.064566 <... rt_sigprocmask resumed>NULL, 8) = 0
[pid 216260] 11:21:52.064591 <... mmap resumed>) = 0x790178360000
[pid 216266] 11:21:52.064615 gettid( <unfinished ...>
[pid 216260] 11:21:52.064670 prctl(PR_SET_VMA, PR_SET_VMA_ANON_NAME, 0x790178360000, 262144, " Go: immortal metadata" <unfinished ...>
[pid 216266] 11:21:52.064728 <... gettid resumed>) = 7
[pid 216266] 11:21:52.064797 nanosleep({tv_sec=0, tv_nsec=20000}, NULL) = 0
[pid 216266] 11:21:52.065092 sched_getaffinity(0, 8192, [0 1 2 3 4 5 6 7 8 9 10 11 12 13 14 15]) = 8
[pid 216266] 11:21:52.065225 getpid()   = 1
[pid 216266] 11:21:52.065323 tgkill(1, 1, SIGURG) = 0
[pid 216266] 11:21:52.065448 nanosleep({tv_sec=0, tv_nsec=20000}, NULL) = 0
[pid 216266] 11:21:52.065666 nanosleep({tv_sec=0, tv_nsec=20000}, NULL) = 0
[pid 216266] 11:21:52.065871 nanosleep({tv_sec=0, tv_nsec=20000}, NULL) = 0
[pid 216266] 11:21:52.066084 nanosleep({tv_sec=0, tv_nsec=20000}, NULL) = 0
[pid 216266] 11:21:52.066328 nanosleep({tv_sec=0, tv_nsec=20000}, NULL) = 0
[pid 216266] 11:21:52.066545 nanosleep({tv_sec=0, tv_nsec=20000}, NULL) = 0
[pid 216266] 11:21:52.066757 nanosleep({tv_sec=0, tv_nsec=20000}, NULL) = 0
[pid 216260] 11:21:52.066947 <... prctl resumed>) = 0
[pid 216266] 11:21:52.066973 nanosleep({tv_sec=0, tv_nsec=20000},  <unfinished ...>
[pid 216260] 11:21:52.067010 --- SIGURG {si_signo=SIGURG, si_code=SI_TKILL, si_pid=1, si_uid=0} ---
[pid 216260] 11:21:52.067079 rt_sigreturn({mask=[]} <unfinished ...>
[pid 216266] 11:21:52.067131 <... nanosleep resumed>NULL) = 0
[pid 216260] 11:21:52.067154 <... rt_sigreturn resumed>) = 0
[pid 216266] 11:21:52.067174 getpid()   = 1
[pid 216260] 11:21:52.067264 rt_sigprocmask(SIG_SETMASK, ~[],  <unfinished ...>
[pid 216266] 11:21:52.067289 tgkill(1, 1, SIGURG) = 0
[pid 216260] 11:21:52.067346 <... rt_sigprocmask resumed>[], 8) = 0
[pid 216266] 11:21:52.067371 nanosleep({tv_sec=0, tv_nsec=20000},  <unfinished ...>
[pid 216260] 11:21:52.067415 clone(child_stack=0x282a742a2000, flags=CLONE_VM|CLONE_FS|CLONE_FILES|CLONE_SIGHAND|CLONE_THREAD|CLONE_SYSVSEM|CLONE_SETTLSstrace: Process 216267 attached
 <unfinished ...>
[pid 216266] 11:21:52.067579 <... nanosleep resumed>NULL) = 0
[pid 216267] 11:21:52.067616 gettid( <unfinished ...>
[pid 216266] 11:21:52.067639 nanosleep({tv_sec=0, tv_nsec=20000},  <unfinished ...>
[pid 216260] 11:21:52.067666 <... clone resumed>, tls=0x282a7427e890) = 8
[pid 216267] 11:21:52.067678 <... gettid resumed>) = 8
[pid 216260] 11:21:52.067693 rt_sigprocmask(SIG_SETMASK, [],  <unfinished ...>
[pid 216267] 11:21:52.067721 sigaltstack(NULL,  <unfinished ...>
[pid 216260] 11:21:52.067759 <... rt_sigprocmask resumed>NULL, 8) = 0
[pid 216267] 11:21:52.067783 <... sigaltstack resumed>{ss_sp=NULL, ss_flags=SS_DISABLE, ss_size=0}) = 0
[pid 216266] 11:21:52.067806 <... nanosleep resumed>NULL) = 0
[pid 216260] 11:21:52.067826 --- SIGURG {si_signo=SIGURG, si_code=SI_TKILL, si_pid=1, si_uid=0} ---
[pid 216267] 11:21:52.067847 sigaltstack({ss_sp=0x282a74290000, ss_flags=0, ss_size=32768},  <unfinished ...>
[pid 216266] 11:21:52.067875 nanosleep({tv_sec=0, tv_nsec=20000},  <unfinished ...>
[pid 216260] 11:21:52.067898 rt_sigreturn({mask=[]} <unfinished ...>
[pid 216267] 11:21:52.067925 <... sigaltstack resumed>NULL) = 0
[pid 216260] 11:21:52.067948 <... rt_sigreturn resumed>) = 0
[pid 216267] 11:21:52.067975 rt_sigprocmask(SIG_SETMASK, [],  <unfinished ...>
[pid 216260] 11:21:52.068015 rt_sigprocmask(SIG_SETMASK, ~[],  <unfinished ...>
[pid 216267] 11:21:52.068044 <... rt_sigprocmask resumed>NULL, 8) = 0
[pid 216266] 11:21:52.068067 <... nanosleep resumed>NULL) = 0
[pid 216267] 11:21:52.068091 gettid( <unfinished ...>
[pid 216260] 11:21:52.068103 <... rt_sigprocmask resumed>[], 8) = 0
[pid 216266] 11:21:52.068129 nanosleep({tv_sec=0, tv_nsec=20000},  <unfinished ...>
[pid 216267] 11:21:52.068155 <... gettid resumed>) = 8
[pid 216260] 11:21:52.068183 clone(child_stack=0x282a7429e000, flags=CLONE_VM|CLONE_FS|CLONE_FILES|CLONE_SIGHAND|CLONE_THREAD|CLONE_SYSVSEM|CLONE_SETTLS <unfinished ...>
[pid 216267] 11:21:52.068251 mmap(NULL, 262144, PROT_READ|PROT_WRITE, MAP_PRIVATE|MAP_ANONYMOUS, -1, 0) = 0x790178320000
strace: Process 216268 attached
[pid 216267] 11:21:52.068432 prctl(PR_SET_VMA, PR_SET_VMA_ANON_NAME, 0x790178320000, 262144, " Go: immortal metadata" <unfinished ...>
[pid 216266] 11:21:52.068475 <... nanosleep resumed>NULL) = 0
[pid 216268] 11:21:52.068515 gettid( <unfinished ...>
[pid 216267] 11:21:52.068562 <... prctl resumed>) = 0
[pid 216268] 11:21:52.068586 <... gettid resumed>) = 9
[pid 216266] 11:21:52.068608 nanosleep({tv_sec=0, tv_nsec=20000},  <unfinished ...>
[pid 216260] 11:21:52.068633 <... clone resumed>, tls=0x282a7427f090) = 9
[pid 216268] 11:21:52.068657 sigaltstack(NULL,  <unfinished ...>
[pid 216267] 11:21:52.068679 rt_sigprocmask(SIG_SETMASK, ~[],  <unfinished ...>
[pid 216268] 11:21:52.068715 <... sigaltstack resumed>{ss_sp=NULL, ss_flags=SS_DISABLE, ss_size=0}) = 0
[pid 216260] 11:21:52.068741 rt_sigprocmask(SIG_SETMASK, [],  <unfinished ...>
[pid 216268] 11:21:52.068783 sigaltstack({ss_sp=0x282a742a2000, ss_flags=0, ss_size=32768},  <unfinished ...>
[pid 216267] 11:21:52.068810 <... rt_sigprocmask resumed>[], 8) = 0
[pid 216266] 11:21:52.068834 <... nanosleep resumed>NULL) = 0
[pid 216268] 11:21:52.068860 <... sigaltstack resumed>NULL) = 0
[pid 216267] 11:21:52.068872 clone(child_stack=0x282a74318000, flags=CLONE_VM|CLONE_FS|CLONE_FILES|CLONE_SIGHAND|CLONE_THREAD|CLONE_SYSVSEM|CLONE_SETTLS <unfinished ...>
[pid 216260] 11:21:52.068895 <... rt_sigprocmask resumed>NULL, 8) = 0
[pid 216268] 11:21:52.068909 rt_sigprocmask(SIG_SETMASK, [],  <unfinished ...>
[pid 216266] 11:21:52.068947 nanosleep({tv_sec=0, tv_nsec=20000},  <unfinished ...>
[pid 216268] 11:21:52.068978 <... rt_sigprocmask resumed>NULL, 8) = 0
strace: Process 216269 attached
[pid 216260] 11:21:52.069036 futex(0x59b8b8, FUTEX_WAIT_PRIVATE, 0, NULL <unfinished ...>
[pid 216269] 11:21:52.069069 gettid( <unfinished ...>
[pid 216268] 11:21:52.069092 gettid( <unfinished ...>
[pid 216267] 11:21:52.069114 <... clone resumed>, tls=0x282a74300090) = 10
[pid 216269] 11:21:52.069138 <... gettid resumed>) = 10
[pid 216268] 11:21:52.069161 <... gettid resumed>) = 9
[pid 216266] 11:21:52.069183 <... nanosleep resumed>NULL) = 0
[pid 216269] 11:21:52.069206 sigaltstack(NULL,  <unfinished ...>
[pid 216268] 11:21:52.069228 futex(0x282a7427f160, FUTEX_WAIT_PRIVATE, 0, NULL <unfinished ...>
[pid 216267] 11:21:52.069249 rt_sigprocmask(SIG_SETMASK, [],  <unfinished ...>
[pid 216269] 11:21:52.069277 <... sigaltstack resumed>{ss_sp=NULL, ss_flags=SS_DISABLE, ss_size=0}) = 0
[pid 216266] 11:21:52.069301 nanosleep({tv_sec=0, tv_nsec=20000},  <unfinished ...>
[pid 216269] 11:21:52.069327 sigaltstack({ss_sp=0x282a74306000, ss_flags=0, ss_size=32768},  <unfinished ...>
[pid 216267] 11:21:52.069356 <... rt_sigprocmask resumed>NULL, 8) = 0
[pid 216269] 11:21:52.069472 <... sigaltstack resumed>NULL) = 0
[pid 216267] 11:21:52.069508 futex(0x59b8b8, FUTEX_WAKE_PRIVATE, 1 <unfinished ...>
[pid 216266] 11:21:52.069534 <... nanosleep resumed>NULL) = 0
[pid 216269] 11:21:52.069562 rt_sigprocmask(SIG_SETMASK, [],  <unfinished ...>
[pid 216267] 11:21:52.069587 <... futex resumed>) = 1
[pid 216260] 11:21:52.069608 <... futex resumed>) = 0
[pid 216269] 11:21:52.069632 <... rt_sigprocmask resumed>NULL, 8) = 0
[pid 216266] 11:21:52.069673 nanosleep({tv_sec=0, tv_nsec=20000},  <unfinished ...>
[pid 216267] 11:21:52.069705 futex(0x282a7427e960, FUTEX_WAIT_PRIVATE, 0, NULL <unfinished ...>
[pid 216269] 11:21:52.069733 gettid()   = 10
[pid 216260] 11:21:52.069854 futex(0x282a7427e960, FUTEX_WAKE_PRIVATE, 1 <unfinished ...>
[pid 216269] 11:21:52.069886 futex(0x282a7427f160, FUTEX_WAKE_PRIVATE, 1 <unfinished ...>
[pid 216266] 11:21:52.069913 <... nanosleep resumed>NULL) = 0
[pid 216269] 11:21:52.069938 <... futex resumed>) = 1
[pid 216267] 11:21:52.069972 <... futex resumed>) = 0
[pid 216260] 11:21:52.069993 <... futex resumed>) = 1
[pid 216269] 11:21:52.070018 futex(0x59b8b8, FUTEX_WAKE_PRIVATE, 1 <unfinished ...>
[pid 216268] 11:21:52.070041 <... futex resumed>) = 0
[pid 216267] 11:21:52.070063 futex(0x282a7427e960, FUTEX_WAIT_PRIVATE, 0, NULL <unfinished ...>
[pid 216266] 11:21:52.070075 nanosleep({tv_sec=0, tv_nsec=20000},  <unfinished ...>
[pid 216269] 11:21:52.070102 <... futex resumed>) = 0
[pid 216268] 11:21:52.070123 futex(0x282a7427f160, FUTEX_WAIT_PRIVATE, 0, NULL <unfinished ...>
[pid 216260] 11:21:52.070145 mmap(NULL, 262144, PROT_READ|PROT_WRITE, MAP_PRIVATE|MAP_ANONYMOUS, -1, 0 <unfinished ...>
[pid 216269] 11:21:52.070171 futex(0x282a74300160, FUTEX_WAIT_PRIVATE, 0, NULL <unfinished ...>
[pid 216266] 11:21:52.070252 <... nanosleep resumed>NULL) = 0
[pid 216260] 11:21:52.070283 <... mmap resumed>) = 0x7901782e0000
[pid 216266] 11:21:52.070311 nanosleep({tv_sec=0, tv_nsec=20000},  <unfinished ...>
[pid 216260] 11:21:52.070345 prctl(PR_SET_VMA, PR_SET_VMA_ANON_NAME, 0x7901782e0000, 262144, " Go: immortal metadata") = 0
[pid 216266] 11:21:52.070552 <... nanosleep resumed>NULL) = 0
[pid 216260] 11:21:52.070609 futex(0x282a74300160, FUTEX_WAKE_PRIVATE, 1 <unfinished ...>
[pid 216266] 11:21:52.070635 nanosleep({tv_sec=0, tv_nsec=20000},  <unfinished ...>
[pid 216260] 11:21:52.070683 <... futex resumed>) = 1
[pid 216269] 11:21:52.070706 <... futex resumed>) = 0
[pid 216269] 11:21:52.070762 nanosleep({tv_sec=0, tv_nsec=3000},  <unfinished ...>
[pid 216266] 11:21:52.070809 <... nanosleep resumed>NULL) = 0
[pid 216260] 11:21:52.070832 prlimit64(0, RLIMIT_NOFILE, NULL,  <unfinished ...>
[pid 216266] 11:21:52.070859 nanosleep({tv_sec=0, tv_nsec=20000},  <unfinished ...>
[pid 216260] 11:21:52.070886 <... prlimit64 resumed>{rlim_cur=1024, rlim_max=1024}) = 0
[pid 216269] 11:21:52.070981 <... nanosleep resumed>NULL) = 0
[pid 216266] 11:21:52.071063 <... nanosleep resumed>NULL) = 0
[pid 216260] 11:21:52.071140 fcntl(0, F_GETFL <unfinished ...>
[pid 216269] 11:21:52.071189 futex(0x282a7427f160, FUTEX_WAKE_PRIVATE, 1 <unfinished ...>
[pid 216266] 11:21:52.071211 nanosleep({tv_sec=0, tv_nsec=20000},  <unfinished ...>
[pid 216269] 11:21:52.071328 <... futex resumed>) = 1
[pid 216268] 11:21:52.071390 <... futex resumed>) = 0
[pid 216260] 11:21:52.071495 <... fcntl resumed>) = 0 (flags O_RDONLY)
[pid 216269] 11:21:52.071527 futex(0x282a74300160, FUTEX_WAIT_PRIVATE, 0, NULL <unfinished ...>
[pid 216268] 11:21:52.071553 futex(0x282a7427f160, FUTEX_WAIT_PRIVATE, 0, NULL <unfinished ...>
[pid 216266] 11:21:52.071658 <... nanosleep resumed>NULL) = 0
[pid 216268] 11:21:52.071746 <... futex resumed>) = -1 EAGAIN (Resource temporarily unavailable)
[pid 216266] 11:21:52.071804 nanosleep({tv_sec=0, tv_nsec=20000},  <unfinished ...>
[pid 216260] 11:21:52.071837 futex(0x282a7427f160, FUTEX_WAKE_PRIVATE, 1 <unfinished ...>
[pid 216268] 11:21:52.071862 nanosleep({tv_sec=0, tv_nsec=3000},  <unfinished ...>
[pid 216260] 11:21:52.071955 <... futex resumed>) = 0
[pid 216266] 11:21:52.072004 <... nanosleep resumed>NULL) = 0
[pid 216268] 11:21:52.072028 <... nanosleep resumed>NULL) = 0
[pid 216266] 11:21:52.072141 nanosleep({tv_sec=0, tv_nsec=20000},  <unfinished ...>
[pid 216268] 11:21:52.072193 futex(0x282a74300160, FUTEX_WAKE_PRIVATE, 1 <unfinished ...>
[pid 216260] 11:21:52.072216 fcntl(1, F_GETFL <unfinished ...>
[pid 216269] 11:21:52.072314 <... futex resumed>) = 0
[pid 216268] 11:21:52.072341 <... futex resumed>) = 1
[pid 216260] 11:21:52.072364 <... fcntl resumed>) = 0x1 (flags O_WRONLY)
[pid 216269] 11:21:52.072462 futex(0x282a74300160, FUTEX_WAIT_PRIVATE, 0, NULL <unfinished ...>
[pid 216268] 11:21:52.072549 futex(0x282a7427f160, FUTEX_WAIT_PRIVATE, 0, NULL <unfinished ...>
[pid 216266] 11:21:52.072594 <... nanosleep resumed>NULL) = 0
[pid 216266] 11:21:52.072698 nanosleep({tv_sec=0, tv_nsec=20000},  <unfinished ...>
[pid 216260] 11:21:52.072746 fcntl(2, F_GETFL) = 0x1 (flags O_WRONLY)
[pid 216266] 11:21:52.072871 <... nanosleep resumed>NULL) = 0
[pid 216266] 11:21:52.072934 nanosleep({tv_sec=0, tv_nsec=20000},  <unfinished ...>
[pid 216260] 11:21:52.073048 openat(AT_FDCWD, "/proc/self/status", O_RDONLY|O_CLOEXEC <unfinished ...>
[pid 216266] 11:21:52.073144 <... nanosleep resumed>NULL) = 0
[pid 216260] 11:21:52.073174 <... openat resumed>) = 3
[pid 216266] 11:21:52.073212 futex(0x282a7427f160, FUTEX_WAKE_PRIVATE, 1) = 1
[pid 216268] 11:21:52.073315 <... futex resumed>) = 0
[pid 216260] 11:21:52.073354 fcntl(3, F_GETFL <unfinished ...>
[pid 216268] 11:21:52.073379 futex(0x282a7427f160, FUTEX_WAIT_PRIVATE, 0, NULL <unfinished ...>
[pid 216266] 11:21:52.073402 nanosleep({tv_sec=0, tv_nsec=20000},  <unfinished ...>
[pid 216260] 11:21:52.073432 <... fcntl resumed>) = 0x8000 (flags O_RDONLY|O_LARGEFILE)
[pid 216260] 11:21:52.073502 fcntl(3, F_SETFL, O_RDONLY|O_NONBLOCK|O_LARGEFILE <unfinished ...>
[pid 216266] 11:21:52.073559 <... nanosleep resumed>NULL) = 0
[pid 216260] 11:21:52.073583 <... fcntl resumed>) = 0
[pid 216266] 11:21:52.073639 nanosleep({tv_sec=0, tv_nsec=20000},  <unfinished ...>
[pid 216260] 11:21:52.073675 epoll_create1(EPOLL_CLOEXEC) = 4
[pid 216266] 11:21:52.073852 <... nanosleep resumed>NULL) = 0
[pid 216260] 11:21:52.073887 eventfd2(0, EFD_CLOEXEC|EFD_NONBLOCK <unfinished ...>
[pid 216266] 11:21:52.073928 nanosleep({tv_sec=0, tv_nsec=20000},  <unfinished ...>
[pid 216260] 11:21:52.074068 <... eventfd2 resumed>) = 5
[pid 216266] 11:21:52.074122 <... nanosleep resumed>NULL) = 0
[pid 216260] 11:21:52.074144 epoll_ctl(4, EPOLL_CTL_ADD, 5, {events=EPOLLIN, data={u32=6006360, u64=6006360}} <unfinished ...>
[pid 216266] 11:21:52.074177 nanosleep({tv_sec=0, tv_nsec=20000},  <unfinished ...>
[pid 216260] 11:21:52.074192 <... epoll_ctl resumed>) = 0
[pid 216260] 11:21:52.074257 epoll_ctl(4, EPOLL_CTL_ADD, 3, {events=EPOLLIN|EPOLLOUT|EPOLLRDHUP|EPOLLET, data={u32=654311425, u64=4359691255509155841}} <unfinished ...>
[pid 216266] 11:21:52.074330 <... nanosleep resumed>NULL) = 0
[pid 216260] 11:21:52.074355 <... epoll_ctl resumed>) = -1 EPERM (Operation not permitted)
[pid 216266] 11:21:52.074382 epoll_pwait(4,  <unfinished ...>
[pid 216260] 11:21:52.074424 fcntl(3, F_GETFL <unfinished ...>
[pid 216266] 11:21:52.074449 <... epoll_pwait resumed>[], 128, 0, NULL, 0) = 0
[pid 216260] 11:21:52.074474 <... fcntl resumed>) = 0x8800 (flags O_RDONLY|O_NONBLOCK|O_LARGEFILE)
[pid 216266] 11:21:52.074497 nanosleep({tv_sec=0, tv_nsec=20000},  <unfinished ...>
[pid 216260] 11:21:52.074521 fcntl(3, F_SETFL, O_RDONLY|O_LARGEFILE) = 0
[pid 216266] 11:21:52.074639 <... nanosleep resumed>NULL) = 0
[pid 216260] 11:21:52.074685 fstat(3,  <unfinished ...>
[pid 216266] 11:21:52.074712 nanosleep({tv_sec=0, tv_nsec=20000},  <unfinished ...>
[pid 216260] 11:21:52.074741 <... fstat resumed>{st_mode=S_IFREG|0444, st_size=0, ...}) = 0
[pid 216260] 11:21:52.074817 read(3,  <unfinished ...>
[pid 216266] 11:21:52.074934 <... nanosleep resumed>NULL) = 0
[pid 216260] 11:21:52.074956 <... read resumed>"Name:\tprobe\nUmask:\t0022\nState:\tR"..., 512) = 512
[pid 216266] 11:21:52.074984 nanosleep({tv_sec=0, tv_nsec=20000},  <unfinished ...>
[pid 216260] 11:21:52.075013 read(3, ":\t      84 kB\nVmSwap:\t       0 k"..., 768) = 768
[pid 216266] 11:21:52.075159 <... nanosleep resumed>NULL) = 0
[pid 216260] 11:21:52.075210 read(3,  <unfinished ...>
[pid 216266] 11:21:52.075236 nanosleep({tv_sec=0, tv_nsec=20000},  <unfinished ...>
[pid 216260] 11:21:52.075264 <... read resumed>"00000000,00000000,00000000,00000"..., 512) = 189
[pid 216260] 11:21:52.075339 read(3,  <unfinished ...>
[pid 216266] 11:21:52.075391 <... nanosleep resumed>NULL) = 0
[pid 216260] 11:21:52.075416 <... read resumed>"", 1219) = 0
[pid 216266] 11:21:52.075439 nanosleep({tv_sec=0, tv_nsec=20000},  <unfinished ...>
[pid 216260] 11:21:52.075470 close(3)   = 0
[pid 216266] 11:21:52.075601 <... nanosleep resumed>NULL) = 0
[pid 216266] 11:21:52.075677 nanosleep({tv_sec=0, tv_nsec=20000},  <unfinished ...>
[pid 216260] 11:21:52.075728 getpid()   = 1
[pid 216266] 11:21:52.075837 <... nanosleep resumed>NULL) = 0
[pid 216260] 11:21:52.075867 write(1, "=== Anolix \346\262\231\347\256\261\346\216\242\351\222\210 ===\n", 28 <unfinished ...>
[pid 216266] 11:21:52.075905 nanosleep({tv_sec=0, tv_nsec=20000},  <unfinished ...>
[pid 216260] 11:21:52.075934 <... write resumed>) = 28
[pid 216252] 11:21:52.075958 <... read resumed>"=== Anolix \346\262\231\347\256\261\346\216\242\351\222\210 ===\n", 32768) = 28
[pid 216249] 11:21:52.075999 <... epoll_pwait resumed>[{events=EPOLLIN, data={u32=2343567361, u64=8428155477089583105}}], 128, 98, NULL, 0) = 1
[pid 216260] 11:21:52.076033 getpid( <unfinished ...>
[pid 216266] 11:21:52.076060 <... nanosleep resumed>NULL) = 0
[pid 216252] 11:21:52.076081 futex(0xeec8c0, FUTEX_WAKE_PRIVATE, 1 <unfinished ...>
[pid 216249] 11:21:52.076106 sched_yield( <unfinished ...>
[pid 216266] 11:21:52.076131 nanosleep({tv_sec=0, tv_nsec=20000},  <unfinished ...>
[pid 216260] 11:21:52.076144 <... getpid resumed>) = 1
[pid 216252] 11:21:52.076164 <... futex resumed>) = 1
[pid 216260] 11:21:52.076188 getppid( <unfinished ...>
[pid 216249] 11:21:52.076208 <... sched_yield resumed>) = 0
[pid 216246] 11:21:52.076231 <... futex resumed>) = 0
[pid 216260] 11:21:52.076255 <... getppid resumed>) = 0
[pid 216252] 11:21:52.076281 write(1, "=== Anolix \346\262\231\347\256\261\346\216\242\351\222\210 ===\n", 28 <unfinished ...>
[pid 216266] 11:21:52.076311 <... nanosleep resumed>NULL) = 0
=== Anolix 沙箱探针 ===
[pid 216260] 11:21:52.076331 getuid( <unfinished ...>
[pid 216249] 11:21:52.076354 futex(0xc000100148, FUTEX_WAIT_PRIVATE, 0, NULL <unfinished ...>
[pid 216246] 11:21:52.076378 futex(0xc000100148, FUTEX_WAKE_PRIVATE, 1 <unfinished ...>
[pid 216266] 11:21:52.076402 nanosleep({tv_sec=0, tv_nsec=20000},  <unfinished ...>
[pid 216260] 11:21:52.076425 <... getuid resumed>) = 0
[pid 216252] 11:21:52.076446 <... write resumed>) = 28
[pid 216249] 11:21:52.076483 <... futex resumed>) = -1 EAGAIN (Resource temporarily unavailable)
[pid 216260] 11:21:52.076513 geteuid( <unfinished ...>
[pid 216252] 11:21:52.076532 read(9,  <unfinished ...>
[pid 216246] 11:21:52.076556 <... futex resumed>) = 0
[pid 216266] 11:21:52.076579 <... nanosleep resumed>NULL) = 0
[pid 216260] 11:21:52.076609 <... geteuid resumed>) = 0
[pid 216249] 11:21:52.076631 futex(0xc000100148, FUTEX_WAIT_PRIVATE, 0, NULL <unfinished ...>
[pid 216266] 11:21:52.076672 nanosleep({tv_sec=0, tv_nsec=20000},  <unfinished ...>
[pid 216260] 11:21:52.076697 getgid( <unfinished ...>
[pid 216246] 11:21:52.076718 nanosleep({tv_sec=0, tv_nsec=20000},  <unfinished ...>
[pid 216260] 11:21:52.076770 <... getgid resumed>) = 0
[pid 216266] 11:21:52.076831 <... nanosleep resumed>NULL) = 0
[pid 216260] 11:21:52.076862 getegid( <unfinished ...>
[pid 216266] 11:21:52.076888 nanosleep({tv_sec=0, tv_nsec=20000},  <unfinished ...>
[pid 216246] 11:21:52.076929 <... nanosleep resumed>NULL) = 0
[pid 216260] 11:21:52.076952 <... getegid resumed>) = 0
[pid 216246] 11:21:52.076974 futex(0xc000100148, FUTEX_WAKE_PRIVATE, 1 <unfinished ...>
[pid 216260] 11:21:52.077053 write(1, "[info] \350\277\233\347\250\213: pid=1 ppid=0 uid="..., 54 <unfinished ...>
[pid 216249] 11:21:52.077089 <... futex resumed>) = 0
[pid 216246] 11:21:52.077113 <... futex resumed>) = 1
[pid 216266] 11:21:52.077139 <... nanosleep resumed>NULL) = 0
[pid 216260] 11:21:52.077175 <... write resumed>) = 54
[pid 216252] 11:21:52.077196 <... read resumed>"[info] \350\277\233\347\250\213: pid=1 ppid=0 uid="..., 32768) = 54
[pid 216249] 11:21:52.077222 futex(0xc000100148, FUTEX_WAIT_PRIVATE, 0, NULL <unfinished ...>
[pid 216266] 11:21:52.077250 nanosleep({tv_sec=0, tv_nsec=20000},  <unfinished ...>
[pid 216260] 11:21:52.077276 uname( <unfinished ...>
[pid 216252] 11:21:52.077298 write(1, "[info] \350\277\233\347\250\213: pid=1 ppid=0 uid="..., 54 <unfinished ...>
[info] 进程: pid=1 ppid=0 uid=0 euid=0 gid=0 egid=0
[pid 216246] 11:21:52.077324 nanosleep({tv_sec=0, tv_nsec=20000},  <unfinished ...>
[pid 216260] 11:21:52.077353 <... uname resumed>{sysname="Linux", nodename="anolix", ...}) = 0
[pid 216252] 11:21:52.077375 <... write resumed>) = 54
[pid 216266] 11:21:52.077426 <... nanosleep resumed>NULL) = 0
[pid 216260] 11:21:52.077457 write(1, "[info] \344\270\273\346\234\272\345\220\215: anolix\n", 25 <unfinished ...>
[pid 216252] 11:21:52.077483 read(9,  <unfinished ...>
[pid 216266] 11:21:52.077597 nanosleep({tv_sec=0, tv_nsec=20000},  <unfinished ...>
[pid 216260] 11:21:52.077621 <... write resumed>) = 25
[pid 216246] 11:21:52.077642 <... nanosleep resumed>NULL) = 0
[pid 216252] 11:21:52.077665 <... read resumed>"[info] \344\270\273\346\234\272\345\220\215: anolix\n", 32768) = 25
[pid 216260] 11:21:52.077690 readlinkat(AT_FDCWD, "/proc/self/ns/pid",  <unfinished ...>
[pid 216252] 11:21:52.077732 write(1, "[info] \344\270\273\346\234\272\345\220\215: anolix\n", 25 <unfinished ...>
[pid 216246] 11:21:52.077757 futex(0xc000100148, FUTEX_WAKE_PRIVATE, 1 <unfinished ...>
[info] 主机名: anolix
[pid 216266] 11:21:52.077797 <... nanosleep resumed>NULL) = 0
[pid 216260] 11:21:52.077818 <... readlinkat resumed>"pid:[4026532235]", 128) = 16
[pid 216252] 11:21:52.077858 <... write resumed>) = 25
[pid 216246] 11:21:52.077894 <... futex resumed>) = 1
[pid 216260] 11:21:52.077918 readlinkat(AT_FDCWD, "/proc/self/ns/mnt",  <unfinished ...>
[pid 216249] 11:21:52.077946 <... futex resumed>) = 0
[pid 216252] 11:21:52.077968 read(9,  <unfinished ...>
[pid 216246] 11:21:52.077988 nanosleep({tv_sec=0, tv_nsec=20000},  <unfinished ...>
[pid 216260] 11:21:52.078015 <... readlinkat resumed>"mnt:[4026532232]", 128) = 16
[pid 216249] 11:21:52.078053 futex(0xc000100148, FUTEX_WAIT_PRIVATE, 0, NULL <unfinished ...>
[pid 216260] 11:21:52.078078 readlinkat(AT_FDCWD, "/proc/self/ns/uts", "uts:[4026532233]", 128) = 16
[pid 216260] 11:21:52.078210 readlinkat(AT_FDCWD, "/proc/self/ns/net",  <unfinished ...>
[pid 216246] 11:21:52.078247 <... nanosleep resumed>NULL) = 0
[pid 216260] 11:21:52.078279 <... readlinkat resumed>"net:[4026532237]", 128) = 16
[pid 216246] 11:21:52.078300 futex(0xeec8c0, FUTEX_WAIT_PRIVATE, 0, {tv_sec=60, tv_nsec=0} <unfinished ...>
[pid 216260] 11:21:52.078329 readlinkat(AT_FDCWD, "/proc/self/ns/ipc", "ipc:[4026532234]", 128) = 16
[pid 216260] 11:21:52.078474 readlinkat(AT_FDCWD, "/proc/self/ns/cgroup",  <unfinished ...>
[pid 216266] 11:21:52.078564 nanosleep({tv_sec=0, tv_nsec=20000},  <unfinished ...>
[pid 216260] 11:21:52.078603 <... readlinkat resumed>"cgroup:[4026532236]", 128) = 19
[pid 216260] 11:21:52.078692 write(1, "[info] \345\221\275\345\220\215\347\251\272\351\227\264: pid:4026532"..., 114 <unfinished ...>
[pid 216266] 11:21:52.078746 <... nanosleep resumed>NULL) = 0
[pid 216260] 11:21:52.078771 <... write resumed>) = 114
[pid 216252] 11:21:52.078790 <... read resumed>"[info] \345\221\275\345\220\215\347\251\272\351\227\264: pid:4026532"..., 32768) = 114
[pid 216266] 11:21:52.078812 nanosleep({tv_sec=0, tv_nsec=20000},  <unfinished ...>
[pid 216260] 11:21:52.078833 write(1, "[info] NoNewPrivs=1 CapEff=00000"..., 44 <unfinished ...>
[pid 216252] 11:21:52.078855 futex(0xeec8c0, FUTEX_WAKE_PRIVATE, 1 <unfinished ...>
[pid 216260] 11:21:52.078876 <... write resumed>) = 44
[pid 216260] 11:21:52.078926 getpid( <unfinished ...>
[pid 216252] 11:21:52.078949 <... futex resumed>) = 1
[pid 216246] 11:21:52.078966 <... futex resumed>) = 0
[pid 216266] 11:21:52.078989 <... nanosleep resumed>NULL) = 0
[pid 216260] 11:21:52.079008 <... getpid resumed>) = 1
[pid 216252] 11:21:52.079030 write(1, "[info] \345\221\275\345\220\215\347\251\272\351\227\264: pid:4026532"..., 114 <unfinished ...>
[info] 命名空间: pid:4026532235 mnt:4026532232 uts:4026532233 net:4026532237 ipc:4026532234 cgroup:4026532236
[pid 216266] 11:21:52.079053 nanosleep({tv_sec=0, tv_nsec=20000},  <unfinished ...>
[pid 216260] 11:21:52.079073 getpid( <unfinished ...>
[pid 216246] 11:21:52.079095 futex(0xc000100148, FUTEX_WAKE_PRIVATE, 1 <unfinished ...>
[pid 216260] 11:21:52.079116 <... getpid resumed>) = 1
[pid 216252] 11:21:52.079132 <... write resumed>) = 114
[pid 216246] 11:21:52.079142 <... futex resumed>) = 1
[pid 216260] 11:21:52.079165 write(1, "[ok]   PID \351\232\224\347\246\273: pid=1\357\274\210\346\234\237\346\234"..., 39 <unfinished ...>
[pid 216249] 11:21:52.079186 <... futex resumed>) = 0
[pid 216266] 11:21:52.079211 <... nanosleep resumed>NULL) = 0
[pid 216260] 11:21:52.079232 <... write resumed>) = 39
[pid 216252] 11:21:52.079253 read(9,  <unfinished ...>
[pid 216246] 11:21:52.079276 nanosleep({tv_sec=0, tv_nsec=20000},  <unfinished ...>
[pid 216266] 11:21:52.079302 nanosleep({tv_sec=0, tv_nsec=20000},  <unfinished ...>
[pid 216260] 11:21:52.079326 uname( <unfinished ...>
[pid 216252] 11:21:52.079347 <... read resumed>"[info] NoNewPrivs=1 CapEff=00000"..., 32768) = 83
[pid 216249] 11:21:52.079367 futex(0xc000100148, FUTEX_WAIT_PRIVATE, 0, NULL <unfinished ...>
[pid 216260] 11:21:52.079392 <... uname resumed>{sysname="Linux", nodename="anolix", ...}) = 0
[pid 216266] 11:21:52.079421 <... nanosleep resumed>NULL) = 0
[pid 216252] 11:21:52.079443 write(1, "[info] NoNewPrivs=1 CapEff=00000"..., 83 <unfinished ...>
[pid 216246] 11:21:52.079467 <... nanosleep resumed>NULL) = 0
[info] NoNewPrivs=1 CapEff=0000000000000000
[ok]   PID 隔离: pid=1（期望 1）
[pid 216266] 11:21:52.079491 nanosleep({tv_sec=0, tv_nsec=20000},  <unfinished ...>
[pid 216260] 11:21:52.079511 uname( <unfinished ...>
[pid 216252] 11:21:52.079530 <... write resumed>) = 83
[pid 216260] 11:21:52.079549 <... uname resumed>{sysname="Linux", nodename="anolix", ...}) = 0
[pid 216246] 11:21:52.079583 futex(0xc000100148, FUTEX_WAKE_PRIVATE, 1 <unfinished ...>
[pid 216252] 11:21:52.079615 read(9,  <unfinished ...>
[pid 216266] 11:21:52.079638 <... nanosleep resumed>NULL) = 0
[pid 216260] 11:21:52.079659 write(1, "[ok]   UTS \351\232\224\347\246\273: hostname=anol"..., 54 <unfinished ...>
[pid 216249] 11:21:52.079695 <... futex resumed>) = 0
[pid 216246] 11:21:52.079714 <... futex resumed>) = 1
[pid 216266] 11:21:52.079739 nanosleep({tv_sec=0, tv_nsec=20000},  <unfinished ...>
[pid 216260] 11:21:52.079768 <... write resumed>) = 54
[pid 216252] 11:21:52.079788 <... read resumed>"[ok]   UTS \351\232\224\347\246\273: hostname=anol"..., 32768) = 54
[pid 216249] 11:21:52.079811 futex(0xc000100148, FUTEX_WAIT_PRIVATE, 0, NULL <unfinished ...>
[pid 216260] 11:21:52.079854 write(1, "[ok]   NoNewPrivileges: NoNewPri"..., 51 <unfinished ...>
[pid 216252] 11:21:52.079890 write(1, "[ok]   UTS \351\232\224\347\246\273: hostname=anol"..., 54 <unfinished ...>
[pid 216246] 11:21:52.079913 futex(0xc000100148, FUTEX_WAKE_PRIVATE, 1[ok]   UTS 隔离: hostname=anolix（期望 anolix）
 <unfinished ...>
[pid 216266] 11:21:52.079942 <... nanosleep resumed>NULL) = 0
[pid 216260] 11:21:52.079964 <... write resumed>) = 51
[pid 216252] 11:21:52.079989 <... write resumed>) = 54
[pid 216249] 11:21:52.080009 <... futex resumed>) = -1 EAGAIN (Resource temporarily unavailable)
[pid 216266] 11:21:52.080035 nanosleep({tv_sec=0, tv_nsec=20000},  <unfinished ...>
[pid 216260] 11:21:52.080063 write(1, "[ok]   \350\203\275\345\212\233\351\233\206\346\270\205\347\251\272: CapEff=0"..., 65 <unfinished ...>
[pid 216252] 11:21:52.080075 read(9,  <unfinished ...>
[pid 216246] 11:21:52.080094 <... futex resumed>) = 0
[pid 216260] 11:21:52.080119 <... write resumed>) = 65
[pid 216249] 11:21:52.080141 futex(0xc000100148, FUTEX_WAIT_PRIVATE, 0, NULL <unfinished ...>
[pid 216252] 11:21:52.080173 <... read resumed>"[ok]   NoNewPrivileges: NoNewPri"..., 32768) = 116
[pid 216266] 11:21:52.080196 <... nanosleep resumed>NULL) = 0
[pid 216260] 11:21:52.080218 newfstatat(AT_FDCWD, "/tmp",  <unfinished ...>
[pid 216246] 11:21:52.080240 nanosleep({tv_sec=0, tv_nsec=20000},  <unfinished ...>
[pid 216266] 11:21:52.080273 nanosleep({tv_sec=0, tv_nsec=20000},  <unfinished ...>
[pid 216260] 11:21:52.080296 <... newfstatat resumed>{st_mode=S_IFDIR|S_ISVTX|0777, st_size=4096, ...}, 0) = 0
[pid 216252] 11:21:52.080325 write(1, "[ok]   NoNewPrivileges: NoNewPri"..., 116 <unfinished ...>
[pid 216260] 11:21:52.080350 openat(AT_FDCWD, "/tmp/probe-write-test", O_WRONLY|O_CREAT|O_TRUNC|O_CLOEXEC, 0600[ok]   NoNewPrivileges: NoNewPrivs=1（期望 1）
[ok]   能力集清空: CapEff=0000000000000000（期望全 0）
 <unfinished ...>
[pid 216252] 11:21:52.080403 <... write resumed>) = 116
[pid 216246] 11:21:52.080425 <... nanosleep resumed>NULL) = 0
[pid 216266] 11:21:52.080447 <... nanosleep resumed>NULL) = 0
[pid 216252] 11:21:52.080470 read(9,  <unfinished ...>
[pid 216266] 11:21:52.080508 nanosleep({tv_sec=0, tv_nsec=20000},  <unfinished ...>
[pid 216246] 11:21:52.080528 futex(0xc000100148, FUTEX_WAKE_PRIVATE, 1 <unfinished ...>
[pid 216249] 11:21:52.080606 <... futex resumed>) = 0
[pid 216246] 11:21:52.080628 <... futex resumed>) = 1
[pid 216266] 11:21:52.080650 <... nanosleep resumed>NULL) = 0
[pid 216249] 11:21:52.080670 futex(0xc000100148, FUTEX_WAIT_PRIVATE, 0, NULL <unfinished ...>
[pid 216246] 11:21:52.080691 nanosleep({tv_sec=0, tv_nsec=20000},  <unfinished ...>
[pid 216266] 11:21:52.080732 nanosleep({tv_sec=0, tv_nsec=20000},  <unfinished ...>
[pid 216246] 11:21:52.080853 <... nanosleep resumed>NULL) = 0
[pid 216266] 11:21:52.080880 <... nanosleep resumed>NULL) = 0
[pid 216246] 11:21:52.080916 futex(0xeec8c0, FUTEX_WAIT_PRIVATE, 0, {tv_sec=60, tv_nsec=0} <unfinished ...>
[pid 216266] 11:21:52.080943 nanosleep({tv_sec=0, tv_nsec=20000},  <unfinished ...>
[pid 216260] 11:21:52.080970 <... openat resumed>) = 3
[pid 216260] 11:21:52.081033 fcntl(3, F_GETFL <unfinished ...>
[pid 216266] 11:21:52.081074 <... nanosleep resumed>NULL) = 0
[pid 216260] 11:21:52.081095 <... fcntl resumed>) = 0x8001 (flags O_WRONLY|O_LARGEFILE)
[pid 216266] 11:21:52.081115 nanosleep({tv_sec=0, tv_nsec=20000},  <unfinished ...>
[pid 216260] 11:21:52.081137 fcntl(3, F_SETFL, O_WRONLY|O_NONBLOCK|O_LARGEFILE) = 0
[pid 216266] 11:21:52.081263 <... nanosleep resumed>NULL) = 0
[pid 216260] 11:21:52.081310 epoll_ctl(4, EPOLL_CTL_ADD, 3, {events=EPOLLIN|EPOLLOUT|EPOLLRDHUP|EPOLLET, data={u32=654311426, u64=4359691255509155842}} <unfinished ...>
[pid 216266] 11:21:52.081345 nanosleep({tv_sec=0, tv_nsec=20000},  <unfinished ...>
[pid 216260] 11:21:52.081372 <... epoll_ctl resumed>) = -1 EPERM (Operation not permitted)
[pid 216260] 11:21:52.081434 fcntl(3, F_GETFL <unfinished ...>
[pid 216266] 11:21:52.081498 <... nanosleep resumed>NULL) = 0
[pid 216260] 11:21:52.081520 <... fcntl resumed>) = 0x8801 (flags O_WRONLY|O_NONBLOCK|O_LARGEFILE)
[pid 216266] 11:21:52.081568 nanosleep({tv_sec=0, tv_nsec=20000},  <unfinished ...>
[pid 216260] 11:21:52.081593 fcntl(3, F_SETFL, O_WRONLY|O_LARGEFILE) = 0
[pid 216266] 11:21:52.081725 <... nanosleep resumed>NULL) = 0
[pid 216260] 11:21:52.081753 write(3, "anolix probe\n", 13 <unfinished ...>
[pid 216266] 11:21:52.081800 nanosleep({tv_sec=0, tv_nsec=20000},  <unfinished ...>
[pid 216260] 11:21:52.081889 <... write resumed>) = 13
[pid 216266] 11:21:52.081954 <... nanosleep resumed>NULL) = 0
[pid 216260] 11:21:52.081999 close(3 <unfinished ...>
[pid 216266] 11:21:52.082026 nanosleep({tv_sec=0, tv_nsec=20000},  <unfinished ...>
[pid 216260] 11:21:52.082062 <... close resumed>) = 0
[pid 216260] 11:21:52.082123 unlinkat(AT_FDCWD, "/tmp/probe-write-test", 0 <unfinished ...>
[pid 216266] 11:21:52.082176 <... nanosleep resumed>NULL) = 0
[pid 216266] 11:21:52.082230 nanosleep({tv_sec=0, tv_nsec=20000},  <unfinished ...>
[pid 216260] 11:21:52.082290 <... unlinkat resumed>) = 0
[pid 216260] 11:21:52.082343 write(1, "[ok]   rootfs \345\217\257\345\206\231: \346\210\220\345\212\237\345\206\231\345"..., 56 <unfinished ...>
[pid 216266] 11:21:52.082381 <... nanosleep resumed>NULL) = 0
[pid 216260] 11:21:52.082404 <... write resumed>) = 56
[pid 216252] 11:21:52.082427 <... read resumed>"[ok]   rootfs \345\217\257\345\206\231: \346\210\220\345\212\237\345\206\231\345"..., 32768) = 56
[pid 216266] 11:21:52.082458 nanosleep({tv_sec=0, tv_nsec=20000},  <unfinished ...>
[pid 216260] 11:21:52.082482 socket(AF_INET, SOCK_STREAM, IPPROTO_IP <unfinished ...>
[pid 216252] 11:21:52.082508 futex(0xeec8c0, FUTEX_WAKE_PRIVATE, 1 <unfinished ...>
[pid 216260] 11:21:52.082531 <... socket resumed>) = -1 EPERM (Operation not permitted)
[pid 216252] 11:21:52.082597 <... futex resumed>) = 1
[pid 216266] 11:21:52.082630 <... nanosleep resumed>NULL) = 0
[pid 216260] 11:21:52.082650 write(1, "[ok]   seccomp \346\213\246\346\210\252 socket: \350\277"..., 121 <unfinished ...>
[pid 216246] 11:21:52.082675 <... futex resumed>) = 0
[pid 216266] 11:21:52.082697 nanosleep({tv_sec=0, tv_nsec=20000},  <unfinished ...>
[pid 216260] 11:21:52.082719 <... write resumed>) = 121
[pid 216252] 11:21:52.082739 write(1, "[ok]   rootfs \345\217\257\345\206\231: \346\210\220\345\212\237\345\206\231\345"..., 56 <unfinished ...>
[ok]   rootfs 可写: 成功写入并删除测试文件
[pid 216260] 11:21:52.082764 ptrace(PTRACE_TRACEME <unfinished ...>
[pid 216246] 11:21:52.082772 futex(0xc000100148, FUTEX_WAKE_PRIVATE, 1 <unfinished ...>
[pid 216252] 11:21:52.082790 <... write resumed>) = 56
[pid 216260] 11:21:52.082813 <... ptrace resumed>) = -1 EPERM (Operation not permitted)
[pid 216246] 11:21:52.082834 <... futex resumed>) = 1
[pid 216266] 11:21:52.082857 <... nanosleep resumed>NULL) = 0
[pid 216260] 11:21:52.082892 write(1, "[ok]   seccomp \346\213\246\346\210\252 ptrace: \350\277"..., 121 <unfinished ...>
[pid 216252] 11:21:52.082919 read(9,  <unfinished ...>
[pid 216249] 11:21:52.082929 <... futex resumed>) = 0
[pid 216266] 11:21:52.082952 nanosleep({tv_sec=0, tv_nsec=20000},  <unfinished ...>
[pid 216260] 11:21:52.082976 <... write resumed>) = 121
[pid 216246] 11:21:52.082994 nanosleep({tv_sec=0, tv_nsec=20000},  <unfinished ...>
[pid 216260] 11:21:52.083022 write(1, "=== \347\273\223\346\236\234: \345\205\250\351\203\250\346\243\200\346\237\245\351\200\232\350\277\207 ="..., 35 <unfinished ...>
[pid 216252] 11:21:52.083046 <... read resumed>"[ok]   seccomp \346\213\246\346\210\252 socket: \350\277"..., 32768) = 242
[pid 216249] 11:21:52.083074 futex(0xc000100148, FUTEX_WAIT_PRIVATE, 0, NULL <unfinished ...>
[pid 216266] 11:21:52.083097 <... nanosleep resumed>NULL) = 0
[pid 216260] 11:21:52.083116 <... write resumed>) = 35
[pid 216266] 11:21:52.083143 nanosleep({tv_sec=0, tv_nsec=20000},  <unfinished ...>
[pid 216252] 11:21:52.083179 write(1, "[ok]   seccomp \346\213\246\346\210\252 socket: \350\277"..., 242 <unfinished ...>
[pid 216246] 11:21:52.083199 <... nanosleep resumed>NULL) = 0
[ok]   seccomp 拦截 socket: 返回 EPERM(1)（被拦截时应为 EPERM=1 或 ENOSYS=38，由 policy.errnoRet 决定）
[ok]   seccomp 拦截 ptrace: 返回 EPERM(1)（被拦截时应为 EPERM=1 或 ENOSYS=38，由 policy.errnoRet 决定）
[pid 216260] 11:21:52.083218 exit_group(0 <unfinished ...>
[pid 216252] 11:21:52.083238 <... write resumed>) = 242
[pid 216246] 11:21:52.083256 futex(0xc000100148, FUTEX_WAKE_PRIVATE, 1 <unfinished ...>
[pid 216252] 11:21:52.083321 read(9,  <unfinished ...>
[pid 216246] 11:21:52.083351 <... futex resumed>) = 1
[pid 216269] 11:21:52.083378 <... futex resumed>) = ?
[pid 216268] 11:21:52.083399 <... futex resumed>) = ?
[pid 216267] 11:21:52.083420 <... futex resumed>) = ?
[pid 216266] 11:21:52.083454 <... nanosleep resumed> <unfinished ...>) = ?
[pid 216260] 11:21:52.083476 <... exit_group resumed>) = ?
[pid 216252] 11:21:52.083508 <... read resumed>"=== \347\273\223\346\236\234: \345\205\250\351\203\250\346\243\200\346\237\245\351\200\232\350\277\207 ="..., 32768) = 35
[pid 216249] 11:21:52.083535 <... futex resumed>) = 0
[pid 216269] 11:21:52.083586 +++ exited with 0 +++
[pid 216268] 11:21:52.083592 +++ exited with 0 +++
[pid 216267] 11:21:52.083595 +++ exited with 0 +++
[pid 216266] 11:21:52.083597 +++ exited with 0 +++
[pid 216252] 11:21:52.083600 write(1, "=== \347\273\223\346\236\234: \345\205\250\351\203\250\346\243\200\346\237\245\351\200\232\350\277\207 ="..., 35 <unfinished ...>
[pid 216249] 11:21:52.083622 futex(0xc000100148, FUTEX_WAIT_PRIVATE, 0, NULL=== 结果: 全部检查通过 ===
 <unfinished ...>
[pid 216246] 11:21:52.083643 nanosleep({tv_sec=0, tv_nsec=20000},  <unfinished ...>
[pid 216252] 11:21:52.083671 <... write resumed>) = 35
[pid 216252] 11:21:52.083734 read(9,  <unfinished ...>
[pid 216246] 11:21:52.083810 <... nanosleep resumed>NULL) = 0
[pid 216246] 11:21:52.083863 futex(0xc000100148, FUTEX_WAKE_PRIVATE, 1 <unfinished ...>
[pid 216249] 11:21:52.083955 <... futex resumed>) = 0
[pid 216246] 11:21:52.083987 <... futex resumed>) = 1
[pid 216249] 11:21:52.084025 futex(0xc000100148, FUTEX_WAIT_PRIVATE, 0, NULL <unfinished ...>
[pid 216246] 11:21:52.084047 nanosleep({tv_sec=0, tv_nsec=20000}, NULL) = 0
[pid 216246] 11:21:52.084259 futex(0xeec8c0, FUTEX_WAIT_PRIVATE, 0, {tv_sec=60, tv_nsec=0} <unfinished ...>
[pid 216253] 11:21:52.084435 <... read resumed>"", 32768) = 0
[pid 216260] 11:21:52.084457 +++ exited with 0 +++
[pid 216252] 11:21:52.084463 <... read resumed>"", 32768) = 0
[pid 216253] 11:21:52.084487 --- SIGCHLD {si_signo=SIGCHLD, si_code=CLD_EXITED, si_pid=216260, si_uid=1000, si_status=0, si_utime=1 /* 0.01 s */, si_stime=6 /* 0.06 s */} ---
[pid 216245] 11:21:52.084514 <... futex resumed>) = ? ERESTARTSYS (To be restarted if SA_RESTART is set)
[pid 216252] 11:21:52.084539 futex(0xeec8c0, FUTEX_WAKE_PRIVATE, 1 <unfinished ...>
[pid 216253] 11:21:52.084580 futex(0xf0b780, FUTEX_WAKE_PRIVATE, 1 <unfinished ...>
[pid 216245] 11:21:52.084603 futex(0xeeaf80, FUTEX_WAIT_PRIVATE, 0, NULL <unfinished ...>
[pid 216253] 11:21:52.084629 <... futex resumed>) = 1
[pid 216252] 11:21:52.084648 <... futex resumed>) = 1
[pid 216246] 11:21:52.084717 <... futex resumed>) = 0
[pid 216253] 11:21:52.084746 rt_sigreturn({mask=[]} <unfinished ...>
[pid 216252] 11:21:52.084773 epoll_ctl(4, EPOLL_CTL_DEL, 9, 0xc0002a4e14 <unfinished ...>
[pid 216248] 11:21:52.084795 <... futex resumed>) = 0
[pid 216253] 11:21:52.084815 <... rt_sigreturn resumed>) = 0
[pid 216246] 11:21:52.084836 getpid( <unfinished ...>
[pid 216253] 11:21:52.084860 epoll_ctl(4, EPOLL_CTL_DEL, 12, 0xc0002a0e14 <unfinished ...>
[pid 216252] 11:21:52.084880 <... epoll_ctl resumed>) = 0
[pid 216248] 11:21:52.084900 futex(0xc000100148, FUTEX_WAKE_PRIVATE, 1 <unfinished ...>
[pid 216253] 11:21:52.084923 <... epoll_ctl resumed>) = 0
[pid 216246] 11:21:52.084944 <... getpid resumed>) = 216245
[pid 216252] 11:21:52.084970 close(9 <unfinished ...>
[pid 216249] 11:21:52.084992 <... futex resumed>) = 0
[pid 216253] 11:21:52.085012 close(12 <unfinished ...>
[pid 216248] 11:21:52.085034 <... futex resumed>) = 1
[pid 216252] 11:21:52.085061 <... close resumed>) = 0
[pid 216249] 11:21:52.085081 nanosleep({tv_sec=0, tv_nsec=3000},  <unfinished ...>
[pid 216246] 11:21:52.085107 tgkill(216245, 216252, SIGURG <unfinished ...>
[pid 216253] 11:21:52.085131 <... close resumed>) = 0
[pid 216252] 11:21:52.085151 futex(0xeeaf80, FUTEX_WAKE_PRIVATE, 1 <unfinished ...>
[pid 216248] 11:21:52.085175 futex(0xc000101148, FUTEX_WAKE_PRIVATE, 1 <unfinished ...>
[pid 216253] 11:21:52.085198 futex(0xc000280948, FUTEX_WAIT_PRIVATE, 0, NULL <unfinished ...>
[pid 216249] 11:21:52.085227 <... nanosleep resumed>NULL) = 0
[pid 216246] 11:21:52.085247 <... tgkill resumed>) = 0
[pid 216255] 11:21:52.085271 <... futex resumed>) = 0
[pid 216252] 11:21:52.085313 <... futex resumed>) = 1
[pid 216249] 11:21:52.085350 futex(0xc000100148, FUTEX_WAIT_PRIVATE, 0, NULL <unfinished ...>
[pid 216248] 11:21:52.085385 <... futex resumed>) = 1
[pid 216245] 11:21:52.085407 <... futex resumed>) = 0
[pid 216255] 11:21:52.085434 futex(0xc000101148, FUTEX_WAIT_PRIVATE, 0, NULL <unfinished ...>
[pid 216252] 11:21:52.085458 --- SIGURG {si_signo=SIGURG, si_code=SI_TKILL, si_pid=216245, si_uid=1000} ---
[pid 216248] 11:21:52.085478 futex(0xf0b780, FUTEX_WAIT_PRIVATE, 0, NULL <unfinished ...>
[pid 216246] 11:21:52.085504 nanosleep({tv_sec=0, tv_nsec=20000},  <unfinished ...>
[pid 216252] 11:21:52.085538 futex(0xf0b780, FUTEX_WAKE_PRIVATE, 1 <unfinished ...>
[pid 216245] 11:21:52.085560 wait4(-1,  <unfinished ...>
[pid 216252] 11:21:52.085650 <... futex resumed>) = 1
[pid 216248] 11:21:52.085676 <... futex resumed>) = 0
[pid 216246] 11:21:52.085696 <... nanosleep resumed>NULL) = 0
[pid 216252] 11:21:52.085717 rt_sigreturn({mask=[]} <unfinished ...>
[pid 216245] 11:21:52.085770 <... wait4 resumed>[{WIFEXITED(s) && WEXITSTATUS(s) == 0}], WNOHANG, {ru_utime={tv_sec=0, tv_usec=19246}, ru_stime={tv_sec=0, tv_usec=102646}, ...}) = 216260
[pid 216252] 11:21:52.085848 <... rt_sigreturn resumed>) = 1
[pid 216248] 11:21:52.085878 futex(0xf0b780, FUTEX_WAIT_PRIVATE, 0, NULL <unfinished ...>
[pid 216246] 11:21:52.085904 nanosleep({tv_sec=0, tv_nsec=20000},  <unfinished ...>
[pid 216252] 11:21:52.085946 futex(0xc000280148, FUTEX_WAIT_PRIVATE, 0, NULL <unfinished ...>
[pid 216245] 11:21:52.085970 wait4(-1, 0xc0001a0c5c, WNOHANG, 0xc0001a0cc0) = -1 ECHILD (No child processes)
[pid 216246] 11:21:52.086067 <... nanosleep resumed>NULL) = 0
[pid 216245] 11:21:52.086093 waitid(P_PIDFD, 14,  <unfinished ...>
[pid 216246] 11:21:52.086115 epoll_pwait(4,  <unfinished ...>
[pid 216245] 11:21:52.086135 <... waitid resumed>0xc0001a0c10, WEXITED, 0xc000488120) = -1 ECHILD (No child processes)
[pid 216246] 11:21:52.086160 <... epoll_pwait resumed>[{events=EPOLLOUT|EPOLLERR, data={u32=2361917441, u64=8428155477107933185}}], 128, 0, NULL, 0) = 1
[pid 216245] 11:21:52.086190 kill(216260, SIGKILL <unfinished ...>
[pid 216246] 11:21:52.086226 nanosleep({tv_sec=0, tv_nsec=20000},  <unfinished ...>
[pid 216245] 11:21:52.086249 <... kill resumed>) = -1 ESRCH (No such process)
[pid 216245] 11:21:52.086315 unlinkat(AT_FDCWD, "/sys/fs/cgroup/anolix-3e10afe62f83", AT_REMOVEDIR <unfinished ...>
[pid 216246] 11:21:52.086369 <... nanosleep resumed>NULL) = 0
[pid 216245] 11:21:52.086394 <... unlinkat resumed>) = -1 ENOENT (No such file or directory)
[pid 216246] 11:21:52.086418 nanosleep({tv_sec=0, tv_nsec=20000},  <unfinished ...>
[pid 216245] 11:21:52.086445 unlinkat(AT_FDCWD, "/run/user/1000/anolix-runc/anolix-3e10afe62f83", 0) = -1 EISDIR (Is a directory)
[pid 216246] 11:21:52.086578 <... nanosleep resumed>NULL) = 0
[pid 216245] 11:21:52.086603 unlinkat(AT_FDCWD, "/run/user/1000/anolix-runc/anolix-3e10afe62f83", AT_REMOVEDIR <unfinished ...>
[pid 216246] 11:21:52.086641 nanosleep({tv_sec=0, tv_nsec=20000},  <unfinished ...>
[pid 216245] 11:21:52.086683 <... unlinkat resumed>) = -1 ENOTEMPTY (Directory not empty)
[pid 216245] 11:21:52.086755 openat(AT_FDCWD, "/run/user/1000/anolix-runc", O_RDONLY|O_CLOEXEC <unfinished ...>
[pid 216246] 11:21:52.086812 <... nanosleep resumed>NULL) = 0
[pid 216245] 11:21:52.086835 <... openat resumed>) = 7
[pid 216246] 11:21:52.086857 nanosleep({tv_sec=0, tv_nsec=20000},  <unfinished ...>
[pid 216245] 11:21:52.086879 fcntl(7, F_GETFL) = 0x8000 (flags O_RDONLY|O_LARGEFILE)
[pid 216245] 11:21:52.086998 fcntl(7, F_SETFL, O_RDONLY|O_NONBLOCK|O_LARGEFILE <unfinished ...>
[pid 216246] 11:21:52.087027 <... nanosleep resumed>NULL) = 0
[pid 216245] 11:21:52.087056 <... fcntl resumed>) = 0
[pid 216246] 11:21:52.087078 nanosleep({tv_sec=0, tv_nsec=20000},  <unfinished ...>
[pid 216245] 11:21:52.087108 epoll_ctl(4, EPOLL_CTL_ADD, 7, {events=EPOLLIN|EPOLLOUT|EPOLLRDHUP|EPOLLET, data={u32=2306867202, u64=8428155477052882946}}) = -1 EPERM (Operation not permitted)
[pid 216246] 11:21:52.087230 <... nanosleep resumed>NULL) = 0
[pid 216245] 11:21:52.087250 fcntl(7, F_GETFL <unfinished ...>
[pid 216246] 11:21:52.087304 nanosleep({tv_sec=0, tv_nsec=20000},  <unfinished ...>
[pid 216245] 11:21:52.087330 <... fcntl resumed>) = 0x8800 (flags O_RDONLY|O_NONBLOCK|O_LARGEFILE)
[pid 216246] 11:21:52.087446 <... nanosleep resumed>NULL) = 0
[pid 216245] 11:21:52.087493 fcntl(7, F_SETFL, O_RDONLY|O_LARGEFILE <unfinished ...>
[pid 216246] 11:21:52.087519 nanosleep({tv_sec=0, tv_nsec=20000},  <unfinished ...>
[pid 216245] 11:21:52.087548 <... fcntl resumed>) = 0
[pid 216245] 11:21:52.087626 unlinkat(7, "anolix-3e10afe62f83", 0 <unfinished ...>
[pid 216246] 11:21:52.087674 <... nanosleep resumed>NULL) = 0
[pid 216245] 11:21:52.087697 <... unlinkat resumed>) = -1 EISDIR (Is a directory)
[pid 216246] 11:21:52.087723 nanosleep({tv_sec=0, tv_nsec=20000},  <unfinished ...>
[pid 216245] 11:21:52.087768 openat(7, "anolix-3e10afe62f83", O_RDONLY|O_NOFOLLOW|O_CLOEXEC|O_DIRECTORY) = 9
[pid 216246] 11:21:52.087899 <... nanosleep resumed>NULL) = 0
[pid 216246] 11:21:52.087966 nanosleep({tv_sec=0, tv_nsec=20000},  <unfinished ...>
[pid 216245] 11:21:52.088010 getdents64(9, 0xc00049a000 /* 3 entries */, 8192) = 80
[pid 216246] 11:21:52.088165 <... nanosleep resumed>NULL) = 0
[pid 216245] 11:21:52.088199 getdents64(9,  <unfinished ...>
[pid 216246] 11:21:52.088224 nanosleep({tv_sec=0, tv_nsec=20000},  <unfinished ...>
[pid 216245] 11:21:52.088251 <... getdents64 resumed>0xc00049a000 /* 0 entries */, 8192) = 0
[pid 216245] 11:21:52.088330 unlinkat(9, "state.json", 0 <unfinished ...>
[pid 216246] 11:21:52.088376 <... nanosleep resumed>NULL) = 0
[pid 216246] 11:21:52.088434 nanosleep({tv_sec=0, tv_nsec=20000},  <unfinished ...>
[pid 216245] 11:21:52.088471 <... unlinkat resumed>) = 0
[pid 216245] 11:21:52.088538 close(9 <unfinished ...>
[pid 216246] 11:21:52.088598 <... nanosleep resumed>NULL) = 0
[pid 216245] 11:21:52.088624 <... close resumed>) = 0
[pid 216246] 11:21:52.088647 nanosleep({tv_sec=0, tv_nsec=20000},  <unfinished ...>
[pid 216245] 11:21:52.088673 unlinkat(7, "anolix-3e10afe62f83", AT_REMOVEDIR) = 0
[pid 216246] 11:21:52.088785 <... nanosleep resumed>NULL) = 0
[pid 216245] 11:21:52.088813 close(7 <unfinished ...>
[pid 216246] 11:21:52.088836 nanosleep({tv_sec=0, tv_nsec=20000},  <unfinished ...>
[pid 216245] 11:21:52.088864 <... close resumed>) = 0
[pid 216245] 11:21:52.088936 openat2(3, "anolix-3e10afe62f83/cgroup.freeze", {flags=O_RDONLY|O_CLOEXEC, resolve=RESOLVE_NO_XDEV|RESOLVE_NO_MAGICLINKS|RESOLVE_NO_SYMLINKS|RESOLVE_BENEATH}, 24 <unfinished ...>
[pid 216246] 11:21:52.088988 <... nanosleep resumed>NULL) = 0
[pid 216245] 11:21:52.089016 <... openat2 resumed>) = -1 ENOENT (No such file or directory)
[pid 216246] 11:21:52.089041 nanosleep({tv_sec=0, tv_nsec=20000},  <unfinished ...>
[pid 216245] 11:21:52.089068 readlinkat(AT_FDCWD, "/proc/thread-self/fd/3", "/sys/fs/cgroup", 128) = 14
[pid 216246] 11:21:52.089168 <... nanosleep resumed>NULL) = 0
[pid 216245] 11:21:52.089207 epoll_ctl(4, EPOLL_CTL_DEL, 8, 0xc0001a0f4c <unfinished ...>
[pid 216246] 11:21:52.089234 nanosleep({tv_sec=0, tv_nsec=20000},  <unfinished ...>
[pid 216245] 11:21:52.089262 <... epoll_ctl resumed>) = 0
[pid 216245] 11:21:52.089316 close(8 <unfinished ...>
[pid 216246] 11:21:52.089364 <... nanosleep resumed>NULL) = 0
[pid 216245] 11:21:52.089387 <... close resumed>) = 0
[pid 216246] 11:21:52.089413 nanosleep({tv_sec=0, tv_nsec=20000},  <unfinished ...>
[pid 216245] 11:21:52.089443 close(11)  = 0
[pid 216246] 11:21:52.089556 <... nanosleep resumed>NULL) = 0
[pid 216245] 11:21:52.089595 exit_group(0 <unfinished ...>
[pid 216246] 11:21:52.089615 nanosleep({tv_sec=0, tv_nsec=20000},  <unfinished ...>
[pid 216256] 11:21:52.089878 <... futex resumed>) = ?
[pid 216255] 11:21:52.089904 <... futex resumed>) = ?
[pid 216254] 11:21:52.089922 <... futex resumed>) = ?
[pid 216253] 11:21:52.089941 <... futex resumed>) = ?
[pid 216252] 11:21:52.089960 <... futex resumed>) = ?
[pid 216251] 11:21:52.089980 <... read resumed> <unfinished ...>) = ?
[pid 216250] 11:21:52.090005 <... futex resumed>) = ?
[pid 216249] 11:21:52.090028 <... futex resumed>) = ?
[pid 216248] 11:21:52.090052 <... futex resumed>) = ?
[pid 216247] 11:21:52.090096 <... futex resumed>) = ?
[pid 216246] 11:21:52.090116 <... nanosleep resumed> <unfinished ...>) = ?
[pid 216245] 11:21:52.090136 <... exit_group resumed>) = ?
[pid 216256] 11:21:52.090183 +++ exited with 0 +++
[pid 216255] 11:21:52.090208 +++ exited with 0 +++
[pid 216254] 11:21:52.090215 +++ exited with 0 +++
[pid 216253] 11:21:52.090219 +++ exited with 0 +++
[pid 216252] 11:21:52.090222 +++ exited with 0 +++
[pid 216251] 11:21:52.090226 +++ exited with 0 +++
[pid 216250] 11:21:52.090229 +++ exited with 0 +++
[pid 216249] 11:21:52.090233 +++ exited with 0 +++
[pid 216248] 11:21:52.090236 +++ exited with 0 +++
[pid 216247] 11:21:52.090240 +++ exited with 0 +++
[pid 216246] 11:21:52.090242 +++ exited with 0 +++
[pid 216245] 11:21:52.091038 +++ exited with 0 +++
[pid 216237] 11:21:52.091068 <... futex resumed>) = ? ERESTARTSYS (To be restarted if SA_RESTART is set)
[pid 216243] 11:21:52.091128 <... waitid resumed>{si_signo=SIGCHLD, si_code=CLD_EXITED, si_pid=216245, si_uid=1000, si_status=0, si_utime=0, si_stime=0}, WEXITED, {ru_utime={tv_sec=0, tv_usec=28528}, ru_stime={tv_sec=0, tv_usec=196910}, ...}) = 0
[pid 216237] 11:21:52.091160 --- SIGCHLD {si_signo=SIGCHLD, si_code=CLD_EXITED, si_pid=216245, si_uid=1000, si_status=0, si_utime=0, si_stime=13 /* 0.13 s */} ---
[pid 216243] 11:21:52.091195 futex(0x717740, FUTEX_WAKE_PRIVATE, 1) = 1
[pid 216237] 11:21:52.091280 rt_sigreturn({mask=[]} <unfinished ...>
[pid 216243] 11:21:52.091322 close(8 <unfinished ...>
[pid 216236] 11:21:52.091346 <... futex resumed>) = 0
[pid 216243] 11:21:52.091376 <... close resumed>) = 0
[pid 216237] 11:21:52.091407 <... rt_sigreturn resumed>) = 202
[pid 216236] 11:21:52.091430 nanosleep({tv_sec=0, tv_nsec=20000},  <unfinished ...>
[pid 216243] 11:21:52.091455 futex(0x3c81119f8960, FUTEX_WAKE_PRIVATE, 1 <unfinished ...>
[pid 216237] 11:21:52.091475 futex(0x3c81119f8960, FUTEX_WAIT_PRIVATE, 0, NULL <unfinished ...>
[pid 216243] 11:21:52.091506 <... futex resumed>) = 0
[pid 216237] 11:21:52.091527 <... futex resumed>) = -1 EAGAIN (Resource temporarily unavailable)
[pid 216243] 11:21:52.091564 unlinkat(AT_FDCWD, "/tmp/anolix-bundle-1373909550", 0 <unfinished ...>
[pid 216237] 11:21:52.091600 futex(0x3c8111b00160, FUTEX_WAKE_PRIVATE, 1 <unfinished ...>
[pid 216236] 11:21:52.091623 <... nanosleep resumed>NULL) = 0
[pid 216243] 11:21:52.091648 <... unlinkat resumed>) = -1 EISDIR (Is a directory)
[pid 216237] 11:21:52.091671 <... futex resumed>) = 1
[pid 216243] 11:21:52.091694 unlinkat(AT_FDCWD, "/tmp/anolix-bundle-1373909550", AT_REMOVEDIR <unfinished ...>
[pid 216241] 11:21:52.091719 <... futex resumed>) = 0
[pid 216236] 11:21:52.091740 nanosleep({tv_sec=0, tv_nsec=20000},  <unfinished ...>
[pid 216243] 11:21:52.091767 <... unlinkat resumed>) = -1 ENOTEMPTY (Directory not empty)
[pid 216241] 11:21:52.091785 futex(0x3c8111b00160, FUTEX_WAIT_PRIVATE, 0, NULL <unfinished ...>
[pid 216237] 11:21:52.091805 futex(0x3c81119f8960, FUTEX_WAIT_PRIVATE, 0, NULL <unfinished ...>
[pid 216243] 11:21:52.091843 openat(AT_FDCWD, "/tmp", O_RDONLY|O_CLOEXEC <unfinished ...>
[pid 216236] 11:21:52.091873 <... nanosleep resumed>NULL) = 0
[pid 216243] 11:21:52.091896 <... openat resumed>) = 6
[pid 216236] 11:21:52.091922 nanosleep({tv_sec=0, tv_nsec=20000},  <unfinished ...>
[pid 216243] 11:21:52.091950 fcntl(6, F_GETFL) = 0x8000 (flags O_RDONLY|O_LARGEFILE)
[pid 216243] 11:21:52.092065 fcntl(6, F_SETFL, O_RDONLY|O_NONBLOCK|O_LARGEFILE <unfinished ...>
[pid 216236] 11:21:52.092109 <... nanosleep resumed>NULL) = 0
[pid 216243] 11:21:52.092130 <... fcntl resumed>) = 0
[pid 216236] 11:21:52.092150 nanosleep({tv_sec=0, tv_nsec=20000},  <unfinished ...>
[pid 216243] 11:21:52.092174 epoll_ctl(4, EPOLL_CTL_ADD, 6, {events=EPOLLIN|EPOLLOUT|EPOLLRDHUP|EPOLLET, data={u32=3238002690, u64=4293462059229642754}}) = -1 EPERM (Operation not permitted)
[pid 216243] 11:21:52.092293 fcntl(6, F_GETFL <unfinished ...>
[pid 216236] 11:21:52.092328 <... nanosleep resumed>NULL) = 0
[pid 216243] 11:21:52.092347 <... fcntl resumed>) = 0x8800 (flags O_RDONLY|O_NONBLOCK|O_LARGEFILE)
[pid 216236] 11:21:52.092367 nanosleep({tv_sec=0, tv_nsec=20000},  <unfinished ...>
[pid 216243] 11:21:52.092391 fcntl(6, F_SETFL, O_RDONLY|O_LARGEFILE) = 0
[pid 216243] 11:21:52.092523 unlinkat(6, "anolix-bundle-1373909550", 0 <unfinished ...>
[pid 216236] 11:21:52.092572 <... nanosleep resumed>NULL) = 0
[pid 216243] 11:21:52.092593 <... unlinkat resumed>) = -1 EISDIR (Is a directory)
[pid 216236] 11:21:52.092616 nanosleep({tv_sec=0, tv_nsec=20000},  <unfinished ...>
[pid 216243] 11:21:52.092647 openat(6, "anolix-bundle-1373909550", O_RDONLY|O_NOFOLLOW|O_CLOEXEC|O_DIRECTORY) = 7
[pid 216243] 11:21:52.092770 getdents64(7,  <unfinished ...>
[pid 216236] 11:21:52.092791 <... nanosleep resumed>NULL) = 0
[pid 216243] 11:21:52.092858 <... getdents64 resumed>0x3c8111a38000 /* 3 entries */, 8192) = 80
[pid 216236] 11:21:52.092902 nanosleep({tv_sec=0, tv_nsec=20000},  <unfinished ...>
[pid 216243] 11:21:52.092927 getdents64(7, 0x3c8111a38000 /* 0 entries */, 8192) = 0
[pid 216243] 11:21:52.093021 unlinkat(7, "config.json", 0 <unfinished ...>
[pid 216236] 11:21:52.093047 <... nanosleep resumed>NULL) = 0
[pid 216243] 11:21:52.093106 <... unlinkat resumed>) = 0
[pid 216236] 11:21:52.093148 nanosleep({tv_sec=0, tv_nsec=20000},  <unfinished ...>
[pid 216243] 11:21:52.093171 close(7)   = 0
[pid 216243] 11:21:52.093286 unlinkat(6, "anolix-bundle-1373909550", AT_REMOVEDIR <unfinished ...>
[pid 216236] 11:21:52.093338 <... nanosleep resumed>NULL) = 0
[pid 216236] 11:21:52.093405 nanosleep({tv_sec=0, tv_nsec=20000},  <unfinished ...>
[pid 216243] 11:21:52.093497 <... unlinkat resumed>) = 0
[pid 216243] 11:21:52.093562 close(6 <unfinished ...>
[pid 216236] 11:21:52.093596 <... nanosleep resumed>NULL) = 0
[pid 216243] 11:21:52.093616 <... close resumed>) = 0
[pid 216236] 11:21:52.093636 nanosleep({tv_sec=0, tv_nsec=20000},  <unfinished ...>
[pid 216243] 11:21:52.093663 futex(0x3c8111b00160, FUTEX_WAKE_PRIVATE, 1) = 1
[pid 216241] 11:21:52.093755 <... futex resumed>) = 0
[pid 216236] 11:21:52.093795 <... nanosleep resumed>NULL) = 0
[pid 216243] 11:21:52.093820 futex(0x717038, FUTEX_WAKE_PRIVATE, 1 <unfinished ...>
[pid 216241] 11:21:52.093845 futex(0x3c81119f8960, FUTEX_WAKE_PRIVATE, 1 <unfinished ...>
[pid 216236] 11:21:52.093866 nanosleep({tv_sec=0, tv_nsec=20000},  <unfinished ...>
[pid 216235] 11:21:52.093898 <... futex resumed>) = 0
[pid 216243] 11:21:52.093919 <... futex resumed>) = 1
[pid 216241] 11:21:52.093940 <... futex resumed>) = 1
[pid 216235] 11:21:52.093974 rt_sigprocmask(SIG_SETMASK, ~[HUP INT QUIT ILL TRAP ABRT BUS FPE SEGV TERM STKFLT CHLD URG PROF SYS RTMIN RT_1 RT_2],  <unfinished ...>
[pid 216243] 11:21:52.093998 futex(0x3c8111b00960, FUTEX_WAIT_PRIVATE, 0, NULL <unfinished ...>
[pid 216237] 11:21:52.094017 <... futex resumed>) = 0
[pid 216235] 11:21:52.094041 <... rt_sigprocmask resumed>NULL, 8) = 0
[pid 216241] 11:21:52.094065 futex(0x3c8111b00160, FUTEX_WAIT_PRIVATE, 0, NULL <unfinished ...>
[pid 216236] 11:21:52.094092 <... nanosleep resumed>NULL) = 0
[pid 216235] 11:21:52.094116 futex(0x3c81119f8960, FUTEX_WAKE_PRIVATE, 1 <unfinished ...>
[pid 216237] 11:21:52.094139 futex(0x3c81119f8960, FUTEX_WAIT_PRIVATE, 0, NULL <unfinished ...>
[pid 216235] 11:21:52.094162 <... futex resumed>) = 0
[pid 216236] 11:21:52.094181 nanosleep({tv_sec=0, tv_nsec=20000},  <unfinished ...>
[pid 216235] 11:21:52.094207 futex(0x3c8111b00160, FUTEX_WAKE_PRIVATE, 1 <unfinished ...>
[pid 216237] 11:21:52.094230 <... futex resumed>) = -1 EAGAIN (Resource temporarily unavailable)
[pid 216235] 11:21:52.094255 <... futex resumed>) = 1
[pid 216241] 11:21:52.094279 <... futex resumed>) = 0
[pid 216237] 11:21:52.094297 futex(0x3c8111b00960, FUTEX_WAKE_PRIVATE, 1 <unfinished ...>
[pid 216235] 11:21:52.094321 futex(0x717038, FUTEX_WAIT_PRIVATE, 0, NULL <unfinished ...>
[pid 216241] 11:21:52.094346 futex(0x3c8111b00160, FUTEX_WAIT_PRIVATE, 0, NULL <unfinished ...>
[pid 216237] 11:21:52.094369 <... futex resumed>) = 1
[pid 216236] 11:21:52.094389 <... nanosleep resumed>NULL) = 0
[pid 216243] 11:21:52.094409 <... futex resumed>) = 0
[pid 216237] 11:21:52.094428 futex(0x717038, FUTEX_WAKE_PRIVATE, 1 <unfinished ...>
[pid 216236] 11:21:52.094468 nanosleep({tv_sec=0, tv_nsec=20000},  <unfinished ...>
[pid 216235] 11:21:52.094491 <... futex resumed>) = 0
[pid 216243] 11:21:52.094509 futex(0x3c8111b00960, FUTEX_WAIT_PRIVATE, 0, NULL <unfinished ...>
[pid 216237] 11:21:52.094527 <... futex resumed>) = 1
[pid 216235] 11:21:52.094574 rt_sigprocmask(SIG_SETMASK, ~[HUP INT QUIT ILL TRAP ABRT BUS FPE SEGV TERM STKFLT CHLD URG PROF SYS RTMIN RT_1 RT_2],  <unfinished ...>
[pid 216237] 11:21:52.094613 futex(0x3c81119f8960, FUTEX_WAIT_PRIVATE, 0, NULL <unfinished ...>
[pid 216235] 11:21:52.094632 <... rt_sigprocmask resumed>NULL, 8) = 0
[pid 216236] 11:21:52.094649 <... nanosleep resumed>NULL) = 0
[pid 216235] 11:21:52.094692 futex(0x3c81119f8960, FUTEX_WAKE_PRIVATE, 1 <unfinished ...>
[pid 216236] 11:21:52.094726 nanosleep({tv_sec=0, tv_nsec=20000},  <unfinished ...>
[pid 216235] 11:21:52.094788 <... futex resumed>) = 1
[pid 216237] 11:21:52.094811 <... futex resumed>) = 0
[pid 216235] 11:21:52.094871 futex(0x3c8111b00960, FUTEX_WAKE_PRIVATE, 1 <unfinished ...>
[pid 216237] 11:21:52.094908 futex(0x3c8111b00160, FUTEX_WAKE_PRIVATE, 1 <unfinished ...>
[pid 216236] 11:21:52.094927 <... nanosleep resumed>NULL) = 0
[pid 216235] 11:21:52.094946 <... futex resumed>) = 1
[pid 216243] 11:21:52.094964 <... futex resumed>) = 0
[pid 216237] 11:21:52.094982 <... futex resumed>) = 1
[pid 216235] 11:21:52.095001 futex(0x717038, FUTEX_WAIT_PRIVATE, 0, NULL <unfinished ...>
[pid 216241] 11:21:52.095031 <... futex resumed>) = 0
[pid 216236] 11:21:52.095055 nanosleep({tv_sec=0, tv_nsec=20000},  <unfinished ...>
[pid 216243] 11:21:52.095078 futex(0x3c8111b00960, FUTEX_WAIT_PRIVATE, 0, NULL <unfinished ...>
[pid 216241] 11:21:52.095096 futex(0x3c8111b00160, FUTEX_WAIT_PRIVATE, 0, NULL <unfinished ...>
[pid 216237] 11:21:52.095114 exit_group(0 <unfinished ...>
[pid 216235] 11:21:52.095265 <... futex resumed>) = ?
[pid 216243] 11:21:52.095284 <... futex resumed>) = ?
[pid 216242] 11:21:52.095305 <... futex resumed>) = ?
[pid 216241] 11:21:52.095322 <... futex resumed>) = ?
[pid 216240] 11:21:52.095339 <... futex resumed>) = ?
[pid 216239] 11:21:52.095356 <... epoll_pwait resumed> <unfinished ...>) = ?
[pid 216238] 11:21:52.095377 <... futex resumed>) = ?
[pid 216237] 11:21:52.095398 <... exit_group resumed>) = ?
[pid 216236] 11:21:52.095406 <... nanosleep resumed> <unfinished ...>) = ?
[pid 216243] 11:21:52.095440 +++ exited with 0 +++
[pid 216242] 11:21:52.095446 +++ exited with 0 +++
[pid 216241] 11:21:52.095450 +++ exited with 0 +++
[pid 216240] 11:21:52.095454 +++ exited with 0 +++
[pid 216239] 11:21:52.095456 +++ exited with 0 +++
[pid 216238] 11:21:52.095458 +++ exited with 0 +++
[pid 216236] 11:21:52.095460 +++ exited with 0 +++
[pid 216237] 11:21:52.095907 +++ exited with 0 +++
11:21:52.095925 +++ exited with 0 +++
